{
  "source":"FreeSASA 2.1.2",
  "length-unit":"Ångström",
  "results":[
    {
      "input":"UP000000625_83333_ECOLI_v4\/AF-A5A627-F1-model_v4.pdb",
      "classifier":"ProtOr",
      "parameters":{
        "algorithm":"Lee & Richards",
        "probe-radius":1.3999999999999999,
        "resolution":20
      },
      "structure":[
        {
          "chains":[
            {
              "label":"A",
              "n-residues":29,
              "area":{
                "total":3166.6627990718794,
                "polar":757.56756471133963,
                "apolar":2409.0952343605395,
                "main-chain":336.80394253734704,
                "side-chain":2829.8588565345322
              }
            }
          ],
          "model":1,
          "area":{
            "total":3166.6627990718794,
            "polar":757.56756471133963,
            "apolar":2409.0952343605395,
            "main-chain":336.80394253734704,
            "side-chain":2829.8588565345322
          }
        }
      ]
    }
  ]
}