{
  "source":"FreeSASA 2.1.2",
  "length-unit":"Ångström",
  "results":[
    {
      "input":"UP000000625_83333_ECOLI_v4\/AF-P0A932-F1-model_v4.pdb",
      "classifier":"ProtOr",
      "parameters":{
        "algorithm":"Lee & Richards",
        "probe-radius":1.3999999999999999,
        "resolution":20
      },
      "structure":[
        {
          "chains":[
            {
              "label":"A",
              "n-residues":379,
              "area":{
                "total":25522.822193604428,
                "polar":10456.356253664506,
                "apolar":15066.46593993993,
                "main-chain":4520.8547279571885,
                "side-chain":21001.967465647223
              }
            }
          ],
          "model":1,
          "area":{
            "total":25522.822193604428,
            "polar":10456.356253664506,
            "apolar":15066.46593993993,
            "main-chain":4520.8547279571885,
            "side-chain":21001.967465647223
          }
        }
      ]
    }
  ]
}