{
  "source":"FreeSASA 2.1.2",
  "length-unit":"Ångström",
  "results":[
    {
      "input":"UP000000625_83333_ECOLI_v4\/AF-P07363-F1-model_v4.pdb",
      "classifier":"ProtOr",
      "parameters":{
        "algorithm":"Lee & Richards",
        "probe-radius":1.3999999999999999,
        "resolution":20
      },
      "structure":[
        {
          "chains":[
            {
              "label":"A",
              "n-residues":654,
              "area":{
                "total":41774.15666051591,
                "polar":19762.269356765755,
                "apolar":22011.887303750205,
                "main-chain":8506.1881574216495,
                "side-chain":33267.968503094329
              }
            }
          ],
          "model":1,
          "area":{
            "total":41774.15666051591,
            "polar":19762.269356765755,
            "apolar":22011.887303750205,
            "main-chain":8506.1881574216495,
            "side-chain":33267.968503094329
          }
        }
      ]
    }
  ]
}