{
  "source":"FreeSASA 2.1.2",
  "length-unit":"Ångström",
  "results":[
    {
      "input":"UP000000625_83333_ECOLI_v4\/AF-P06966-F1-model_v4.pdb",
      "classifier":"ProtOr",
      "parameters":{
        "algorithm":"Lee & Richards",
        "probe-radius":1.3999999999999999,
        "resolution":20
      },
      "structure":[
        {
          "chains":[
            {
              "label":"A",
              "n-residues":135,
              "area":{
                "total":10869.753403318857,
                "polar":4525.0977316250119,
                "apolar":6344.6556716938467,
                "main-chain":1468.041348929863,
                "side-chain":9401.7120543889923
              }
            }
          ],
          "model":1,
          "area":{
            "total":10869.753403318857,
            "polar":4525.0977316250119,
            "apolar":6344.6556716938467,
            "main-chain":1468.041348929863,
            "side-chain":9401.7120543889923
          }
        }
      ]
    }
  ]
}