{
  "source":"FreeSASA 2.1.2",
  "length-unit":"Ångström",
  "results":[
    {
      "input":"UP000000625_83333_ECOLI_v4\/AF-P13024-F1-model_v4.pdb",
      "classifier":"ProtOr",
      "parameters":{
        "algorithm":"Lee & Richards",
        "probe-radius":1.3999999999999999,
        "resolution":20
      },
      "structure":[
        {
          "chains":[
            {
              "label":"A",
              "n-residues":309,
              "area":{
                "total":15176.436295397092,
                "polar":7323.4409277738841,
                "apolar":7852.9953676232135,
                "main-chain":3131.0214329062933,
                "side-chain":12045.414862490798
              }
            }
          ],
          "model":1,
          "area":{
            "total":15176.436295397092,
            "polar":7323.4409277738841,
            "apolar":7852.9953676232135,
            "main-chain":3131.0214329062933,
            "side-chain":12045.414862490798
          }
        }
      ]
    }
  ]
}