{
  "source":"FreeSASA 2.1.2",
  "length-unit":"Ångström",
  "results":[
    {
      "input":"UP000000625_83333_ECOLI_v4\/AF-P60438-F1-model_v4.pdb",
      "classifier":"ProtOr",
      "parameters":{
        "algorithm":"Lee & Richards",
        "probe-radius":1.3999999999999999,
        "resolution":20
      },
      "structure":[
        {
          "chains":[
            {
              "label":"A",
              "n-residues":209,
              "area":{
                "total":13250.781117376602,
                "polar":6046.1716179281821,
                "apolar":7204.6094994484201,
                "main-chain":3182.6288237699737,
                "side-chain":10068.15229360663
              }
            }
          ],
          "model":1,
          "area":{
            "total":13250.781117376602,
            "polar":6046.1716179281821,
            "apolar":7204.6094994484201,
            "main-chain":3182.6288237699737,
            "side-chain":10068.15229360663
          }
        }
      ]
    }
  ]
}