{
  "source":"FreeSASA 2.1.2",
  "length-unit":"Ångström",
  "results":[
    {
      "input":"UP000000625_83333_ECOLI_v4\/AF-P76611-F1-model_v4.pdb",
      "classifier":"ProtOr",
      "parameters":{
        "algorithm":"Lee & Richards",
        "probe-radius":1.3999999999999999,
        "resolution":20
      },
      "structure":[
        {
          "chains":[
            {
              "label":"A",
              "n-residues":47,
              "area":{
                "total":5234.7898867605991,
                "polar":2067.4148715022466,
                "apolar":3167.3750152583521,
                "main-chain":796.74931558047808,
                "side-chain":4438.0405711801213
              }
            }
          ],
          "model":1,
          "area":{
            "total":5234.7898867605991,
            "polar":2067.4148715022466,
            "apolar":3167.3750152583521,
            "main-chain":796.74931558047808,
            "side-chain":4438.0405711801213
          }
        }
      ]
    }
  ]
}