{
  "source":"FreeSASA 2.1.2",
  "length-unit":"Ångström",
  "results":[
    {
      "input":"UP000000625_83333_ECOLI_v4\/AF-P23522-F1-model_v4.pdb",
      "classifier":"ProtOr",
      "parameters":{
        "algorithm":"Lee & Richards",
        "probe-radius":1.3999999999999999,
        "resolution":20
      },
      "structure":[
        {
          "chains":[
            {
              "label":"A",
              "n-residues":256,
              "area":{
                "total":12206.188019049177,
                "polar":4828.3346332878109,
                "apolar":7377.8533857613656,
                "main-chain":2528.4343229977148,
                "side-chain":9677.7536960514553
              }
            }
          ],
          "model":1,
          "area":{
            "total":12206.188019049177,
            "polar":4828.3346332878109,
            "apolar":7377.8533857613656,
            "main-chain":2528.4343229977148,
            "side-chain":9677.7536960514553
          }
        }
      ]
    }
  ]
}