{
  "source":"FreeSASA 2.1.2",
  "length-unit":"Ångström",
  "results":[
    {
      "input":"UP000000625_83333_ECOLI_v4\/AF-P37653-F1-model_v4.pdb",
      "classifier":"ProtOr",
      "parameters":{
        "algorithm":"Lee & Richards",
        "probe-radius":1.3999999999999999,
        "resolution":20
      },
      "structure":[
        {
          "chains":[
            {
              "label":"A",
              "n-residues":872,
              "area":{
                "total":48053.000266998853,
                "polar":17766.781495551313,
                "apolar":30286.2187714475,
                "main-chain":7218.7773948523509,
                "side-chain":40834.222872146485
              }
            }
          ],
          "model":1,
          "area":{
            "total":48053.000266998853,
            "polar":17766.781495551313,
            "apolar":30286.2187714475,
            "main-chain":7218.7773948523509,
            "side-chain":40834.222872146485
          }
        }
      ]
    }
  ]
}