{
  "source":"FreeSASA 2.1.2",
  "length-unit":"Ångström",
  "results":[
    {
      "input":"UP000000625_83333_ECOLI_v4\/AF-P18200-F1-model_v4.pdb",
      "classifier":"ProtOr",
      "parameters":{
        "algorithm":"Lee & Richards",
        "probe-radius":1.3999999999999999,
        "resolution":20
      },
      "structure":[
        {
          "chains":[
            {
              "label":"A",
              "n-residues":172,
              "area":{
                "total":9969.2141671058343,
                "polar":2905.390703064375,
                "apolar":7063.8234640414585,
                "main-chain":1560.5046635004992,
                "side-chain":8408.7095036053342
              }
            }
          ],
          "model":1,
          "area":{
            "total":9969.2141671058343,
            "polar":2905.390703064375,
            "apolar":7063.8234640414585,
            "main-chain":1560.5046635004992,
            "side-chain":8408.7095036053342
          }
        }
      ]
    }
  ]
}