{
  "source":"FreeSASA 2.1.2",
  "length-unit":"Ångström",
  "results":[
    {
      "input":"UP000000625_83333_ECOLI_v4\/AF-P33941-F1-model_v4.pdb",
      "classifier":"ProtOr",
      "parameters":{
        "algorithm":"Lee & Richards",
        "probe-radius":1.3999999999999999,
        "resolution":20
      },
      "structure":[
        {
          "chains":[
            {
              "label":"A",
              "n-residues":547,
              "area":{
                "total":29237.374940464888,
                "polar":11198.849187719337,
                "apolar":18038.525752745514,
                "main-chain":4250.9143548691427,
                "side-chain":24986.460585595738
              }
            }
          ],
          "model":1,
          "area":{
            "total":29237.374940464888,
            "polar":11198.849187719337,
            "apolar":18038.525752745514,
            "main-chain":4250.9143548691427,
            "side-chain":24986.460585595738
          }
        }
      ]
    }
  ]
}