{
  "source":"FreeSASA 2.1.2",
  "length-unit":"Ångström",
  "results":[
    {
      "input":"UP000000625_83333_ECOLI_v4\/AF-P24205-F1-model_v4.pdb",
      "classifier":"ProtOr",
      "parameters":{
        "algorithm":"Lee & Richards",
        "probe-radius":1.3999999999999999,
        "resolution":20
      },
      "structure":[
        {
          "chains":[
            {
              "label":"A",
              "n-residues":323,
              "area":{
                "total":16457.086244687009,
                "polar":7284.8327912298473,
                "apolar":9172.253453457155,
                "main-chain":2957.9919352829361,
                "side-chain":13499.094309404067
              }
            }
          ],
          "model":1,
          "area":{
            "total":16457.086244687009,
            "polar":7284.8327912298473,
            "apolar":9172.253453457155,
            "main-chain":2957.9919352829361,
            "side-chain":13499.094309404067
          }
        }
      ]
    }
  ]
}