{
  "source":"FreeSASA 2.1.2",
  "length-unit":"Ångström",
  "results":[
    {
      "input":"UP000000625_83333_ECOLI_v4\/AF-P39377-F1-model_v4.pdb",
      "classifier":"ProtOr",
      "parameters":{
        "algorithm":"Lee & Richards",
        "probe-radius":1.3999999999999999,
        "resolution":20
      },
      "structure":[
        {
          "chains":[
            {
              "label":"A",
              "n-residues":390,
              "area":{
                "total":15912.875795843716,
                "polar":7093.1221665278244,
                "apolar":8819.7536293158992,
                "main-chain":3778.5671424943471,
                "side-chain":12134.308653349372
              }
            }
          ],
          "model":1,
          "area":{
            "total":15912.875795843716,
            "polar":7093.1221665278244,
            "apolar":8819.7536293158992,
            "main-chain":3778.5671424943471,
            "side-chain":12134.308653349372
          }
        }
      ]
    }
  ]
}