{
  "source":"FreeSASA 2.1.2",
  "length-unit":"Ångström",
  "results":[
    {
      "input":"UP000000625_83333_ECOLI_v4\/AF-P08997-F1-model_v4.pdb",
      "classifier":"ProtOr",
      "parameters":{
        "algorithm":"Lee & Richards",
        "probe-radius":1.3999999999999999,
        "resolution":20
      },
      "structure":[
        {
          "chains":[
            {
              "label":"A",
              "n-residues":533,
              "area":{
                "total":21327.218481362084,
                "polar":10010.302331380037,
                "apolar":11316.916149982038,
                "main-chain":4066.109925771982,
                "side-chain":17261.108555590112
              }
            }
          ],
          "model":1,
          "area":{
            "total":21327.218481362084,
            "polar":10010.302331380037,
            "apolar":11316.916149982038,
            "main-chain":4066.109925771982,
            "side-chain":17261.108555590112
          }
        }
      ]
    }
  ]
}