{
  "source":"FreeSASA 2.1.2",
  "length-unit":"Ångström",
  "results":[
    {
      "input":"UP000000625_83333_ECOLI_v4\/AF-P0A698-F1-model_v4.pdb",
      "classifier":"ProtOr",
      "parameters":{
        "algorithm":"Lee & Richards",
        "probe-radius":1.3999999999999999,
        "resolution":20
      },
      "structure":[
        {
          "chains":[
            {
              "label":"A",
              "n-residues":940,
              "area":{
                "total":44364.309816122543,
                "polar":21635.934890312939,
                "apolar":22728.374925809625,
                "main-chain":8792.4944447887246,
                "side-chain":35571.815371333789
              }
            }
          ],
          "model":1,
          "area":{
            "total":44364.309816122543,
            "polar":21635.934890312939,
            "apolar":22728.374925809625,
            "main-chain":8792.4944447887246,
            "side-chain":35571.815371333789
          }
        }
      ]
    }
  ]
}