{
  "source":"FreeSASA 2.1.2",
  "length-unit":"Ångström",
  "results":[
    {
      "input":"UP000000625_83333_ECOLI_v4\/AF-P76116-F1-model_v4.pdb",
      "classifier":"ProtOr",
      "parameters":{
        "algorithm":"Lee & Richards",
        "probe-radius":1.3999999999999999,
        "resolution":20
      },
      "structure":[
        {
          "chains":[
            {
              "label":"A",
              "n-residues":353,
              "area":{
                "total":18413.79785431084,
                "polar":8537.5293741974674,
                "apolar":9876.2684801133764,
                "main-chain":4147.6167601841935,
                "side-chain":14266.181094126659
              }
            }
          ],
          "model":1,
          "area":{
            "total":18413.79785431084,
            "polar":8537.5293741974674,
            "apolar":9876.2684801133764,
            "main-chain":4147.6167601841935,
            "side-chain":14266.181094126659
          }
        }
      ]
    }
  ]
}