{
  "source":"FreeSASA 2.1.2",
  "length-unit":"Ångström",
  "results":[
    {
      "input":"UP000000625_83333_ECOLI_v4\/AF-P77625-F1-model_v4.pdb",
      "classifier":"ProtOr",
      "parameters":{
        "algorithm":"Lee & Richards",
        "probe-radius":1.3999999999999999,
        "resolution":20
      },
      "structure":[
        {
          "chains":[
            {
              "label":"A",
              "n-residues":216,
              "area":{
                "total":9776.4186108027552,
                "polar":4099.271759121486,
                "apolar":5677.1468516812583,
                "main-chain":2362.4926383490715,
                "side-chain":7413.9259724536696
              }
            }
          ],
          "model":1,
          "area":{
            "total":9776.4186108027552,
            "polar":4099.271759121486,
            "apolar":5677.1468516812583,
            "main-chain":2362.4926383490715,
            "side-chain":7413.9259724536696
          }
        }
      ]
    }
  ]
}