{
  "source":"FreeSASA 2.1.2",
  "length-unit":"Ångström",
  "results":[
    {
      "input":"UP000000625_83333_ECOLI_v4\/AF-P0ADU7-F1-model_v4.pdb",
      "classifier":"ProtOr",
      "parameters":{
        "algorithm":"Lee & Richards",
        "probe-radius":1.3999999999999999,
        "resolution":20
      },
      "structure":[
        {
          "chains":[
            {
              "label":"A",
              "n-residues":140,
              "area":{
                "total":10084.848393378499,
                "polar":4750.6680451161783,
                "apolar":5334.1803482623154,
                "main-chain":1677.360442431665,
                "side-chain":8407.4879509468319
              }
            }
          ],
          "model":1,
          "area":{
            "total":10084.848393378499,
            "polar":4750.6680451161783,
            "apolar":5334.1803482623154,
            "main-chain":1677.360442431665,
            "side-chain":8407.4879509468319
          }
        }
      ]
    }
  ]
}