{
  "source":"FreeSASA 2.1.2",
  "length-unit":"Ångström",
  "results":[
    {
      "input":"UP000000625_83333_ECOLI_v4\/AF-P0AFY8-F1-model_v4.pdb",
      "classifier":"ProtOr",
      "parameters":{
        "algorithm":"Lee & Richards",
        "probe-radius":1.3999999999999999,
        "resolution":20
      },
      "structure":[
        {
          "chains":[
            {
              "label":"A",
              "n-residues":181,
              "area":{
                "total":13378.520326293168,
                "polar":5844.8492133531126,
                "apolar":7533.6711129400646,
                "main-chain":2519.5994424741566,
                "side-chain":10858.920883819015
              }
            }
          ],
          "model":1,
          "area":{
            "total":13378.520326293168,
            "polar":5844.8492133531126,
            "apolar":7533.6711129400646,
            "main-chain":2519.5994424741566,
            "side-chain":10858.920883819015
          }
        }
      ]
    }
  ]
}