{
  "source":"FreeSASA 2.1.2",
  "length-unit":"Ångström",
  "results":[
    {
      "input":"UP000000625_83333_ECOLI_v4\/AF-P00803-F1-model_v4.pdb",
      "classifier":"ProtOr",
      "parameters":{
        "algorithm":"Lee & Richards",
        "probe-radius":1.3999999999999999,
        "resolution":20
      },
      "structure":[
        {
          "chains":[
            {
              "label":"A",
              "n-residues":324,
              "area":{
                "total":18462.747366823292,
                "polar":7202.7676645233341,
                "apolar":11259.979702299968,
                "main-chain":3582.820496791986,
                "side-chain":14879.926870031315
              }
            }
          ],
          "model":1,
          "area":{
            "total":18462.747366823292,
            "polar":7202.7676645233341,
            "apolar":11259.979702299968,
            "main-chain":3582.820496791986,
            "side-chain":14879.926870031315
          }
        }
      ]
    }
  ]
}