{
  "source":"FreeSASA 2.1.2",
  "length-unit":"Ångström",
  "results":[
    {
      "input":"UP000000625_83333_ECOLI_v4\/AF-P0ADN6-F1-model_v4.pdb",
      "classifier":"ProtOr",
      "parameters":{
        "algorithm":"Lee & Richards",
        "probe-radius":1.3999999999999999,
        "resolution":20
      },
      "structure":[
        {
          "chains":[
            {
              "label":"A",
              "n-residues":67,
              "area":{
                "total":7988.582948613298,
                "polar":2789.1278693509162,
                "apolar":5199.4550792623813,
                "main-chain":1532.9301326108246,
                "side-chain":6455.6528160024718
              }
            }
          ],
          "model":1,
          "area":{
            "total":7988.582948613298,
            "polar":2789.1278693509162,
            "apolar":5199.4550792623813,
            "main-chain":1532.9301326108246,
            "side-chain":6455.6528160024718
          }
        }
      ]
    }
  ]
}