{
  "source":"FreeSASA 2.1.2",
  "length-unit":"Ångström",
  "results":[
    {
      "input":"UP000000625_83333_ECOLI_v4\/AF-P30855-F1-model_v4.pdb",
      "classifier":"ProtOr",
      "parameters":{
        "algorithm":"Lee & Richards",
        "probe-radius":1.3999999999999999,
        "resolution":20
      },
      "structure":[
        {
          "chains":[
            {
              "label":"A",
              "n-residues":1197,
              "area":{
                "total":70149.197872579854,
                "polar":31429.529625016861,
                "apolar":38719.668247563059,
                "main-chain":11583.948698025722,
                "side-chain":58565.249174554141
              }
            }
          ],
          "model":1,
          "area":{
            "total":70149.197872579854,
            "polar":31429.529625016861,
            "apolar":38719.668247563059,
            "main-chain":11583.948698025722,
            "side-chain":58565.249174554141
          }
        }
      ]
    }
  ]
}