{
  "source":"FreeSASA 2.1.2",
  "length-unit":"Ångström",
  "results":[
    {
      "input":"UP000000625_83333_ECOLI_v4\/AF-P22586-F1-model_v4.pdb",
      "classifier":"ProtOr",
      "parameters":{
        "algorithm":"Lee & Richards",
        "probe-radius":1.3999999999999999,
        "resolution":20
      },
      "structure":[
        {
          "chains":[
            {
              "label":"A",
              "n-residues":121,
              "area":{
                "total":11956.661222006809,
                "polar":4283.5408055341959,
                "apolar":7673.1204164726141,
                "main-chain":2069.7599681535175,
                "side-chain":9886.9012538532843
              }
            }
          ],
          "model":1,
          "area":{
            "total":11956.661222006809,
            "polar":4283.5408055341959,
            "apolar":7673.1204164726141,
            "main-chain":2069.7599681535175,
            "side-chain":9886.9012538532843
          }
        }
      ]
    }
  ]
}