{
  "source":"FreeSASA 2.1.2",
  "length-unit":"Ångström",
  "results":[
    {
      "input":"UP000000625_83333_ECOLI_v4\/AF-P60584-F1-model_v4.pdb",
      "classifier":"ProtOr",
      "parameters":{
        "algorithm":"Lee & Richards",
        "probe-radius":1.3999999999999999,
        "resolution":20
      },
      "structure":[
        {
          "chains":[
            {
              "label":"A",
              "n-residues":380,
              "area":{
                "total":17797.835597555895,
                "polar":7909.0828294941921,
                "apolar":9888.7527680617168,
                "main-chain":3416.6394690499492,
                "side-chain":14381.196128505959
              }
            }
          ],
          "model":1,
          "area":{
            "total":17797.835597555895,
            "polar":7909.0828294941921,
            "apolar":9888.7527680617168,
            "main-chain":3416.6394690499492,
            "side-chain":14381.196128505959
          }
        }
      ]
    }
  ]
}