{
  "source":"FreeSASA 2.1.2",
  "length-unit":"Ångström",
  "results":[
    {
      "input":"UP000000625_83333_ECOLI_v4\/AF-P0A9U8-F1-model_v4.pdb",
      "classifier":"ProtOr",
      "parameters":{
        "algorithm":"Lee & Richards",
        "probe-radius":1.3999999999999999,
        "resolution":20
      },
      "structure":[
        {
          "chains":[
            {
              "label":"A",
              "n-residues":383,
              "area":{
                "total":18159.241074859259,
                "polar":8146.3649388131325,
                "apolar":10012.876136046123,
                "main-chain":3148.1626793358027,
                "side-chain":15011.078395523469
              }
            }
          ],
          "model":1,
          "area":{
            "total":18159.241074859259,
            "polar":8146.3649388131325,
            "apolar":10012.876136046123,
            "main-chain":3148.1626793358027,
            "side-chain":15011.078395523469
          }
        }
      ]
    }
  ]
}