{
  "source":"FreeSASA 2.1.2",
  "length-unit":"Ångström",
  "results":[
    {
      "input":"UP000000625_83333_ECOLI_v4\/AF-P0AC94-F1-model_v4.pdb",
      "classifier":"ProtOr",
      "parameters":{
        "algorithm":"Lee & Richards",
        "probe-radius":1.3999999999999999,
        "resolution":20
      },
      "structure":[
        {
          "chains":[
            {
              "label":"A",
              "n-residues":447,
              "area":{
                "total":19149.632946333495,
                "polar":5761.1155017727961,
                "apolar":13388.517444560708,
                "main-chain":3301.6862008840712,
                "side-chain":15847.946745449428
              }
            }
          ],
          "model":1,
          "area":{
            "total":19149.632946333495,
            "polar":5761.1155017727961,
            "apolar":13388.517444560708,
            "main-chain":3301.6862008840712,
            "side-chain":15847.946745449428
          }
        }
      ]
    }
  ]
}