{
  "source":"FreeSASA 2.1.2",
  "length-unit":"Ångström",
  "results":[
    {
      "input":"UP000000625_83333_ECOLI_v4\/AF-P0C0V0-F1-model_v4.pdb",
      "classifier":"ProtOr",
      "parameters":{
        "algorithm":"Lee & Richards",
        "probe-radius":1.3999999999999999,
        "resolution":20
      },
      "structure":[
        {
          "chains":[
            {
              "label":"A",
              "n-residues":474,
              "area":{
                "total":27598.903238570085,
                "polar":12696.934992710887,
                "apolar":14901.968245859174,
                "main-chain":6512.5483511831799,
                "side-chain":21086.3548873869
              }
            }
          ],
          "model":1,
          "area":{
            "total":27598.903238570085,
            "polar":12696.934992710887,
            "apolar":14901.968245859174,
            "main-chain":6512.5483511831799,
            "side-chain":21086.3548873869
          }
        }
      ]
    }
  ]
}