{
  "source":"FreeSASA 2.1.2",
  "length-unit":"Ångström",
  "results":[
    {
      "input":"UP000000625_83333_ECOLI_v4\/AF-P0ABL3-F1-model_v4.pdb",
      "classifier":"ProtOr",
      "parameters":{
        "algorithm":"Lee & Richards",
        "probe-radius":1.3999999999999999,
        "resolution":20
      },
      "structure":[
        {
          "chains":[
            {
              "label":"A",
              "n-residues":149,
              "area":{
                "total":12547.420166793529,
                "polar":5044.6893350381297,
                "apolar":7502.7308317553934,
                "main-chain":2581.8778195926193,
                "side-chain":9965.5423472009115
              }
            }
          ],
          "model":1,
          "area":{
            "total":12547.420166793529,
            "polar":5044.6893350381297,
            "apolar":7502.7308317553934,
            "main-chain":2581.8778195926193,
            "side-chain":9965.5423472009115
          }
        }
      ]
    }
  ]
}