{
  "source":"FreeSASA 2.1.2",
  "length-unit":"Ångström",
  "results":[
    {
      "input":"UP000000625_83333_ECOLI_v4\/AF-P60390-F1-model_v4.pdb",
      "classifier":"ProtOr",
      "parameters":{
        "algorithm":"Lee & Richards",
        "probe-radius":1.3999999999999999,
        "resolution":20
      },
      "structure":[
        {
          "chains":[
            {
              "label":"A",
              "n-residues":313,
              "area":{
                "total":16628.92029932285,
                "polar":8032.8390055285181,
                "apolar":8596.081293794341,
                "main-chain":3139.7200244358505,
                "side-chain":13489.200274887004
              }
            }
          ],
          "model":1,
          "area":{
            "total":16628.92029932285,
            "polar":8032.8390055285181,
            "apolar":8596.081293794341,
            "main-chain":3139.7200244358505,
            "side-chain":13489.200274887004
          }
        }
      ]
    }
  ]
}