{
  "source":"FreeSASA 2.1.2",
  "length-unit":"Ångström",
  "results":[
    {
      "input":"UP000000625_83333_ECOLI_v4\/AF-P25527-F1-model_v4.pdb",
      "classifier":"ProtOr",
      "parameters":{
        "algorithm":"Lee & Richards",
        "probe-radius":1.3999999999999999,
        "resolution":20
      },
      "structure":[
        {
          "chains":[
            {
              "label":"A",
              "n-residues":466,
              "area":{
                "total":21023.690341849444,
                "polar":6512.8360238409496,
                "apolar":14510.854318008502,
                "main-chain":3439.2330415606248,
                "side-chain":17584.457300288821
              }
            }
          ],
          "model":1,
          "area":{
            "total":21023.690341849444,
            "polar":6512.8360238409496,
            "apolar":14510.854318008502,
            "main-chain":3439.2330415606248,
            "side-chain":17584.457300288821
          }
        }
      ]
    }
  ]
}