{
  "source":"FreeSASA 2.1.2",
  "length-unit":"Ångström",
  "results":[
    {
      "input":"UP000000625_83333_ECOLI_v4\/AF-P0ACM5-F1-model_v4.pdb",
      "classifier":"ProtOr",
      "parameters":{
        "algorithm":"Lee & Richards",
        "probe-radius":1.3999999999999999,
        "resolution":20
      },
      "structure":[
        {
          "chains":[
            {
              "label":"A",
              "n-residues":248,
              "area":{
                "total":13603.903480747773,
                "polar":6663.4652959483055,
                "apolar":6940.4381847994591,
                "main-chain":2734.1112737397598,
                "side-chain":10869.792207008015
              }
            }
          ],
          "model":1,
          "area":{
            "total":13603.903480747773,
            "polar":6663.4652959483055,
            "apolar":6940.4381847994591,
            "main-chain":2734.1112737397598,
            "side-chain":10869.792207008015
          }
        }
      ]
    }
  ]
}