{
  "source":"FreeSASA 2.1.2",
  "length-unit":"Ångström",
  "results":[
    {
      "input":"UP000000625_83333_ECOLI_v4\/AF-P0AC84-F1-model_v4.pdb",
      "classifier":"ProtOr",
      "parameters":{
        "algorithm":"Lee & Richards",
        "probe-radius":1.3999999999999999,
        "resolution":20
      },
      "structure":[
        {
          "chains":[
            {
              "label":"A",
              "n-residues":251,
              "area":{
                "total":11518.433026474489,
                "polar":5562.8564766448408,
                "apolar":5955.576549829645,
                "main-chain":2123.6082946912807,
                "side-chain":9394.8247317832102
              }
            }
          ],
          "model":1,
          "area":{
            "total":11518.433026474489,
            "polar":5562.8564766448408,
            "apolar":5955.576549829645,
            "main-chain":2123.6082946912807,
            "side-chain":9394.8247317832102
          }
        }
      ]
    }
  ]
}