{
  "source":"FreeSASA 2.1.2",
  "length-unit":"Ångström",
  "results":[
    {
      "input":"UP000000625_83333_ECOLI_v4\/AF-P0AB85-F1-model_v4.pdb",
      "classifier":"ProtOr",
      "parameters":{
        "algorithm":"Lee & Richards",
        "probe-radius":1.3999999999999999,
        "resolution":20
      },
      "structure":[
        {
          "chains":[
            {
              "label":"A",
              "n-residues":351,
              "area":{
                "total":19899.894064209762,
                "polar":9101.2489636177888,
                "apolar":10798.645100591961,
                "main-chain":4103.927510305276,
                "side-chain":15795.966553904474
              }
            }
          ],
          "model":1,
          "area":{
            "total":19899.894064209762,
            "polar":9101.2489636177888,
            "apolar":10798.645100591961,
            "main-chain":4103.927510305276,
            "side-chain":15795.966553904474
          }
        }
      ]
    }
  ]
}