{
  "source":"FreeSASA 2.1.2",
  "length-unit":"Ångström",
  "results":[
    {
      "input":"UP000000625_83333_ECOLI_v4\/AF-P0A8W8-F1-model_v4.pdb",
      "classifier":"ProtOr",
      "parameters":{
        "algorithm":"Lee & Richards",
        "probe-radius":1.3999999999999999,
        "resolution":20
      },
      "structure":[
        {
          "chains":[
            {
              "label":"A",
              "n-residues":164,
              "area":{
                "total":10968.825536792461,
                "polar":5568.3739028980717,
                "apolar":5400.4516338943858,
                "main-chain":1827.8165715294356,
                "side-chain":9141.0089652630195
              }
            }
          ],
          "model":1,
          "area":{
            "total":10968.825536792461,
            "polar":5568.3739028980717,
            "apolar":5400.4516338943858,
            "main-chain":1827.8165715294356,
            "side-chain":9141.0089652630195
          }
        }
      ]
    }
  ]
}