{
  "source":"FreeSASA 2.1.2",
  "length-unit":"Ångström",
  "results":[
    {
      "input":"UP000000625_83333_ECOLI_v4\/AF-P37019-F1-model_v4.pdb",
      "classifier":"ProtOr",
      "parameters":{
        "algorithm":"Lee & Richards",
        "probe-radius":1.3999999999999999,
        "resolution":20
      },
      "structure":[
        {
          "chains":[
            {
              "label":"A",
              "n-residues":473,
              "area":{
                "total":22187.751054971381,
                "polar":7344.0284376980198,
                "apolar":14843.722617273361,
                "main-chain":3321.6924939209212,
                "side-chain":18866.058561050453
              }
            }
          ],
          "model":1,
          "area":{
            "total":22187.751054971381,
            "polar":7344.0284376980198,
            "apolar":14843.722617273361,
            "main-chain":3321.6924939209212,
            "side-chain":18866.058561050453
          }
        }
      ]
    }
  ]
}