{
  "source":"FreeSASA 2.1.2",
  "length-unit":"Ångström",
  "results":[
    {
      "input":"UP000000625_83333_ECOLI_v4\/AF-P0A722-F1-model_v4.pdb",
      "classifier":"ProtOr",
      "parameters":{
        "algorithm":"Lee & Richards",
        "probe-radius":1.3999999999999999,
        "resolution":20
      },
      "structure":[
        {
          "chains":[
            {
              "label":"A",
              "n-residues":262,
              "area":{
                "total":12104.687580243428,
                "polar":5552.5116308725701,
                "apolar":6552.1759493708623,
                "main-chain":2300.2764256399914,
                "side-chain":9804.4111546034273
              }
            }
          ],
          "model":1,
          "area":{
            "total":12104.687580243428,
            "polar":5552.5116308725701,
            "apolar":6552.1759493708623,
            "main-chain":2300.2764256399914,
            "side-chain":9804.4111546034273
          }
        }
      ]
    }
  ]
}