{
  "source":"FreeSASA 2.1.2",
  "length-unit":"Ångström",
  "results":[
    {
      "input":"UP000000625_83333_ECOLI_v4\/AF-P0AAW9-F1-model_v4.pdb",
      "classifier":"ProtOr",
      "parameters":{
        "algorithm":"Lee & Richards",
        "probe-radius":1.3999999999999999,
        "resolution":20
      },
      "structure":[
        {
          "chains":[
            {
              "label":"A",
              "n-residues":49,
              "area":{
                "total":5270.5504109176472,
                "polar":1417.1962923076346,
                "apolar":3853.3541186100133,
                "main-chain":838.67347613635502,
                "side-chain":4431.8769347812931
              }
            }
          ],
          "model":1,
          "area":{
            "total":5270.5504109176472,
            "polar":1417.1962923076346,
            "apolar":3853.3541186100133,
            "main-chain":838.67347613635502,
            "side-chain":4431.8769347812931
          }
        }
      ]
    }
  ]
}