{
  "source":"FreeSASA 2.1.2",
  "length-unit":"Ångström",
  "results":[
    {
      "input":"UP000000625_83333_ECOLI_v4\/AF-P62723-F1-model_v4.pdb",
      "classifier":"ProtOr",
      "parameters":{
        "algorithm":"Lee & Richards",
        "probe-radius":1.3999999999999999,
        "resolution":20
      },
      "structure":[
        {
          "chains":[
            {
              "label":"A",
              "n-residues":349,
              "area":{
                "total":16705.217773183977,
                "polar":4546.2521541903034,
                "apolar":12158.965618993683,
                "main-chain":2606.513903404315,
                "side-chain":14098.703869779672
              }
            }
          ],
          "model":1,
          "area":{
            "total":16705.217773183977,
            "polar":4546.2521541903034,
            "apolar":12158.965618993683,
            "main-chain":2606.513903404315,
            "side-chain":14098.703869779672
          }
        }
      ]
    }
  ]
}