{
  "source":"FreeSASA 2.1.2",
  "length-unit":"Ångström",
  "results":[
    {
      "input":"UP000000625_83333_ECOLI_v4\/AF-P0C8J8-F1-model_v4.pdb",
      "classifier":"ProtOr",
      "parameters":{
        "algorithm":"Lee & Richards",
        "probe-radius":1.3999999999999999,
        "resolution":20
      },
      "structure":[
        {
          "chains":[
            {
              "label":"A",
              "n-residues":420,
              "area":{
                "total":17938.436812305816,
                "polar":8198.417288136332,
                "apolar":9740.0195241694873,
                "main-chain":3448.1921927103722,
                "side-chain":14490.244619595444
              }
            }
          ],
          "model":1,
          "area":{
            "total":17938.436812305816,
            "polar":8198.417288136332,
            "apolar":9740.0195241694873,
            "main-chain":3448.1921927103722,
            "side-chain":14490.244619595444
          }
        }
      ]
    }
  ]
}