{
  "source":"FreeSASA 2.1.2",
  "length-unit":"Ångström",
  "results":[
    {
      "input":"UP000000625_83333_ECOLI_v4\/AF-P0AFI9-F1-model_v4.pdb",
      "classifier":"ProtOr",
      "parameters":{
        "algorithm":"Lee & Richards",
        "probe-radius":1.3999999999999999,
        "resolution":20
      },
      "structure":[
        {
          "chains":[
            {
              "label":"A",
              "n-residues":353,
              "area":{
                "total":22766.115110701023,
                "polar":6134.7360115913025,
                "apolar":16631.379099109708,
                "main-chain":2898.9373515185016,
                "side-chain":19867.177759182516
              }
            }
          ],
          "model":1,
          "area":{
            "total":22766.115110701023,
            "polar":6134.7360115913025,
            "apolar":16631.379099109708,
            "main-chain":2898.9373515185016,
            "side-chain":19867.177759182516
          }
        }
      ]
    }
  ]
}