{
  "source":"FreeSASA 2.1.2",
  "length-unit":"Ångström",
  "results":[
    {
      "input":"UP000000625_83333_ECOLI_v4\/AF-P0AB61-F1-model_v4.pdb",
      "classifier":"ProtOr",
      "parameters":{
        "algorithm":"Lee & Richards",
        "probe-radius":1.3999999999999999,
        "resolution":20
      },
      "structure":[
        {
          "chains":[
            {
              "label":"A",
              "n-residues":83,
              "area":{
                "total":5854.2109031193304,
                "polar":2702.2259292988574,
                "apolar":3151.9849738204721,
                "main-chain":1135.382142347933,
                "side-chain":4718.8287607713974
              }
            }
          ],
          "model":1,
          "area":{
            "total":5854.2109031193304,
            "polar":2702.2259292988574,
            "apolar":3151.9849738204721,
            "main-chain":1135.382142347933,
            "side-chain":4718.8287607713974
          }
        }
      ]
    }
  ]
}