{
  "source":"FreeSASA 2.1.2",
  "length-unit":"Ångström",
  "results":[
    {
      "input":"UP000000625_83333_ECOLI_v4\/AF-P14294-F1-model_v4.pdb",
      "classifier":"ProtOr",
      "parameters":{
        "algorithm":"Lee & Richards",
        "probe-radius":1.3999999999999999,
        "resolution":20
      },
      "structure":[
        {
          "chains":[
            {
              "label":"A",
              "n-residues":653,
              "area":{
                "total":34343.819220288366,
                "polar":16818.235095423537,
                "apolar":17525.584124864828,
                "main-chain":6899.3107124192384,
                "side-chain":27444.508507869145
              }
            }
          ],
          "model":1,
          "area":{
            "total":34343.819220288366,
            "polar":16818.235095423537,
            "apolar":17525.584124864828,
            "main-chain":6899.3107124192384,
            "side-chain":27444.508507869145
          }
        }
      ]
    }
  ]
}