{
  "source":"FreeSASA 2.1.2",
  "length-unit":"Ångström",
  "results":[
    {
      "input":"UP000000625_83333_ECOLI_v4\/AF-P45577-F1-model_v4.pdb",
      "classifier":"ProtOr",
      "parameters":{
        "algorithm":"Lee & Richards",
        "probe-radius":1.3999999999999999,
        "resolution":20
      },
      "structure":[
        {
          "chains":[
            {
              "label":"A",
              "n-residues":232,
              "area":{
                "total":20625.697201972052,
                "polar":10142.898487521055,
                "apolar":10482.798714450988,
                "main-chain":3907.4083202482739,
                "side-chain":16718.288881723776
              }
            }
          ],
          "model":1,
          "area":{
            "total":20625.697201972052,
            "polar":10142.898487521055,
            "apolar":10482.798714450988,
            "main-chain":3907.4083202482739,
            "side-chain":16718.288881723776
          }
        }
      ]
    }
  ]
}