{
  "source":"FreeSASA 2.1.2",
  "length-unit":"Ångström",
  "results":[
    {
      "input":"UP000000625_83333_ECOLI_v4\/AF-P32718-F1-model_v4.pdb",
      "classifier":"ProtOr",
      "parameters":{
        "algorithm":"Lee & Richards",
        "probe-radius":1.3999999999999999,
        "resolution":20
      },
      "structure":[
        {
          "chains":[
            {
              "label":"A",
              "n-residues":309,
              "area":{
                "total":14951.677214789734,
                "polar":6968.177047111205,
                "apolar":7983.5001676785323,
                "main-chain":3183.1206911693935,
                "side-chain":11768.556523620338
              }
            }
          ],
          "model":1,
          "area":{
            "total":14951.677214789734,
            "polar":6968.177047111205,
            "apolar":7983.5001676785323,
            "main-chain":3183.1206911693935,
            "side-chain":11768.556523620338
          }
        }
      ]
    }
  ]
}