{
  "source":"FreeSASA 2.1.2",
  "length-unit":"Ångström",
  "results":[
    {
      "input":"UP000000625_83333_ECOLI_v4\/AF-P16431-F1-model_v4.pdb",
      "classifier":"ProtOr",
      "parameters":{
        "algorithm":"Lee & Richards",
        "probe-radius":1.3999999999999999,
        "resolution":20
      },
      "structure":[
        {
          "chains":[
            {
              "label":"A",
              "n-residues":569,
              "area":{
                "total":23543.101833989127,
                "polar":10907.955733554958,
                "apolar":12635.146100434164,
                "main-chain":4908.9110752554097,
                "side-chain":18634.190758733708
              }
            }
          ],
          "model":1,
          "area":{
            "total":23543.101833989127,
            "polar":10907.955733554958,
            "apolar":12635.146100434164,
            "main-chain":4908.9110752554097,
            "side-chain":18634.190758733708
          }
        }
      ]
    }
  ]
}