{
  "source":"FreeSASA 2.1.2",
  "length-unit":"Ångström",
  "results":[
    {
      "input":"UP000000625_83333_ECOLI_v4\/AF-P75822-F1-model_v4.pdb",
      "classifier":"ProtOr",
      "parameters":{
        "algorithm":"Lee & Richards",
        "probe-radius":1.3999999999999999,
        "resolution":20
      },
      "structure":[
        {
          "chains":[
            {
              "label":"A",
              "n-residues":476,
              "area":{
                "total":22294.605112158068,
                "polar":9937.6596565286254,
                "apolar":12356.945455629451,
                "main-chain":4036.5076728642671,
                "side-chain":18258.097439293811
              }
            }
          ],
          "model":1,
          "area":{
            "total":22294.605112158068,
            "polar":9937.6596565286254,
            "apolar":12356.945455629451,
            "main-chain":4036.5076728642671,
            "side-chain":18258.097439293811
          }
        }
      ]
    }
  ]
}