{
  "source":"FreeSASA 2.1.2",
  "length-unit":"Ångström",
  "results":[
    {
      "input":"UP000000625_83333_ECOLI_v4\/AF-P09551-F1-model_v4.pdb",
      "classifier":"ProtOr",
      "parameters":{
        "algorithm":"Lee & Richards",
        "probe-radius":1.3999999999999999,
        "resolution":20
      },
      "structure":[
        {
          "chains":[
            {
              "label":"A",
              "n-residues":260,
              "area":{
                "total":13906.249710395155,
                "polar":6158.1510595086229,
                "apolar":7748.0986508865444,
                "main-chain":3220.2267488444541,
                "side-chain":10686.022961550711
              }
            }
          ],
          "model":1,
          "area":{
            "total":13906.249710395155,
            "polar":6158.1510595086229,
            "apolar":7748.0986508865444,
            "main-chain":3220.2267488444541,
            "side-chain":10686.022961550711
          }
        }
      ]
    }
  ]
}