{
  "source":"FreeSASA 2.1.2",
  "length-unit":"Ångström",
  "results":[
    {
      "input":"UP000000625_83333_ECOLI_v4\/AF-P32688-F1-model_v4.pdb",
      "classifier":"ProtOr",
      "parameters":{
        "algorithm":"Lee & Richards",
        "probe-radius":1.3999999999999999,
        "resolution":20
      },
      "structure":[
        {
          "chains":[
            {
              "label":"A",
              "n-residues":245,
              "area":{
                "total":14425.529041131491,
                "polar":6369.8482157957205,
                "apolar":8055.6808253357767,
                "main-chain":3044.7948302969671,
                "side-chain":11380.734210834533
              }
            }
          ],
          "model":1,
          "area":{
            "total":14425.529041131491,
            "polar":6369.8482157957205,
            "apolar":8055.6808253357767,
            "main-chain":3044.7948302969671,
            "side-chain":11380.734210834533
          }
        }
      ]
    }
  ]
}