{
  "source":"FreeSASA 2.1.2",
  "length-unit":"Ångström",
  "results":[
    {
      "input":"UP000000625_83333_ECOLI_v4\/AF-P0ACD4-F1-model_v4.pdb",
      "classifier":"ProtOr",
      "parameters":{
        "algorithm":"Lee & Richards",
        "probe-radius":1.3999999999999999,
        "resolution":20
      },
      "structure":[
        {
          "chains":[
            {
              "label":"A",
              "n-residues":128,
              "area":{
                "total":6937.632314019781,
                "polar":3263.5477118164281,
                "apolar":3674.0846022033529,
                "main-chain":1316.9824121979652,
                "side-chain":5620.6499018218137
              }
            }
          ],
          "model":1,
          "area":{
            "total":6937.632314019781,
            "polar":3263.5477118164281,
            "apolar":3674.0846022033529,
            "main-chain":1316.9824121979652,
            "side-chain":5620.6499018218137
          }
        }
      ]
    }
  ]
}