{
  "source":"FreeSASA 2.1.2",
  "length-unit":"Ångström",
  "results":[
    {
      "input":"UP000000625_83333_ECOLI_v4\/AF-P63204-F1-model_v4.pdb",
      "classifier":"ProtOr",
      "parameters":{
        "algorithm":"Lee & Richards",
        "probe-radius":1.3999999999999999,
        "resolution":20
      },
      "structure":[
        {
          "chains":[
            {
              "label":"A",
              "n-residues":175,
              "area":{
                "total":10907.613019317616,
                "polar":5010.4054194490991,
                "apolar":5897.2075998685195,
                "main-chain":1814.6040082198303,
                "side-chain":9093.0090110977872
              }
            }
          ],
          "model":1,
          "area":{
            "total":10907.613019317616,
            "polar":5010.4054194490991,
            "apolar":5897.2075998685195,
            "main-chain":1814.6040082198303,
            "side-chain":9093.0090110977872
          }
        }
      ]
    }
  ]
}