{
  "source":"FreeSASA 2.1.2",
  "length-unit":"Ångström",
  "results":[
    {
      "input":"UP000000625_83333_ECOLI_v4\/AF-P0A715-F1-model_v4.pdb",
      "classifier":"ProtOr",
      "parameters":{
        "algorithm":"Lee & Richards",
        "probe-radius":1.3999999999999999,
        "resolution":20
      },
      "structure":[
        {
          "chains":[
            {
              "label":"A",
              "n-residues":284,
              "area":{
                "total":12927.052438136207,
                "polar":5742.1309298548667,
                "apolar":7184.9215082813444,
                "main-chain":2864.3623850124468,
                "side-chain":10062.690053123761
              }
            }
          ],
          "model":1,
          "area":{
            "total":12927.052438136207,
            "polar":5742.1309298548667,
            "apolar":7184.9215082813444,
            "main-chain":2864.3623850124468,
            "side-chain":10062.690053123761
          }
        }
      ]
    }
  ]
}