{
  "source":"FreeSASA 2.1.2",
  "length-unit":"Ångström",
  "results":[
    {
      "input":"UP000000625_83333_ECOLI_v4\/AF-P75688-F1-model_v4.pdb",
      "classifier":"ProtOr",
      "parameters":{
        "algorithm":"Lee & Richards",
        "probe-radius":1.3999999999999999,
        "resolution":20
      },
      "structure":[
        {
          "chains":[
            {
              "label":"A",
              "n-residues":70,
              "area":{
                "total":7329.4735931793321,
                "polar":2657.2709168882416,
                "apolar":4672.2026762910873,
                "main-chain":1380.0363972830633,
                "side-chain":5949.4371958962656
              }
            }
          ],
          "model":1,
          "area":{
            "total":7329.4735931793321,
            "polar":2657.2709168882416,
            "apolar":4672.2026762910873,
            "main-chain":1380.0363972830633,
            "side-chain":5949.4371958962656
          }
        }
      ]
    }
  ]
}