{
  "source":"FreeSASA 2.1.2",
  "length-unit":"Ångström",
  "results":[
    {
      "input":"UP000000625_83333_ECOLI_v4\/AF-P37773-F1-model_v4.pdb",
      "classifier":"ProtOr",
      "parameters":{
        "algorithm":"Lee & Richards",
        "probe-radius":1.3999999999999999,
        "resolution":20
      },
      "structure":[
        {
          "chains":[
            {
              "label":"A",
              "n-residues":457,
              "area":{
                "total":18682.431231368439,
                "polar":9003.0613666191603,
                "apolar":9679.3698647492783,
                "main-chain":4349.2252917006836,
                "side-chain":14333.205939667756
              }
            }
          ],
          "model":1,
          "area":{
            "total":18682.431231368439,
            "polar":9003.0613666191603,
            "apolar":9679.3698647492783,
            "main-chain":4349.2252917006836,
            "side-chain":14333.205939667756
          }
        }
      ]
    }
  ]
}