{
  "source":"FreeSASA 2.1.2",
  "length-unit":"Ångström",
  "results":[
    {
      "input":"UP000000625_83333_ECOLI_v4\/AF-P75797-F1-model_v4.pdb",
      "classifier":"ProtOr",
      "parameters":{
        "algorithm":"Lee & Richards",
        "probe-radius":1.3999999999999999,
        "resolution":20
      },
      "structure":[
        {
          "chains":[
            {
              "label":"A",
              "n-residues":512,
              "area":{
                "total":23402.828994204679,
                "polar":10366.496348061683,
                "apolar":13036.332646143012,
                "main-chain":4673.232867330008,
                "side-chain":18729.596126874683
              }
            }
          ],
          "model":1,
          "area":{
            "total":23402.828994204679,
            "polar":10366.496348061683,
            "apolar":13036.332646143012,
            "main-chain":4673.232867330008,
            "side-chain":18729.596126874683
          }
        }
      ]
    }
  ]
}