{
  "source":"FreeSASA 2.1.2",
  "length-unit":"Ångström",
  "results":[
    {
      "input":"UP000000625_83333_ECOLI_v4\/AF-P76538-F1-model_v4.pdb",
      "classifier":"ProtOr",
      "parameters":{
        "algorithm":"Lee & Richards",
        "probe-radius":1.3999999999999999,
        "resolution":20
      },
      "structure":[
        {
          "chains":[
            {
              "label":"A",
              "n-residues":149,
              "area":{
                "total":10067.578494568241,
                "polar":3184.4293276449116,
                "apolar":6883.1491669233283,
                "main-chain":1514.9986376623697,
                "side-chain":8552.5798569058752
              }
            }
          ],
          "model":1,
          "area":{
            "total":10067.578494568241,
            "polar":3184.4293276449116,
            "apolar":6883.1491669233283,
            "main-chain":1514.9986376623697,
            "side-chain":8552.5798569058752
          }
        }
      ]
    }
  ]
}