{
  "source":"FreeSASA 2.1.2",
  "length-unit":"Ångström",
  "results":[
    {
      "input":"UP000000625_83333_ECOLI_v4\/AF-P08201-F1-model_v4.pdb",
      "classifier":"ProtOr",
      "parameters":{
        "algorithm":"Lee & Richards",
        "probe-radius":1.3999999999999999,
        "resolution":20
      },
      "structure":[
        {
          "chains":[
            {
              "label":"A",
              "n-residues":847,
              "area":{
                "total":39984.406450576214,
                "polar":18440.497446850164,
                "apolar":21543.90900372605,
                "main-chain":9253.4265754001517,
                "side-chain":30730.979875176046
              }
            }
          ],
          "model":1,
          "area":{
            "total":39984.406450576214,
            "polar":18440.497446850164,
            "apolar":21543.90900372605,
            "main-chain":9253.4265754001517,
            "side-chain":30730.979875176046
          }
        }
      ]
    }
  ]
}