{
  "source":"FreeSASA 2.1.2",
  "length-unit":"Ångström",
  "results":[
    {
      "input":"UP000000625_83333_ECOLI_v4\/AF-P0AE91-F1-model_v4.pdb",
      "classifier":"ProtOr",
      "parameters":{
        "algorithm":"Lee & Richards",
        "probe-radius":1.3999999999999999,
        "resolution":20
      },
      "structure":[
        {
          "chains":[
            {
              "label":"A",
              "n-residues":157,
              "area":{
                "total":11131.999650510697,
                "polar":4289.7179989723618,
                "apolar":6842.2816515383283,
                "main-chain":2344.8682712810719,
                "side-chain":8787.1313792296205
              }
            }
          ],
          "model":1,
          "area":{
            "total":11131.999650510697,
            "polar":4289.7179989723618,
            "apolar":6842.2816515383283,
            "main-chain":2344.8682712810719,
            "side-chain":8787.1313792296205
          }
        }
      ]
    }
  ]
}