{
  "source":"FreeSASA 2.1.2",
  "length-unit":"Ångström",
  "results":[
    {
      "input":"UP000000625_83333_ECOLI_v4\/AF-P69330-F1-model_v4.pdb",
      "classifier":"ProtOr",
      "parameters":{
        "algorithm":"Lee & Richards",
        "probe-radius":1.3999999999999999,
        "resolution":20
      },
      "structure":[
        {
          "chains":[
            {
              "label":"A",
              "n-residues":98,
              "area":{
                "total":6168.1759171000949,
                "polar":2968.9571574002048,
                "apolar":3199.2187596998879,
                "main-chain":1180.6663295697808,
                "side-chain":4987.5095875303132
              }
            }
          ],
          "model":1,
          "area":{
            "total":6168.1759171000949,
            "polar":2968.9571574002048,
            "apolar":3199.2187596998879,
            "main-chain":1180.6663295697808,
            "side-chain":4987.5095875303132
          }
        }
      ]
    }
  ]
}