{
  "source":"FreeSASA 2.1.2",
  "length-unit":"Ångström",
  "results":[
    {
      "input":"UP000000625_83333_ECOLI_v4\/AF-P09152-F1-model_v4.pdb",
      "classifier":"ProtOr",
      "parameters":{
        "algorithm":"Lee & Richards",
        "probe-radius":1.3999999999999999,
        "resolution":20
      },
      "structure":[
        {
          "chains":[
            {
              "label":"A",
              "n-residues":1247,
              "area":{
                "total":39763.855691317396,
                "polar":18636.25276352758,
                "apolar":21127.602927789751,
                "main-chain":8987.8385302365004,
                "side-chain":30776.017161080923
              }
            }
          ],
          "model":1,
          "area":{
            "total":39763.855691317396,
            "polar":18636.25276352758,
            "apolar":21127.602927789751,
            "main-chain":8987.8385302365004,
            "side-chain":30776.017161080923
          }
        }
      ]
    }
  ]
}