{
  "source":"FreeSASA 2.1.2",
  "length-unit":"Ångström",
  "results":[
    {
      "input":"UP000000625_83333_ECOLI_v4\/AF-P76543-F1-model_v4.pdb",
      "classifier":"ProtOr",
      "parameters":{
        "algorithm":"Lee & Richards",
        "probe-radius":1.3999999999999999,
        "resolution":20
      },
      "structure":[
        {
          "chains":[
            {
              "label":"A",
              "n-residues":213,
              "area":{
                "total":18326.995428073187,
                "polar":9090.5856414941063,
                "apolar":9236.4097865790718,
                "main-chain":2530.9055911881687,
                "side-chain":15796.089836884999
              }
            }
          ],
          "model":1,
          "area":{
            "total":18326.995428073187,
            "polar":9090.5856414941063,
            "apolar":9236.4097865790718,
            "main-chain":2530.9055911881687,
            "side-chain":15796.089836884999
          }
        }
      ]
    }
  ]
}