{
  "source":"FreeSASA 2.1.2",
  "length-unit":"Ångström",
  "results":[
    {
      "input":"UP000000625_83333_ECOLI_v4\/AF-P33371-F1-model_v4.pdb",
      "classifier":"ProtOr",
      "parameters":{
        "algorithm":"Lee & Richards",
        "probe-radius":1.3999999999999999,
        "resolution":20
      },
      "structure":[
        {
          "chains":[
            {
              "label":"A",
              "n-residues":315,
              "area":{
                "total":13430.508603615692,
                "polar":6414.1738355221623,
                "apolar":7016.334768093534,
                "main-chain":2556.1817211830635,
                "side-chain":10874.32688243263
              }
            }
          ],
          "model":1,
          "area":{
            "total":13430.508603615692,
            "polar":6414.1738355221623,
            "apolar":7016.334768093534,
            "main-chain":2556.1817211830635,
            "side-chain":10874.32688243263
          }
        }
      ]
    }
  ]
}