{
  "source":"FreeSASA 2.1.2",
  "length-unit":"Ångström",
  "results":[
    {
      "input":"UP000000625_83333_ECOLI_v4\/AF-P64536-F1-model_v4.pdb",
      "classifier":"ProtOr",
      "parameters":{
        "algorithm":"Lee & Richards",
        "probe-radius":1.3999999999999999,
        "resolution":20
      },
      "structure":[
        {
          "chains":[
            {
              "label":"A",
              "n-residues":79,
              "area":{
                "total":6098.3634953848241,
                "polar":1879.039333210646,
                "apolar":4219.3241621741818,
                "main-chain":860.24186163321463,
                "side-chain":5238.1216337516107
              }
            }
          ],
          "model":1,
          "area":{
            "total":6098.3634953848241,
            "polar":1879.039333210646,
            "apolar":4219.3241621741818,
            "main-chain":860.24186163321463,
            "side-chain":5238.1216337516107
          }
        }
      ]
    }
  ]
}