{
  "source":"FreeSASA 2.1.2",
  "length-unit":"Ångström",
  "results":[
    {
      "input":"UP000000625_83333_ECOLI_v4\/AF-P0AE95-F1-model_v4.pdb",
      "classifier":"ProtOr",
      "parameters":{
        "algorithm":"Lee & Richards",
        "probe-radius":1.3999999999999999,
        "resolution":20
      },
      "structure":[
        {
          "chains":[
            {
              "label":"A",
              "n-residues":129,
              "area":{
                "total":10714.646822781462,
                "polar":4202.3871676900926,
                "apolar":6512.2596550913649,
                "main-chain":1619.515497149813,
                "side-chain":9095.131325631648
              }
            }
          ],
          "model":1,
          "area":{
            "total":10714.646822781462,
            "polar":4202.3871676900926,
            "apolar":6512.2596550913649,
            "main-chain":1619.515497149813,
            "side-chain":9095.131325631648
          }
        }
      ]
    }
  ]
}