{
  "source":"FreeSASA 2.1.2",
  "length-unit":"Ångström",
  "results":[
    {
      "input":"UP000000625_83333_ECOLI_v4\/AF-P77308-F1-model_v4.pdb",
      "classifier":"ProtOr",
      "parameters":{
        "algorithm":"Lee & Richards",
        "probe-radius":1.3999999999999999,
        "resolution":20
      },
      "structure":[
        {
          "chains":[
            {
              "label":"A",
              "n-residues":340,
              "area":{
                "total":19142.094519197773,
                "polar":6127.7243725863991,
                "apolar":13014.370146611389,
                "main-chain":3040.0709519269226,
                "side-chain":16102.023567270859
              }
            }
          ],
          "model":1,
          "area":{
            "total":19142.094519197773,
            "polar":6127.7243725863991,
            "apolar":13014.370146611389,
            "main-chain":3040.0709519269226,
            "side-chain":16102.023567270859
          }
        }
      ]
    }
  ]
}