{
  "source":"FreeSASA 2.1.2",
  "length-unit":"Ångström",
  "results":[
    {
      "input":"UP000000625_83333_ECOLI_v4\/AF-P04951-F1-model_v4.pdb",
      "classifier":"ProtOr",
      "parameters":{
        "algorithm":"Lee & Richards",
        "probe-radius":1.3999999999999999,
        "resolution":20
      },
      "structure":[
        {
          "chains":[
            {
              "label":"A",
              "n-residues":248,
              "area":{
                "total":11811.53487934907,
                "polar":5647.5957473042781,
                "apolar":6163.9391320447885,
                "main-chain":2563.1123062206402,
                "side-chain":9248.4225731284205
              }
            }
          ],
          "model":1,
          "area":{
            "total":11811.53487934907,
            "polar":5647.5957473042781,
            "apolar":6163.9391320447885,
            "main-chain":2563.1123062206402,
            "side-chain":9248.4225731284205
          }
        }
      ]
    }
  ]
}