{
  "source":"FreeSASA 2.1.2",
  "length-unit":"Ångström",
  "results":[
    {
      "input":"UP000000625_83333_ECOLI_v4\/AF-P0A7J0-F1-model_v4.pdb",
      "classifier":"ProtOr",
      "parameters":{
        "algorithm":"Lee & Richards",
        "probe-radius":1.3999999999999999,
        "resolution":20
      },
      "structure":[
        {
          "chains":[
            {
              "label":"A",
              "n-residues":217,
              "area":{
                "total":9913.536703826041,
                "polar":4429.918139091902,
                "apolar":5483.6185647341426,
                "main-chain":2215.6443822228639,
                "side-chain":7697.8923216031826
              }
            }
          ],
          "model":1,
          "area":{
            "total":9913.536703826041,
            "polar":4429.918139091902,
            "apolar":5483.6185647341426,
            "main-chain":2215.6443822228639,
            "side-chain":7697.8923216031826
          }
        }
      ]
    }
  ]
}