{
  "source":"FreeSASA 2.1.2",
  "length-unit":"Ångström",
  "results":[
    {
      "input":"UP000000625_83333_ECOLI_v4\/AF-P23842-F1-model_v4.pdb",
      "classifier":"ProtOr",
      "parameters":{
        "algorithm":"Lee & Richards",
        "probe-radius":1.3999999999999999,
        "resolution":20
      },
      "structure":[
        {
          "chains":[
            {
              "label":"A",
              "n-residues":729,
              "area":{
                "total":39461.195019120125,
                "polar":16105.554306438567,
                "apolar":23355.640712681547,
                "main-chain":5804.7824956113982,
                "side-chain":33656.412523508799
              }
            }
          ],
          "model":1,
          "area":{
            "total":39461.195019120125,
            "polar":16105.554306438567,
            "apolar":23355.640712681547,
            "main-chain":5804.7824956113982,
            "side-chain":33656.412523508799
          }
        }
      ]
    }
  ]
}