{
  "source":"FreeSASA 2.1.2",
  "length-unit":"Ångström",
  "results":[
    {
      "input":"UP000000625_83333_ECOLI_v4\/AF-P60422-F1-model_v4.pdb",
      "classifier":"ProtOr",
      "parameters":{
        "algorithm":"Lee & Richards",
        "probe-radius":1.3999999999999999,
        "resolution":20
      },
      "structure":[
        {
          "chains":[
            {
              "label":"A",
              "n-residues":273,
              "area":{
                "total":17368.97297697351,
                "polar":7893.473683651554,
                "apolar":9475.4992933219655,
                "main-chain":3878.9164794799781,
                "side-chain":13490.056497493551
              }
            }
          ],
          "model":1,
          "area":{
            "total":17368.97297697351,
            "polar":7893.473683651554,
            "apolar":9475.4992933219655,
            "main-chain":3878.9164794799781,
            "side-chain":13490.056497493551
          }
        }
      ]
    }
  ]
}