{
  "source":"FreeSASA 2.1.2",
  "length-unit":"Ångström",
  "results":[
    {
      "input":"UP000000625_83333_ECOLI_v4\/AF-P17315-F1-model_v4.pdb",
      "classifier":"ProtOr",
      "parameters":{
        "algorithm":"Lee & Richards",
        "probe-radius":1.3999999999999999,
        "resolution":20
      },
      "structure":[
        {
          "chains":[
            {
              "label":"A",
              "n-residues":663,
              "area":{
                "total":31588.811788484596,
                "polar":13206.166663872151,
                "apolar":18382.645124612412,
                "main-chain":5916.4206470377667,
                "side-chain":25672.391141446784
              }
            }
          ],
          "model":1,
          "area":{
            "total":31588.811788484596,
            "polar":13206.166663872151,
            "apolar":18382.645124612412,
            "main-chain":5916.4206470377667,
            "side-chain":25672.391141446784
          }
        }
      ]
    }
  ]
}