{
  "source":"FreeSASA 2.1.2",
  "length-unit":"Ångström",
  "results":[
    {
      "input":"UP000000625_83333_ECOLI_v4\/AF-P76007-F1-model_v4.pdb",
      "classifier":"ProtOr",
      "parameters":{
        "algorithm":"Lee & Richards",
        "probe-radius":1.3999999999999999,
        "resolution":20
      },
      "structure":[
        {
          "chains":[
            {
              "label":"A",
              "n-residues":578,
              "area":{
                "total":28273.975201792706,
                "polar":10406.382996479186,
                "apolar":17867.5922053135,
                "main-chain":4797.4727203495095,
                "side-chain":23476.502481443185
              }
            }
          ],
          "model":1,
          "area":{
            "total":28273.975201792706,
            "polar":10406.382996479186,
            "apolar":17867.5922053135,
            "main-chain":4797.4727203495095,
            "side-chain":23476.502481443185
          }
        }
      ]
    }
  ]
}