{
  "source":"FreeSASA 2.1.2",
  "length-unit":"Ångström",
  "results":[
    {
      "input":"UP000000625_83333_ECOLI_v4\/AF-P76072-F1-model_v4.pdb",
      "classifier":"ProtOr",
      "parameters":{
        "algorithm":"Lee & Richards",
        "probe-radius":1.3999999999999999,
        "resolution":20
      },
      "structure":[
        {
          "chains":[
            {
              "label":"A",
              "n-residues":1120,
              "area":{
                "total":79544.288831773156,
                "polar":33760.959877513844,
                "apolar":45783.328954259428,
                "main-chain":17078.247828605116,
                "side-chain":62466.041003168175
              }
            }
          ],
          "model":1,
          "area":{
            "total":79544.288831773156,
            "polar":33760.959877513844,
            "apolar":45783.328954259428,
            "main-chain":17078.247828605116,
            "side-chain":62466.041003168175
          }
        }
      ]
    }
  ]
}