{
  "source":"FreeSASA 2.1.2",
  "length-unit":"Ångström",
  "results":[
    {
      "input":"UP000000625_83333_ECOLI_v4\/AF-P30979-F1-model_v4.pdb",
      "classifier":"ProtOr",
      "parameters":{
        "algorithm":"Lee & Richards",
        "probe-radius":1.3999999999999999,
        "resolution":20
      },
      "structure":[
        {
          "chains":[
            {
              "label":"A",
              "n-residues":317,
              "area":{
                "total":20524.461832366389,
                "polar":9368.811491422699,
                "apolar":11155.650340943686,
                "main-chain":3725.1664338741416,
                "side-chain":16799.295398492264
              }
            }
          ],
          "model":1,
          "area":{
            "total":20524.461832366389,
            "polar":9368.811491422699,
            "apolar":11155.650340943686,
            "main-chain":3725.1664338741416,
            "side-chain":16799.295398492264
          }
        }
      ]
    }
  ]
}