{
  "source":"FreeSASA 2.1.2",
  "length-unit":"Ångström",
  "results":[
    {
      "input":"UP000000625_83333_ECOLI_v4\/AF-P24174-F1-model_v4.pdb",
      "classifier":"ProtOr",
      "parameters":{
        "algorithm":"Lee & Richards",
        "probe-radius":1.3999999999999999,
        "resolution":20
      },
      "structure":[
        {
          "chains":[
            {
              "label":"A",
              "n-residues":478,
              "area":{
                "total":22120.736254317868,
                "polar":10567.954277256535,
                "apolar":11552.781977061333,
                "main-chain":4764.2633744043251,
                "side-chain":17356.472879913534
              }
            }
          ],
          "model":1,
          "area":{
            "total":22120.736254317868,
            "polar":10567.954277256535,
            "apolar":11552.781977061333,
            "main-chain":4764.2633744043251,
            "side-chain":17356.472879913534
          }
        }
      ]
    }
  ]
}