{
  "source":"FreeSASA 2.1.2",
  "length-unit":"Ångström",
  "results":[
    {
      "input":"UP000000625_83333_ECOLI_v4\/AF-P32135-F1-model_v4.pdb",
      "classifier":"ProtOr",
      "parameters":{
        "algorithm":"Lee & Richards",
        "probe-radius":1.3999999999999999,
        "resolution":20
      },
      "structure":[
        {
          "chains":[
            {
              "label":"A",
              "n-residues":421,
              "area":{
                "total":19521.646264469266,
                "polar":5485.5190176854167,
                "apolar":14036.127246783841,
                "main-chain":2845.4852934353753,
                "side-chain":16676.160971033889
              }
            }
          ],
          "model":1,
          "area":{
            "total":19521.646264469266,
            "polar":5485.5190176854167,
            "apolar":14036.127246783841,
            "main-chain":2845.4852934353753,
            "side-chain":16676.160971033889
          }
        }
      ]
    }
  ]
}