{
  "source":"FreeSASA 2.1.2",
  "length-unit":"Ångström",
  "results":[
    {
      "input":"UP000000625_83333_ECOLI_v4\/AF-P37672-F1-model_v4.pdb",
      "classifier":"ProtOr",
      "parameters":{
        "algorithm":"Lee & Richards",
        "probe-radius":1.3999999999999999,
        "resolution":20
      },
      "structure":[
        {
          "chains":[
            {
              "label":"A",
              "n-residues":332,
              "area":{
                "total":15977.000462522092,
                "polar":6798.4542598955768,
                "apolar":9178.5462026265195,
                "main-chain":2840.418692702639,
                "side-chain":13136.581769819457
              }
            }
          ],
          "model":1,
          "area":{
            "total":15977.000462522092,
            "polar":6798.4542598955768,
            "apolar":9178.5462026265195,
            "main-chain":2840.418692702639,
            "side-chain":13136.581769819457
          }
        }
      ]
    }
  ]
}