{
  "source":"FreeSASA 2.1.2",
  "length-unit":"Ångström",
  "results":[
    {
      "input":"UP000000625_83333_ECOLI_v4\/AF-P64467-F1-model_v4.pdb",
      "classifier":"ProtOr",
      "parameters":{
        "algorithm":"Lee & Richards",
        "probe-radius":1.3999999999999999,
        "resolution":20
      },
      "structure":[
        {
          "chains":[
            {
              "label":"A",
              "n-residues":71,
              "area":{
                "total":5961.1701552132445,
                "polar":2777.4995731885515,
                "apolar":3183.6705820246957,
                "main-chain":917.53468239965662,
                "side-chain":5043.6354728135921
              }
            }
          ],
          "model":1,
          "area":{
            "total":5961.1701552132445,
            "polar":2777.4995731885515,
            "apolar":3183.6705820246957,
            "main-chain":917.53468239965662,
            "side-chain":5043.6354728135921
          }
        }
      ]
    }
  ]
}