{
  "source":"FreeSASA 2.1.2",
  "length-unit":"Ångström",
  "results":[
    {
      "input":"UP000000625_83333_ECOLI_v4\/AF-P76122-F1-model_v4.pdb",
      "classifier":"ProtOr",
      "parameters":{
        "algorithm":"Lee & Richards",
        "probe-radius":1.3999999999999999,
        "resolution":20
      },
      "structure":[
        {
          "chains":[
            {
              "label":"A",
              "n-residues":111,
              "area":{
                "total":14015.126220333579,
                "polar":5575.9962524447619,
                "apolar":8439.1299678888208,
                "main-chain":2569.9199928384423,
                "side-chain":11445.20622749514
              }
            }
          ],
          "model":1,
          "area":{
            "total":14015.126220333579,
            "polar":5575.9962524447619,
            "apolar":8439.1299678888208,
            "main-chain":2569.9199928384423,
            "side-chain":11445.20622749514
          }
        }
      ]
    }
  ]
}