{
  "source":"FreeSASA 2.1.2",
  "length-unit":"Ångström",
  "results":[
    {
      "input":"UP000000625_83333_ECOLI_v4\/AF-P45761-F1-model_v4.pdb",
      "classifier":"ProtOr",
      "parameters":{
        "algorithm":"Lee & Richards",
        "probe-radius":1.3999999999999999,
        "resolution":20
      },
      "structure":[
        {
          "chains":[
            {
              "label":"A",
              "n-residues":195,
              "area":{
                "total":15680.646638263823,
                "polar":7188.2325350120909,
                "apolar":8492.4141032517309,
                "main-chain":2613.8561540883029,
                "side-chain":13066.790484175517
              }
            }
          ],
          "model":1,
          "area":{
            "total":15680.646638263823,
            "polar":7188.2325350120909,
            "apolar":8492.4141032517309,
            "main-chain":2613.8561540883029,
            "side-chain":13066.790484175517
          }
        }
      ]
    }
  ]
}