{
  "source":"FreeSASA 2.1.2",
  "length-unit":"Ångström",
  "results":[
    {
      "input":"UP000000625_83333_ECOLI_v4\/AF-P76297-F1-model_v4.pdb",
      "classifier":"ProtOr",
      "parameters":{
        "algorithm":"Lee & Richards",
        "probe-radius":1.3999999999999999,
        "resolution":20
      },
      "structure":[
        {
          "chains":[
            {
              "label":"A",
              "n-residues":130,
              "area":{
                "total":8661.0307962010047,
                "polar":3648.6857053172639,
                "apolar":5012.3450908837394,
                "main-chain":1953.3449773561206,
                "side-chain":6707.6858188448859
              }
            }
          ],
          "model":1,
          "area":{
            "total":8661.0307962010047,
            "polar":3648.6857053172639,
            "apolar":5012.3450908837394,
            "main-chain":1953.3449773561206,
            "side-chain":6707.6858188448859
          }
        }
      ]
    }
  ]
}