{
  "source":"FreeSASA 2.1.2",
  "length-unit":"Ångström",
  "results":[
    {
      "input":"UP000000625_83333_ECOLI_v4\/AF-P0CF79-F1-model_v4.pdb",
      "classifier":"ProtOr",
      "parameters":{
        "algorithm":"Lee & Richards",
        "probe-radius":1.3999999999999999,
        "resolution":20
      },
      "structure":[
        {
          "chains":[
            {
              "label":"A",
              "n-residues":288,
              "area":{
                "total":17249.831879737107,
                "polar":7932.7922319744912,
                "apolar":9317.0396477626218,
                "main-chain":2996.0650179621312,
                "side-chain":14253.766861774971
              }
            }
          ],
          "model":1,
          "area":{
            "total":17249.831879737107,
            "polar":7932.7922319744912,
            "apolar":9317.0396477626218,
            "main-chain":2996.0650179621312,
            "side-chain":14253.766861774971
          }
        }
      ]
    }
  ]
}