{
  "source":"FreeSASA 2.1.2",
  "length-unit":"Ångström",
  "results":[
    {
      "input":"UP000000625_83333_ECOLI_v4\/AF-P0ACC9-F1-model_v4.pdb",
      "classifier":"ProtOr",
      "parameters":{
        "algorithm":"Lee & Richards",
        "probe-radius":1.3999999999999999,
        "resolution":20
      },
      "structure":[
        {
          "chains":[
            {
              "label":"A",
              "n-residues":162,
              "area":{
                "total":9471.5830421258852,
                "polar":3619.5383012017946,
                "apolar":5852.044740924086,
                "main-chain":1621.6575599257212,
                "side-chain":7849.925482200164
              }
            }
          ],
          "model":1,
          "area":{
            "total":9471.5830421258852,
            "polar":3619.5383012017946,
            "apolar":5852.044740924086,
            "main-chain":1621.6575599257212,
            "side-chain":7849.925482200164
          }
        }
      ]
    }
  ]
}