{
  "source":"FreeSASA 2.1.2",
  "length-unit":"Ångström",
  "results":[
    {
      "input":"UP000000625_83333_ECOLI_v4\/AF-P0ACI6-F1-model_v4.pdb",
      "classifier":"ProtOr",
      "parameters":{
        "algorithm":"Lee & Richards",
        "probe-radius":1.3999999999999999,
        "resolution":20
      },
      "structure":[
        {
          "chains":[
            {
              "label":"A",
              "n-residues":152,
              "area":{
                "total":10960.075963908141,
                "polar":4773.4229486253189,
                "apolar":6186.6530152828173,
                "main-chain":2415.5606475497552,
                "side-chain":8544.5153163583818
              }
            }
          ],
          "model":1,
          "area":{
            "total":10960.075963908141,
            "polar":4773.4229486253189,
            "apolar":6186.6530152828173,
            "main-chain":2415.5606475497552,
            "side-chain":8544.5153163583818
          }
        }
      ]
    }
  ]
}