{
  "source":"FreeSASA 2.1.2",
  "length-unit":"Ångström",
  "results":[
    {
      "input":"UP000000625_83333_ECOLI_v4\/AF-P25714-F1-model_v4.pdb",
      "classifier":"ProtOr",
      "parameters":{
        "algorithm":"Lee & Richards",
        "probe-radius":1.3999999999999999,
        "resolution":20
      },
      "structure":[
        {
          "chains":[
            {
              "label":"A",
              "n-residues":548,
              "area":{
                "total":30004.143582913341,
                "polar":11861.890088986758,
                "apolar":18142.253493926582,
                "main-chain":5336.0220277892968,
                "side-chain":24668.121555124053
              }
            }
          ],
          "model":1,
          "area":{
            "total":30004.143582913341,
            "polar":11861.890088986758,
            "apolar":18142.253493926582,
            "main-chain":5336.0220277892968,
            "side-chain":24668.121555124053
          }
        }
      ]
    }
  ]
}