{
  "source":"FreeSASA 2.1.2",
  "length-unit":"Ångström",
  "results":[
    {
      "input":"UP000000625_83333_ECOLI_v4\/AF-P07000-F1-model_v4.pdb",
      "classifier":"ProtOr",
      "parameters":{
        "algorithm":"Lee & Richards",
        "probe-radius":1.3999999999999999,
        "resolution":20
      },
      "structure":[
        {
          "chains":[
            {
              "label":"A",
              "n-residues":340,
              "area":{
                "total":15204.329530080142,
                "polar":6936.7575811832849,
                "apolar":8267.5719488968516,
                "main-chain":2962.863923464005,
                "side-chain":12241.465606616137
              }
            }
          ],
          "model":1,
          "area":{
            "total":15204.329530080142,
            "polar":6936.7575811832849,
            "apolar":8267.5719488968516,
            "main-chain":2962.863923464005,
            "side-chain":12241.465606616137
          }
        }
      ]
    }
  ]
}