{
  "source":"FreeSASA 2.1.2",
  "length-unit":"Ångström",
  "results":[
    {
      "input":"UP000000625_83333_ECOLI_v4\/AF-P39390-F1-model_v4.pdb",
      "classifier":"ProtOr",
      "parameters":{
        "algorithm":"Lee & Richards",
        "probe-radius":1.3999999999999999,
        "resolution":20
      },
      "structure":[
        {
          "chains":[
            {
              "label":"A",
              "n-residues":54,
              "area":{
                "total":7000.7388004821341,
                "polar":3288.2175821850938,
                "apolar":3712.5212182970427,
                "main-chain":841.51598926019255,
                "side-chain":6159.2228112219454
              }
            }
          ],
          "model":1,
          "area":{
            "total":7000.7388004821341,
            "polar":3288.2175821850938,
            "apolar":3712.5212182970427,
            "main-chain":841.51598926019255,
            "side-chain":6159.2228112219454
          }
        }
      ]
    }
  ]
}