{
  "source":"FreeSASA 2.1.2",
  "length-unit":"Ångström",
  "results":[
    {
      "input":"UP000000625_83333_ECOLI_v4\/AF-P0A7V8-F1-model_v4.pdb",
      "classifier":"ProtOr",
      "parameters":{
        "algorithm":"Lee & Richards",
        "probe-radius":1.3999999999999999,
        "resolution":20
      },
      "structure":[
        {
          "chains":[
            {
              "label":"A",
              "n-residues":206,
              "area":{
                "total":12003.494686944647,
                "polar":5688.1183182524692,
                "apolar":6315.376368692172,
                "main-chain":2212.0344108524787,
                "side-chain":9791.4602760921716
              }
            }
          ],
          "model":1,
          "area":{
            "total":12003.494686944647,
            "polar":5688.1183182524692,
            "apolar":6315.376368692172,
            "main-chain":2212.0344108524787,
            "side-chain":9791.4602760921716
          }
        }
      ]
    }
  ]
}