{
  "source":"FreeSASA 2.1.2",
  "length-unit":"Ångström",
  "results":[
    {
      "input":"UP000000625_83333_ECOLI_v4\/AF-P76464-F1-model_v4.pdb",
      "classifier":"ProtOr",
      "parameters":{
        "algorithm":"Lee & Richards",
        "probe-radius":1.3999999999999999,
        "resolution":20
      },
      "structure":[
        {
          "chains":[
            {
              "label":"A",
              "n-residues":1367,
              "area":{
                "total":71721.322638755897,
                "polar":32911.783469987735,
                "apolar":38809.539168768264,
                "main-chain":15729.075248437284,
                "side-chain":55992.247390318647
              }
            }
          ],
          "model":1,
          "area":{
            "total":71721.322638755897,
            "polar":32911.783469987735,
            "apolar":38809.539168768264,
            "main-chain":15729.075248437284,
            "side-chain":55992.247390318647
          }
        }
      ]
    }
  ]
}