{
  "source":"FreeSASA 2.1.2",
  "length-unit":"Ångström",
  "results":[
    {
      "input":"UP000000625_83333_ECOLI_v4\/AF-P0ADB1-F1-model_v4.pdb",
      "classifier":"ProtOr",
      "parameters":{
        "algorithm":"Lee & Richards",
        "probe-radius":1.3999999999999999,
        "resolution":20
      },
      "structure":[
        {
          "chains":[
            {
              "label":"A",
              "n-residues":112,
              "area":{
                "total":9194.8814608491084,
                "polar":3724.1696922654914,
                "apolar":5470.711768583612,
                "main-chain":2235.6074227023896,
                "side-chain":6959.2740381467147
              }
            }
          ],
          "model":1,
          "area":{
            "total":9194.8814608491084,
            "polar":3724.1696922654914,
            "apolar":5470.711768583612,
            "main-chain":2235.6074227023896,
            "side-chain":6959.2740381467147
          }
        }
      ]
    }
  ]
}