{
  "source":"FreeSASA 2.1.2",
  "length-unit":"Ångström",
  "results":[
    {
      "input":"UP000000625_83333_ECOLI_v4\/AF-P36979-F1-model_v4.pdb",
      "classifier":"ProtOr",
      "parameters":{
        "algorithm":"Lee & Richards",
        "probe-radius":1.3999999999999999,
        "resolution":20
      },
      "structure":[
        {
          "chains":[
            {
              "label":"A",
              "n-residues":384,
              "area":{
                "total":18134.781353726336,
                "polar":8818.4742423118732,
                "apolar":9316.3071114144714,
                "main-chain":3838.632602563629,
                "side-chain":14296.148751162722
              }
            }
          ],
          "model":1,
          "area":{
            "total":18134.781353726336,
            "polar":8818.4742423118732,
            "apolar":9316.3071114144714,
            "main-chain":3838.632602563629,
            "side-chain":14296.148751162722
          }
        }
      ]
    }
  ]
}