{
  "source":"FreeSASA 2.1.2",
  "length-unit":"Ångström",
  "results":[
    {
      "input":"UP000000625_83333_ECOLI_v4\/AF-P69828-F1-model_v4.pdb",
      "classifier":"ProtOr",
      "parameters":{
        "algorithm":"Lee & Richards",
        "probe-radius":1.3999999999999999,
        "resolution":20
      },
      "structure":[
        {
          "chains":[
            {
              "label":"A",
              "n-residues":150,
              "area":{
                "total":7972.3701134340781,
                "polar":3918.1963545135186,
                "apolar":4054.1737589205591,
                "main-chain":1424.276997825523,
                "side-chain":6548.0931156085526
              }
            }
          ],
          "model":1,
          "area":{
            "total":7972.3701134340781,
            "polar":3918.1963545135186,
            "apolar":4054.1737589205591,
            "main-chain":1424.276997825523,
            "side-chain":6548.0931156085526
          }
        }
      ]
    }
  ]
}