{
  "source":"FreeSASA 2.1.2",
  "length-unit":"Ångström",
  "results":[
    {
      "input":"UP000000625_83333_ECOLI_v4\/AF-P16700-F1-model_v4.pdb",
      "classifier":"ProtOr",
      "parameters":{
        "algorithm":"Lee & Richards",
        "probe-radius":1.3999999999999999,
        "resolution":20
      },
      "structure":[
        {
          "chains":[
            {
              "label":"A",
              "n-residues":338,
              "area":{
                "total":16771.655640885856,
                "polar":7509.2176052496998,
                "apolar":9262.438035636158,
                "main-chain":3679.5258324051556,
                "side-chain":13092.1298084807
              }
            }
          ],
          "model":1,
          "area":{
            "total":16771.655640885856,
            "polar":7509.2176052496998,
            "apolar":9262.438035636158,
            "main-chain":3679.5258324051556,
            "side-chain":13092.1298084807
          }
        }
      ]
    }
  ]
}