{
  "source":"FreeSASA 2.1.2",
  "length-unit":"Ångström",
  "results":[
    {
      "input":"UP000000625_83333_ECOLI_v4\/AF-P77215-F1-model_v4.pdb",
      "classifier":"ProtOr",
      "parameters":{
        "algorithm":"Lee & Richards",
        "probe-radius":1.3999999999999999,
        "resolution":20
      },
      "structure":[
        {
          "chains":[
            {
              "label":"A",
              "n-residues":401,
              "area":{
                "total":14918.056880049502,
                "polar":6901.3761624928657,
                "apolar":8016.6807175566355,
                "main-chain":3283.8801261711546,
                "side-chain":11634.176753878342
              }
            }
          ],
          "model":1,
          "area":{
            "total":14918.056880049502,
            "polar":6901.3761624928657,
            "apolar":8016.6807175566355,
            "main-chain":3283.8801261711546,
            "side-chain":11634.176753878342
          }
        }
      ]
    }
  ]
}