{
  "source":"FreeSASA 2.1.2",
  "length-unit":"Ångström",
  "results":[
    {
      "input":"UP000000625_83333_ECOLI_v4\/AF-P0A7T7-F1-model_v4.pdb",
      "classifier":"ProtOr",
      "parameters":{
        "algorithm":"Lee & Richards",
        "probe-radius":1.3999999999999999,
        "resolution":20
      },
      "structure":[
        {
          "chains":[
            {
              "label":"A",
              "n-residues":75,
              "area":{
                "total":6739.7374796941112,
                "polar":3283.0325220518448,
                "apolar":3456.7049576422664,
                "main-chain":1116.9556632304796,
                "side-chain":5622.7818164636319
              }
            }
          ],
          "model":1,
          "area":{
            "total":6739.7374796941112,
            "polar":3283.0325220518448,
            "apolar":3456.7049576422664,
            "main-chain":1116.9556632304796,
            "side-chain":5622.7818164636319
          }
        }
      ]
    }
  ]
}