{
  "source":"FreeSASA 2.1.2",
  "length-unit":"Ångström",
  "results":[
    {
      "input":"UP000000625_83333_ECOLI_v4\/AF-P22256-F1-model_v4.pdb",
      "classifier":"ProtOr",
      "parameters":{
        "algorithm":"Lee & Richards",
        "probe-radius":1.3999999999999999,
        "resolution":20
      },
      "structure":[
        {
          "chains":[
            {
              "label":"A",
              "n-residues":426,
              "area":{
                "total":18206.665237290104,
                "polar":8064.989085717255,
                "apolar":10141.676151572845,
                "main-chain":3893.3276324840244,
                "side-chain":14313.337604806076
              }
            }
          ],
          "model":1,
          "area":{
            "total":18206.665237290104,
            "polar":8064.989085717255,
            "apolar":10141.676151572845,
            "main-chain":3893.3276324840244,
            "side-chain":14313.337604806076
          }
        }
      ]
    }
  ]
}