{
  "source":"FreeSASA 2.1.2",
  "length-unit":"Ångström",
  "results":[
    {
      "input":"UP000000625_83333_ECOLI_v4\/AF-P76224-F1-model_v4.pdb",
      "classifier":"ProtOr",
      "parameters":{
        "algorithm":"Lee & Richards",
        "probe-radius":1.3999999999999999,
        "resolution":20
      },
      "structure":[
        {
          "chains":[
            {
              "label":"A",
              "n-residues":511,
              "area":{
                "total":26004.945866889713,
                "polar":7617.5298702152731,
                "apolar":18387.415996674463,
                "main-chain":3642.6023533221878,
                "side-chain":22362.34351356755
              }
            }
          ],
          "model":1,
          "area":{
            "total":26004.945866889713,
            "polar":7617.5298702152731,
            "apolar":18387.415996674463,
            "main-chain":3642.6023533221878,
            "side-chain":22362.34351356755
          }
        }
      ]
    }
  ]
}