{
  "source":"FreeSASA 2.1.2",
  "length-unit":"Ångström",
  "results":[
    {
      "input":"UP000000625_83333_ECOLI_v4\/AF-P37637-F1-model_v4.pdb",
      "classifier":"ProtOr",
      "parameters":{
        "algorithm":"Lee & Richards",
        "probe-radius":1.3999999999999999,
        "resolution":20
      },
      "structure":[
        {
          "chains":[
            {
              "label":"A",
              "n-residues":1037,
              "area":{
                "total":43985.573243912651,
                "polar":18249.531303259857,
                "apolar":25736.041940652864,
                "main-chain":8264.9014750064234,
                "side-chain":35720.671768906279
              }
            }
          ],
          "model":1,
          "area":{
            "total":43985.573243912651,
            "polar":18249.531303259857,
            "apolar":25736.041940652864,
            "main-chain":8264.9014750064234,
            "side-chain":35720.671768906279
          }
        }
      ]
    }
  ]
}