{
  "source":"FreeSASA 2.1.2",
  "length-unit":"Ångström",
  "results":[
    {
      "input":"UP000000625_83333_ECOLI_v4\/AF-P08660-F1-model_v4.pdb",
      "classifier":"ProtOr",
      "parameters":{
        "algorithm":"Lee & Richards",
        "probe-radius":1.3999999999999999,
        "resolution":20
      },
      "structure":[
        {
          "chains":[
            {
              "label":"A",
              "n-residues":449,
              "area":{
                "total":20585.794057769497,
                "polar":9613.8832255964571,
                "apolar":10971.910832173044,
                "main-chain":4322.0231019233624,
                "side-chain":16263.770955846127
              }
            }
          ],
          "model":1,
          "area":{
            "total":20585.794057769497,
            "polar":9613.8832255964571,
            "apolar":10971.910832173044,
            "main-chain":4322.0231019233624,
            "side-chain":16263.770955846127
          }
        }
      ]
    }
  ]
}