{
  "source":"FreeSASA 2.1.2",
  "length-unit":"Ångström",
  "results":[
    {
      "input":"UP000000625_83333_ECOLI_v4\/AF-P77181-F1-model_v4.pdb",
      "classifier":"ProtOr",
      "parameters":{
        "algorithm":"Lee & Richards",
        "probe-radius":1.3999999999999999,
        "resolution":20
      },
      "structure":[
        {
          "chains":[
            {
              "label":"A",
              "n-residues":196,
              "area":{
                "total":11187.80863827237,
                "polar":4968.2181750639029,
                "apolar":6219.5904632084612,
                "main-chain":1901.5270987260387,
                "side-chain":9286.2815395463294
              }
            }
          ],
          "model":1,
          "area":{
            "total":11187.80863827237,
            "polar":4968.2181750639029,
            "apolar":6219.5904632084612,
            "main-chain":1901.5270987260387,
            "side-chain":9286.2815395463294
          }
        }
      ]
    }
  ]
}