{
  "source":"FreeSASA 2.1.2",
  "length-unit":"Ångström",
  "results":[
    {
      "input":"UP000000625_83333_ECOLI_v4\/AF-P0A8G9-F1-model_v4.pdb",
      "classifier":"ProtOr",
      "parameters":{
        "algorithm":"Lee & Richards",
        "probe-radius":1.3999999999999999,
        "resolution":20
      },
      "structure":[
        {
          "chains":[
            {
              "label":"A",
              "n-residues":80,
              "area":{
                "total":7690.0182625709695,
                "polar":3304.5843546769756,
                "apolar":4385.4339078939911,
                "main-chain":1061.4336511347392,
                "side-chain":6628.5846114362284
              }
            }
          ],
          "model":1,
          "area":{
            "total":7690.0182625709695,
            "polar":3304.5843546769756,
            "apolar":4385.4339078939911,
            "main-chain":1061.4336511347392,
            "side-chain":6628.5846114362284
          }
        }
      ]
    }
  ]
}