{
  "source":"FreeSASA 2.1.2",
  "length-unit":"Ångström",
  "results":[
    {
      "input":"UP000000625_83333_ECOLI_v4\/AF-P77219-F1-model_v4.pdb",
      "classifier":"ProtOr",
      "parameters":{
        "algorithm":"Lee & Richards",
        "probe-radius":1.3999999999999999,
        "resolution":20
      },
      "structure":[
        {
          "chains":[
            {
              "label":"A",
              "n-residues":165,
              "area":{
                "total":9164.9395323804056,
                "polar":2356.9511176173787,
                "apolar":6807.9884147630255,
                "main-chain":1653.9736152408047,
                "side-chain":7510.9659171395997
              }
            }
          ],
          "model":1,
          "area":{
            "total":9164.9395323804056,
            "polar":2356.9511176173787,
            "apolar":6807.9884147630255,
            "main-chain":1653.9736152408047,
            "side-chain":7510.9659171395997
          }
        }
      ]
    }
  ]
}