{
  "source":"FreeSASA 2.1.2",
  "length-unit":"Ångström",
  "results":[
    {
      "input":"UP000000625_83333_ECOLI_v4\/AF-P69910-F1-model_v4.pdb",
      "classifier":"ProtOr",
      "parameters":{
        "algorithm":"Lee & Richards",
        "probe-radius":1.3999999999999999,
        "resolution":20
      },
      "structure":[
        {
          "chains":[
            {
              "label":"A",
              "n-residues":466,
              "area":{
                "total":23952.388319929458,
                "polar":10306.737051338738,
                "apolar":13645.651268590724,
                "main-chain":4636.1419449972209,
                "side-chain":19316.246374932234
              }
            }
          ],
          "model":1,
          "area":{
            "total":23952.388319929458,
            "polar":10306.737051338738,
            "apolar":13645.651268590724,
            "main-chain":4636.1419449972209,
            "side-chain":19316.246374932234
          }
        }
      ]
    }
  ]
}