{
  "source":"FreeSASA 2.1.2",
  "length-unit":"Ångström",
  "results":[
    {
      "input":"UP000000625_83333_ECOLI_v4\/AF-P06993-F1-model_v4.pdb",
      "classifier":"ProtOr",
      "parameters":{
        "algorithm":"Lee & Richards",
        "probe-radius":1.3999999999999999,
        "resolution":20
      },
      "structure":[
        {
          "chains":[
            {
              "label":"A",
              "n-residues":901,
              "area":{
                "total":42954.794360387088,
                "polar":20913.175719643717,
                "apolar":22041.618640743367,
                "main-chain":7173.2425131774826,
                "side-chain":35781.551847209652
              }
            }
          ],
          "model":1,
          "area":{
            "total":42954.794360387088,
            "polar":20913.175719643717,
            "apolar":22041.618640743367,
            "main-chain":7173.2425131774826,
            "side-chain":35781.551847209652
          }
        }
      ]
    }
  ]
}