{
  "source":"FreeSASA 2.1.2",
  "length-unit":"Ångström",
  "results":[
    {
      "input":"UP000000625_83333_ECOLI_v4\/AF-P37597-F1-model_v4.pdb",
      "classifier":"ProtOr",
      "parameters":{
        "algorithm":"Lee & Richards",
        "probe-radius":1.3999999999999999,
        "resolution":20
      },
      "structure":[
        {
          "chains":[
            {
              "label":"A",
              "n-residues":403,
              "area":{
                "total":19066.136925707306,
                "polar":5667.5684639723731,
                "apolar":13398.568461734938,
                "main-chain":2834.4017116024334,
                "side-chain":16231.735214104876
              }
            }
          ],
          "model":1,
          "area":{
            "total":19066.136925707306,
            "polar":5667.5684639723731,
            "apolar":13398.568461734938,
            "main-chain":2834.4017116024334,
            "side-chain":16231.735214104876
          }
        }
      ]
    }
  ]
}