{
  "source":"FreeSASA 2.1.2",
  "length-unit":"Ångström",
  "results":[
    {
      "input":"UP000000625_83333_ECOLI_v4\/AF-P0A8M3-F1-model_v4.pdb",
      "classifier":"ProtOr",
      "parameters":{
        "algorithm":"Lee & Richards",
        "probe-radius":1.3999999999999999,
        "resolution":20
      },
      "structure":[
        {
          "chains":[
            {
              "label":"A",
              "n-residues":642,
              "area":{
                "total":31047.689693287157,
                "polar":15468.280554280402,
                "apolar":15579.409139006784,
                "main-chain":5749.4104975364917,
                "side-chain":25298.279195750671
              }
            }
          ],
          "model":1,
          "area":{
            "total":31047.689693287157,
            "polar":15468.280554280402,
            "apolar":15579.409139006784,
            "main-chain":5749.4104975364917,
            "side-chain":25298.279195750671
          }
        }
      ]
    }
  ]
}