{
  "source":"FreeSASA 2.1.2",
  "length-unit":"Ångström",
  "results":[
    {
      "input":"UP000000625_83333_ECOLI_v4\/AF-P27240-F1-model_v4.pdb",
      "classifier":"ProtOr",
      "parameters":{
        "algorithm":"Lee & Richards",
        "probe-radius":1.3999999999999999,
        "resolution":20
      },
      "structure":[
        {
          "chains":[
            {
              "label":"A",
              "n-residues":232,
              "area":{
                "total":14146.596723896433,
                "polar":6809.5645901387588,
                "apolar":7337.0321337576761,
                "main-chain":2249.4365175923158,
                "side-chain":11897.160206304119
              }
            }
          ],
          "model":1,
          "area":{
            "total":14146.596723896433,
            "polar":6809.5645901387588,
            "apolar":7337.0321337576761,
            "main-chain":2249.4365175923158,
            "side-chain":11897.160206304119
          }
        }
      ]
    }
  ]
}