{
  "source":"FreeSASA 2.1.2",
  "length-unit":"Ångström",
  "results":[
    {
      "input":"UP000000625_83333_ECOLI_v4\/AF-P0AFP9-F1-model_v4.pdb",
      "classifier":"ProtOr",
      "parameters":{
        "algorithm":"Lee & Richards",
        "probe-radius":1.3999999999999999,
        "resolution":20
      },
      "structure":[
        {
          "chains":[
            {
              "label":"A",
              "n-residues":368,
              "area":{
                "total":20281.893022256019,
                "polar":7444.9648115778409,
                "apolar":12836.928210678168,
                "main-chain":2855.8426904831108,
                "side-chain":17426.050331772898
              }
            }
          ],
          "model":1,
          "area":{
            "total":20281.893022256019,
            "polar":7444.9648115778409,
            "apolar":12836.928210678168,
            "main-chain":2855.8426904831108,
            "side-chain":17426.050331772898
          }
        }
      ]
    }
  ]
}