{
  "source":"FreeSASA 2.1.2",
  "length-unit":"Ångström",
  "results":[
    {
      "input":"UP000000625_83333_ECOLI_v4\/AF-P28369-F1-model_v4.pdb",
      "classifier":"ProtOr",
      "parameters":{
        "algorithm":"Lee & Richards",
        "probe-radius":1.3999999999999999,
        "resolution":20
      },
      "structure":[
        {
          "chains":[
            {
              "label":"A",
              "n-residues":166,
              "area":{
                "total":12733.687880811187,
                "polar":6096.8997918335981,
                "apolar":6636.7880889775952,
                "main-chain":2570.0839035147219,
                "side-chain":10163.603977296463
              }
            }
          ],
          "model":1,
          "area":{
            "total":12733.687880811187,
            "polar":6096.8997918335981,
            "apolar":6636.7880889775952,
            "main-chain":2570.0839035147219,
            "side-chain":10163.603977296463
          }
        }
      ]
    }
  ]
}