{
  "source":"FreeSASA 2.1.2",
  "length-unit":"Ångström",
  "results":[
    {
      "input":"UP000000625_83333_ECOLI_v4\/AF-P64490-F1-model_v4.pdb",
      "classifier":"ProtOr",
      "parameters":{
        "algorithm":"Lee & Richards",
        "probe-radius":1.3999999999999999,
        "resolution":20
      },
      "structure":[
        {
          "chains":[
            {
              "label":"A",
              "n-residues":99,
              "area":{
                "total":5393.4854885396626,
                "polar":2417.5141403485754,
                "apolar":2975.9713481910903,
                "main-chain":1176.6139702131959,
                "side-chain":4216.8715183264676
              }
            }
          ],
          "model":1,
          "area":{
            "total":5393.4854885396626,
            "polar":2417.5141403485754,
            "apolar":2975.9713481910903,
            "main-chain":1176.6139702131959,
            "side-chain":4216.8715183264676
          }
        }
      ]
    }
  ]
}