{
  "source":"FreeSASA 2.1.2",
  "length-unit":"Ångström",
  "results":[
    {
      "input":"UP000000625_83333_ECOLI_v4\/AF-P69506-F1-model_v4.pdb",
      "classifier":"ProtOr",
      "parameters":{
        "algorithm":"Lee & Richards",
        "probe-radius":1.3999999999999999,
        "resolution":20
      },
      "structure":[
        {
          "chains":[
            {
              "label":"A",
              "n-residues":220,
              "area":{
                "total":11250.101194412933,
                "polar":4939.8889370671341,
                "apolar":6310.2122573457991,
                "main-chain":1887.499028879188,
                "side-chain":9362.6021655337427
              }
            }
          ],
          "model":1,
          "area":{
            "total":11250.101194412933,
            "polar":4939.8889370671341,
            "apolar":6310.2122573457991,
            "main-chain":1887.499028879188,
            "side-chain":9362.6021655337427
          }
        }
      ]
    }
  ]
}