{
  "source":"FreeSASA 2.1.2",
  "length-unit":"Ångström",
  "results":[
    {
      "input":"UP000000625_83333_ECOLI_v4\/AF-P0AAN1-F1-model_v4.pdb",
      "classifier":"ProtOr",
      "parameters":{
        "algorithm":"Lee & Richards",
        "probe-radius":1.3999999999999999,
        "resolution":20
      },
      "structure":[
        {
          "chains":[
            {
              "label":"A",
              "n-residues":162,
              "area":{
                "total":11482.536475267534,
                "polar":5428.3736570124047,
                "apolar":6054.1628182551285,
                "main-chain":2518.2983029040802,
                "side-chain":8964.2381723634535
              }
            }
          ],
          "model":1,
          "area":{
            "total":11482.536475267534,
            "polar":5428.3736570124047,
            "apolar":6054.1628182551285,
            "main-chain":2518.2983029040802,
            "side-chain":8964.2381723634535
          }
        }
      ]
    }
  ]
}