{
  "source":"FreeSASA 2.1.2",
  "length-unit":"Ångström",
  "results":[
    {
      "input":"UP000000625_83333_ECOLI_v4\/AF-P0ADS6-F1-model_v4.pdb",
      "classifier":"ProtOr",
      "parameters":{
        "algorithm":"Lee & Richards",
        "probe-radius":1.3999999999999999,
        "resolution":20
      },
      "structure":[
        {
          "chains":[
            {
              "label":"A",
              "n-residues":246,
              "area":{
                "total":18179.400907698768,
                "polar":7765.3454905618728,
                "apolar":10414.055417136899,
                "main-chain":3576.4377656717088,
                "side-chain":14602.963142027065
              }
            }
          ],
          "model":1,
          "area":{
            "total":18179.400907698768,
            "polar":7765.3454905618728,
            "apolar":10414.055417136899,
            "main-chain":3576.4377656717088,
            "side-chain":14602.963142027065
          }
        }
      ]
    }
  ]
}