{
  "source":"FreeSASA 2.1.2",
  "length-unit":"Ångström",
  "results":[
    {
      "input":"UP000000625_83333_ECOLI_v4\/AF-P0A729-F1-model_v4.pdb",
      "classifier":"ProtOr",
      "parameters":{
        "algorithm":"Lee & Richards",
        "probe-radius":1.3999999999999999,
        "resolution":20
      },
      "structure":[
        {
          "chains":[
            {
              "label":"A",
              "n-residues":194,
              "area":{
                "total":10022.894104854766,
                "polar":4807.2376094276487,
                "apolar":5215.6564954271198,
                "main-chain":2147.9520565821649,
                "side-chain":7874.9420482726082
              }
            }
          ],
          "model":1,
          "area":{
            "total":10022.894104854766,
            "polar":4807.2376094276487,
            "apolar":5215.6564954271198,
            "main-chain":2147.9520565821649,
            "side-chain":7874.9420482726082
          }
        }
      ]
    }
  ]
}