{
  "source":"FreeSASA 2.1.2",
  "length-unit":"Ångström",
  "results":[
    {
      "input":"UP000000625_83333_ECOLI_v4\/AF-P16701-F1-model_v4.pdb",
      "classifier":"ProtOr",
      "parameters":{
        "algorithm":"Lee & Richards",
        "probe-radius":1.3999999999999999,
        "resolution":20
      },
      "structure":[
        {
          "chains":[
            {
              "label":"A",
              "n-residues":277,
              "area":{
                "total":17689.985186429247,
                "polar":4989.2427349796071,
                "apolar":12700.74245144964,
                "main-chain":2352.3514395502616,
                "side-chain":15337.633746878992
              }
            }
          ],
          "model":1,
          "area":{
            "total":17689.985186429247,
            "polar":4989.2427349796071,
            "apolar":12700.74245144964,
            "main-chain":2352.3514395502616,
            "side-chain":15337.633746878992
          }
        }
      ]
    }
  ]
}