{
  "source":"FreeSASA 2.1.2",
  "length-unit":"Ångström",
  "results":[
    {
      "input":"UP000000625_83333_ECOLI_v4\/AF-P0ADX9-F1-model_v4.pdb",
      "classifier":"ProtOr",
      "parameters":{
        "algorithm":"Lee & Richards",
        "probe-radius":1.3999999999999999,
        "resolution":20
      },
      "structure":[
        {
          "chains":[
            {
              "label":"A",
              "n-residues":198,
              "area":{
                "total":10984.30267031664,
                "polar":5493.1206395929012,
                "apolar":5491.1820307237449,
                "main-chain":2597.5652859362904,
                "side-chain":8386.7373843803489
              }
            }
          ],
          "model":1,
          "area":{
            "total":10984.30267031664,
            "polar":5493.1206395929012,
            "apolar":5491.1820307237449,
            "main-chain":2597.5652859362904,
            "side-chain":8386.7373843803489
          }
        }
      ]
    }
  ]
}