{
  "source":"FreeSASA 2.1.2",
  "length-unit":"Ångström",
  "results":[
    {
      "input":"UP000000625_83333_ECOLI_v4\/AF-P0AB31-F1-model_v4.pdb",
      "classifier":"ProtOr",
      "parameters":{
        "algorithm":"Lee & Richards",
        "probe-radius":1.3999999999999999,
        "resolution":20
      },
      "structure":[
        {
          "chains":[
            {
              "label":"A",
              "n-residues":75,
              "area":{
                "total":5805.6558056046588,
                "polar":1528.3801056947157,
                "apolar":4277.275699909942,
                "main-chain":827.51169664773863,
                "side-chain":4978.1441089569198
              }
            }
          ],
          "model":1,
          "area":{
            "total":5805.6558056046588,
            "polar":1528.3801056947157,
            "apolar":4277.275699909942,
            "main-chain":827.51169664773863,
            "side-chain":4978.1441089569198
          }
        }
      ]
    }
  ]
}