{
  "source":"FreeSASA 2.1.2",
  "length-unit":"Ångström",
  "results":[
    {
      "input":"UP000000625_83333_ECOLI_v4\/AF-P0ADK8-F1-model_v4.pdb",
      "classifier":"ProtOr",
      "parameters":{
        "algorithm":"Lee & Richards",
        "probe-radius":1.3999999999999999,
        "resolution":20
      },
      "structure":[
        {
          "chains":[
            {
              "label":"A",
              "n-residues":120,
              "area":{
                "total":9211.3283534474031,
                "polar":4168.5277883654899,
                "apolar":5042.8005650819186,
                "main-chain":1318.9285763903358,
                "side-chain":7892.3997770570695
              }
            }
          ],
          "model":1,
          "area":{
            "total":9211.3283534474031,
            "polar":4168.5277883654899,
            "apolar":5042.8005650819186,
            "main-chain":1318.9285763903358,
            "side-chain":7892.3997770570695
          }
        }
      ]
    }
  ]
}