{
  "source":"FreeSASA 2.1.2",
  "length-unit":"Ångström",
  "results":[
    {
      "input":"UP000000625_83333_ECOLI_v4\/AF-P0AEY3-F1-model_v4.pdb",
      "classifier":"ProtOr",
      "parameters":{
        "algorithm":"Lee & Richards",
        "probe-radius":1.3999999999999999,
        "resolution":20
      },
      "structure":[
        {
          "chains":[
            {
              "label":"A",
              "n-residues":263,
              "area":{
                "total":18661.859679379028,
                "polar":7831.776813372484,
                "apolar":10830.082866006538,
                "main-chain":2909.9928935997268,
                "side-chain":15751.866785779308
              }
            }
          ],
          "model":1,
          "area":{
            "total":18661.859679379028,
            "polar":7831.776813372484,
            "apolar":10830.082866006538,
            "main-chain":2909.9928935997268,
            "side-chain":15751.866785779308
          }
        }
      ]
    }
  ]
}