{
  "source":"FreeSASA 2.1.2",
  "length-unit":"Ångström",
  "results":[
    {
      "input":"UP000000625_83333_ECOLI_v4\/AF-P68646-F1-model_v4.pdb",
      "classifier":"ProtOr",
      "parameters":{
        "algorithm":"Lee & Richards",
        "probe-radius":1.3999999999999999,
        "resolution":20
      },
      "structure":[
        {
          "chains":[
            {
              "label":"A",
              "n-residues":95,
              "area":{
                "total":6748.3696935228381,
                "polar":3042.0694910205561,
                "apolar":3706.3002025022802,
                "main-chain":1674.4700369890593,
                "side-chain":5073.8996565337784
              }
            }
          ],
          "model":1,
          "area":{
            "total":6748.3696935228381,
            "polar":3042.0694910205561,
            "apolar":3706.3002025022802,
            "main-chain":1674.4700369890593,
            "side-chain":5073.8996565337784
          }
        }
      ]
    }
  ]
}