{
  "source":"FreeSASA 2.1.2",
  "length-unit":"Ångström",
  "results":[
    {
      "input":"UP000000625_83333_ECOLI_v4\/AF-P0AD96-F1-model_v4.pdb",
      "classifier":"ProtOr",
      "parameters":{
        "algorithm":"Lee & Richards",
        "probe-radius":1.3999999999999999,
        "resolution":20
      },
      "structure":[
        {
          "chains":[
            {
              "label":"A",
              "n-residues":367,
              "area":{
                "total":16859.876885568639,
                "polar":7442.9668877453041,
                "apolar":9416.909997823348,
                "main-chain":3860.4893943165252,
                "side-chain":12999.387491252128
              }
            }
          ],
          "model":1,
          "area":{
            "total":16859.876885568639,
            "polar":7442.9668877453041,
            "apolar":9416.909997823348,
            "main-chain":3860.4893943165252,
            "side-chain":12999.387491252128
          }
        }
      ]
    }
  ]
}