{
  "source":"FreeSASA 2.1.2",
  "length-unit":"Ångström",
  "results":[
    {
      "input":"UP000000625_83333_ECOLI_v4\/AF-P0A9G4-F1-model_v4.pdb",
      "classifier":"ProtOr",
      "parameters":{
        "algorithm":"Lee & Richards",
        "probe-radius":1.3999999999999999,
        "resolution":20
      },
      "structure":[
        {
          "chains":[
            {
              "label":"A",
              "n-residues":135,
              "area":{
                "total":10027.811529980783,
                "polar":4473.7142261206818,
                "apolar":5554.0973038600951,
                "main-chain":1766.2568209684396,
                "side-chain":8261.5547090123382
              }
            }
          ],
          "model":1,
          "area":{
            "total":10027.811529980783,
            "polar":4473.7142261206818,
            "apolar":5554.0973038600951,
            "main-chain":1766.2568209684396,
            "side-chain":8261.5547090123382
          }
        }
      ]
    }
  ]
}