{
  "source":"FreeSASA 2.1.2",
  "length-unit":"Ångström",
  "results":[
    {
      "input":"UP000000625_83333_ECOLI_v4\/AF-P06987-F1-model_v4.pdb",
      "classifier":"ProtOr",
      "parameters":{
        "algorithm":"Lee & Richards",
        "probe-radius":1.3999999999999999,
        "resolution":20
      },
      "structure":[
        {
          "chains":[
            {
              "label":"A",
              "n-residues":355,
              "area":{
                "total":17421.657132098087,
                "polar":8367.5867501037701,
                "apolar":9054.0703819943119,
                "main-chain":3525.704587664628,
                "side-chain":13895.952544433454
              }
            }
          ],
          "model":1,
          "area":{
            "total":17421.657132098087,
            "polar":8367.5867501037701,
            "apolar":9054.0703819943119,
            "main-chain":3525.704587664628,
            "side-chain":13895.952544433454
          }
        }
      ]
    }
  ]
}