{
  "source":"FreeSASA 2.1.2",
  "length-unit":"Ångström",
  "results":[
    {
      "input":"UP000000625_83333_ECOLI_v4\/AF-P33341-F1-model_v4.pdb",
      "classifier":"ProtOr",
      "parameters":{
        "algorithm":"Lee & Richards",
        "probe-radius":1.3999999999999999,
        "resolution":20
      },
      "structure":[
        {
          "chains":[
            {
              "label":"A",
              "n-residues":826,
              "area":{
                "total":46669.476355615792,
                "polar":20684.102572531476,
                "apolar":25985.373783084266,
                "main-chain":8342.9263275829871,
                "side-chain":38326.550028032718
              }
            }
          ],
          "model":1,
          "area":{
            "total":46669.476355615792,
            "polar":20684.102572531476,
            "apolar":25985.373783084266,
            "main-chain":8342.9263275829871,
            "side-chain":38326.550028032718
          }
        }
      ]
    }
  ]
}