{
  "source":"FreeSASA 2.1.2",
  "length-unit":"Ångström",
  "results":[
    {
      "input":"UP000000625_83333_ECOLI_v4\/AF-P0CF55-F1-model_v4.pdb",
      "classifier":"ProtOr",
      "parameters":{
        "algorithm":"Lee & Richards",
        "probe-radius":1.3999999999999999,
        "resolution":20
      },
      "structure":[
        {
          "chains":[
            {
              "label":"A",
              "n-residues":301,
              "area":{
                "total":19233.80822478441,
                "polar":8854.5188413966771,
                "apolar":10379.289383387735,
                "main-chain":3554.910406104801,
                "side-chain":15678.897818679614
              }
            }
          ],
          "model":1,
          "area":{
            "total":19233.80822478441,
            "polar":8854.5188413966771,
            "apolar":10379.289383387735,
            "main-chain":3554.910406104801,
            "side-chain":15678.897818679614
          }
        }
      ]
    }
  ]
}