{
  "source":"FreeSASA 2.1.2",
  "length-unit":"Ångström",
  "results":[
    {
      "input":"UP000000625_83333_ECOLI_v4\/AF-P77554-F1-model_v4.pdb",
      "classifier":"ProtOr",
      "parameters":{
        "algorithm":"Lee & Richards",
        "probe-radius":1.3999999999999999,
        "resolution":20
      },
      "structure":[
        {
          "chains":[
            {
              "label":"A",
              "n-residues":460,
              "area":{
                "total":22582.068525586081,
                "polar":10090.90973066783,
                "apolar":12491.15879491825,
                "main-chain":4748.4730382018251,
                "side-chain":17833.595487384264
              }
            }
          ],
          "model":1,
          "area":{
            "total":22582.068525586081,
            "polar":10090.90973066783,
            "apolar":12491.15879491825,
            "main-chain":4748.4730382018251,
            "side-chain":17833.595487384264
          }
        }
      ]
    }
  ]
}