{
  "source":"FreeSASA 2.1.2",
  "length-unit":"Ångström",
  "results":[
    {
      "input":"UP000000625_83333_ECOLI_v4\/AF-P0A717-F1-model_v4.pdb",
      "classifier":"ProtOr",
      "parameters":{
        "algorithm":"Lee & Richards",
        "probe-radius":1.3999999999999999,
        "resolution":20
      },
      "structure":[
        {
          "chains":[
            {
              "label":"A",
              "n-residues":315,
              "area":{
                "total":15225.745340457892,
                "polar":7582.1438183767832,
                "apolar":7643.6015220810896,
                "main-chain":3428.5823429201801,
                "side-chain":11797.1629975377
              }
            }
          ],
          "model":1,
          "area":{
            "total":15225.745340457892,
            "polar":7582.1438183767832,
            "apolar":7643.6015220810896,
            "main-chain":3428.5823429201801,
            "side-chain":11797.1629975377
          }
        }
      ]
    }
  ]
}