{
  "source":"FreeSASA 2.1.2",
  "length-unit":"Ångström",
  "results":[
    {
      "input":"UP000000625_83333_ECOLI_v4\/AF-P27829-F1-model_v4.pdb",
      "classifier":"ProtOr",
      "parameters":{
        "algorithm":"Lee & Richards",
        "probe-radius":1.3999999999999999,
        "resolution":20
      },
      "structure":[
        {
          "chains":[
            {
              "label":"A",
              "n-residues":420,
              "area":{
                "total":19042.139793780163,
                "polar":8683.4202123970099,
                "apolar":10358.719581383173,
                "main-chain":3983.5499889351026,
                "side-chain":15058.58980484506
              }
            }
          ],
          "model":1,
          "area":{
            "total":19042.139793780163,
            "polar":8683.4202123970099,
            "apolar":10358.719581383173,
            "main-chain":3983.5499889351026,
            "side-chain":15058.58980484506
          }
        }
      ]
    }
  ]
}