{
  "source":"FreeSASA 2.1.2",
  "length-unit":"Ångström",
  "results":[
    {
      "input":"UP000000625_83333_ECOLI_v4\/AF-P0C0T5-F1-model_v4.pdb",
      "classifier":"ProtOr",
      "parameters":{
        "algorithm":"Lee & Richards",
        "probe-radius":1.3999999999999999,
        "resolution":20
      },
      "structure":[
        {
          "chains":[
            {
              "label":"A",
              "n-residues":274,
              "area":{
                "total":15330.178991015599,
                "polar":5981.2796890251584,
                "apolar":9348.8993019904483,
                "main-chain":3137.7264031672962,
                "side-chain":12192.452587848315
              }
            }
          ],
          "model":1,
          "area":{
            "total":15330.178991015599,
            "polar":5981.2796890251584,
            "apolar":9348.8993019904483,
            "main-chain":3137.7264031672962,
            "side-chain":12192.452587848315
          }
        }
      ]
    }
  ]
}