{
  "source":"FreeSASA 2.1.2",
  "length-unit":"Ångström",
  "results":[
    {
      "input":"UP000000625_83333_ECOLI_v4\/AF-P76481-F1-model_v4.pdb",
      "classifier":"ProtOr",
      "parameters":{
        "algorithm":"Lee & Richards",
        "probe-radius":1.3999999999999999,
        "resolution":20
      },
      "structure":[
        {
          "chains":[
            {
              "label":"A",
              "n-residues":575,
              "area":{
                "total":32150.784893018757,
                "polar":14906.093363796273,
                "apolar":17244.691529222517,
                "main-chain":6300.3602210578001,
                "side-chain":25850.424671960951
              }
            }
          ],
          "model":1,
          "area":{
            "total":32150.784893018757,
            "polar":14906.093363796273,
            "apolar":17244.691529222517,
            "main-chain":6300.3602210578001,
            "side-chain":25850.424671960951
          }
        }
      ]
    }
  ]
}