{
  "source":"FreeSASA 2.1.2",
  "length-unit":"Ångström",
  "results":[
    {
      "input":"UP000000625_83333_ECOLI_v4\/AF-P26218-F1-model_v4.pdb",
      "classifier":"ProtOr",
      "parameters":{
        "algorithm":"Lee & Richards",
        "probe-radius":1.3999999999999999,
        "resolution":20
      },
      "structure":[
        {
          "chains":[
            {
              "label":"A",
              "n-residues":538,
              "area":{
                "total":33758.513690337692,
                "polar":13507.673892415671,
                "apolar":20250.839797921984,
                "main-chain":5953.1954669690786,
                "side-chain":27805.318223368577
              }
            }
          ],
          "model":1,
          "area":{
            "total":33758.513690337692,
            "polar":13507.673892415671,
            "apolar":20250.839797921984,
            "main-chain":5953.1954669690786,
            "side-chain":27805.318223368577
          }
        }
      ]
    }
  ]
}