{
  "source":"FreeSASA 2.1.2",
  "length-unit":"Ångström",
  "results":[
    {
      "input":"UP000000625_83333_ECOLI_v4\/AF-P0A9V1-F1-model_v4.pdb",
      "classifier":"ProtOr",
      "parameters":{
        "algorithm":"Lee & Richards",
        "probe-radius":1.3999999999999999,
        "resolution":20
      },
      "structure":[
        {
          "chains":[
            {
              "label":"A",
              "n-residues":241,
              "area":{
                "total":11790.712827720692,
                "polar":5910.8711768686981,
                "apolar":5879.8416508519904,
                "main-chain":2177.1119607945975,
                "side-chain":9613.60086692609
              }
            }
          ],
          "model":1,
          "area":{
            "total":11790.712827720692,
            "polar":5910.8711768686981,
            "apolar":5879.8416508519904,
            "main-chain":2177.1119607945975,
            "side-chain":9613.60086692609
          }
        }
      ]
    }
  ]
}