{
  "source":"FreeSASA 2.1.2",
  "length-unit":"Ångström",
  "results":[
    {
      "input":"UP000000625_83333_ECOLI_v4\/AF-P0ADI9-F1-model_v4.pdb",
      "classifier":"ProtOr",
      "parameters":{
        "algorithm":"Lee & Richards",
        "probe-radius":1.3999999999999999,
        "resolution":20
      },
      "structure":[
        {
          "chains":[
            {
              "label":"A",
              "n-residues":208,
              "area":{
                "total":11366.954678063035,
                "polar":3415.1583480454142,
                "apolar":7951.7963300176261,
                "main-chain":1299.8965343417569,
                "side-chain":10067.058143721284
              }
            }
          ],
          "model":1,
          "area":{
            "total":11366.954678063035,
            "polar":3415.1583480454142,
            "apolar":7951.7963300176261,
            "main-chain":1299.8965343417569,
            "side-chain":10067.058143721284
          }
        }
      ]
    }
  ]
}