{
  "source":"FreeSASA 2.1.2",
  "length-unit":"Ångström",
  "results":[
    {
      "input":"UP000000625_83333_ECOLI_v4\/AF-P0A814-F1-model_v4.pdb",
      "classifier":"ProtOr",
      "parameters":{
        "algorithm":"Lee & Richards",
        "probe-radius":1.3999999999999999,
        "resolution":20
      },
      "structure":[
        {
          "chains":[
            {
              "label":"A",
              "n-residues":173,
              "area":{
                "total":10532.480232678759,
                "polar":4826.5023870578325,
                "apolar":5705.9778456209306,
                "main-chain":1745.6314468720113,
                "side-chain":8786.8487858067456
              }
            }
          ],
          "model":1,
          "area":{
            "total":10532.480232678759,
            "polar":4826.5023870578325,
            "apolar":5705.9778456209306,
            "main-chain":1745.6314468720113,
            "side-chain":8786.8487858067456
          }
        }
      ]
    }
  ]
}