{
  "source":"FreeSASA 2.1.2",
  "length-unit":"Ångström",
  "results":[
    {
      "input":"UP000000625_83333_ECOLI_v4\/AF-P75915-F1-model_v4.pdb",
      "classifier":"ProtOr",
      "parameters":{
        "algorithm":"Lee & Richards",
        "probe-radius":1.3999999999999999,
        "resolution":20
      },
      "structure":[
        {
          "chains":[
            {
              "label":"A",
              "n-residues":184,
              "area":{
                "total":9166.407092493384,
                "polar":4410.1067845161169,
                "apolar":4756.3003079772698,
                "main-chain":1973.0020202277694,
                "side-chain":7193.4050722656211
              }
            }
          ],
          "model":1,
          "area":{
            "total":9166.407092493384,
            "polar":4410.1067845161169,
            "apolar":4756.3003079772698,
            "main-chain":1973.0020202277694,
            "side-chain":7193.4050722656211
          }
        }
      ]
    }
  ]
}