{
  "source":"FreeSASA 2.1.2",
  "length-unit":"Ångström",
  "results":[
    {
      "input":"UP000000625_83333_ECOLI_v4\/AF-P77579-F1-model_v4.pdb",
      "classifier":"ProtOr",
      "parameters":{
        "algorithm":"Lee & Richards",
        "probe-radius":1.3999999999999999,
        "resolution":20
      },
      "structure":[
        {
          "chains":[
            {
              "label":"A",
              "n-residues":415,
              "area":{
                "total":22899.267863699606,
                "polar":6809.5424550248617,
                "apolar":16089.725408674738,
                "main-chain":3937.8855301072304,
                "side-chain":18961.382333592381
              }
            }
          ],
          "model":1,
          "area":{
            "total":22899.267863699606,
            "polar":6809.5424550248617,
            "apolar":16089.725408674738,
            "main-chain":3937.8855301072304,
            "side-chain":18961.382333592381
          }
        }
      ]
    }
  ]
}