{
  "source":"FreeSASA 2.1.2",
  "length-unit":"Ångström",
  "results":[
    {
      "input":"UP000000625_83333_ECOLI_v4\/AF-P37056-F1-model_v4.pdb",
      "classifier":"ProtOr",
      "parameters":{
        "algorithm":"Lee & Richards",
        "probe-radius":1.3999999999999999,
        "resolution":20
      },
      "structure":[
        {
          "chains":[
            {
              "label":"A",
              "n-residues":274,
              "area":{
                "total":15680.829211188058,
                "polar":6143.6332525583557,
                "apolar":9537.1959586296962,
                "main-chain":3042.6349060585076,
                "side-chain":12638.194305129551
              }
            }
          ],
          "model":1,
          "area":{
            "total":15680.829211188058,
            "polar":6143.6332525583557,
            "apolar":9537.1959586296962,
            "main-chain":3042.6349060585076,
            "side-chain":12638.194305129551
          }
        }
      ]
    }
  ]
}