{
  "source":"FreeSASA 2.1.2",
  "length-unit":"Ångström",
  "results":[
    {
      "input":"UP000000625_83333_ECOLI_v4\/AF-P12281-F1-model_v4.pdb",
      "classifier":"ProtOr",
      "parameters":{
        "algorithm":"Lee & Richards",
        "probe-radius":1.3999999999999999,
        "resolution":20
      },
      "structure":[
        {
          "chains":[
            {
              "label":"A",
              "n-residues":411,
              "area":{
                "total":20718.134025881631,
                "polar":9315.6849588962214,
                "apolar":11402.449066985428,
                "main-chain":4956.1545160367696,
                "side-chain":15761.979509844878
              }
            }
          ],
          "model":1,
          "area":{
            "total":20718.134025881631,
            "polar":9315.6849588962214,
            "apolar":11402.449066985428,
            "main-chain":4956.1545160367696,
            "side-chain":15761.979509844878
          }
        }
      ]
    }
  ]
}