{
  "source":"FreeSASA 2.1.2",
  "length-unit":"Ångström",
  "results":[
    {
      "input":"UP000000625_83333_ECOLI_v4\/AF-P77789-F1-model_v4.pdb",
      "classifier":"ProtOr",
      "parameters":{
        "algorithm":"Lee & Richards",
        "probe-radius":1.3999999999999999,
        "resolution":20
      },
      "structure":[
        {
          "chains":[
            {
              "label":"A",
              "n-residues":176,
              "area":{
                "total":13258.293154854191,
                "polar":5825.1857126804543,
                "apolar":7433.1074421737339,
                "main-chain":3131.7692465706637,
                "side-chain":10126.523908283525
              }
            }
          ],
          "model":1,
          "area":{
            "total":13258.293154854191,
            "polar":5825.1857126804543,
            "apolar":7433.1074421737339,
            "main-chain":3131.7692465706637,
            "side-chain":10126.523908283525
          }
        }
      ]
    }
  ]
}