{
  "source":"FreeSASA 2.1.2",
  "length-unit":"Ångström",
  "results":[
    {
      "input":"UP000000625_83333_ECOLI_v4\/AF-P0ADT8-F1-model_v4.pdb",
      "classifier":"ProtOr",
      "parameters":{
        "algorithm":"Lee & Richards",
        "probe-radius":1.3999999999999999,
        "resolution":20
      },
      "structure":[
        {
          "chains":[
            {
              "label":"A",
              "n-residues":206,
              "area":{
                "total":19233.000718549123,
                "polar":7400.2417211126203,
                "apolar":11832.758997436495,
                "main-chain":2475.8412275015608,
                "side-chain":16757.159491047569
              }
            }
          ],
          "model":1,
          "area":{
            "total":19233.000718549123,
            "polar":7400.2417211126203,
            "apolar":11832.758997436495,
            "main-chain":2475.8412275015608,
            "side-chain":16757.159491047569
          }
        }
      ]
    }
  ]
}