{
  "source":"FreeSASA 2.1.2",
  "length-unit":"Ångström",
  "results":[
    {
      "input":"UP000000625_83333_ECOLI_v4\/AF-P77504-F1-model_v4.pdb",
      "classifier":"ProtOr",
      "parameters":{
        "algorithm":"Lee & Richards",
        "probe-radius":1.3999999999999999,
        "resolution":20
      },
      "structure":[
        {
          "chains":[
            {
              "label":"A",
              "n-residues":804,
              "area":{
                "total":41369.539959280504,
                "polar":16162.728465211771,
                "apolar":25206.811494068705,
                "main-chain":6952.2744027486124,
                "side-chain":34417.265556531893
              }
            }
          ],
          "model":1,
          "area":{
            "total":41369.539959280504,
            "polar":16162.728465211771,
            "apolar":25206.811494068705,
            "main-chain":6952.2744027486124,
            "side-chain":34417.265556531893
          }
        }
      ]
    }
  ]
}