{
  "source":"FreeSASA 2.1.2",
  "length-unit":"Ångström",
  "results":[
    {
      "input":"UP000000625_83333_ECOLI_v4\/AF-P0AG27-F1-model_v4.pdb",
      "classifier":"ProtOr",
      "parameters":{
        "algorithm":"Lee & Richards",
        "probe-radius":1.3999999999999999,
        "resolution":20
      },
      "structure":[
        {
          "chains":[
            {
              "label":"A",
              "n-residues":143,
              "area":{
                "total":9646.6738099116228,
                "polar":3790.2532108762211,
                "apolar":5856.4205990354021,
                "main-chain":1609.2437652714559,
                "side-chain":8037.4300446401676
              }
            }
          ],
          "model":1,
          "area":{
            "total":9646.6738099116228,
            "polar":3790.2532108762211,
            "apolar":5856.4205990354021,
            "main-chain":1609.2437652714559,
            "side-chain":8037.4300446401676
          }
        }
      ]
    }
  ]
}