{
  "source":"FreeSASA 2.1.2",
  "length-unit":"Ångström",
  "results":[
    {
      "input":"UP000000625_83333_ECOLI_v4\/AF-P28632-F1-model_v4.pdb",
      "classifier":"ProtOr",
      "parameters":{
        "algorithm":"Lee & Richards",
        "probe-radius":1.3999999999999999,
        "resolution":20
      },
      "structure":[
        {
          "chains":[
            {
              "label":"A",
              "n-residues":137,
              "area":{
                "total":9815.7256856300974,
                "polar":4462.176505616726,
                "apolar":5353.5491800133723,
                "main-chain":1930.0221053960133,
                "side-chain":7885.7035802340833
              }
            }
          ],
          "model":1,
          "area":{
            "total":9815.7256856300974,
            "polar":4462.176505616726,
            "apolar":5353.5491800133723,
            "main-chain":1930.0221053960133,
            "side-chain":7885.7035802340833
          }
        }
      ]
    }
  ]
}