{
  "source":"FreeSASA 2.1.2",
  "length-unit":"Ångström",
  "results":[
    {
      "input":"UP000000625_83333_ECOLI_v4\/AF-P77791-F1-model_v4.pdb",
      "classifier":"ProtOr",
      "parameters":{
        "algorithm":"Lee & Richards",
        "probe-radius":1.3999999999999999,
        "resolution":20
      },
      "structure":[
        {
          "chains":[
            {
              "label":"A",
              "n-residues":183,
              "area":{
                "total":9128.3723419848066,
                "polar":4109.2167175353388,
                "apolar":5019.1556244494632,
                "main-chain":1419.182513625829,
                "side-chain":7709.1898283589735
              }
            }
          ],
          "model":1,
          "area":{
            "total":9128.3723419848066,
            "polar":4109.2167175353388,
            "apolar":5019.1556244494632,
            "main-chain":1419.182513625829,
            "side-chain":7709.1898283589735
          }
        }
      ]
    }
  ]
}