{
  "source":"FreeSASA 2.1.2",
  "length-unit":"Ångström",
  "results":[
    {
      "input":"UP000000625_83333_ECOLI_v4\/AF-P46133-F1-model_v4.pdb",
      "classifier":"ProtOr",
      "parameters":{
        "algorithm":"Lee & Richards",
        "probe-radius":1.3999999999999999,
        "resolution":20
      },
      "structure":[
        {
          "chains":[
            {
              "label":"A",
              "n-residues":508,
              "area":{
                "total":23704.948402507795,
                "polar":7519.7333936358673,
                "apolar":16185.215008871934,
                "main-chain":4085.1639951635457,
                "side-chain":19619.784407344243
              }
            }
          ],
          "model":1,
          "area":{
            "total":23704.948402507795,
            "polar":7519.7333936358673,
            "apolar":16185.215008871934,
            "main-chain":4085.1639951635457,
            "side-chain":19619.784407344243
          }
        }
      ]
    }
  ]
}