{
  "source":"FreeSASA 2.1.2",
  "length-unit":"Ångström",
  "results":[
    {
      "input":"UP000000625_83333_ECOLI_v4\/AF-P22787-F1-model_v4.pdb",
      "classifier":"ProtOr",
      "parameters":{
        "algorithm":"Lee & Richards",
        "probe-radius":1.3999999999999999,
        "resolution":20
      },
      "structure":[
        {
          "chains":[
            {
              "label":"A",
              "n-residues":506,
              "area":{
                "total":24116.198527349545,
                "polar":11321.040753837602,
                "apolar":12795.157773511964,
                "main-chain":4494.6784949841931,
                "side-chain":19621.520032365373
              }
            }
          ],
          "model":1,
          "area":{
            "total":24116.198527349545,
            "polar":11321.040753837602,
            "apolar":12795.157773511964,
            "main-chain":4494.6784949841931,
            "side-chain":19621.520032365373
          }
        }
      ]
    }
  ]
}