{
  "source":"FreeSASA 2.1.2",
  "length-unit":"Ångström",
  "results":[
    {
      "input":"UP000000625_83333_ECOLI_v4\/AF-P77377-F1-model_v4.pdb",
      "classifier":"ProtOr",
      "parameters":{
        "algorithm":"Lee & Richards",
        "probe-radius":1.3999999999999999,
        "resolution":20
      },
      "structure":[
        {
          "chains":[
            {
              "label":"A",
              "n-residues":492,
              "area":{
                "total":23895.564740663962,
                "polar":7201.6134223229865,
                "apolar":16693.95131834098,
                "main-chain":2860.8961293460748,
                "side-chain":21034.66861131788
              }
            }
          ],
          "model":1,
          "area":{
            "total":23895.564740663962,
            "polar":7201.6134223229865,
            "apolar":16693.95131834098,
            "main-chain":2860.8961293460748,
            "side-chain":21034.66861131788
          }
        }
      ]
    }
  ]
}