{
  "source":"FreeSASA 2.1.2",
  "length-unit":"Ångström",
  "results":[
    {
      "input":"UP000000625_83333_ECOLI_v4\/AF-P0AFI0-F1-model_v4.pdb",
      "classifier":"ProtOr",
      "parameters":{
        "algorithm":"Lee & Richards",
        "probe-radius":1.3999999999999999,
        "resolution":20
      },
      "structure":[
        {
          "chains":[
            {
              "label":"A",
              "n-residues":564,
              "area":{
                "total":23740.592467671879,
                "polar":10445.588424826674,
                "apolar":13295.004042845218,
                "main-chain":4672.1607662636934,
                "side-chain":19068.431701408179
              }
            }
          ],
          "model":1,
          "area":{
            "total":23740.592467671879,
            "polar":10445.588424826674,
            "apolar":13295.004042845218,
            "main-chain":4672.1607662636934,
            "side-chain":19068.431701408179
          }
        }
      ]
    }
  ]
}