{
  "source":"FreeSASA 2.1.2",
  "length-unit":"Ångström",
  "results":[
    {
      "input":"UP000000625_83333_ECOLI_v4\/AF-P0A8E7-F1-model_v4.pdb",
      "classifier":"ProtOr",
      "parameters":{
        "algorithm":"Lee & Richards",
        "probe-radius":1.3999999999999999,
        "resolution":20
      },
      "structure":[
        {
          "chains":[
            {
              "label":"A",
              "n-residues":163,
              "area":{
                "total":9582.5593067131977,
                "polar":4852.8859369713964,
                "apolar":4729.6733697418049,
                "main-chain":1821.1216905725682,
                "side-chain":7761.437616140629
              }
            }
          ],
          "model":1,
          "area":{
            "total":9582.5593067131977,
            "polar":4852.8859369713964,
            "apolar":4729.6733697418049,
            "main-chain":1821.1216905725682,
            "side-chain":7761.437616140629
          }
        }
      ]
    }
  ]
}