{
  "source":"FreeSASA 2.1.2",
  "length-unit":"Ångström",
  "results":[
    {
      "input":"UP000000625_83333_ECOLI_v4\/AF-P0DPN3-F1-model_v4.pdb",
      "classifier":"ProtOr",
      "parameters":{
        "algorithm":"Lee & Richards",
        "probe-radius":1.3999999999999999,
        "resolution":20
      },
      "structure":[
        {
          "chains":[
            {
              "label":"A",
              "n-residues":49,
              "area":{
                "total":5451.6109948218927,
                "polar":1283.8754435359831,
                "apolar":4167.7355512859112,
                "main-chain":347.213803681483,
                "side-chain":5104.3971911404105
              }
            }
          ],
          "model":1,
          "area":{
            "total":5451.6109948218927,
            "polar":1283.8754435359831,
            "apolar":4167.7355512859112,
            "main-chain":347.213803681483,
            "side-chain":5104.3971911404105
          }
        }
      ]
    }
  ]
}