{
  "source":"FreeSASA 2.1.2",
  "length-unit":"Ångström",
  "results":[
    {
      "input":"UP000000625_83333_ECOLI_v4\/AF-P0AA43-F1-model_v4.pdb",
      "classifier":"ProtOr",
      "parameters":{
        "algorithm":"Lee & Richards",
        "probe-radius":1.3999999999999999,
        "resolution":20
      },
      "structure":[
        {
          "chains":[
            {
              "label":"A",
              "n-residues":231,
              "area":{
                "total":12569.357822189495,
                "polar":5676.3761115641164,
                "apolar":6892.9817106253895,
                "main-chain":2666.7265900419466,
                "side-chain":9902.6312321475525
              }
            }
          ],
          "model":1,
          "area":{
            "total":12569.357822189495,
            "polar":5676.3761115641164,
            "apolar":6892.9817106253895,
            "main-chain":2666.7265900419466,
            "side-chain":9902.6312321475525
          }
        }
      ]
    }
  ]
}