{
  "source":"FreeSASA 2.1.2",
  "length-unit":"Ångström",
  "results":[
    {
      "input":"UP000000625_83333_ECOLI_v4\/AF-P52097-F1-model_v4.pdb",
      "classifier":"ProtOr",
      "parameters":{
        "algorithm":"Lee & Richards",
        "probe-radius":1.3999999999999999,
        "resolution":20
      },
      "structure":[
        {
          "chains":[
            {
              "label":"A",
              "n-residues":432,
              "area":{
                "total":23811.116103659075,
                "polar":11164.515508976374,
                "apolar":12646.600594682681,
                "main-chain":5196.0662212522438,
                "side-chain":18615.049882406831
              }
            }
          ],
          "model":1,
          "area":{
            "total":23811.116103659075,
            "polar":11164.515508976374,
            "apolar":12646.600594682681,
            "main-chain":5196.0662212522438,
            "side-chain":18615.049882406831
          }
        }
      ]
    }
  ]
}