{
  "source":"FreeSASA 2.1.2",
  "length-unit":"Ångström",
  "results":[
    {
      "input":"UP000000625_83333_ECOLI_v4\/AF-P77285-F1-model_v4.pdb",
      "classifier":"ProtOr",
      "parameters":{
        "algorithm":"Lee & Richards",
        "probe-radius":1.3999999999999999,
        "resolution":20
      },
      "structure":[
        {
          "chains":[
            {
              "label":"A",
              "n-residues":206,
              "area":{
                "total":12214.68621850556,
                "polar":5041.9544310755791,
                "apolar":7172.7317874299861,
                "main-chain":2354.446221382032,
                "side-chain":9860.2399971235336
              }
            }
          ],
          "model":1,
          "area":{
            "total":12214.68621850556,
            "polar":5041.9544310755791,
            "apolar":7172.7317874299861,
            "main-chain":2354.446221382032,
            "side-chain":9860.2399971235336
          }
        }
      ]
    }
  ]
}