{
  "source":"FreeSASA 2.1.2",
  "length-unit":"Ångström",
  "results":[
    {
      "input":"UP000000625_83333_ECOLI_v4\/AF-P0CF90-F1-model_v4.pdb",
      "classifier":"ProtOr",
      "parameters":{
        "algorithm":"Lee & Richards",
        "probe-radius":1.3999999999999999,
        "resolution":20
      },
      "structure":[
        {
          "chains":[
            {
              "label":"A",
              "n-residues":383,
              "area":{
                "total":24065.3767750644,
                "polar":11291.216003505033,
                "apolar":12774.160771559376,
                "main-chain":3853.3427671768231,
                "side-chain":20212.034007887596
              }
            }
          ],
          "model":1,
          "area":{
            "total":24065.3767750644,
            "polar":11291.216003505033,
            "apolar":12774.160771559376,
            "main-chain":3853.3427671768231,
            "side-chain":20212.034007887596
          }
        }
      ]
    }
  ]
}