{
  "source":"FreeSASA 2.1.2",
  "length-unit":"Ångström",
  "results":[
    {
      "input":"UP000000625_83333_ECOLI_v4\/AF-P0A6U5-F1-model_v4.pdb",
      "classifier":"ProtOr",
      "parameters":{
        "algorithm":"Lee & Richards",
        "probe-radius":1.3999999999999999,
        "resolution":20
      },
      "structure":[
        {
          "chains":[
            {
              "label":"A",
              "n-residues":207,
              "area":{
                "total":10446.432528117504,
                "polar":5313.758597066083,
                "apolar":5132.6739310514176,
                "main-chain":2026.5898119829812,
                "side-chain":8419.8427161345189
              }
            }
          ],
          "model":1,
          "area":{
            "total":10446.432528117504,
            "polar":5313.758597066083,
            "apolar":5132.6739310514176,
            "main-chain":2026.5898119829812,
            "side-chain":8419.8427161345189
          }
        }
      ]
    }
  ]
}