{
  "source":"FreeSASA 2.1.2",
  "length-unit":"Ångström",
  "results":[
    {
      "input":"UP000000625_83333_ECOLI_v4\/AF-P16703-F1-model_v4.pdb",
      "classifier":"ProtOr",
      "parameters":{
        "algorithm":"Lee & Richards",
        "probe-radius":1.3999999999999999,
        "resolution":20
      },
      "structure":[
        {
          "chains":[
            {
              "label":"A",
              "n-residues":303,
              "area":{
                "total":13560.278090393283,
                "polar":6436.1694945773861,
                "apolar":7124.1085958158901,
                "main-chain":3572.602609510835,
                "side-chain":9987.6754808824444
              }
            }
          ],
          "model":1,
          "area":{
            "total":13560.278090393283,
            "polar":6436.1694945773861,
            "apolar":7124.1085958158901,
            "main-chain":3572.602609510835,
            "side-chain":9987.6754808824444
          }
        }
      ]
    }
  ]
}