{
  "source":"FreeSASA 2.1.2",
  "length-unit":"Ångström",
  "results":[
    {
      "input":"UP000000625_83333_ECOLI_v4\/AF-P60664-F1-model_v4.pdb",
      "classifier":"ProtOr",
      "parameters":{
        "algorithm":"Lee & Richards",
        "probe-radius":1.3999999999999999,
        "resolution":20
      },
      "structure":[
        {
          "chains":[
            {
              "label":"A",
              "n-residues":258,
              "area":{
                "total":11978.133811227568,
                "polar":5833.7099401750802,
                "apolar":6144.4238710524887,
                "main-chain":2694.6515731915802,
                "side-chain":9283.4822380359801
              }
            }
          ],
          "model":1,
          "area":{
            "total":11978.133811227568,
            "polar":5833.7099401750802,
            "apolar":6144.4238710524887,
            "main-chain":2694.6515731915802,
            "side-chain":9283.4822380359801
          }
        }
      ]
    }
  ]
}