{
  "source":"FreeSASA 2.1.2",
  "length-unit":"Ångström",
  "results":[
    {
      "input":"UP000000625_83333_ECOLI_v4\/AF-P39199-F1-model_v4.pdb",
      "classifier":"ProtOr",
      "parameters":{
        "algorithm":"Lee & Richards",
        "probe-radius":1.3999999999999999,
        "resolution":20
      },
      "structure":[
        {
          "chains":[
            {
              "label":"A",
              "n-residues":310,
              "area":{
                "total":14533.378707034193,
                "polar":7141.9054254550838,
                "apolar":7391.4732815791158,
                "main-chain":2918.0123256190154,
                "side-chain":11615.366381415179
              }
            }
          ],
          "model":1,
          "area":{
            "total":14533.378707034193,
            "polar":7141.9054254550838,
            "apolar":7391.4732815791158,
            "main-chain":2918.0123256190154,
            "side-chain":11615.366381415179
          }
        }
      ]
    }
  ]
}