{
  "source":"FreeSASA 2.1.2",
  "length-unit":"Ångström",
  "results":[
    {
      "input":"UP000000625_83333_ECOLI_v4\/AF-P0A972-F1-model_v4.pdb",
      "classifier":"ProtOr",
      "parameters":{
        "algorithm":"Lee & Richards",
        "probe-radius":1.3999999999999999,
        "resolution":20
      },
      "structure":[
        {
          "chains":[
            {
              "label":"A",
              "n-residues":69,
              "area":{
                "total":4490.1622872376538,
                "polar":2085.8190391961139,
                "apolar":2404.3432480415413,
                "main-chain":1102.2296641670907,
                "side-chain":3387.9326230705642
              }
            }
          ],
          "model":1,
          "area":{
            "total":4490.1622872376538,
            "polar":2085.8190391961139,
            "apolar":2404.3432480415413,
            "main-chain":1102.2296641670907,
            "side-chain":3387.9326230705642
          }
        }
      ]
    }
  ]
}