{
  "source":"FreeSASA 2.1.2",
  "length-unit":"Ångström",
  "results":[
    {
      "input":"UP000000625_83333_ECOLI_v4\/AF-P75828-F1-model_v4.pdb",
      "classifier":"ProtOr",
      "parameters":{
        "algorithm":"Lee & Richards",
        "probe-radius":1.3999999999999999,
        "resolution":20
      },
      "structure":[
        {
          "chains":[
            {
              "label":"A",
              "n-residues":552,
              "area":{
                "total":29201.860503389624,
                "polar":14592.890592270449,
                "apolar":14608.969911119153,
                "main-chain":5075.3935284965783,
                "side-chain":24126.466974893032
              }
            }
          ],
          "model":1,
          "area":{
            "total":29201.860503389624,
            "polar":14592.890592270449,
            "apolar":14608.969911119153,
            "main-chain":5075.3935284965783,
            "side-chain":24126.466974893032
          }
        }
      ]
    }
  ]
}