{
  "source":"FreeSASA 2.1.2",
  "length-unit":"Ångström",
  "results":[
    {
      "input":"UP000000625_83333_ECOLI_v4\/AF-P52095-F1-model_v4.pdb",
      "classifier":"ProtOr",
      "parameters":{
        "algorithm":"Lee & Richards",
        "probe-radius":1.3999999999999999,
        "resolution":20
      },
      "structure":[
        {
          "chains":[
            {
              "label":"A",
              "n-residues":713,
              "area":{
                "total":31534.312223429308,
                "polar":14738.540527121584,
                "apolar":16795.771696307729,
                "main-chain":5995.3436732289283,
                "side-chain":25538.968550200403
              }
            }
          ],
          "model":1,
          "area":{
            "total":31534.312223429308,
            "polar":14738.540527121584,
            "apolar":16795.771696307729,
            "main-chain":5995.3436732289283,
            "side-chain":25538.968550200403
          }
        }
      ]
    }
  ]
}