{
  "source":"FreeSASA 2.1.2",
  "length-unit":"Ångström",
  "results":[
    {
      "input":"UP000000625_83333_ECOLI_v4\/AF-P0ACP7-F1-model_v4.pdb",
      "classifier":"ProtOr",
      "parameters":{
        "algorithm":"Lee & Richards",
        "probe-radius":1.3999999999999999,
        "resolution":20
      },
      "structure":[
        {
          "chains":[
            {
              "label":"A",
              "n-residues":341,
              "area":{
                "total":17607.047843650827,
                "polar":8346.9569229808239,
                "apolar":9260.0909206700089,
                "main-chain":2943.817461818438,
                "side-chain":14663.230381832393
              }
            }
          ],
          "model":1,
          "area":{
            "total":17607.047843650827,
            "polar":8346.9569229808239,
            "apolar":9260.0909206700089,
            "main-chain":2943.817461818438,
            "side-chain":14663.230381832393
          }
        }
      ]
    }
  ]
}