{
  "source":"FreeSASA 2.1.2",
  "length-unit":"Ångström",
  "results":[
    {
      "input":"UP000000625_83333_ECOLI_v4\/AF-P08395-F1-model_v4.pdb",
      "classifier":"ProtOr",
      "parameters":{
        "algorithm":"Lee & Richards",
        "probe-radius":1.3999999999999999,
        "resolution":20
      },
      "structure":[
        {
          "chains":[
            {
              "label":"A",
              "n-residues":618,
              "area":{
                "total":32821.839644658306,
                "polar":12745.55487227615,
                "apolar":20076.284772382132,
                "main-chain":5692.8553070867811,
                "side-chain":27128.984337571517
              }
            }
          ],
          "model":1,
          "area":{
            "total":32821.839644658306,
            "polar":12745.55487227615,
            "apolar":20076.284772382132,
            "main-chain":5692.8553070867811,
            "side-chain":27128.984337571517
          }
        }
      ]
    }
  ]
}