{
  "source":"FreeSASA 2.1.2",
  "length-unit":"Ångström",
  "results":[
    {
      "input":"UP000000625_83333_ECOLI_v4\/AF-P0ADA1-F1-model_v4.pdb",
      "classifier":"ProtOr",
      "parameters":{
        "algorithm":"Lee & Richards",
        "probe-radius":1.3999999999999999,
        "resolution":20
      },
      "structure":[
        {
          "chains":[
            {
              "label":"A",
              "n-residues":208,
              "area":{
                "total":12583.045216225168,
                "polar":5288.0141970678915,
                "apolar":7295.0310191572771,
                "main-chain":2193.0015670262424,
                "side-chain":10390.043649198924
              }
            }
          ],
          "model":1,
          "area":{
            "total":12583.045216225168,
            "polar":5288.0141970678915,
            "apolar":7295.0310191572771,
            "main-chain":2193.0015670262424,
            "side-chain":10390.043649198924
          }
        }
      ]
    }
  ]
}