{
  "source":"FreeSASA 2.1.2",
  "length-unit":"Ångström",
  "results":[
    {
      "input":"UP000000625_83333_ECOLI_v4\/AF-P0A6I6-F1-model_v4.pdb",
      "classifier":"ProtOr",
      "parameters":{
        "algorithm":"Lee & Richards",
        "probe-radius":1.3999999999999999,
        "resolution":20
      },
      "structure":[
        {
          "chains":[
            {
              "label":"A",
              "n-residues":159,
              "area":{
                "total":8747.4193737327587,
                "polar":3681.5696776068671,
                "apolar":5065.8496961258943,
                "main-chain":1675.9302566781892,
                "side-chain":7071.4891170545679
              }
            }
          ],
          "model":1,
          "area":{
            "total":8747.4193737327587,
            "polar":3681.5696776068671,
            "apolar":5065.8496961258943,
            "main-chain":1675.9302566781892,
            "side-chain":7071.4891170545679
          }
        }
      ]
    }
  ]
}