{
  "source":"FreeSASA 2.1.2",
  "length-unit":"Ångström",
  "results":[
    {
      "input":"UP000000625_83333_ECOLI_v4\/AF-P0AAH4-F1-model_v4.pdb",
      "classifier":"ProtOr",
      "parameters":{
        "algorithm":"Lee & Richards",
        "probe-radius":1.3999999999999999,
        "resolution":20
      },
      "structure":[
        {
          "chains":[
            {
              "label":"A",
              "n-residues":330,
              "area":{
                "total":18531.407698459305,
                "polar":9088.1375761137624,
                "apolar":9443.2701223455279,
                "main-chain":3463.9197525990267,
                "side-chain":15067.487945860266
              }
            }
          ],
          "model":1,
          "area":{
            "total":18531.407698459305,
            "polar":9088.1375761137624,
            "apolar":9443.2701223455279,
            "main-chain":3463.9197525990267,
            "side-chain":15067.487945860266
          }
        }
      ]
    }
  ]
}