{
  "source":"FreeSASA 2.1.2",
  "length-unit":"Ångström",
  "results":[
    {
      "input":"UP000000625_83333_ECOLI_v4\/AF-P13656-F1-model_v4.pdb",
      "classifier":"ProtOr",
      "parameters":{
        "algorithm":"Lee & Richards",
        "probe-radius":1.3999999999999999,
        "resolution":20
      },
      "structure":[
        {
          "chains":[
            {
              "label":"A",
              "n-residues":897,
              "area":{
                "total":52455.90616426312,
                "polar":23380.113065625363,
                "apolar":29075.793098637714,
                "main-chain":12120.154777300042,
                "side-chain":40335.751386963042
              }
            }
          ],
          "model":1,
          "area":{
            "total":52455.90616426312,
            "polar":23380.113065625363,
            "apolar":29075.793098637714,
            "main-chain":12120.154777300042,
            "side-chain":40335.751386963042
          }
        }
      ]
    }
  ]
}