{
  "source":"FreeSASA 2.1.2",
  "length-unit":"Ångström",
  "results":[
    {
      "input":"UP000000625_83333_ECOLI_v4\/AF-P0ABH9-F1-model_v4.pdb",
      "classifier":"ProtOr",
      "parameters":{
        "algorithm":"Lee & Richards",
        "probe-radius":1.3999999999999999,
        "resolution":20
      },
      "structure":[
        {
          "chains":[
            {
              "label":"A",
              "n-residues":758,
              "area":{
                "total":43637.536080834245,
                "polar":21536.574429035853,
                "apolar":22100.961651798403,
                "main-chain":7677.4727775291194,
                "side-chain":35960.063303305156
              }
            }
          ],
          "model":1,
          "area":{
            "total":43637.536080834245,
            "polar":21536.574429035853,
            "apolar":22100.961651798403,
            "main-chain":7677.4727775291194,
            "side-chain":35960.063303305156
          }
        }
      ]
    }
  ]
}