{
  "source":"FreeSASA 2.1.2",
  "length-unit":"Ångström",
  "results":[
    {
      "input":"UP000000625_83333_ECOLI_v4\/AF-P0ADJ8-F1-model_v4.pdb",
      "classifier":"ProtOr",
      "parameters":{
        "algorithm":"Lee & Richards",
        "probe-radius":1.3999999999999999,
        "resolution":20
      },
      "structure":[
        {
          "chains":[
            {
              "label":"A",
              "n-residues":145,
              "area":{
                "total":10360.456518581872,
                "polar":3084.8602025199716,
                "apolar":7275.5963160618949,
                "main-chain":1380.2910758032817,
                "side-chain":8980.1654427785834
              }
            }
          ],
          "model":1,
          "area":{
            "total":10360.456518581872,
            "polar":3084.8602025199716,
            "apolar":7275.5963160618949,
            "main-chain":1380.2910758032817,
            "side-chain":8980.1654427785834
          }
        }
      ]
    }
  ]
}