{
  "source":"FreeSASA 2.1.2",
  "length-unit":"Ångström",
  "results":[
    {
      "input":"UP000000625_83333_ECOLI_v4\/AF-P69822-F1-model_v4.pdb",
      "classifier":"ProtOr",
      "parameters":{
        "algorithm":"Lee & Richards",
        "probe-radius":1.3999999999999999,
        "resolution":20
      },
      "structure":[
        {
          "chains":[
            {
              "label":"A",
              "n-residues":101,
              "area":{
                "total":5711.439417634987,
                "polar":2693.7397656611847,
                "apolar":3017.6996519738018,
                "main-chain":1300.5726114736947,
                "side-chain":4410.8668061612934
              }
            }
          ],
          "model":1,
          "area":{
            "total":5711.439417634987,
            "polar":2693.7397656611847,
            "apolar":3017.6996519738018,
            "main-chain":1300.5726114736947,
            "side-chain":4410.8668061612934
          }
        }
      ]
    }
  ]
}