{
  "source":"FreeSASA 2.1.2",
  "length-unit":"Ångström",
  "results":[
    {
      "input":"UP000000625_83333_ECOLI_v4\/AF-P11286-F1-model_v4.pdb",
      "classifier":"ProtOr",
      "parameters":{
        "algorithm":"Lee & Richards",
        "probe-radius":1.3999999999999999,
        "resolution":20
      },
      "structure":[
        {
          "chains":[
            {
              "label":"A",
              "n-residues":113,
              "area":{
                "total":7452.9879965057607,
                "polar":1965.9489550654332,
                "apolar":5487.0390414403246,
                "main-chain":998.73365010731527,
                "side-chain":6454.2543463984448
              }
            }
          ],
          "model":1,
          "area":{
            "total":7452.9879965057607,
            "polar":1965.9489550654332,
            "apolar":5487.0390414403246,
            "main-chain":998.73365010731527,
            "side-chain":6454.2543463984448
          }
        }
      ]
    }
  ]
}