{
  "source":"FreeSASA 2.1.2",
  "length-unit":"Ångström",
  "results":[
    {
      "input":"UP000000625_83333_ECOLI_v4\/AF-P75782-F1-model_v4.pdb",
      "classifier":"ProtOr",
      "parameters":{
        "algorithm":"Lee & Richards",
        "probe-radius":1.3999999999999999,
        "resolution":20
      },
      "structure":[
        {
          "chains":[
            {
              "label":"A",
              "n-residues":308,
              "area":{
                "total":15397.094221574022,
                "polar":7316.7827340381491,
                "apolar":8080.3114875358742,
                "main-chain":3241.4678643332204,
                "side-chain":12155.626357240802
              }
            }
          ],
          "model":1,
          "area":{
            "total":15397.094221574022,
            "polar":7316.7827340381491,
            "apolar":8080.3114875358742,
            "main-chain":3241.4678643332204,
            "side-chain":12155.626357240802
          }
        }
      ]
    }
  ]
}