{
  "source":"FreeSASA 2.1.2",
  "length-unit":"Ångström",
  "results":[
    {
      "input":"UP000000625_83333_ECOLI_v4\/AF-P0AD19-F1-model_v4.pdb",
      "classifier":"ProtOr",
      "parameters":{
        "algorithm":"Lee & Richards",
        "probe-radius":1.3999999999999999,
        "resolution":20
      },
      "structure":[
        {
          "chains":[
            {
              "label":"A",
              "n-residues":231,
              "area":{
                "total":13220.503998094066,
                "polar":3550.3856701644704,
                "apolar":9670.1183279295929,
                "main-chain":1863.5547203087501,
                "side-chain":11356.949277785312
              }
            }
          ],
          "model":1,
          "area":{
            "total":13220.503998094066,
            "polar":3550.3856701644704,
            "apolar":9670.1183279295929,
            "main-chain":1863.5547203087501,
            "side-chain":11356.949277785312
          }
        }
      ]
    }
  ]
}