{
  "source":"FreeSASA 2.1.2",
  "length-unit":"Ångström",
  "results":[
    {
      "input":"UP000000625_83333_ECOLI_v4\/AF-P46879-F1-model_v4.pdb",
      "classifier":"ProtOr",
      "parameters":{
        "algorithm":"Lee & Richards",
        "probe-radius":1.3999999999999999,
        "resolution":20
      },
      "structure":[
        {
          "chains":[
            {
              "label":"A",
              "n-residues":83,
              "area":{
                "total":8982.4453936552873,
                "polar":2824.3125478107204,
                "apolar":6158.1328458445705,
                "main-chain":1331.7987388410947,
                "side-chain":7650.6466548141907
              }
            }
          ],
          "model":1,
          "area":{
            "total":8982.4453936552873,
            "polar":2824.3125478107204,
            "apolar":6158.1328458445705,
            "main-chain":1331.7987388410947,
            "side-chain":7650.6466548141907
          }
        }
      ]
    }
  ]
}