{
  "source":"FreeSASA 2.1.2",
  "length-unit":"Ångström",
  "results":[
    {
      "input":"UP000000625_83333_ECOLI_v4\/AF-Q46806-F1-model_v4.pdb",
      "classifier":"ProtOr",
      "parameters":{
        "algorithm":"Lee & Richards",
        "probe-radius":1.3999999999999999,
        "resolution":20
      },
      "structure":[
        {
          "chains":[
            {
              "label":"A",
              "n-residues":461,
              "area":{
                "total":17018.088583157034,
                "polar":8124.1860506685443,
                "apolar":8893.9025324884933,
                "main-chain":3449.9586014837391,
                "side-chain":13568.129981673294
              }
            }
          ],
          "model":1,
          "area":{
            "total":17018.088583157034,
            "polar":8124.1860506685443,
            "apolar":8893.9025324884933,
            "main-chain":3449.9586014837391,
            "side-chain":13568.129981673294
          }
        }
      ]
    }
  ]
}