{
  "source":"FreeSASA 2.1.2",
  "length-unit":"Ångström",
  "results":[
    {
      "input":"UP000000625_83333_ECOLI_v4\/AF-Q46811-F1-model_v4.pdb",
      "classifier":"ProtOr",
      "parameters":{
        "algorithm":"Lee & Richards",
        "probe-radius":1.3999999999999999,
        "resolution":20
      },
      "structure":[
        {
          "chains":[
            {
              "label":"A",
              "n-residues":1032,
              "area":{
                "total":41254.752088035319,
                "polar":20506.799220911565,
                "apolar":20747.952867123782,
                "main-chain":8870.0560943705441,
                "side-chain":32384.695993664824
              }
            }
          ],
          "model":1,
          "area":{
            "total":41254.752088035319,
            "polar":20506.799220911565,
            "apolar":20747.952867123782,
            "main-chain":8870.0560943705441,
            "side-chain":32384.695993664824
          }
        }
      ]
    }
  ]
}