{
  "source":"FreeSASA 2.1.2",
  "length-unit":"Ångström",
  "results":[
    {
      "input":"UP000000625_83333_ECOLI_v4\/AF-Q46840-F1-model_v4.pdb",
      "classifier":"ProtOr",
      "parameters":{
        "algorithm":"Lee & Richards",
        "probe-radius":1.3999999999999999,
        "resolution":20
      },
      "structure":[
        {
          "chains":[
            {
              "label":"A",
              "n-residues":390,
              "area":{
                "total":19488.032266647409,
                "polar":8180.4231713982881,
                "apolar":11307.609095249129,
                "main-chain":3396.2561483680975,
                "side-chain":16091.776118279315
              }
            }
          ],
          "model":1,
          "area":{
            "total":19488.032266647409,
            "polar":8180.4231713982881,
            "apolar":11307.609095249129,
            "main-chain":3396.2561483680975,
            "side-chain":16091.776118279315
          }
        }
      ]
    }
  ]
}