{
  "source":"FreeSASA 2.1.2",
  "length-unit":"Ångström",
  "results":[
    {
      "input":"UP000000625_83333_ECOLI_v4\/AF-Q6BF17-F1-model_v4.pdb",
      "classifier":"ProtOr",
      "parameters":{
        "algorithm":"Lee & Richards",
        "probe-radius":1.3999999999999999,
        "resolution":20
      },
      "structure":[
        {
          "chains":[
            {
              "label":"A",
              "n-residues":382,
              "area":{
                "total":16234.550537837251,
                "polar":7462.6004847603399,
                "apolar":8771.9500530769092,
                "main-chain":3257.8663173103841,
                "side-chain":12976.684220526853
              }
            }
          ],
          "model":1,
          "area":{
            "total":16234.550537837251,
            "polar":7462.6004847603399,
            "apolar":8771.9500530769092,
            "main-chain":3257.8663173103841,
            "side-chain":12976.684220526853
          }
        }
      ]
    }
  ]
}