{
  "source":"FreeSASA 2.1.2",
  "length-unit":"Ångström",
  "results":[
    {
      "input":"UP000000625_83333_ECOLI_v4\/AF-Q46824-F1-model_v4.pdb",
      "classifier":"ProtOr",
      "parameters":{
        "algorithm":"Lee & Richards",
        "probe-radius":1.3999999999999999,
        "resolution":20
      },
      "structure":[
        {
          "chains":[
            {
              "label":"A",
              "n-residues":135,
              "area":{
                "total":9883.9908134695561,
                "polar":3855.7184776130302,
                "apolar":6028.2723358565208,
                "main-chain":1369.9015832909563,
                "side-chain":8514.0892301785989
              }
            }
          ],
          "model":1,
          "area":{
            "total":9883.9908134695561,
            "polar":3855.7184776130302,
            "apolar":6028.2723358565208,
            "main-chain":1369.9015832909563,
            "side-chain":8514.0892301785989
          }
        }
      ]
    }
  ]
}