{
  "source":"FreeSASA 2.1.2",
  "length-unit":"Ångström",
  "results":[
    {
      "input":"UP000000625_83333_ECOLI_v4\/AF-Q46803-F1-model_v4.pdb",
      "classifier":"ProtOr",
      "parameters":{
        "algorithm":"Lee & Richards",
        "probe-radius":1.3999999999999999,
        "resolution":20
      },
      "structure":[
        {
          "chains":[
            {
              "label":"A",
              "n-residues":396,
              "area":{
                "total":17303.141806815671,
                "polar":8253.2249971313577,
                "apolar":9049.9168096843223,
                "main-chain":3293.6054456412971,
                "side-chain":14009.536361174372
              }
            }
          ],
          "model":1,
          "area":{
            "total":17303.141806815671,
            "polar":8253.2249971313577,
            "apolar":9049.9168096843223,
            "main-chain":3293.6054456412971,
            "side-chain":14009.536361174372
          }
        }
      ]
    }
  ]
}