{
  "source":"FreeSASA 2.1.2",
  "length-unit":"Ångström",
  "results":[
    {
      "input":"UP000000625_83333_ECOLI_v4\/AF-Q47269-F1-model_v4.pdb",
      "classifier":"ProtOr",
      "parameters":{
        "algorithm":"Lee & Richards",
        "probe-radius":1.3999999999999999,
        "resolution":20
      },
      "structure":[
        {
          "chains":[
            {
              "label":"A",
              "n-residues":151,
              "area":{
                "total":11368.153139014168,
                "polar":4987.0347136449682,
                "apolar":6381.1184253692008,
                "main-chain":2365.1136405566017,
                "side-chain":9003.0394984575705
              }
            }
          ],
          "model":1,
          "area":{
            "total":11368.153139014168,
            "polar":4987.0347136449682,
            "apolar":6381.1184253692008,
            "main-chain":2365.1136405566017,
            "side-chain":9003.0394984575705
          }
        }
      ]
    }
  ]
}