{
  "source":"FreeSASA 2.1.2",
  "length-unit":"Ångström",
  "results":[
    {
      "input":"UP000000625_83333_ECOLI_v4\/AF-Q46808-F1-model_v4.pdb",
      "classifier":"ProtOr",
      "parameters":{
        "algorithm":"Lee & Richards",
        "probe-radius":1.3999999999999999,
        "resolution":20
      },
      "structure":[
        {
          "chains":[
            {
              "label":"A",
              "n-residues":541,
              "area":{
                "total":27815.421767978994,
                "polar":12692.760638973792,
                "apolar":15122.661129005197,
                "main-chain":6545.7191462670908,
                "side-chain":21269.702621711887
              }
            }
          ],
          "model":1,
          "area":{
            "total":27815.421767978994,
            "polar":12692.760638973792,
            "apolar":15122.661129005197,
            "main-chain":6545.7191462670908,
            "side-chain":21269.702621711887
          }
        }
      ]
    }
  ]
}