{
  "source":"FreeSASA 2.1.2",
  "length-unit":"Ångström",
  "results":[
    {
      "input":"pdb_files\/3w7y.pdb",
      "classifier":"ProtOr",
      "parameters":{
        "algorithm":"Lee & Richards",
        "probe-radius":1.3999999999999999,
        "resolution":20
      },
      "structure":[
        {
          "chains":[
            {
              "label":"A",
              "n-residues":21,
              "area":{
                "total":1189.0386093746467,
                "polar":581.2507426458759,
                "apolar":607.78786672877061,
                "main-chain":256.85574495468722,
                "side-chain":932.18286441995951
              }
            },
            {
              "label":"B",
              "n-residues":30,
              "area":{
                "total":1872.0479471981782,
                "polar":818.67600461377504,
                "apolar":1053.3719425844035,
                "main-chain":434.88396269764797,
                "side-chain":1437.1639845005302
              }
            },
            {
              "label":"C",
              "n-residues":21,
              "area":{
                "total":1270.0039409009194,
                "polar":617.57741582733422,
                "apolar":652.4265250735848,
                "main-chain":227.60380210523536,
                "side-chain":1042.4001387956837
              }
            },
            {
              "label":"D",
              "n-residues":30,
              "area":{
                "total":1934.1539972217149,
                "polar":824.44236341474812,
                "apolar":1109.711633806967,
                "main-chain":367.3330412512359,
                "side-chain":1566.8209559704792
              }
            }
          ],
          "model":1,
          "area":{
            "total":6265.2444946954593,
            "polar":2841.9465265017334,
            "apolar":3423.2979681937259,
            "main-chain":1286.6765510088064,
            "side-chain":4978.5679436866521
          }
        }
      ]
    }
  ]
}