{
  "A_1": 198.05431981964728,
  "A_2": 16.336595957932282,
  "A_3": 46.521269501035306,
  "A_4": 140.87802467469683,
  "A_5": 20.41563985935327,
  "A_6": 3.622884648119749,
  "A_7": 7.245769296239498,
  "A_8": 128.1430510658048,
  "A_9": 13.67452344061582,
  "A_10": 36.347121161419835,
  "A_11": 48.30512864159665,
  "A_12": 3.350546264165357,
  "A_13": 57.94825985816114,
  "A_14": 83.78155111588879,
  "A_15": 48.5595725137962,
  "A_16": 154.7551054432455,
  "A_17": 131.64238315804414,
  "A_18": 4.602433237509047,
  "A_19": 121.51255640758555,
  "A_20": 134.15480276771422,
  "A_21": 34.63484006787787,
  "A_22": 21.526243127879717,
  "A_23": 94.65443992714506,
  "A_24": 143.77234885370785,
  "A_25": 42.50353692184177,
  "A_26": 176.9280642684226,
  "A_27": 162.7574707814343,
  "A_28": 26.317611747575654,
  "A_29": 62.760727414118605,
  "A_30": 68.69437912265978,
  "A_31": 52.749263308476614,
  "A_32": 62.41452390369298,
  "A_33": 63.405935146942234,
  "A_34": 0.0,
  "A_35": 65.41268400309049,
  "A_36": 118.23352535858649,
  "A_37": 6.038141080199582,
  "A_38": 0.0,
  "A_39": 30.717487657151842,
  "A_40": 141.36132728852505,
  "A_41": 7.562441835721351,
  "A_42": 15.136595528855281,
  "A_43": 85.80619448379187,
  "A_44": 58.9499126934611,
  "A_45": 93.7497492075055,
  "A_46": 59.08016312487893,
  "A_47": 151.4709473150358,
  "A_48": 140.99528147889941,
  "A_49": 39.85173112931724,
  "A_50": 1.2076282160399163,
  "A_51": 46.008146889739166,
  "A_52": 51.44792766676542,
  "A_53": 0.0,
  "A_54": 2.142918048125441,
  "A_55": 48.717004004852896,
  "A_56": 2.3012166187545233,
  "A_57": 93.9036621147902,
  "A_58": 59.20012169876362,
  "A_59": 5.76580269624519,
  "A_60": 191.2605251752944,
  "A_61": 36.92239704177459,
  "A_62": 93.27061862872122,
  "A_63": 84.05652843767217,
  "A_64": 39.896831833452175,
  "A_65": 20.18756023270265,
  "A_66": 39.135096145921565,
  "A_67": 125.02377628642608,
  "A_68": 29.632368988231317,
  "A_69": 16.90679502455883,
  "A_70": 69.46197073889667,
  "A_71": 80.73154217133646,
  "A_72": 65.29440932286813,
  "A_73": 27.36694139298649,
  "A_74": 131.8680249087956,
  "A_75": 81.50246387578613,
  "A_76": 16.705079643457136,
  "A_77": 41.17763402557951,
  "A_78": 168.47388764116508,
  "A_79": 90.16360862706213,
  "A_80": 3.622884648119749,
  "A_81": 149.3024818354514,
  "A_82": 73.5291519864577,
  "A_83": 53.35429635444618,
  "A_84": 61.162636930349294,
  "A_85": 173.83881054844161,
  "A_86": 126.8739984302019,
  "A_87": 38.33597550581324,
  "A_88": 75.09845291514951,
  "A_89": 101.42287563559812,
  "A_90": 143.8260323889724,
  "A_91": 102.3478736101505,
  "A_92": 19.32205145663866,
  "A_93": 50.334006876396785,
  "A_94": 48.71787108442528,
  "A_95": 44.610665946457516,
  "A_96": 29.437979801197805,
  "A_97": 103.8560265794328,
  "A_98": 87.13633224695117,
  "A_99": 37.9453624416365,
  "A_100": 49.512756857636575,
  "A_101": 73.26441625672501,
  "A_102": 115.26933215895963,
  "A_103": 53.135641505756325,
  "A_104": 125.7047981755007,
  "A_105": 92.86211105278963,
  "A_106": 148.23783378426162,
  "A_107": 103.1912530075626,
  "A_108": 151.54835615802025,
  "A_109": 182.04199905541853,
  "A_110": 140.40895975877464,
  "A_111": 214.37637648677872
}