{
  "A_1": 226.5999365107782,
  "A_2": 173.99968522504662,
  "A_3": 72.55288321979876,
  "A_4": 114.29308852504188,
  "A_5": 127.09267841163295,
  "A_6": 81.63863306776332,
  "A_7": 202.56746899394128,
  "A_8": 146.29889306394844,
  "A_9": 132.5963843159745,
  "A_10": 84.76720696139668,
  "A_11": 165.79713760297105,
  "A_12": 158.88687783576435,
  "A_13": 57.69381598596159,
  "A_14": 102.5122291714157,
  "A_15": 150.62411216570473,
  "A_16": 150.37306121357108,
  "A_17": 129.62896155909968,
  "A_18": 100.10120760623289,
  "A_19": 168.45772728855502,
  "A_20": 114.48537912818281,
  "A_21": 99.54287119346631,
  "A_22": 134.73604767411078,
  "A_23": 55.24021955713735,
  "A_24": 113.305836750466,
  "A_25": 145.7244591304249,
  "A_26": 134.3945691190362,
  "A_27": 52.59096473784753,
  "A_28": 108.39630654788323,
  "A_29": 112.17325489973503,
  "A_30": 109.78012784630708,
  "A_31": 61.83405811227451,
  "A_32": 43.36481083100872,
  "A_33": 75.35028298226125,
  "A_34": 63.86812625813837,
  "A_35": 116.32292180400871,
  "A_36": 87.7721403345553,
  "A_37": 126.27841529493432,
  "A_38": 80.91109047467438,
  "A_39": 59.04184826087574,
  "A_40": 127.48601837823301,
  "A_41": 63.83657210152572,
  "A_42": 108.39630654788323,
  "A_43": 130.77591933781346,
  "A_44": 164.3139540120995,
  "A_45": 207.6871717450492,
  "A_46": 65.34290294706895,
  "A_47": 176.28640025211217,
  "A_48": 143.66582373000995
}