{
  "A_1": 196.76821461912067,
  "A_2": 156.3014601791955,
  "A_3": 117.89140591861057,
  "A_4": 167.87306432935134,
  "A_5": 149.21738237365093,
  "A_6": 72.20748395709246,
  "A_7": 94.58561391529022,
  "A_8": 118.27436606308316,
  "A_9": 69.54445639560933,
  "A_10": 123.90215231087086,
  "A_11": 134.04673198043074,
  "A_12": 89.14908782825309,
  "A_13": 95.89443911388759,
  "A_14": 123.90562062916042,
  "A_15": 58.108657012682826,
  "A_16": 148.90078523239276,
  "A_17": 83.9577441982727,
  "A_18": 77.81498808270858,
  "A_19": 157.59073210511687,
  "A_20": 130.1087330227853,
  "A_21": 46.41665446567076,
  "A_22": 74.87294939447482,
  "A_23": 107.73335509975209,
  "A_24": 54.03174939426627,
  "A_25": 112.26163418426583,
  "A_26": 85.91481819138241,
  "A_27": 191.14218766321898,
  "A_28": 267.3239119908087
}