{
  "A_1": 205.8328278317119,
  "A_2": 106.74861659929908,
  "A_3": 114.44535523777608,
  "A_4": 87.48738637643393,
  "A_5": 164.6178214199253,
  "A_6": 143.65830904038253,
  "A_7": 97.81788549923323,
  "A_8": 98.88934452329595,
  "A_9": 151.47434023510166,
  "A_10": 141.64736301644913,
  "A_11": 79.70346225863447,
  "A_12": 83.32634690675422,
  "A_13": 160.9294157154223,
  "A_14": 102.51222917141567,
  "A_15": 105.99894462755825,
  "A_16": 89.36448798695382,
  "A_17": 60.385645668892856,
  "A_18": 73.6653211784349,
  "A_19": 114.72468052379205,
  "A_20": 125.01452743765395,
  "A_21": 105.06365479547273,
  "A_22": 104.79131641151834,
  "A_23": 131.20507346066447,
  "A_24": 140.16735871734295,
  "A_25": 165.91816431835792,
  "A_26": 186.8069028986006
}