{
  "A_1": 192.56902364825578,
  "A_2": 163.20169198265194,
  "A_3": 155.5499912164568,
  "A_4": 112.30942409171223,
  "A_5": 124.24953706013419,
  "A_6": 103.7198573874556,
  "A_7": 90.29977781903933,
  "A_8": 86.94923155487398,
  "A_9": 90.57211620299373,
  "A_10": 96.06558051528454,
  "A_11": 110.85158687036979,
  "A_12": 93.2418165072731,
  "A_13": 105.57254253987182,
  "A_14": 57.6580269624519,
  "A_15": 157.40441052801776,
  "A_16": 111.16638702063011,
  "A_17": 90.50053815597434,
  "A_18": 262.2312018037804
}