{
  "A_1": 204.3145966331969,
  "A_2": 105.90703419288482,
  "A_3": 195.77444089819593,
  "A_4": 216.79941150226887,
  "A_5": 99.72852675292287,
  "A_6": 39.851731129317244,
  "A_7": 53.74490941862291,
  "A_8": 107.95200994844193,
  "A_9": 60.10907241804143,
  "A_10": 54.91431073525395,
  "A_11": 22.944936104758412,
  "A_12": 104.79131641151832,
  "A_13": 79.94761427330087,
  "A_14": 8.796358899086506,
  "A_15": 59.1737825859559,
  "A_16": 54.61984297264766,
  "A_17": 83.21230709342892,
  "A_18": 43.33844658545979,
  "A_19": 80.91109047467438,
  "A_20": 111.10179587567231,
  "A_21": 92.98737263507357,
  "A_22": 46.88975318656016,
  "A_23": 76.45329616293661,
  "A_24": 49.903369921813315,
  "A_25": 51.928013289716404,
  "A_26": 22.40025933684963,
  "A_27": 119.96793583078033,
  "A_28": 51.677804284413895,
  "A_29": 8.453397512279414,
  "A_30": 143.16193740111535,
  "A_31": 65.21615853305252,
  "A_32": 70.04243653031514,
  "A_33": 17.279513576980726,
  "A_34": 36.48329035339704,
  "A_35": 189.39420551076165,
  "A_36": 28.7107388010036,
  "A_37": 66.41955188219539,
  "A_38": 130.4603400725751,
  "A_39": 13.16987056311377,
  "A_40": 35.02121826515757,
  "A_41": 124.90048762432863,
  "A_42": 25.636765787689676,
  "A_43": 1.0935884027146072,
  "A_44": 59.86309827963595,
  "A_45": 126.8443543619226,
  "A_46": 2.3012166187545233,
  "A_47": 51.51950571378482,
  "A_48": 121.5763056057122,
  "A_49": 67.55398098940668,
  "A_50": 0.0,
  "A_51": 31.24426991330578,
  "A_52": 42.643940980716,
  "A_53": 3.622884648119749,
  "A_54": 82.93144871019801,
  "A_55": 134.9069000489836,
  "A_56": 11.734162720423235,
  "A_57": 2.279087240102637,
  "A_58": 118.54832550884682,
  "A_59": 141.0329051925188,
  "A_60": 0.0,
  "A_61": 22.944936104758412,
  "A_62": 56.218084252864315,
  "A_63": 26.413757049146117,
  "A_64": 8.571672192501763,
  "A_65": 69.20752686669712,
  "A_66": 45.04130290104099,
  "A_67": 54.715988274218134,
  "A_68": 129.9564663100511,
  "A_69": 179.57824899913788,
  "A_70": 31.072311697818893,
  "A_71": 109.05076312947907,
  "A_72": 82.25912274958856,
  "A_73": 16.67871539790821,
  "A_74": 32.60596183307774,
  "A_75": 119.4130551699327,
  "A_76": 85.49806707632777,
  "A_77": 0.0,
  "A_78": 81.05816727634485,
  "A_79": 121.01120848555507,
  "A_80": 16.344223744895196,
  "A_81": 6.038141080199582,
  "A_82": 88.37551461960375,
  "A_83": 15.699166808518912,
  "A_84": 63.069847564861206,
  "A_85": 103.86693418912608,
  "A_86": 0.0,
  "A_87": 39.970005809539586,
  "A_88": 148.94333496329298,
  "A_89": 4.716473050834356,
  "A_90": 0.0,
  "A_91": 110.6684068859243,
  "A_92": 112.90764616480881,
  "A_93": 11.123097816558792,
  "A_94": 64.49952354965686,
  "A_95": 33.793986510959265,
  "A_96": 51.928013289716404,
  "A_97": 78.66260234701772,
  "A_98": 40.2687084390429,
  "A_99": 3.622884648119749,
  "A_100": 88.73634538542447,
  "A_101": 40.67721601497449,
  "A_102": 20.41563985935327,
  "A_103": 26.145653532088765,
  "A_104": 87.35075222874397,
  "A_105": 22.4445180941534,
  "A_106": 6.7896100429382615,
  "A_107": 166.89859255369026,
  "A_108": 105.2456535410805,
  "A_109": 102.9137498452857,
  "A_110": 2.4152564320798326,
  "A_111": 26.567820752878163,
  "A_112": 41.05935934535716,
  "A_113": 16.49828744862724,
  "A_114": 1.2076282160399163,
  "A_115": 129.8275479139184,
  "A_116": 176.34003352189427,
  "A_117": 8.317228320302219,
  "A_118": 140.80899760091214,
  "A_119": 76.33838927003893,
  "A_120": 121.96277176758619,
  "A_121": 146.47085127943535,
  "A_122": 94.00514812387175,
  "A_123": 4.830512864159665,
  "A_124": 45.1553427143663,
  "A_125": 72.4840572079439,
  "A_126": 46.48124561062857,
  "A_127": 1.2076282160399163,
  "A_128": 55.36104521059442,
  "A_129": 109.42855849562916,
  "A_130": 3.622884648119749,
  "A_131": 6.038141080199582,
  "A_132": 58.10655842879022,
  "A_133": 15.585126995193603,
  "A_134": 2.4152564320798326,
  "A_135": 58.43925309080539,
  "A_136": 114.741594858639,
  "A_137": 2.4152564320798326,
  "A_138": 25.36019253683824,
  "A_139": 70.2253023554953,
  "A_140": 13.033701371136575,
  "A_141": 0.0,
  "A_142": 84.11848064480097,
  "A_143": 171.3572288122592,
  "A_144": 23.998500617066284,
  "A_145": 14.882151656655736,
  "A_146": 112.71517963247928,
  "A_147": 93.18466465371903,
  "A_148": 45.34009349513862,
  "A_149": 95.2664598751762,
  "A_150": 115.38064506986163,
  "A_151": 62.60681450683391,
  "A_152": 18.114423240598747,
  "A_153": 68.83480831427522,
  "A_154": 107.36487141422724,
  "A_155": 47.896621065665066,
  "A_156": 91.41717949406817,
  "A_157": 165.8228986627305,
  "A_158": 66.4195518821954,
  "A_159": 46.44404915361007,
  "A_160": 55.8053418100357,
  "A_161": 85.74160333883407,
  "A_162": 128.53537315638508,
  "A_163": 92.23670792005422,
  "A_164": 54.093060716493724,
  "A_165": 109.3494908917236,
  "A_166": 32.49192201975243,
  "A_167": 97.81788549923323,
  "A_168": 76.08057761051472,
  "A_169": 102.53435855006757,
  "A_170": 23.726162233111893,
  "A_171": 80.77492128269719,
  "A_172": 111.90091651578062,
  "A_173": 47.460040217781,
  "A_174": 79.56729306665729,
  "A_175": 148.3229332460621,
  "A_176": 65.47060240525207,
  "A_177": 67.7820606160573,
  "A_178": 54.34326972179624,
  "A_179": 60.38141080199581,
  "A_180": 103.79892499136118,
  "A_181": 15.699166808518912,
  "A_182": 138.89766519683872,
  "A_183": 152.7925902116598,
  "A_184": 72.89169770430311,
  "A_185": 14.219200208524605,
  "A_186": 107.09253303027285,
  "A_187": 61.61540326358465,
  "A_188": 3.5088448347944396,
  "A_189": 49.22252396192734,
  "A_190": 53.7670387972748,
  "A_191": 11.962242347073854,
  "A_192": 26.8222646250777,
  "A_193": 83.39517291860906,
  "A_194": 140.77755654163502,
  "A_195": 157.9702993295236,
  "A_196": 49.867580898303615,
  "A_197": 27.024821953010562,
  "A_198": 106.06353577251606,
  "A_199": 94.57616400458824,
  "A_200": 106.09590674321863,
  "A_201": 7.500213168439043,
  "A_202": 117.75002168282842,
  "A_203": 26.826499491974747,
  "A_204": 95.26973969790654,
  "A_205": 44.941764679404656,
  "A_206": 214.43604161445575,
  "A_207": 9.318906288343403,
  "A_208": 87.5985233581473,
  "A_209": 40.326739938540015,
  "A_210": 5.901971888222386,
  "A_211": 119.1064734260542,
  "A_212": 93.96692122446285,
  "A_213": 3.622884648119749,
  "A_214": 74.74101506939465,
  "A_215": 50.99695832452792,
  "A_216": 21.623268075393188,
  "A_217": 29.18731840655318,
  "A_218": 100.74708135669914,
  "A_219": 88.30657551041338,
  "A_220": 0.0,
  "A_221": 42.79376981755101,
  "A_222": 129.58195076663137,
  "A_223": 51.928013289716404,
  "A_224": 34.068033921317195,
  "A_225": 124.24678502496965,
  "A_226": 61.63573565123869,
  "A_227": 104.99207674845333,
  "A_228": 60.385645668892856,
  "A_229": 81.84638030675993,
  "A_230": 92.87333282174825,
  "A_231": 95.0450529913218,
  "A_232": 102.16405274080365,
  "A_233": 148.3229332460621,
  "A_234": 74.8729493944748,
  "A_235": 102.78190348479984,
  "A_236": 115.39853958161646,
  "A_237": 141.92735432010764,
  "A_238": 78.18770663513047,
  "A_239": 60.24947647691566,
  "A_240": 34.634840067877875,
  "A_241": 119.44115357462641,
  "A_242": 110.59439096300571,
  "A_243": 61.08607003419601,
  "A_244": 104.39812724136567,
  "A_245": 100.62964862330794,
  "A_246": 87.6419150358787,
  "A_247": 16.90679502455883,
  "A_248": 116.18675261203151,
  "A_249": 50.280323341132245,
  "A_250": 20.415639859353266,
  "A_251": 27.639279776940878,
  "A_252": 150.8599075439126,
  "A_253": 111.07445145321547,
  "A_254": 2.3012166187545233,
  "A_255": 59.16604170165747,
  "A_256": 167.12583023350973,
  "A_257": 96.78555815326364,
  "A_258": 4.422005288228077,
  "A_259": 114.08035243691141,
  "A_260": 44.119672713813266,
  "A_261": 242.04979909267882,
  "A_262": 33.018704275906366,
  "A_263": 68.83480831427524,
  "A_264": 37.84582422000016,
  "A_265": 59.60327600081348,
  "A_266": 100.49849341320588,
  "A_267": 17.497414443433716,
  "A_268": 4.69434367218247,
  "A_269": 38.74448308174482,
  "A_270": 52.70923941806988,