{
  "A_1": 114.43800391096669,
  "A_2": 133.7060953721873,
  "A_3": 35.961584910971304,
  "A_4": 19.32205145663866,
  "A_5": 126.22978344065677,
  "A_6": 177.54934563159654,
  "A_7": 24.152564320798326,
  "A_8": 92.5387280713997,
  "A_9": 60.935399250529855,
  "A_10": 11.255874088470113,
  "A_11": 8.453397512279414,
  "A_12": 4.285836096250882,
  "A_13": 68.62706107527865,
  "A_14": 0.0,
  "A_15": 0.0,
  "A_16": 46.68899284962515,
  "A_17": 7.05259904715557,
  "A_18": 0.0,
  "A_19": 36.7752071427686,
  "A_20": 139.15106606027726,
  "A_21": 30.154916377488213,
  "A_22": 4.830512864159665,
  "A_23": 75.99110505174049,
  "A_24": 64.1446995089898,
  "A_25": 12.076282160399163,
  "A_26": 16.90679502455883,
  "A_27": 49.37658766565937,
  "A_28": 93.1565788153959,
  "A_29": 9.66102572831933,
  "A_30": 102.11462920517738,
  "A_31": 72.83888124861096,
  "A_32": 37.43647469723741,
  "A_33": 111.05156809232673,
  "A_34": 66.95903873904045,
  "A_35": 162.92929076684445,
  "A_36": 38.19980631383604,
  "A_37": 79.94001161907917,
  "A_38": 170.06507918746706,
  "A_39": 59.84349474147757,
  "A_40": 34.3045832817619,
  "A_41": 121.26649430458579,
  "A_42": 174.2141429059513,
  "A_43": 75.36994935227274,
  "A_44": 62.77537980225493,
  "A_45": 8.111278072303488,
  "A_46": 11.803943776444772,
  "A_47": 117.47863834304073,
  "A_48": 21.623268075393185,
  "A_49": 1.2076282160399163,
  "A_50": 53.52625456993306,
  "A_51": 53.13564150575631,
  "A_52": 1.2076282160399163,
  "A_53": 28.70818782776889,
  "A_54": 98.03999609984203,
  "A_55": 10.868653944359247,
  "A_56": 0.0,
  "A_57": 71.66947993197992,
  "A_58": 102.3690730773769,
  "A_59": 89.77297043014417,
  "A_60": 0.0,
  "A_61": 2.142918048125441,
  "A_62": 100.04328920407133,
  "A_63": 64.86977909343834,
  "A_64": 4.69434367218247,
  "A_65": 51.85643524269702,
  "A_66": 28.26644220156232,
  "A_67": 88.93808589926738,
  "A_68": 69.00157661869838,
  "A_69": 16.90679502455883,
  "A_70": 168.45089118294084,
  "A_71": 14.267693832725417,
  "A_72": 49.060832471232374,
  "A_73": 184.67770732718606,
  "A_74": 52.54151606948003,
  "A_75": 6.701092528330714,
  "A_76": 31.991504009147423,
  "A_77": 106.39283751446536,
  "A_78": 34.36673655082052,
  "A_79": 176.43026006290538,
  "A_80": 24.018079022483462,
  "A_81": 134.89600500566098,
  "A_82": 88.98478253247032,
  "A_83": 1.0714590240627204,
  "A_84": 12.993677480729842,
  "A_85": 15.310237638004502,
  "A_86": 9.66102572831933,
  "A_87": 107.53245653274035,
  "A_88": 13.28391037643908,
  "A_89": 36.22968842802866,
  "A_90": 103.11471124415053,
  "A_91": 16.336595957932282,
  "A_92": 155.59167386778466,
  "A_93": 27.212877689254444,
  "A_94": 3.280765208143822,
  "A_95": 1.2076282160399163,
  "A_96": 0.0,
  "A_97": 0.0,
  "A_98": 20.77817965157754,
  "A_99": 68.2006589875922,
  "A_100": 16.888900512803982,
  "A_101": 93.53109435881565,
  "A_102": 192.79661318645248,
  "A_103": 100.51638792496071,
  "A_104": 81.77489022433484,
  "A_105": 18.114423240598747,
  "A_106": 0.0,
  "A_107": 1.2076282160399163,
  "A_108": 0.0,
  "A_109": 0.0,
  "A_110": 14.55876867526582,
  "A_111": 7.052599047155569,
  "A_112": 0.0,
  "A_113": 41.278014194047,
  "A_114": 91.96684511111084,
  "A_115": 103.16573070884485,
  "A_116": 21.973857249163192,
  "A_117": 48.42340332181901,
  "A_118": 212.3629046223518,
  "A_119": 97.71051842870415,
  "A_120": 127.88332931794722,
  "A_121": 59.23837373091371,
  "A_122": 139.51209788802782,
  "A_123": 135.65774069319158,
  "A_124": 82.62760643511339,
  "A_125": 19.69477000906056,
  "A_126": 4.716473050834356,
  "A_127": 25.886974792992177,
  "A_128": 68.00413351755425,
  "A_129": 27.503110584963686,
  "A_130": 0.0,
  "A_131": 22.11002644114039,
  "A_132": 116.06505987900209,
  "A_133": 36.62468715554981,
  "A_134": 23.18148546520311,
  "A_135": 167.0534353724004,
  "A_136": 201.13339477943066,
  "A_137": 37.695153436333996,
  "A_138": 87.76877254723064,
  "A_139": 0.0,
  "A_140": 8.453397512279414,
  "A_141": 45.574117015089826,
  "A_142": 71.4908489736968,
  "A_143": 48.71447816435941,
  "A_144": 144.25815217528836,
  "A_145": 26.940539305300057,
  "A_146": 0.0,
  "A_147": 31.12599523308343,
  "A_148": 109.75202944161339,
  "A_149": 47.31615527424659,
  "A_150": 2.4152564320798326,
  "A_151": 107.0634167495594,
  "A_152": 140.59100876986486,
  "A_153": 73.72991232339271,
  "A_154": 133.81250739854966
}