{
  "A_1": 207.15949727658165,
  "A_2": 39.51384655623835,
  "A_3": 141.01419386667402,
  "A_4": 37.98028438557381,
  "A_5": 0.0,
  "A_6": 0.0,
  "A_7": 0.0,
  "A_8": 0.0,
  "A_9": 0.0,
  "A_10": 7.500213168439043,
  "A_11": 34.86715456142553,
  "A_12": 32.74381491871727,
  "A_13": 59.94981880324566,
  "A_14": 0.0,
  "A_15": 0.0,
  "A_16": 0.0,
  "A_17": 1.2867963509103797,
  "A_18": 3.280765208143822,
  "A_19": 0.0,
  "A_20": 0.0,
  "A_21": 0.0,
  "A_22": 54.67942013573036,
  "A_23": 8.181059128325023,
  "A_24": 0.0,
  "A_25": 0.0,
  "A_26": 85.46329592883787,
  "A_27": 25.504831462609516,
  "A_28": 0.0,
  "A_29": 49.34079864214968,
  "A_30": 86.74148431587739,
  "A_31": 103.94941984583872,
  "A_32": 67.82794043517032,
  "A_33": 11.667774584467574,
  "A_34": 83.49131822017954,
  "A_35": 3.3948050214691308,
  "A_36": 16.41168002235308,
  "A_37": 0.0,
  "A_38": 0.0,
  "A_39": 85.00707384368354,
  "A_40": 43.5392069223948,
  "A_41": 0.0,
  "A_42": 14.491538592478996,
  "A_43": 44.6822439934769,
  "A_44": 0.0,
  "A_45": 0.0,
  "A_46": 79.47782050788305,
  "A_47": 91.65448283674971,
  "A_48": 30.154916377488213,
  "A_49": 80.5893913869468,
  "A_50": 23.730397100008933,
  "A_51": 48.30512864159665,
  "A_52": 122.44860022190794,
  "A_53": 9.116348960410548,
  "A_54": 63.660379019141786,
  "A_55": 117.5909691299625,
  "A_56": 186.12182207181758,
  "A_57": 38.74871794864186,
  "A_58": 0.0,
  "A_59": 40.73333742613822,
  "A_60": 110.04632127503106,
  "A_61": 27.04282956210094,
  "A_62": 53.13564150575632,
  "A_63": 71.47980313392681,
  "A_64": 123.57974950638888,
  "A_65": 33.251860716285194,
  "A_66": 11.848202533748545,
  "A_67": 29.7906675588604,
  "A_68": 60.231581965160814,
  "A_69": 1.2076282160399163,
  "A_70": 18.000383427273437,
  "A_71": 40.27717817283698,
  "A_72": 23.607887552889544,
  "A_73": 227.4884794441783,
  "A_74": 36.734341305530705,
  "A_75": 86.15434578166268,
  "A_76": 97.1837361725502,
  "A_77": 14.083031016547407,
  "A_78": 205.79798128599833,
  "A_79": 74.16901901177025,
  "A_80": 118.6435157662506,
  "A_81": 115.2938994135107,
  "A_82": 30.19070540099791,
  "A_83": 22.965356457006752,
  "A_84": 40.78702096140276,
  "A_85": 61.589039018035734,
  "A_86": 0.0,
  "A_87": 8.453397512279414,
  "A_88": 96.91139778859582,
  "A_89": 22.522768883969018,
  "A_90": 0.0,
  "A_91": 123.11589963427161,
  "A_92": 149.00710929416084,
  "A_93": 88.1806479104869,
  "A_94": 39.697667425585195,
  "A_95": 7.500213168439043,
  "A_96": 60.01959985926719,
  "A_97": 0.0,
  "A_98": 0.0,
  "A_99": 0.0,
  "A_100": 0.0,
  "A_101": 0.0,
  "A_102": 0.0,
  "A_103": 15.471087181868294,
  "A_104": 67.3717811818691,
  "A_105": 59.84181084781524,
  "A_106": 3.2365064508400483,
  "A_107": 3.622884648119749,
  "A_108": 76.7930908243489,
  "A_109": 7.131729482914189,
  "A_110": 0.0,
  "A_111": 16.928962102322558,
  "A_112": 99.01783566282779,
  "A_113": 0.0,
  "A_114": 40.63295725767072,
  "A_115": 99.46705827954989,
  "A_116": 71.19638121109053,
  "A_117": 63.40593514694224,
  "A_118": 14.491538592478996,
  "A_119": 39.73769131599193,
  "A_120": 0.0,
  "A_121": 0.0,
  "A_122": 0.0,
  "A_123": 0.0,
  "A_124": 0.0,
  "A_125": 1.0714590240627204,
  "A_126": 14.06513650479256,
  "A_127": 4.602433237509047,
  "A_128": 19.286262433128964,
  "A_129": 5.379424498965489,
  "A_130": 44.08388369030358,
  "A_131": 1.2076282160399163,
  "A_132": 57.92018658620866,
  "A_133": 3.3948050214691308,
  "A_134": 5.493464312290798,
  "A_135": 39.253370826143914,
  "A_136": 32.84251119352244,
  "A_137": 0.0,
  "A_138": 0.0,
  "A_139": 0.0,
  "A_140": 4.830512864159665,
  "A_141": 50.1757083057677,
  "A_142": 7.109600104262302,
  "A_143": 0.0,
  "A_144": 30.190705400997906,
  "A_145": 56.0061021469707,
  "A_146": 36.21518683633968,
  "A_147": 0.0,
  "A_148": 26.56782075287816,
  "A_149": 93.5429570126756,
  "A_150": 18.93567325935896,
  "A_151": 0.0,
  "A_152": 79.06931293195146,
  "A_153": 165.37268330272985,
  "A_154": 31.39833361703782,
  "A_155": 49.6940267537487,
  "A_156": 108.79782722175324,
  "A_157": 58.909913935795586,
  "A_158": 3.214377072188161,
  "A_159": 56.82311729883388,
  "A_160": 88.30393657258436,
  "A_161": 109.83283120466372,
  "A_162": 90.24606915103357,
  "A_163": 64.454485677375,
  "A_164": 1.0714590240627204,
  "A_165": 6.428754144376322,
  "A_166": 0.0,
  "A_167": 0.0,
  "A_168": 34.286688770007046,
  "A_169": 0.0,
  "A_170": 13.363078511309542,
  "A_171": 0.0,
  "A_172": 131.7582576614792,
  "A_173": 162.65433857780226,
  "A_174": 2.4152564320798326,
  "A_175": 0.0,
  "A_176": 11.259267008535987,
  "A_177": 0.0,
  "A_178": 0.0,
  "A_179": 2.4152564320798326,
  "A_180": 5.493464312290798,
  "A_181": 0.0,
  "A_182": 0.0,
  "A_183": 53.372190866201024,
  "A_184": 64.61356336298216,
  "A_185": 7.772551552393435,
  "A_186": 37.28241099350536,
  "A_187": 2.142918048125441,
  "A_188": 19.694770009060555,
  "A_189": 18.114423240598747,
  "A_190": 31.502948652402367,
  "A_191": 9.66102572831933,
  "A_192": 1.2076282160399163,
  "A_193": 45.563850290297886,
  "A_194": 64.47739417100496,
  "A_195": 47.76045187368787,
  "A_196": 187.56165168406963,
  "A_197": 55.427433346550075,
  "A_198": 33.589745289364075,
  "A_199": 90.1772180064375,
  "A_200": 109.5144622051489,
  "A_201": 92.18126509290366,
  "A_202": 9.432946101668712,
  "A_203": 4.830512864159665,
  "A_204": 95.6467810818198,
  "A_205": 112.03009880569624,
  "A_206": 3.350546264165357,
  "A_207": 70.68154957339084,
  "A_208": 48.054919636294144,
  "A_209": 10.640574317708628,
  "A_210": 46.943436721824696,
  "A_211": 87.28616108378617,
  "A_212": 183.6181109569833,
  "A_213": 52.55517571433784,
  "A_214": 58.46741432735217,
  "A_215": 127.43242280756277,
  "A_216": 38.96493492143253,
  "A_217": 4.830512864159665,
  "A_218": 0.0,
  "A_219": 0.0,
  "A_220": 0.0,
  "A_221": 0.0,
  "A_222": 1.0714590240627204,
  "A_223": 31.48081927375048,
  "A_224": 122.46141791993459,
  "A_225": 44.83645849365633,
  "A_226": 26.686095433100512,
  "A_227": 78.70167119325777,
  "A_228": 5.924101266874272,
  "A_229": 105.99195772549666,
  "A_230": 106.53663449340546,
  "A_231": 0.0,
  "A_232": 4.830512864159665,
  "A_233": 123.56103818054407,
  "A_234": 57.85211455659068,
  "A_235": 0.0,
  "A_236": 66.8568615795751,
  "A_237": 150.23092299555208,
  "A_238": 72.06009299615665,
  "A_239": 31.616988465727676,
  "A_240": 68.51302126195334,
  "A_241": 40.39554081765364,
  "A_242": 63.815284669704994,
  "A_243": 5.357295120313602,
  "A_244": 116.88375892452757,
  "A_245": 31.54720740970614,
  "A_246": 41.56824708975624,
  "A_247": 82.01738347808012,
  "A_248": 15.681272296764066,
  "A_249": 16.79275521123352,
  "A_250": 139.60655929593594,
  "A_251": 94.33540490998772,
  "A_252": 0.0,
  "A_253": 55.021539575706285,
  "A_254": 28.732868179655487,
  "A_255": 47.916199471082244,
  "A_256": 57.99759542919312,
  "A_257": 2.142918048125441,
  "A_258": 36.22884648119749,
  "A_259": 91.64357522705646,
  "A_260": 72.91469416252738,
  "A_261": 0.0,
  "A_262": 70.37858694424928,
  "A_263": 95.2664598751762,
  "A_264": 5.810061453548963,
  "A_265": 0.0,
  "A_266": 33.79569553736281,
  "A_267": 99.31740537190348,
  "A_268": 0.0,
  "A_269": 0.0,
  "A_270": 30.190705400997906,
  "A_271": 51.34754749829792,
  "A_272": 0.0,
  "A_273": 0.0,
  "A_274": 80.93989259612252,
  "A_275": 4.830512864159665,
  "A_276": 4.285836096250882,
  "A_277": 81.38418919556379,
  "A_278": 68.55304515236007,
  "A_279": 65.1403456191361,
  "A_280": 86.85975899609974,
  "A_281": 31.749764737638998,
  "A_282": 7.109600104262302,
  "A_283": 56.2291677917462,
  "A_284": 2.5735927018207594,
  "A_285": 4.422005288228077,
  "A_286": 0.0,
  "A_287": 4.830512864159665,
  "A_288": 52.162853623757556,
  "A_289": 134.16063356367928,
  "A_290": 109.69489015442988,
  "A_291": 110.68383838903874,
  "A_292": 47.905090799459146,
  "A_293": 30.190705400997906,
  "A_294": 46.89746893811737,
  "A_295": 31.23748407317403,
  "A_296": 53.08619283738882,
  "A_297": 1.2076282160399163,