{
  "A_1": 104.32447574319491,
  "A_2": 90.4307570999528,
  "A_3": 108.93759039572615,
  "A_4": 180.2335977930473,
  "A_5": 32.74636589195198,
  "A_6": 24.152564320798326,
  "A_7": 48.305128641596646,
  "A_8": 179.56296829247083,
  "A_9": 107.78266553804285,
  "A_10": 97.0366091053973,
  "A_11": 67.8466391946445,
  "A_12": 172.3019057231936,
  "A_13": 26.431651560900963,
  "A_14": 39.85173112931724,
  "A_15": 78.35966485061738,
  "A_16": 96.45619357946126,
  "A_17": 58.90144420200151,
  "A_18": 32.60596183307774,
  "A_19": 48.054919636294144,
  "A_20": 30.0766655876726,
  "A_21": 31.284293803712515,
  "A_22": 8.84923818663173,
  "A_23": 63.868126258138375,
  "A_24": 101.44077014735296,
  "A_25": 21.328800312786907,
  "A_26": 19.32205145663866,
  "A_27": 90.43594701101652,
  "A_28": 82.11871869071432,
  "A_29": 14.201305696769758,
  "A_30": 74.56905685390777,
  "A_31": 135.2006766612061,
  "A_32": 64.39490851429231,
  "A_33": 120.20025032432801,
  "A_34": 30.445991220028617,
  "A_35": 48.104255207326126,
  "A_36": 32.46979264110055,
  "A_37": 0.0,
  "A_38": 83.77653713401367,
  "A_39": 66.11142447473132,
  "A_40": 84.752629971484,
  "A_41": 31.208480889796085,
  "A_42": 24.152564320798326,
  "A_43": 140.31951233274162,
  "A_44": 237.20054976993316,
  "A_45": 14.904281035307623,
  "A_46": 57.21976222090551,
  "A_47": 113.71262273362342,
  "A_48": 77.77157127223597,
  "A_49": 82.1187186907143,
  "A_50": 4.830512864159665,
  "A_51": 67.96410962714752,
  "A_52": 83.07779666237283,
  "A_53": 26.56782075287816,
  "A_54": 65.89019352006554,
  "A_55": 112.47352832556516,
  "A_56": 143.08121103628875,
  "A_57": 80.48468838698795,
  "A_58": 3.622884648119749,
  "A_59": 50.5484268581896,
  "A_60": 79.75015889183744,
  "A_61": 76.65159349123121,
  "A_62": 59.173782585955905,
  "A_63": 99.43486323803589,
  "A_64": 167.292560838821,
  "A_65": 41.05935934535715,
  "A_66": 17.526329662217353,
  "A_67": 60.38141080199581,
  "A_68": 158.1098237424548,
  "A_69": 67.01017130107029,
  "A_70": 33.56338104381515,
  "A_71": 36.228846481197486,
  "A_72": 38.77084732729375,
  "A_73": 66.97513625979745,
  "A_74": 40.632957257670725,
  "A_75": 186.1755056070821,
  "A_76": 149.41900979015833,
  "A_77": 39.561498233608006,
  "A_78": 80.53138502019092,
  "A_79": 21.87771194759273,
  "A_80": 26.06740274227315,
  "A_81": 75.1664621129144,
  "A_82": 2.142918048125441,
  "A_83": 30.563423953419804,
  "A_84": 103.59807668983186,
  "A_85": 67.70966575494796,
  "A_86": 54.83849782133752,
  "A_87": 136.38282027764012,
  "A_88": 56.75852615387606,
  "A_89": 0.0,
  "A_90": 54.34326972179623,
  "A_91": 93.79740088487515,
  "A_92": 12.466895224575905,
  "A_93": 3.622884648119749,
  "A_94": 156.123558070408,
  "A_95": 102.35816546768365,
  "A_96": 51.928013289716404,
  "A_97": 67.62718009823531,
  "A_98": 13.28391037643908,
  "A_99": 0.0,
  "A_100": 6.038141080199582,
  "A_101": 32.60596183307774,
  "A_102": 11.53160539249038,
  "A_103": 0.0,
  "A_104": 0.0,
  "A_105": 105.72660624360387,
  "A_106": 12.897532179159379,
  "A_107": 0.0,
  "A_108": 25.36019253683824,
  "A_109": 96.496217469868,
  "A_110": 47.09750042555674,
  "A_111": 1.2076282160399163,
  "A_112": 46.68899284962515,
  "A_113": 113.75360166819682,
  "A_114": 59.0376133939787,
  "A_115": 0.0,
  "A_116": 39.85173112931724,
  "A_117": 57.966154369915984,
  "A_118": 55.43685812451084,
  "A_119": 0.0,
  "A_120": 22.944936104758412,
  "A_121": 68.83480831427524,
  "A_122": 0.0,
  "A_123": 4.285836096250882,
  "A_124": 74.95543505118746,
  "A_125": 119.68965355352536,
  "A_126": 146.37230580107757,
  "A_127": 100.54791694883215,
  "A_128": 160.48857486789996,
  "A_129": 180.04977692370048,
  "A_130": 33.81359004911765,
  "A_131": 0.0,
  "A_132": 86.6054030884945,
  "A_133": 80.79705066134909,
  "A_134": 16.498287448627238,
  "A_135": 71.81855478657805,
  "A_136": 106.13511381953543,
  "A_137": 75.42918722334882,
  "A_138": 9.66102572831933,
  "A_139": 112.17325489973503,
  "A_140": 64.3591194907826,
  "A_141": 0.0,
  "A_142": 90.92694024366078,
  "A_143": 87.77715431643043,
  "A_144": 28.947288161448295,
  "A_145": 62.79666723407565,
  "A_146": 28.16266911302894,
  "A_147": 96.6102572831933,
  "A_148": 160.04264464027878,
  "A_149": 32.46979264110054,
  "A_150": 1.2076282160399163,
  "A_151": 86.81306236289679,
  "A_152": 32.99657489725448,
  "A_153": 22.94493610475841,
  "A_154": 26.567820752878163,
  "A_155": 102.3760599794385,
  "A_156": 79.58942244530917,
  "A_157": 61.589039018035734,
  "A_158": 128.03739302167924,
  "A_159": 51.874329754451864,
  "A_160": 140.4328861284244,
  "A_161": 76.04478858700504,
  "A_162": 149.14316538880254,
  "A_163": 111.6106836200714,
  "A_164": 26.295482368923768,
  "A_165": 26.181442555598455,
  "A_166": 14.654072030005118,
  "A_167": 31.337022294810367,
  "A_168": 15.585126995193603,
  "A_169": 16.745945480695035,
  "A_170": 26.826499491974744,
  "A_171": 34.55902715396144,
  "A_172": 156.5309598057255,
  "A_173": 192.8698122952811,
  "A_174": 30.308980081220255,
  "A_175": 119.3285965930336,
  "A_176": 78.73238340303926,
  "A_177": 15.54510310478687,
  "A_178": 82.64973581376528,
  "A_179": 140.1877790695913,
  "A_180": 98.42715341209981,
  "A_181": 42.77587530579616,
  "A_182": 6.83726172030791,
  "A_183": 45.88987220951682,
  "A_184": 46.77147850633781,
  "A_185": 30.190705400997906,
  "A_186": 80.9110904746744,
  "A_187": 2.142918048125441,
  "A_188": 1.0714590240627204,
  "A_189": 106.89844543613408,
  "A_190": 113.71781264468714,
  "A_191": 89.37539559664708,
  "A_192": 65.41268400309048,
  "A_193": 54.66323465037906,
  "A_194": 34.45101919853103,
  "A_195": 123.01363451021197,
  "A_196": 4.830512864159665,
  "A_197": 47.09750042555674,
  "A_198": 130.28767814033378,
  "A_199": 18.70504265947363,
  "A_200": 3.350546264165357,
  "A_201": 61.58903901803573,
  "A_202": 81.35017203031073,
  "A_203": 6.609182093657292,
  "A_204": 13.28391037643908,
  "A_205": 62.79666723407565,
  "A_206": 1.2076282160399163,
  "A_207": 0.0,
  "A_208": 1.2076282160399163,
  "A_209": 60.245241610018624,
  "A_210": 1.2076282160399163,
  "A_211": 10.732484752382051,
  "A_212": 0.0,
  "A_213": 30.190705400997906,
  "A_214": 37.4364746972374,
  "A_215": 19.845440792726723,
  "A_216": 15.699166808518912,
  "A_217": 2.3012166187545233,
  "A_218": 56.622356961898866,
  "A_219": 4.830512864159665,
  "A_220": 0.0,
  "A_221": 146.3885164191701,
  "A_222": 50.09734441861657,
  "A_223": 1.2076282160399163,
  "A_224": 44.31373517521083,
  "A_225": 54.42999024540593,
  "A_226": 2.4152564320798326,
  "A_227": 0.0,
  "A_228": 47.07960591380189,
  "A_229": 98.50963906881248,
  "A_230": 34.97609242828142,
  "A_231": 29.237521057157537,
  "A_232": 76.80812020360366,
  "A_233": 78.89735471646458,
  "A_234": 95.84417363143014,
  "A_235": 77.35882882940734,
  "A_236": 0.0,
  "A_237": 146.87019797118907,
  "A_238": 83.27266337148968,
  "A_239": 7.245769296239498,
  "A_240": 132.34118646153806,
  "A_241": 91.70816637201426,
  "A_242": 87.36864674049883,
  "A_243": 63.13359676298785,
  "A_244": 59.95500871430937,
  "A_245": 61.589039018035734,
  "A_246": 46.80048168971575,
  "A_247": 161.09113233885844,
  "A_248": 83.50921273193437,
  "A_249": 4.830512864159665,
  "A_250": 21.737307888718494,
  "A_251": 87.86662687520464,
  "A_252": 65.53920222243588,
  "A_253": 78.83276357150676,
  "A_254": 0.0,
  "A_255": 25.36019253683824,
  "A_256": 67.47311639450328,
  "A_257": 67.35133569687953,
  "A_258": 0.0,
  "A_259": 47.09750042555673,
  "A_260": 44.6822439934769,
  "A_261": 58.08442905013833,
  "A_262": 0.0,
  "A_263": 38.23559533734573,
  "A_264": 45.209026249630845,
  "A_265": 42.929939009528205,
  "A_266": 26.295482368923768,
  "A_267": 8.453397512279414,
  "A_268": 73.6653211784349,
  "A_269": 11.962242347073854,
  "A_270": 31.39833361703782,
  "A_271": 2.142918048125441,
  "A_272": 77.5714518202023,
  "A_273": 0.0,
  "A_274": 20.12117209674699,
  "A_275": 170.03204219912192,
  "A_276": 22.40025933684963,
  "A_277": 1.2076282160399163,