{
  "A_1": 181.31921911679245,
  "A_2": 83.75611678176533,
  "A_3": 100.11910211798775,
  "A_4": 72.11557352241906,
  "A_5": 16.271049768807785,
  "A_6": 46.96133123357954,
  "A_7": 100.6237549954898,
  "A_8": 66.30551206887009,
  "A_9": 7.109600104262302,
  "A_10": 93.51415489122749,
  "A_11": 96.6102572831933,
  "A_12": 1.2076282160399163,
  "A_13": 25.246152723512935,
  "A_14": 26.181442555598462,
  "A_15": 40.945319532031846,
  "A_16": 0.0,
  "A_17": 33.67742085714046,
  "A_18": 68.83480831427524,
  "A_19": 24.152564320798326,
  "A_20": 36.69092449505809,
  "A_21": 97.90037115594589,
  "A_22": 145.99273857667083,
  "A_23": 126.22049689277274,
  "A_24": 171.2652555457327,
  "A_25": 58.08442905013833,
  "A_26": 74.25423157090623,
  "A_27": 15.202983664810944,
  "A_28": 41.93020882893225,
  "A_29": 72.45769296239499,
  "A_30": 0.0,
  "A_31": 0.0,
  "A_32": 42.266987561397066,
  "A_33": 55.41472874585895,
  "A_34": 0.0,
  "A_35": 0.0,
  "A_36": 64.00429545011556,
  "A_37": 23.04531627322591,
  "A_38": 3.622884648119749,
  "A_39": 0.0,
  "A_40": 106.9722351643816,
  "A_41": 74.0380397308568,
  "A_42": 25.987354961459683,
  "A_43": 62.99742757101065,
  "A_44": 33.659526345385615,
  "A_45": 89.79840476426764,
  "A_46": 119.28708987089436,
  "A_47": 128.31465742291448,
  "A_48": 57.75840713091941,
  "A_49": 2.4152564320798326,
  "A_50": 79.58942244530917,
  "A_51": 130.46468803680764,
  "A_52": 8.707841384478959,
  "A_53": 30.45037688337303,
  "A_54": 130.35488309037936,
  "A_55": 44.31799517484909,
  "A_56": 2.279087240102637,
  "A_57": 62.79666723407565,
  "A_58": 37.41858018548256,
  "A_59": 76.89069382491063,
  "A_60": 3.350546264165357,
  "A_61": 35.8203389052659,
  "A_62": 60.622195029337554,
  "A_63": 86.45125142016816,
  "A_64": 0.0,
  "A_65": 24.152564320798326,
  "A_66": 80.9110904746744,
  "A_67": 1.2076282160399163,
  "A_68": 1.0714590240627204,
  "A_69": 26.431651560900963,
  "A_70": 33.81359004911766,
  "A_71": 4.830512864159665,
  "A_72": 6.564923336353519,
  "A_73": 0.0,
  "A_74": 7.245769296239498,
  "A_75": 7.245769296239498,
  "A_76": 56.846176588911234,
  "A_77": 0.0,
  "A_78": 0.0,
  "A_79": 32.72423651330009,
  "A_80": 63.37014612343255,
  "A_81": 10.051638792496071,
  "A_82": 1.2076282160399163,
  "A_83": 0.0,
  "A_84": 2.279087240102637,
  "A_85": 69.13095997054384,
  "A_86": 37.14113985505875,
  "A_87": 0.0,
  "A_88": 2.4152564320798326,
  "A_89": 116.90843927641417,
  "A_90": 14.219200208524605,
  "A_91": 16.90679502455883,
  "A_92": 39.970005809539586,
  "A_93": 78.87702232881054,
  "A_94": 172.58605649552553,
  "A_95": 57.94825985816112,
  "A_96": 25.224023344861045,
  "A_97": 120.76789841771983,
  "A_98": 194.9548496403568,
  "A_99": 110.23109718854458,
  "A_100": 9.546985914994021,
  "A_101": 80.38164414795023,
  "A_102": 87.92878014426327,
  "A_103": 0.0,
  "A_104": 1.2076282160399163,
  "A_105": 16.90679502455883,
  "A_106": 54.34326972179623,
  "A_107": 0.0,
  "A_108": 0.0,
  "A_109": 53.934762145864646,
  "A_110": 15.562997616541717,
  "A_111": 2.4152564320798326,
  "A_112": 1.2076282160399163,
  "A_113": 20.529679672678576,
  "A_114": 6.83726172030791,
  "A_115": 4.830512864159665,
  "A_116": 33.58551042246704,
  "A_117": 13.28391037643908,
  "A_118": 91.28176428432782,
  "A_119": 64.00429545011556,
  "A_120": 1.2076282160399163,
  "A_121": 3.5088448347944396,
  "A_122": 65.87487511428661,
  "A_123": 42.27332101218672,
  "A_124": 2.4152564320798326,
  "A_125": 3.622884648119749,
  "A_126": 32.46979264110055,
  "A_127": 34.907178451832266,
  "A_128": 1.2076282160399163,
  "A_129": 2.279087240102637,
  "A_130": 56.62235696189887,
  "A_131": 10.868653944359247,
  "A_132": 2.279087240102637,
  "A_133": 60.2537113438127,
  "A_134": 133.73161767090505,
  "A_135": 21.837688057185993,
  "A_136": 178.28294521532155,
  "A_137": 55.66917261805851,
  "A_138": 34.907178451832266,
  "A_139": 4.716473050834356,
  "A_140": 3.622884648119749,
  "A_141": 90.2487080888626,
  "A_142": 1.2076282160399163,
  "A_143": 1.2076282160399163,
  "A_144": 0.0,
  "A_145": 0.0,
  "A_146": 0.0,
  "A_147": 2.4152564320798326,
  "A_148": 0.0,
  "A_149": 0.0,
  "A_150": 3.622884648119749,
  "A_151": 8.453397512279414,
  "A_152": 1.0714590240627204,
  "A_153": 0.0,
  "A_154": 35.11141967342745,
  "A_155": 15.272764720832477,
  "A_156": 6.038141080199582,
  "A_157": 7.245769296239498,
  "A_158": 0.0,
  "A_159": 10.596315560404856,
  "A_160": 4.466264045531851,
  "A_161": 7.245769296239498,
  "A_162": 12.805621744485958,
  "A_163": 4.830512864159665,
  "A_164": 3.4867154561425533,
  "A_165": 2.142918048125441,
  "A_166": 1.2076282160399163,
  "A_167": 8.317228320302219,
  "A_168": 23.225744222506883,
  "A_169": 17.143344385003527,
  "A_170": 11.123097816558792,
  "A_171": 57.912470834651444,
  "A_172": 16.48039293687239,
  "A_173": 74.04735141148203,
  "A_174": 34.67909882518165,
  "A_175": 4.374353610858429,
  "A_176": 51.74957082699251,
  "A_177": 0.0,
  "A_178": 5.901971888222386,
  "A_179": 56.21384938596729,
  "A_180": 32.84251119352244,
  "A_181": 0.0,
  "A_182": 64.00429545011556,
  "A_183": 92.30652667518757,
  "A_184": 0.0,
  "A_185": 10.868653944359247,
  "A_186": 90.57211620299373,
  "A_187": 36.228846481197486,
  "A_188": 0.0,
  "A_189": 8.453397512279414,
  "A_190": 78.49583404259457,
  "A_191": 42.01143784858348,
  "A_192": 1.2076282160399163,
  "A_193": 0.0,
  "A_194": 58.22059824211554,
  "A_195": 68.83480831427522,
  "A_196": 18.114423240598747,
  "A_197": 12.739233608530295,
  "A_198": 157.36604539853212,
  "A_199": 170.8848463744948,
  "A_200": 39.135096145921565,
  "A_201": 55.65127810630365,
  "A_202": 102.33345998305583,
  "A_203": 8.339357698954105,
  "A_204": 124.89184196134593,
  "A_205": 101.0092409804559,
  "A_206": 115.00125377464349,
  "A_207": 83.60619998033602,
  "A_208": 6.973430912285107,
  "A_209": 115.46492771757211,
  "A_210": 121.42577305212278,
  "A_211": 108.83541323626079,
  "A_212": 185.9551165992475,
  "A_213": 74.24483192568668,
  "A_214": 132.13421833751957,
  "A_215": 154.20863168433885,
  "A_216": 128.65788270350447,
  "A_217": 43.93585184446643,
  "A_218": 95.31399845521032,
  "A_219": 127.13560513365161,
  "A_220": 144.10586032981294,
  "A_221": 54.394289186490546,
  "A_222": 26.984798062603826,
  "A_223": 1.2076282160399163,
  "A_224": 62.713226533196305,
  "A_225": 35.772687227896256,
  "A_226": 34.45101919853103,
  "A_227": 37.322434883912095,
  "A_228": 0.0,
  "A_229": 33.81359004911766,
  "A_230": 99.02551371527315,
  "A_231": 1.2076282160399163,
  "A_232": 9.77930040854168,
  "A_233": 45.88987220951682,
  "A_234": 28.846907992980796,
  "A_235": 4.830512864159665,
  "A_236": 9.546985914994021,
  "A_237": 86.67689317091958,
  "A_238": 32.33362344912335,
  "A_239": 3.4867154561425533,
  "A_240": 48.30512864159665,
  "A_241": 64.20505578705057,
  "A_242": 15.953610680718457,
  "A_243": 19.30415694488381,
  "A_244": 71.25006474635506,
  "A_245": 26.431651560900963,
  "A_246": 49.33824766891497,
  "A_247": 122.85205611685254,
  "A_248": 182.09051781236056,
  "A_249": 46.943436721824696,
  "A_250": 102.42031873674227,
  "A_251": 133.43053999735562,
  "A_252": 106.6549091736278,
  "A_253": 41.858479985465486,
  "A_254": 102.26202016611317,
  "A_255": 54.9806988712096,
  "A_256": 60.67672051143326,
  "A_257": 106.79107836560499,
  "A_258": 84.53397512279415,
  "A_259": 42.26698756139707,
  "A_260": 45.70001948227508,
  "A_261": 129.10217930294576,
  "A_262": 74.87294939447482,
  "A_263": 9.77930040854168,
  "A_264": 37.690918569436946,
  "A_265": 10.070375251082083,
  "A_266": 44.54607480149971,
  "A_267": 39.85173112931724,
  "A_268": 0.0,
  "A_269": 2.4152564320798326,
  "A_270": 106.27128301151265,
  "A_271": 60.245241610018624,
  "A_272": 0.0,
  "A_273": 10.868653944359247,
  "A_274": 63.868126258138375,
  "A_275": 48.30512864159665,
  "A_276": 0.0,
  "A_277": 30.190705400997906,
  "A_278": 73.6653211784349,
  "A_279": 58.76527501002431,
  "A_280": 0.0,
  "A_281": 0.0,
  "A_282": 59.91921969079969,