{
  "A_1": 158.957990927071,
  "A_2": 89.83842865467437,
  "A_3": 120.2946614667537,
  "A_4": 91.77974441903365,
  "A_5": 43.47461577743699,
  "A_6": 53.25391618597867,
  "A_7": 73.18523555548391,
  "A_8": 54.22922990847093,
  "A_9": 46.36297093040622,
  "A_10": 169.43469977196838,
  "A_11": 104.77342189976349,
  "A_12": 33.67742085714046,
  "A_13": 43.474615777436995,
  "A_14": 83.44462158697658,
  "A_15": 112.08134446506159,
  "A_16": 6.701092528330714,
  "A_17": 21.737307888718494,
  "A_18": 154.68871730728983,
  "A_19": 45.88987220951682,
  "A_20": 15.42682842456452,
  "A_21": 77.29751750717989,
  "A_22": 68.0569499732464,
  "A_23": 30.19070540099791,
  "A_24": 55.618128020622976,
  "A_25": 38.235595337345735,
  "A_26": 23.03513751302829,
  "A_27": 0.0,
  "A_28": 9.66102572831933,
  "A_29": 41.58274868144522,
  "A_30": 51.842863562433514,
  "A_31": 0.0,
  "A_32": 0.0,
  "A_33": 66.81016494637215,
  "A_34": 90.43676382510648,
  "A_35": 0.0,
  "A_36": 41.11842128724466,
  "A_37": 100.10120760623289,
  "A_38": 56.75852615387606,
  "A_39": 0.0,
  "A_40": 43.47461577743699,
  "A_41": 37.322434883912095,
  "A_42": 0.0,
  "A_43": 0.0,
  "A_44": 51.175287689916296,
  "A_45": 59.1737825859559,
  "A_46": 22.944936104758412,
  "A_47": 7.245769296239498,
  "A_48": 55.550897937836154,
  "A_49": 25.77038400643216,
  "A_50": 61.54127424333056,
  "A_51": 0.0,
  "A_52": 98.3267732436323,
  "A_53": 26.431651560900963,
  "A_54": 23.57209852937985,
  "A_55": 33.44934123048984,
  "A_56": 20.30160004602796,
  "A_57": 161.46788469624755,
  "A_58": 34.20504506012556,
  "A_59": 6.038141080199582,
  "A_60": 25.36019253683824,
  "A_61": 35.02121826515757,
  "A_62": 61.807693866725586,
  "A_63": 34.03224489780751,
  "A_64": 87.83083785169497,
  "A_65": 48.38761429830931,
  "A_66": 70.04243653031514,
  "A_67": 132.32500097618677,
  "A_68": 69.75643850150296,
  "A_69": 84.98155154496578,
  "A_70": 78.08816841349415,
  "A_71": 73.95459902997746,
  "A_72": 50.2760884742352,
  "A_73": 37.43647469723741,
  "A_74": 134.14012524683662,
  "A_75": 89.99588527847229,
  "A_76": 32.605961833077735,
  "A_77": 70.55045719514186,
  "A_78": 55.15086009569864,
  "A_79": 86.5407239789424,
  "A_80": 45.11456484172271,
  "A_81": 36.93605668663239,
  "A_82": 96.3821776565427,
  "A_83": 2.1650474267773276,
  "A_84": 26.431651560900963,
  "A_85": 110.55190406395857,
  "A_86": 44.546074801499714,
  "A_87": 92.11667394794583,
  "A_88": 90.10566509215934,
  "A_89": 42.525666300493654,
  "A_90": 8.453397512279414,
  "A_91": 15.42682842456452,
  "A_92": 11.259267008535987,
  "A_93": 39.851731129317244,
  "A_94": 2.4152564320798326,
  "A_95": 0.0,
  "A_96": 25.36019253683824,
  "A_97": 41.27675755698558,
  "A_98": 0.0,
  "A_99": 0.0,
  "A_100": 35.02121826515757,
  "A_101": 43.47461577743699,
  "A_102": 0.0,
  "A_103": 0.0,
  "A_104": 39.198279857370565,
  "A_105": 6.564923336353519,
  "A_106": 0.0,
  "A_107": 0.0,
  "A_108": 88.86650785224799,
  "A_109": 71.06444688601036,
  "A_110": 60.834993949321124,
  "A_111": 182.4317701727641,
  "A_112": 21.71941337696365,
  "A_113": 41.02017740178159,
  "A_114": 16.336595957932282,
  "A_115": 93.96692122446287,
  "A_116": 13.16987056311377,
  "A_117": 0.0,
  "A_118": 0.0,
  "A_119": 98.34466775538718,
  "A_120": 20.529679672678576,
  "A_121": 0.0,
  "A_122": 35.02121826515757,
  "A_123": 35.84246828391778,
  "A_124": 0.0,
  "A_125": 0.0,
  "A_126": 40.59385071231883,
  "A_127": 49.32290413039484,
  "A_128": 6.701092528330714,
  "A_129": 6.428754144376322,
  "A_130": 34.907178451832266,
  "A_131": 88.67082432904118,
  "A_132": 67.28326366726154,
  "A_133": 74.71888569074278,
  "A_134": 58.63078971170945,
  "A_135": 184.89534429985613,
  "A_136": 49.26254785233406,
  "A_137": 187.64688937594684,
  "A_138": 36.22884648119749,
  "A_139": 43.41753932210657,
  "A_140": 13.28391037643908,
  "A_141": 73.43808349861544,
  "A_142": 124.21964166444263,
  "A_143": 43.76992548687443,
  "A_144": 27.775448968918077,
  "A_145": 10.868653944359247,
  "A_146": 13.785170333875255,
  "A_147": 21.737307888718494,
  "A_148": 4.374353610858429,
  "A_149": 2.4152564320798326,
  "A_150": 22.944936104758412,
  "A_151": 0.0,
  "A_152": 0.0,
  "A_153": 9.66102572831933,
  "A_154": 69.90626733833794,
  "A_155": 6.038141080199582,
  "A_156": 0.0,
  "A_157": 27.775448968918077,
  "A_158": 63.868126258138375,
  "A_159": 0.0,
  "A_160": 0.0,
  "A_161": 58.45714760256023,
  "A_162": 48.666097637494126,
  "A_163": 3.622884648119749,
  "A_164": 6.038141080199582,
  "A_165": 96.3600482778908,
  "A_166": 3.622884648119749,
  "A_167": 42.52143143359662,
  "A_168": 144.76043000874432,
  "A_169": 127.55322332827863,
  "A_170": 92.4111165778109,
  "A_171": 119.91773318017599,
  "A_172": 26.940539305300057,
  "A_173": 49.512756857636575,
  "A_174": 139.82097927772878,
  "A_175": 53.23602167422382,
  "A_176": 86.69902254957145,
  "A_177": 162.88569802718325,
  "A_178": 105.54945811705325,
  "A_179": 44.664349481722056,
  "A_180": 76.08057761051472,
  "A_181": 76.12567831464966,
  "A_182": 70.49001295248678,
  "A_183": 55.550897937836154,
  "A_184": 32.02549604165927,
  "A_185": 149.87523187531264,
  "A_186": 80.27694114799138,
  "A_187": 89.3644879869538,
  "A_188": 35.25776762560227,
  "A_189": 22.422388715501512,
  "A_190": 97.54554711527884,
  "A_191": 59.1737825859559,
  "A_192": 0.0,
  "A_193": 4.830512864159665,
  "A_194": 150.58927818636172,
  "A_195": 49.37658766565937,
  "A_196": 0.0,
  "A_197": 53.66242376191026,
  "A_198": 42.66183549247085,
  "A_199": 57.715945364613475,
  "A_200": 13.838087320532324,
  "A_201": 28.166062033094818,
  "A_202": 105.06365479547271,
  "A_203": 62.79666723407564,
  "A_204": 24.543177384975067,
  "A_205": 173.804843648671,
  "A_206": 32.60596183307774,
  "A_207": 20.529679672678576,
  "A_208": 111.55781689889682,
  "A_209": 95.46722021211119,
  "A_210": 209.59362839732424,
  "A_211": 74.66520215547823,
  "A_212": 32.72423651330009,
  "A_213": 25.08530317964914,
  "A_214": 46.71112222827704,
  "A_215": 0.0,
  "A_216": 61.39324239749341,
  "A_217": 65.21192366615549,
  "A_218": 21.737307888718494,
  "A_219": 25.835201346061023,
  "A_220": 68.88150494747819,
  "A_221": 98.54542809232215,
  "A_222": 61.18053144210414,
  "A_223": 4.830512864159665,
  "A_224": 77.77919905919889,
  "A_225": 65.87487511428662,
  "A_226": 26.567820752878163,
  "A_227": 31.771052169459722,
  "A_228": 85.78829997203702,
  "A_229": 57.966154369915984,
  "A_230": 20.78412354487812,
  "A_231": 116.60277487759049,
  "A_232": 78.49583404259457,
  "A_233": 2.3012166187545233,
  "A_234": 0.0,
  "A_235": 95.76516885937767,
  "A_236": 4.716473050834356,
  "A_237": 6.701092528330714,
  "A_238": 0.0,
  "A_239": 60.38141080199582,
  "A_240": 50.72038507367648,
  "A_241": 2.4152564320798326,
  "A_242": 0.0,
  "A_243": 42.266987561397066,
  "A_244": 6.038141080199582,
  "A_245": 8.339357698954105,
  "A_246": 15.699166808518912,
  "A_247": 96.47408809121612,
  "A_248": 1.2076282160399163,
  "A_249": 0.0,
  "A_250": 34.97440853461909,
  "A_251": 0.0,
  "A_252": 32.197454257146155,
  "A_253": 86.25049108323316,
  "A_254": 17.82419034488951,
  "A_255": 1.2076282160399163,
  "A_256": 51.38757138870466,
  "A_257": 61.251154444956846,
  "A_258": 0.0,
  "A_259": 24.779726745419765,
  "A_260": 98.5411680926839,
  "A_261": 55.11083620529192,
  "A_262": 41.05935934535715,
  "A_263": 0.0,
  "A_264": 46.94343672182469,
  "A_265": 43.0661082015054,
  "A_266": 64.59491486899044,
  "A_267": 5.76580269624519,
  "A_268": 93.65032408320468,
  "A_269": 93.28851314047607,
  "A_270": 1.0714590240627204,
  "A_271": 28.983077184957992,
  "A_272": 52.318626353893144,
  "A_273": 26.922644793545203,
  "A_274": 55.22487601861722,
  "A_275": 132.93426888905339,
  "A_276": 135.7103812196951,
  "A_277": 69.97085848329576,
  "A_278": 48.155299804761654,
  "A_279": 26.822264625077704,
  "A_280": 19.208011643313352,
  "A_281": 132.18705992595292,
  "A_282": 36.75562873735142,
  "A_283": 0.0,
  "A_284": 94.15921182760377,