{
  "A_1": 184.8314191725409,
  "A_2": 127.36925166248439,
  "A_3": 130.17363832700846,
  "A_4": 117.66671921202582,
  "A_5": 143.91275291258208,
  "A_6": 79.46085590755368,
  "A_7": 99.96080354735865,
  "A_8": 107.47891122755256,
  "A_9": 39.44322355338566,
  "A_10": 88.15685977091388,
  "A_11": 98.91147390194783,
  "A_12": 26.567820752878163,
  "A_13": 81.88374012659642,
  "A_14": 111.7595322799985,
  "A_15": 27.775448968918074,
  "A_16": 49.91809770817335,
  "A_17": 49.867580898303615,
  "A_18": 54.5015431596841,
  "A_19": 16.67871539790821,
  "A_20": 6.038141080199582,
  "A_21": 68.69863912229803,
  "A_22": 14.491538592478996,
  "A_23": 6.038141080199582,
  "A_24": 1.2076282160399163,
  "A_25": 80.9110904746744,
  "A_26": 18.114423240598747,
  "A_27": 0.0,
  "A_28": 38.445554257570464,
  "A_29": 66.30551206887009,
  "A_30": 0.0,
  "A_31": 13.129846672707037,
  "A_32": 91.6256807153016,
  "A_33": 37.300305505260205,
  "A_34": 34.050139409562355,
  "A_35": 189.3507384348066,
  "A_36": 74.32824749382482,
  "A_37": 67.33778914935723,
  "A_38": 102.30627892341695,
  "A_39": 59.208616565298904,
  "A_40": 56.75852615387607,
  "A_41": 24.152564320798326,
  "A_42": 89.22831879497662,
  "A_43": 132.15144683163186,
  "A_44": 1.0935884027146072,
  "A_45": 22.80876691278121,
  "A_46": 88.1568597709139,
  "A_47": 94.57796099558607,
  "A_48": 0.0,
  "A_49": 36.228846481197486,
  "A_50": 75.94440841853753,
  "A_51": 0.0,
  "A_52": 9.66102572831933,
  "A_53": 108.94304420057277,
  "A_54": 57.85211455659068,
  "A_55": 10.868653944359247,
  "A_56": 87.43935770794583,
  "A_57": 51.26929670848231,
  "A_58": 0.0,
  "A_59": 17.705915664667156,
  "A_60": 33.15487346788357,
  "A_61": 49.51275685763657,
  "A_62": 0.0,
  "A_63": 35.12159843362508,
  "A_64": 75.2320083020389,
  "A_65": 32.57017280956805,
  "A_66": 2.4152564320798326,
  "A_67": 70.56750976006553,
  "A_68": 66.94633413834933,
  "A_69": 2.4152564320798326,
  "A_70": 14.491538592478996,
  "A_71": 57.856349423487714,
  "A_72": 48.73489851660775,
  "A_73": 19.143608993914768,
  "A_74": 9.38868734436494,
  "A_75": 128.70881420360445,
  "A_76": 56.568673426634334,
  "A_77": 114.51693328479546,
  "A_78": 48.93229106621809,
  "A_79": 18.505036304775487,
  "A_80": 123.31665997120663,
  "A_81": 44.212425095317855,
  "A_82": 8.111278072303488,
  "A_83": 68.83480831427524,
  "A_84": 1.0714590240627204,
  "A_85": 11.123097816558792,
  "A_86": 3.350546264165357,
  "A_87": 107.95200994844194,
  "A_88": 25.795064358318758,
  "A_89": 1.2076282160399163,
  "A_90": 47.730845504520445,
  "A_91": 91.9770364376791,
  "A_92": 12.647323173856872,
  "A_93": 1.0714590240627204,
  "A_94": 51.7918440977392,
  "A_95": 127.4211382067511,
  "A_96": 109.32223443386108,
  "A_97": 10.8507594326044,
  "A_98": 38.76237759349967,
  "A_99": 152.8740831250939,
  "A_100": 9.318906288343403,
  "A_101": 43.06610820150539,
  "A_102": 58.93204331444748,
  "A_103": 41.3546690547946,
  "A_104": 0.0,
  "A_105": 21.373059070090676,
  "A_106": 128.17356221365642,
  "A_107": 0.0,
  "A_108": 6.038141080199582,
  "A_109": 69.08925218647477,
  "A_110": 68.72076850094993,
  "A_111": 0.0,
  "A_112": 36.228846481197486,
  "A_113": 45.639663204214315,
  "A_114": 44.5682041801516,
  "A_115": 0.0,
  "A_116": 59.1737825859559,
  "A_117": 61.21204789960498,
  "A_118": 34.86715456142553,
  "A_119": 1.0714590240627204,
  "A_120": 104.34701981207705,
  "A_121": 90.57211620299373,
  "A_122": 40.57681071376578,
  "A_123": 100.22972387850598,
  "A_124": 118.73817823608853,
  "A_125": 13.28391037643908,
  "A_126": 4.285836096250882,
  "A_127": 0.0,
  "A_128": 32.17022293202484,
  "A_129": 0.0,
  "A_130": 13.28391037643908,
  "A_131": 2.1650474267773276,
  "A_132": 36.48329035339703,
  "A_133": 6.038141080199582,
  "A_134": 9.410816723016826,
  "A_135": 60.791602271589724,
  "A_136": 6.038141080199582,
  "A_137": 12.867963509103797,
  "A_138": 32.46979264110054,
  "A_139": 5.651762882919881,
  "A_140": 0.0,
  "A_141": 0.0,
  "A_142": 3.622884648119749,
  "A_143": 1.2076282160399163,
  "A_144": 10.868653944359247,
  "A_145": 1.2076282160399163,
  "A_146": 0.0,
  "A_147": 3.4867154561425533,
  "A_148": 2.4152564320798326,
  "A_149": 55.26066504212692,
  "A_150": 45.97235786622947,
  "A_151": 50.66670153841194,
  "A_152": 66.07563545122161,
  "A_153": 47.33404978600143,
  "A_154": 65.28678153590522,
  "A_155": 78.4597057270783,
  "A_156": 157.3542078774134,
  "A_157": 43.46519099947622,
  "A_158": 1.2076282160399163,
  "A_159": 6.038141080199582,
  "A_160": 82.11871869071432,
  "A_161": 11.581167158193416,
  "A_162": 1.2076282160399163,
  "A_163": 0.0,
  "A_164": 49.512756857636575,
  "A_165": 7.772551552393435,
  "A_166": 1.2076282160399163,
  "A_167": 0.0,
  "A_168": 16.90679502455883,
  "A_169": 28.754997558307373,
  "A_170": 0.0,
  "A_171": 0.0,
  "A_172": 24.152564320798326,
  "A_173": 7.245769296239498,
  "A_174": 1.0714590240627204,
  "A_175": 22.699803913184113,
  "A_176": 35.47833256262551,
  "A_177": 1.2076282160399163,
  "A_178": 39.525709210098306,
  "A_179": 116.52121913230332,
  "A_180": 3.622884648119749,
  "A_181": 0.0,
  "A_182": 34.86715456142553,
  "A_183": 92.74383637256727,
  "A_184": 8.844010576456155,
  "A_185": 0.0,
  "A_186": 143.10241050351516,
  "A_187": 48.13740529300681,
  "A_188": 30.13576522867194,
  "A_189": 28.166062033094818,
  "A_190": 9.66102572831933,
  "A_191": 0.0,
  "A_192": 3.622884648119749,
  "A_193": 0.0,
  "A_194": 11.392043280447309,
  "A_195": 0.0,
  "A_196": 1.2076282160399163,
  "A_197": 1.2076282160399163,
  "A_198": 48.30512864159665,
  "A_199": 0.0,
  "A_200": 0.0,
  "A_201": 72.86704248515773,
  "A_202": 47.09750042555673,
  "A_203": 0.0,
  "A_204": 46.499140122383416,
  "A_205": 92.87330768900702,
  "A_206": 55.550897937836154,
  "A_207": 0.0,
  "A_208": 71.6048887870221,
  "A_209": 169.6772181584549,
  "A_210": 57.28530841003001,
  "A_211": 23.63425179843847,
  "A_212": 112.98769394562228,
  "A_213": 125.06905291974965,
  "A_214": 131.2517700938674,
  "A_215": 67.69177124319312,
  "A_216": 10.051638792496071,
  "A_217": 18.36886711279829,
  "A_218": 48.25144510633211,
  "A_219": 96.60327038113174,
  "A_220": 55.550897937836154,
  "A_221": 184.13726542617434,
  "A_222": 60.22734709826377,
  "A_223": 100.75992418746699,
  "A_224": 66.97014741066356,
  "A_225": 180.1161650596561,
  "A_226": 57.96615436991598,
  "A_227": 80.91614215566139,
  "A_228": 69.92839671698984,
  "A_229": 40.24234419349398,
  "A_230": 83.42841096888407,
  "A_231": 77.63360508926093,
  "A_232": 52.04881381043224,
  "A_233": 74.87294939447482,
  "A_234": 59.1737825859559,
  "A_235": 15.000426336878085,
  "A_236": 6.723221906982601,
  "A_237": 13.28391037643908,
  "A_238": 49.512756857636575,
  "A_239": 38.50793372130013,
  "A_240": 0.0,
  "A_241": 29.78219782506632,
  "A_242": 117.66671921202581,
  "A_243": 22.944936104758412,
  "A_244": 8.453397512279414,
  "A_245": 6.038141080199582,
  "A_246": 69.7743330132578,
  "A_247": 24.152564320798326,
  "A_248": 1.2076282160399163,
  "A_249": 94.02304263562658,
  "A_250": 56.977181002565914,
  "A_251": 14.06513650479256,
  "A_252": 26.33974112622754,
  "A_253": 88.56620929367665,
  "A_254": 131.4746598094543,
  "A_255": 39.95634616468178,
  "A_256": 0.0,
  "A_257": 51.36204908998689,
  "A_258": 80.08041567795341,
  "A_259": 43.851569196755925,
  "A_260": 12.857508288752644,
  "A_261": 45.854083186007124,
  "A_262": 211.0735698645773,
  "A_263": 54.34326972179624,
  "A_264": 100.66291180632413,
  "A_265": 66.37274215165691,
  "A_266": 61.807693866725586,
  "A_267": 59.1737825859559,
  "A_268": 40.49678806569352,
  "A_269": 13.28391037643908,
  "A_270": 77.28820582655464,
  "A_271": 93.90134990259713,
  "A_272": 4.422005288228077,
  "A_273": 0.0,
  "A_274": 103.7198573874556,
  "A_275": 34.42285796198425,
  "A_276": 0.0,
  "A_277": 11.667774584467576,
  "A_278": 75.83036860521223,
  "A_279": 0.0,
  "A_280": 13.28391037643908,
  "A_281": 91.66570460570833,
  "A_282": 44.6822439934769,
  "A_283": 1.2076282160399163,