{
  "A_1": 208.0736881724057,
  "A_2": 111.85326483841098,
  "A_3": 177.22514583611667,
  "A_4": 138.4687372686588,
  "A_5": 143.45754870344754,
  "A_6": 83.19017771477704,
  "A_7": 38.76237759349967,
  "A_8": 119.7100739057737,
  "A_9": 144.8259133660157,
  "A_10": 79.70346225863449,
  "A_11": 98.95051761544666,
  "A_12": 70.04243653031514,
  "A_13": 130.28767814033378,
  "A_14": 152.32612653445477,
  "A_15": 63.43229939249117,
  "A_16": 77.93749762982797,
  "A_17": 16.67871539790821,
  "A_18": 67.83217530206736,
  "A_19": 83.32634690675422,
  "A_20": 59.42822645815544,
  "A_21": 75.53590084260594,
  "A_22": 153.63167191032176,
  "A_23": 156.40862618779474,
  "A_24": 102.36661006873652,
  "A_25": 73.3929827944805,
  "A_26": 141.54694514886978,
  "A_27": 85.62756352550876,
  "A_28": 56.64448634055076,
  "A_29": 96.6102572831933,
  "A_30": 49.262547852334066,
  "A_31": 111.30177709762924,
  "A_32": 95.28858925382806,
  "A_33": 131.9818762265617,
  "A_34": 97.68171630725604,
  "A_35": 159.84423421464868,
  "A_36": 63.00166243790769,
  "A_37": 42.15294774807176,
  "A_38": 39.601522124014735,
  "A_39": 117.02589714254657,
  "A_40": 87.03171721158662,
  "A_41": 145.8728051355274,
  "A_42": 158.726078557383,
  "A_43": 77.25241680304495,
  "A_44": 53.54838394858494,
  "A_45": 103.08060611430318,
  "A_46": 132.8391037643908,
  "A_47": 124.7465370179321,
  "A_48": 83.76320421479184,
  "A_49": 51.49990217562642,
  "A_50": 84.2763645251998,
  "A_51": 70.98196122929771,
  "A_52": 117.01992811650477,
  "A_53": 85.3262847900295,
  "A_54": 116.8675985719175,
  "A_55": 115.72537831492534,
  "A_56": 109.08806011746249,
  "A_57": 194.6755997525645,
  "A_58": 128.66455544630068
}