{
  "A_1": 242.7425202727954,
  "A_2": 103.11471124415053,
  "A_3": 196.85866735480283,
  "A_4": 109.79706731389524,
  "A_5": 37.37939824190699,
  "A_6": 79.56729306665727,
  "A_7": 102.56919252941059,
  "A_8": 7.245769296239498,
  "A_9": 52.63522349515131,
  "A_10": 72.06009299615665,
  "A_11": 15.699166808518912,
  "A_12": 145.1986947502907,
  "A_13": 91.50740603507924,
  "A_14": 223.98478682133572,
  "A_15": 213.75435370773857,
  "A_16": 68.76323026725585,
  "A_17": 58.681834309144975,
  "A_18": 113.58164345270995,
  "A_19": 141.3519025105643,
  "A_20": 69.83477725591288,
  "A_21": 92.62735868334278,
  "A_22": 18.48714179302064,
  "A_23": 63.323449490229585,
  "A_24": 185.0972984419995,
  "A_25": 106.81320774425687,
  "A_26": 22.77297788927152,
  "A_27": 150.05730601914405,
  "A_28": 88.5941694682936,
  "A_29": 60.58217113893082,
  "A_30": 139.14013331784278,
  "A_31": 37.16413631328301,
  "A_32": 48.26594669802108,
  "A_33": 63.137831629884886,
  "A_34": 86.57892574561004,
  "A_35": 59.67504254339208,
  "A_36": 129.08004992429386,
  "A_37": 120.08197564410565,
  "A_38": 89.88616829663832,
  "A_39": 129.87641852923764,
  "A_40": 59.2221631128212,
  "A_41": 122.44445331960519,
  "A_42": 117.89297671493739,
  "A_43": 42.79376981755101,
  "A_44": 66.67060283432906,
  "A_45": 70.61347754377285,
  "A_46": 62.26668055341506,
  "A_47": 122.56359507939993,
  "A_48": 178.8566000338671,
  "A_49": 66.41955188219539,
  "A_50": 55.55089793783615,
  "A_51": 156.45634069701745,
  "A_52": 94.05883165913627,
  "A_53": 156.08518037455173,
  "A_54": 130.55744041831224,
  "A_55": 182.0309532156485,
  "A_56": 85.16113754741558,
  "A_57": 85.9465985426661,
  "A_58": 161.47811372192766,
  "A_59": 57.09545568278827,
  "A_60": 119.72016470137703,
  "A_61": 241.26491615047658
}