{
  "A_1": 153.4740644900765,
  "A_2": 93.9156755650975,
  "A_3": 165.86283458854294,
  "A_4": 18.114423240598747,
  "A_5": 74.81163807224735,
  "A_6": 0.0,
  "A_7": 83.02245436618719,
  "A_8": 36.465395841642184,
  "A_9": 58.063141618317616,
  "A_10": 191.8508807003864,
  "A_11": 86.24115426986668,
  "A_12": 47.298260762491736,
  "A_13": 1.2076282160399163,
  "A_14": 22.944936104758412,
  "A_15": 1.2076282160399163,
  "A_16": 18.48714179302064,
  "A_17": 5.629633504267994,
  "A_18": 16.90679502455883,
  "A_19": 69.94957105147503,
  "A_20": 11.803943776444772,
  "A_21": 0.0,
  "A_22": 6.038141080199582,
  "A_23": 93.27917632710961,
  "A_24": 81.07606178809971,
  "A_25": 53.25391618597867,
  "A_26": 67.51737515180704,
  "A_27": 6.701092528330714,
  "A_28": 2.4152564320798326,
  "A_29": 104.65514721954113,
  "A_30": 51.65567490576201,
  "A_31": 21.837688057185993,
  "A_32": 128.11666168751464,
  "A_33": 90.82983989792362,
  "A_34": 48.133170426109764,
  "A_35": 43.03031917799571,
  "A_36": 53.090515668880165,
  "A_37": 0.0,
  "A_38": 2.4152564320798326,
  "A_39": 0.0,
  "A_40": 0.0,
  "A_41": 0.0,
  "A_42": 6.561530416287644,
  "A_43": 105.99195772549666,
  "A_44": 74.02014521910195,
  "A_45": 25.360192536838245,
  "A_46": 13.810692632593017,
  "A_47": 108.63709077522498,
  "A_48": 85.56964512334717,
  "A_49": 11.940112968421968,
  "A_50": 15.585126995193603,
  "A_51": 117.00101572873015,
  "A_52": 98.52167765186103,
  "A_53": 0.0,
  "A_54": 64.68256530402562,
  "A_55": 20.12117209674699,
  "A_56": 8.453397512279414,
  "A_57": 4.830512864159665,
  "A_58": 85.75251094852732,
  "A_59": 140.33833675592194,
  "A_60": 33.931864729340006,
  "A_61": 30.036641697265864,
  "A_62": 5.357295120313602,
  "A_63": 68.05770395548326,
  "A_64": 18.575659307628186,
  "A_65": 34.96753472989303,
  "A_66": 39.71037202627632,
  "A_67": 13.28391037643908,
  "A_68": 90.44865161170765,
  "A_69": 8.453397512279414,
  "A_70": 44.844777431003024,
  "A_71": 57.60434342718736,
  "A_72": 21.737307888718494,
  "A_73": 30.107264700118563,
  "A_74": 98.2450164364153,
  "A_75": 87.79504882818526,
  "A_76": 8.726577843064971,
  "A_77": 29.237521057157537,
  "A_78": 87.24793418437729,
  "A_79": 72.0976790106642,
  "A_80": 15.699166808518912,
  "A_81": 6.038141080199582,
  "A_82": 82.92874694051591,
  "A_83": 58.10655842879021,
  "A_84": 0.0,
  "A_85": 38.644102913277315,
  "A_86": 58.45714760256023,
  "A_87": 17.978254048621547,
  "A_88": 0.0,
  "A_89": 132.1045742692403,
  "A_90": 147.99684849499008,
  "A_91": 94.88005654515527,
  "A_92": 98.4629424356095,
  "A_93": 7.636382360416238,
  "A_94": 22.602816664782484,
  "A_95": 177.70085836209387,
  "A_96": 114.21304074422841,
  "A_97": 0.0,
  "A_98": 0.0,
  "A_99": 0.0,
  "A_100": 0.0,
  "A_101": 0.0,
  "A_102": 0.0,
  "A_103": 2.142918048125441,
  "A_104": 14.263458965828377,
  "A_105": 18.751852390012115,
  "A_106": 29.73454614769667,
  "A_107": 7.245769296239498,
  "A_108": 4.716473050834356,
  "A_109": 17.143344385003527,
  "A_110": 2.4152564320798326,
  "A_111": 0.0,
  "A_112": 0.0,
  "A_113": 24.152564320798326,
  "A_114": 0.0,
  "A_115": 0.0,
  "A_116": 20.766229033123274,
  "A_117": 49.18673493841763,
  "A_118": 16.49828744862724,
  "A_119": 66.5880040802809,
  "A_120": 208.2200235582099,
  "A_121": 26.123524153436875,
  "A_122": 4.830512864159665,
  "A_123": 67.53356063715836,
  "A_124": 1.0935884027146072,
  "A_125": 0.0,
  "A_126": 7.58873068304659,
  "A_127": 0.0,
  "A_128": 1.2076282160399163,
  "A_129": 5.493464312290798,
  "A_130": 23.607887552889544,
  "A_131": 0.0,
  "A_132": 25.36019253683824,
  "A_133": 3.622884648119749,
  "A_134": 0.0,
  "A_135": 0.0,
  "A_136": 24.64355755344257,
  "A_137": 18.777374688729875,
  "A_138": 3.4867154561425533,
  "A_139": 3.214377072188161,
  "A_140": 0.0,
  "A_141": 4.716473050834356,
  "A_142": 52.886274447284976,
  "A_143": 5.651762882919881,
  "A_144": 9.66102572831933,
  "A_145": 0.0,
  "A_146": 10.051638792496071,
  "A_147": 74.32317068009661,
  "A_148": 111.07024171905965,
  "A_149": 127.03751204463593,
  "A_150": 10.868653944359247,
  "A_151": 17.570588419521126,
  "A_152": 51.06926522104295,
  "A_153": 99.97362124538532,
  "A_154": 54.34326972179624,
  "A_155": 47.93568991190511,
  "A_156": 29.91836701704352,
  "A_157": 76.15543548026447,
  "A_158": 54.85215746619532,
  "A_159": 18.64544036364972,
  "A_160": 6.701092528330714,
  "A_161": 29.92260188394056,
  "A_162": 3.622884648119749,
  "A_163": 0.0,
  "A_164": 0.0,
  "A_165": 0.0,
  "A_166": 4.285836096250882,
  "A_167": 23.06321078498076,
  "A_168": 58.82986615498213,
  "A_169": 4.58030385885716,
  "A_170": 3.350546264165357,
  "A_171": 147.61905312883997,
  "A_172": 76.16306326722737,
  "A_173": 28.14816752133997,
  "A_174": 72.34365314906967,
  "A_175": 109.0771525077692,
  "A_176": 119.75517460990866,
  "A_177": 58.42135857905053,
  "A_178": 14.491538592478996,
  "A_179": 8.453397512279414,
  "A_180": 1.0714590240627204,
  "A_181": 0.0,
  "A_182": 2.4152564320798326,
  "A_183": 0.0,
  "A_184": 0.0,
  "A_185": 0.0,
  "A_186": 1.2076282160399163,
  "A_187": 1.0935884027146072,
  "A_188": 0.0,
  "A_189": 0.0,
  "A_190": 1.2076282160399163,
  "A_191": 3.214377072188161,
  "A_192": 50.66670153841195,
  "A_193": 19.83093920103775,
  "A_194": 18.365474192732417,
  "A_195": 74.44315438672251,
  "A_196": 1.0935884027146072,
  "A_197": 0.0,
  "A_198": 69.54199338696893,
  "A_199": 47.68811984443162,
  "A_200": 2.4152564320798326,
  "A_201": 49.186734938417636,
  "A_202": 146.45295676768052,
  "A_203": 38.77508219419079,
  "A_204": 2.4152564320798326,
  "A_205": 71.14269767582599,
  "A_206": 20.30160004602796,
  "A_207": 0.0,
  "A_208": 72.67634781108482,
  "A_209": 175.5008889913792,
  "A_210": 61.00857322661725,
  "A_211": 61.3633972672843,
  "A_212": 37.709655028022965,
  "A_213": 99.30208696612456,
  "A_214": 9.546985914994021,
  "A_215": 4.830512864159665,
  "A_216": 30.05453620902071,
  "A_217": 84.38838115285618,
  "A_218": 0.0,
  "A_219": 0.0,
  "A_220": 52.42501324751432,
  "A_221": 58.872503850476654,
  "A_222": 0.0,
  "A_223": 0.0,
  "A_224": 44.76472965018955,
  "A_225": 7.109600104262302,
  "A_226": 10.935884027146072,
  "A_227": 8.317228320302219,
  "A_228": 108.56127786130855,
  "A_229": 4.830512864159665,
  "A_230": 0.0,
  "A_231": 50.66670153841194,
  "A_232": 74.82350072610731,
  "A_233": 11.395436200513185,
  "A_234": 35.64498776971314,
  "A_235": 155.8486687132189,
  "A_236": 38.318080994058384,
  "A_237": 116.76023150138842,
  "A_238": 34.47654149724879,
  "A_239": 89.40958869108874,
  "A_240": 2.1871768054292144,
  "A_241": 13.28391037643908,
  "A_242": 20.529679672678576,
  "A_243": 4.558174480205274,
  "A_244": 9.643131216564484,
  "A_245": 1.2076282160399163,
  "A_246": 2.1871768054292144,
  "A_247": 12.599671496487225,
  "A_248": 7.930850123022518,
  "A_249": 4.830512864159665,
  "A_250": 0.0,
  "A_251": 21.100720686136288,
  "A_252": 0.0,
  "A_253": 0.0,
  "A_254": 8.980179768433352,
  "A_255": 38.19980631383604,
  "A_256": 87.19668852501195,
  "A_257": 53.04807903531547,
  "A_258": 24.01639512882113,
  "A_259": 46.078769892591865,
  "A_260": 37.72151768188292,
  "A_261": 99.85172745042603,
  "A_262": 53.61561403137177,
  "A_263": 26.56782075287816,
  "A_264": 41.76401857755735,
  "A_265": 0.0,
  "A_266": 24.25294448926583,
  "A_267": 0.0,
  "A_268": 0.0,
  "A_269": 0.0,
  "A_270": 0.0,
  "A_271": 0.0,
  "A_272": 3.214377072188161,
  "A_273": 3.622884648119749,
  "A_274": 0.0,
  "A_275": 0.0,
  "A_276": 0.0,
  "A_277": 52.288844055537126,
  "A_278": 0.0,
  "A_279": 1.2076282160399163,
  "A_280": 49.05056574644044,
  "A_281": 118.74491381073784,
  "A_282": 65.56674770682253,
  "A_283": 67.14709447528435,
  "A_284": 56.989973567851344,
  "A_285": 11.123097816558792,
  "A_286": 47.00982485778036,
  "A_287": 58.93627818134451,
  "A_288": 66.6263440770253,
  "A_289": 40.34272436196148,
  "A_290": 2.279087240102637,
  "A_291": 84.77305032373233,
  "A_292": 78.35540485097911,
  "A_293": 1.2076282160399163,