{
  "A_1": 239.5195980685895,
  "A_2": 156.38991486194993,
  "A_3": 211.53826168352572,
  "A_4": 144.51108808301422,
  "A_5": 149.62243419766355,
  "A_6": 125.93873373085759,
  "A_7": 181.7237431532392,
  "A_8": 119.12783625609859,
  "A_9": 103.22790911064467,
  "A_10": 175.54943288106244,
  "A_11": 144.01493007204743,
  "A_12": 122.33797846138972,
  "A_13": 107.43369742608209,
  "A_14": 108.53575556259077,
  "A_15": 177.29319273299342,
  "A_16": 129.85690295567355,
  "A_17": 128.08165177898303,
  "A_18": 173.80136276401078,
  "A_19": 55.03258541547629,
  "A_20": 87.08021083578745,
  "A_21": 4.830512864159665,
  "A_22": 1.2076282160399163,
  "A_23": 54.07093133784184,
  "A_24": 23.317654657180306,
  "A_25": 109.75101156559361,
  "A_26": 60.90819305814975,
  "A_27": 61.27751869050577,
  "A_28": 14.495773459376036,
  "A_29": 2.4152564320798326,
  "A_30": 65.22039339994956,
  "A_31": 2.279087240102637,
  "A_32": 44.28644101823643,
  "A_33": 37.791298737904455,
  "A_34": 171.7001273672132,
  "A_35": 173.6949884367603,
  "A_36": 21.056461928832515,
  "A_37": 64.57777433947246,
  "A_38": 7.245769296239498,
  "A_39": 47.54507684772837,
  "A_40": 3.622884648119749,
  "A_41": 49.69655259424219,
  "A_42": 0.0,
  "A_43": 92.86736379570644,
  "A_44": 0.0,
  "A_45": 43.96560901008123,
  "A_46": 23.980606105311438,
  "A_47": 145.51003914863205,
  "A_48": 55.913437730060416,
  "A_49": 30.05453620902071,
  "A_50": 5.901971888222386,
  "A_51": 81.89063906406368,
  "A_52": 0.0,
  "A_53": 96.79312310837346,
  "A_54": 4.285836096250882,
  "A_55": 41.72231079348829,
  "A_56": 38.92914589792284,
  "A_57": 60.38141080199582,
  "A_58": 72.18863440117093,
  "A_59": 18.77737468872988,
  "A_60": 113.05486119655602,
  "A_61": 64.61356336298215,
  "A_62": 10.714590240627205,
  "A_63": 72.82615151517862,
  "A_64": 157.33289531285146,
  "A_65": 52.64369322894539,
  "A_66": 9.66102572831933,
  "A_67": 120.16026413303314,
  "A_68": 8.59380157115365,
  "A_69": 56.75852615387607,
  "A_70": 22.127920952895234,
  "A_71": 63.79654821111899,
  "A_72": 76.26182237388565,
  "A_73": 64.00429545011556,
  "A_74": 84.77475935013587,
  "A_75": 32.60596183307774,
  "A_76": 139.8601360885631,
  "A_77": 3.622884648119749,
  "A_78": 82.11352877965058,
  "A_79": 39.15299065767641,
  "A_80": 38.766612460396715,
  "A_81": 106.2439385890558,
  "A_82": 86.41725938765632,
  "A_83": 36.8755873112361,
  "A_84": 102.35210847704755,
  "A_85": 2.4152564320798326,
  "A_86": 97.01363777991426,
  "A_87": 0.0,
  "A_88": 61.589039018035734,
  "A_89": 27.331152369476797,
  "A_90": 91.87670653469405,
  "A_91": 44.835352653042264,
  "A_92": 110.07703348481255,
  "A_93": 95.130290683199,
  "A_94": 92.19248686186225,
  "A_95": 9.66102572831933,
  "A_96": 109.84300996486132,
  "A_97": 32.342093182917424,
  "A_98": 5.3572951203136014,
  "A_99": 10.714590240627205,
  "A_100": 3.622884648119749,
  "A_101": 0.0,
  "A_102": 59.147393207665765,
  "A_103": 0.0,
  "A_104": 18.0965287288439,
  "A_105": 0.0,
  "A_106": 26.922644793545203,
  "A_107": 8.844010576456155,
  "A_108": 71.11389555437788,
  "A_109": 32.1795597453913,
  "A_110": 73.78359585865725,
  "A_111": 178.0948894790777,
  "A_112": 90.12262969248872,
  "A_113": 142.71603230623543,
  "A_114": 153.0683466484213,
  "A_115": 107.55620697320148,
  "A_116": 122.3030313847112,
  "A_117": 185.24956515473372,
  "A_118": 132.8739377437338,
  "A_119": 89.45967824435758,
  "A_120": 120.66148639135744,
  "A_121": 48.71268117336156,
  "A_122": 64.73363503420235,
  "A_123": 143.5987444436705,
  "A_124": 58.55158387772714,
  "A_125": 79.16206531345604,
  "A_126": 9.66102572831933,
  "A_127": 9.66102572831933,
  "A_128": 0.0,
  "A_129": 17.842084856644355,
  "A_130": 0.0,
  "A_131": 18.865892203337424,
  "A_132": 2.142918048125441,
  "A_133": 62.06213773892513,
  "A_134": 83.27689823838674,
  "A_135": 24.543177384975067,
  "A_136": 84.41993530946884,
  "A_137": 100.65763393066612,
  "A_138": 59.33875389938121,
  "A_139": 164.07314465201654,
  "A_140": 68.86361043572334,
  "A_141": 14.74598246467854,
  "A_142": 34.65696944652976,
  "A_143": 97.10038343626516,
  "A_144": 74.46444181854322,
  "A_145": 12.857508288752644,
  "A_146": 65.39478949133564,
  "A_147": 2.1871768054292144,
  "A_148": 121.18662245296092,
  "A_149": 70.80745204057612,
  "A_150": 99.06455742877198,
  "A_151": 64.33020427199898,
  "A_152": 111.29736630154358,
  "A_153": 71.27724580599394,
  "A_154": 0.0,
  "A_155": 63.09780773947815,
  "A_156": 0.0,
  "A_157": 28.674949777493907,
  "A_158": 0.0,
  "A_159": 67.18288349879404,
  "A_160": 14.491538592478996,
  "A_161": 53.544965895777864,
  "A_162": 21.310905801032057,
  "A_163": 10.8507594326044,
  "A_164": 0.0,
  "A_165": 50.215707063433214,
  "A_166": 4.422005288228077,
  "A_167": 43.33844658545979,
  "A_168": 78.15371460261863,
  "A_169": 126.29617157661241,
  "A_170": 5.901971888222386,
  "A_171": 90.04275784086386,
  "A_172": 4.69434367218247,
  "A_173": 46.96133123357954,
  "A_174": 106.2175994762481,
  "A_175": 43.557101434149644,
  "A_176": 37.26451648175052,
  "A_177": 109.77415882026528,
  "A_178": 80.00120984397111,
  "A_179": 8.339357698954105,
  "A_180": 54.94067498080287,
  "A_181": 15.817441488741261,
  "A_182": 117.44792613325923,
  "A_183": 68.60501966122106,
  "A_184": 62.49277469350861,
  "A_185": 30.17281088924306,
  "A_186": 8.453397512279414,
  "A_187": 11.962242347073854,
  "A_188": 19.967108393014946,
  "A_189": 121.7124999304306,
  "A_190": 45.20902624963084,
  "A_191": 75.49915677492956,
  "A_192": 30.29108556946541,
  "A_193": 82.05561037748902,
  "A_194": 17.82419034488951,
  "A_195": 66.26209525839748,
  "A_196": 21.837688057185996,
  "A_197": 82.31947902764931,
  "A_198": 41.97504563928429,
  "A_199": 75.08397645620175,
  "A_200": 96.82891213188314,
  "A_201": 1.0714590240627204,
  "A_202": 74.15631441107914,
  "A_203": 82.5484885657254,
  "A_204": 0.0,
  "A_205": 25.715016577505292,
  "A_206": 1.2076282160399163,
  "A_207": 70.51553525120454,
  "A_208": 1.0714590240627204,
  "A_209": 18.77737468872988,
  "A_210": 29.782197825066316,
  "A_211": 47.82513098323999,
  "A_212": 107.425227692288,
  "A_213": 35.76665537000137,
  "A_214": 155.28605973444337,
  "A_215": 162.12506818026668,
  "A_216": 23.471718360912348,
  "A_217": 137.482264609061,
  "A_218": 128.58468359467582,
  "A_219": 60.73623484266286,
  "A_220": 64.42550762673827,
  "A_221": 28.53878058551671,
  "A_222": 79.89479781760872,
  "A_223": 8.571672192501763,
  "A_224": 171.98009353813052
}