{
  "A_1": 228.60245050002942,
  "A_2": 120.31852500455035,
  "A_3": 181.94585375384804,
  "A_4": 140.98860873610317,
  "A_5": 47.95358442365996,
  "A_6": 137.70105768782759,
  "A_7": 156.75077076051184,
  "A_8": 136.07387605608608,
  "A_9": 79.6803778358159,
  "A_10": 162.2068249874837,
  "A_11": 89.8724206871862,
  "A_12": 38.012818719094376,
  "A_13": 120.1483637800613,
  "A_14": 0.0,
  "A_15": 9.66102572831933,
  "A_16": 18.114423240598747,
  "A_17": 9.38868734436494,
  "A_18": 108.24483151649777,
  "A_19": 7.500213168439043,
  "A_20": 84.66315741270977,
  "A_21": 152.74232472920238,
  "A_22": 146.2029865234197,
  "A_23": 117.88865388344601,
  "A_24": 112.47785115705649,
  "A_25": 9.116348960410548,
  "A_26": 61.51746097101635,
  "A_27": 1.2076282160399163,
  "A_28": 8.571672192501763,
  "A_29": 0.0,
  "A_30": 65.1045565956264,
  "A_31": 102.03138956622784,
  "A_32": 143.780881419355,
  "A_33": 111.60369671800981,
  "A_34": 33.487568129898726,
  "A_35": 29.395819627786615,
  "A_36": 116.74657185653061,
  "A_37": 121.01213839698055,
  "A_38": 16.48039293687239,
  "A_39": 44.6822439934769,
  "A_40": 125.399133776677,
  "A_41": 136.62600468176916,
  "A_42": 56.35001857794448,
  "A_43": 57.5576467939844,
  "A_44": 137.67382636270628,
  "A_45": 43.61501983631122,
  "A_46": 4.830512864159665,
  "A_47": 19.985002904769793,
  "A_48": 121.89290274697036,
  "A_49": 28.420505905294362,
  "A_50": 88.3567530282765,
  "A_51": 85.13985011559485,
  "A_52": 47.842937530400526,
  "A_53": 116.52544143282975,
  "A_54": 96.39064739033677,
  "A_55": 10.868653944359247,
  "A_56": 51.928013289716404,
  "A_57": 8.844010576456155,
  "A_58": 112.13047897416376,
  "A_59": 66.7564814111076,
  "A_60": 100.64075729493103,
  "A_61": 193.065558650341,
  "A_62": 141.0465020055235,
  "A_63": 22.79087240102637,
  "A_64": 142.92557653622987,
  "A_65": 74.34350306775065,
  "A_66": 8.181059128325023,
  "A_67": 80.53561988708796,
  "A_68": 12.941790936463153,
  "A_69": 151.96431559172612,
  "A_70": 109.8907496068253,
  "A_71": 0.0,
  "A_72": 57.074256215561846,
  "A_73": 89.78228211076942,
  "A_74": 13.16987056311377,
  "A_75": 3.214377072188161,
  "A_76": 94.78637425222522,
  "A_77": 123.01702743027785,
  "A_78": 88.37464754003136,
  "A_79": 1.2076282160399163,
  "A_80": 35.784549881756206,
  "A_81": 43.1664883699729,
  "A_82": 44.16816633801409,
  "A_83": 25.06401574782842,
  "A_84": 95.5651625046795,
  "A_85": 56.19595487421243,
  "A_86": 96.06981538218156,
  "A_87": 109.46776557194596,
  "A_88": 119.12879130026528,
  "A_89": 151.90903612739356,
  "A_90": 92.28767711926605,
  "A_91": 122.29128182818675,
  "A_92": 135.10029649273858,
  "A_93": 165.15225659578337,
  "A_94": 124.7081090565934,
  "A_95": 144.16218280290653,
  "A_96": 147.997828671898,
  "A_97": 94.34207765278393,
  "A_98": 110.24899170029943,
  "A_99": 161.15716861643693,
  "A_100": 61.1489772854915,
  "A_101": 143.68209717995555,
  "A_102": 177.64551606590823,
  "A_103": 89.42568621184574,
  "A_104": 126.8654407318135,
  "A_105": 149.7558513544762,
  "A_106": 112.10591171961269,
  "A_107": 122.63242109125477,
  "A_108": 251.0162563844013
}