{
  "A_1": 239.83539096212832,
  "A_2": 177.66001765759717,
  "A_3": 176.7945088815332,
  "A_4": 85.47773468867375,
  "A_5": 60.275840722464594,
  "A_6": 48.30512864159665,
  "A_7": 78.49583404259457,
  "A_8": 102.64839836339289,
  "A_9": 66.92843962659448,
  "A_10": 11.53160539249038,
  "A_11": 49.512756857636575,
  "A_12": 84.53397512279415,
  "A_13": 19.071842451336156,
  "A_14": 3.622884648119749,
  "A_15": 65.60253673033222,
  "A_16": 73.66532117843491,
  "A_17": 50.72038507367649,
  "A_18": 0.0,
  "A_19": 137.28323843127075,
  "A_20": 103.17518061954684,
  "A_21": 34.612710689225985,
  "A_22": 4.69434367218247,
  "A_23": 121.48685817967919,
  "A_24": 86.94923155487399,
  "A_25": 11.962242347073854,
  "A_26": 94.77956327935225,
  "A_27": 172.08227069759587,
  "A_28": 117.63093018851612,
  "A_29": 208.02518198183427,
  "A_30": 43.0661082015054,
  "A_31": 18.82163344603365,
  "A_32": 25.36019253683824,
  "A_33": 7.245769296239498,
  "A_34": 4.830512864159665,
  "A_35": 0.0,
  "A_36": 44.22005288228078,
  "A_37": 3.622884648119749,
  "A_38": 77.15203663457746,
  "A_39": 0.0,
  "A_40": 0.0,
  "A_41": 11.940112968421968,
  "A_42": 86.93133704311913,
  "A_43": 0.0,
  "A_44": 0.0,
  "A_45": 74.41075828327868,
  "A_46": 84.4802915875296,
  "A_47": 26.023143984969373,
  "A_48": 129.8433815408925,
  "A_49": 56.587409885220346,
  "A_50": 90.52530647245524,
  "A_51": 66.72672424549279,
  "A_52": 4.422005288228077,
  "A_53": 47.3646488984474,
  "A_54": 84.60703600154602,
  "A_55": 158.72010953134117,
  "A_56": 45.75370301753963,
  "A_57": 7.109600104262302,
  "A_58": 52.72713392982473,
  "A_59": 105.05666789341115,
  "A_60": 19.32205145663866,
  "A_61": 7.245769296239498,
  "A_62": 89.37539559664707,
  "A_63": 64.00429545011556,
  "A_64": 0.0,
  "A_65": 15.699166808518912,
  "A_66": 9.66102572831933,
  "A_67": 9.66102572831933,
  "A_68": 15.42682842456452,
  "A_69": 1.2076282160399163,
  "A_70": 2.4152564320798326,
  "A_71": 7.245769296239498,
  "A_72": 26.15931317694657,
  "A_73": 0.0,
  "A_74": 13.129846672707037,
  "A_75": 103.38449865487023,
  "A_76": 21.056461928832512,
  "A_77": 24.79762125717461,
  "A_78": 88.79428892032726,
  "A_79": 164.1914444649801,
  "A_80": 86.02484933248172,
  "A_81": 26.567820752878163,
  "A_82": 118.93024264455842,
  "A_83": 77.48896616348964,
  "A_84": 12.076282160399163,
  "A_85": 106.83890597216325,
  "A_86": 74.99122407469716,
  "A_87": 10.868653944359247,
  "A_88": 0.0,
  "A_89": 66.4195518821954,
  "A_90": 54.87005197795017,
  "A_91": 0.0,
  "A_92": 0.0,
  "A_93": 93.7864932751819,
  "A_94": 33.541251665163266,
  "A_95": 1.0935884027146072,
  "A_96": 10.868653944359247,
  "A_97": 50.33400687639678,
  "A_98": 59.0376133939787,
  "A_99": 0.0,
  "A_100": 16.770625832581633,
  "A_101": 111.35623974787184,
  "A_102": 67.21867252230372,
  "A_103": 0.0,
  "A_104": 49.11374945788944,
  "A_105": 55.028350548579255,
  "A_106": 19.208011643313352,
  "A_107": 1.0714590240627204,
  "A_108": 70.82789752556567,
  "A_109": 122.85205611685254,
  "A_110": 58.45714760256023,
  "A_111": 66.347973835176,
  "A_112": 56.469977151829156,
  "A_113": 64.28171064779816,
  "A_114": 118.41479525469863,
  "A_115": 50.90291160685007,
  "A_116": 16.208054552918,
  "A_117": 1.2076282160399163,
  "A_118": 48.305128641596646,
  "A_119": 2.4152564320798326,
  "A_120": 0.0,
  "A_121": 0.0,
  "A_122": 24.152564320798326,
  "A_123": 0.0,
  "A_124": 0.0,
  "A_125": 0.0,
  "A_126": 0.0,
  "A_127": 1.0714590240627204,
  "A_128": 2.142918048125441,
  "A_129": 18.114423240598747,
  "A_130": 40.923190153379956,
  "A_131": 10.460146368427658,
  "A_132": 1.0714590240627204,
  "A_133": 55.550897937836154,
  "A_134": 99.24762431588195,
  "A_135": 9.546985914994021,
  "A_136": 2.4152564320798326,
  "A_137": 118.71329682227213,
  "A_138": 149.14055158371474,
  "A_139": 66.29014339760874,
  "A_140": 171.64983675201452,
  "A_141": 33.81359004911766,
  "A_142": 57.5576467939844,
  "A_143": 116.86908140365,
  "A_144": 23.924484694147708,
  "A_145": 79.09321416885999,
  "A_146": 14.444728861940511,
  "A_147": 0.0,
  "A_148": 78.57405969966896,
  "A_149": 0.0,
  "A_150": 1.2076282160399163,
  "A_151": 40.923190153379956,
  "A_152": 2.3012166187545233,
  "A_153": 0.0,
  "A_154": 3.622884648119749,
  "A_155": 20.39351048070138,
  "A_156": 12.076282160399163,
  "A_157": 0.0,
  "A_158": 4.422005288228077,
  "A_159": 64.00429545011556,
  "A_160": 43.33844658545979,
  "A_161": 0.0,
  "A_162": 3.4867154561425533,
  "A_163": 76.08057761051472,
  "A_164": 20.125406963644032,
  "A_165": 10.051638792496071,
  "A_166": 10.460146368427658,
  "A_167": 72.32152377041778,
  "A_168": 9.66102572831933,
  "A_169": 56.60446245014403,
  "A_170": 27.9379824064442,
  "A_171": 39.85173112931724,
  "A_172": 9.38868734436494,
  "A_173": 26.317611747575654,
  "A_174": 59.27935266548713,
  "A_175": 93.4783658677178,
  "A_176": 153.5625568719428,
  "A_177": 85.94837040092274,
  "A_178": 77.69575835831955,
  "A_179": 158.1692249763489,
  "A_180": 60.11330728493847,
  "A_181": 44.97755370291434,
  "A_182": 185.76963696897954,
  "A_183": 73.05086335450457,
  "A_184": 56.62235696189887,
  "A_185": 31.398333617037828,
  "A_186": 62.12005614108671,
  "A_187": 89.09214960299943,
  "A_188": 74.2388000677918,
  "A_189": 66.4786138240829,
  "A_190": 40.24657906039102,
  "A_191": 86.81306236289677,
  "A_192": 35.64838068977902,
  "A_193": 74.87294939447482,
  "A_194": 31.925115873191757,
  "A_195": 70.47220640532623,
  "A_196": 12.076282160399163,
  "A_197": 103.7198573874556,
  "A_198": 39.60152212401473,
  "A_199": 6.038141080199582,
  "A_200": 49.512756857636575,
  "A_201": 43.47461577743699,
  "A_202": 76.08057761051472,
  "A_203": 14.154759860014178,
  "A_204": 74.49610907249141,
  "A_205": 136.29003019702364,
  "A_206": 78.22349565864016,
  "A_207": 7.131729482914189,
  "A_208": 146.89485319033446,
  "A_209": 196.69613391727674,
  "A_210": 83.32634690675422,
  "A_211": 8.453397512279414,
  "A_212": 39.17088516943126,
  "A_213": 146.9646845118384,
  "A_214": 46.82516204160234,
  "A_215": 0.0,
  "A_216": 50.83865975389884,
  "A_217": 158.3047909825366,
  "A_218": 14.3553694005018,
  "A_219": 31.771052169459722,
  "A_220": 83.66327643566643,
  "A_221": 77.89747373942124,
  "A_222": 64.47739417100496,
  "A_223": 36.60156503361938,
  "A_224": 198.56247871455074,
  "A_225": 146.60702047141254,
  "A_226": 82.78167013884546,
  "A_227": 4.830512864159665,
  "A_228": 33.523357153408426,
  "A_229": 106.15724319818732,
  "A_230": 16.634456640604437,
  "A_231": 0.0,
  "A_232": 32.60596183307774,
  "A_233": 61.184766309001176,
  "A_234": 21.737307888718497,
  "A_235": 1.2076282160399163,
  "A_236": 64.6672468982467,
  "A_237": 40.49678806569352,
  "A_238": 26.431651560900963,
  "A_239": 0.0,
  "A_240": 109.8941676596324,
  "A_241": 14.491538592478996,
  "A_242": 0.0,
  "A_243": 45.34519544160804,
  "A_244": 120.8383203586427,
  "A_245": 129.2987047729837,
  "A_246": 32.33362344912335,
  "A_247": 101.56995243726858,
  "A_248": 2.4152564320798326,
  "A_249": 30.942174363736587,
  "A_250": 60.1533311753452,
  "A_251": 4.716473050834356,
  "A_252": 2.4152564320798326,
  "A_253": 0.0,
  "A_254": 0.0,
  "A_255": 3.622884648119749,
  "A_256": 13.28391037643908,
  "A_257": 3.350546264165357,
  "A_258": 0.0,
  "A_259": 25.369692713022705,
  "A_260": 6.038141080199582,
  "A_261": 2.4152564320798326,
  "A_262": 48.88971620257665,
  "A_263": 99.97171115705193,
  "A_264": 11.803943776444772,
  "A_265": 180.54396201448074,
  "A_266": 47.09750042555673,
  "A_267": 16.480392936872395,
  "A_268": 149.4488549203674,
  "A_269": 132.46462592008294,
  "A_270": 0.0,
  "A_271": 22.944936104758412,
  "A_272": 120.41983508444332,
  "A_273": 44.74683513843471,
  "A_274": 8.980179768433352,
  "A_275": 64.00429545011556,
  "A_276": 90.28188330728449,
  "A_277": 62.79666723407565,
  "A_278": 46.84303142061598,
  "A_279": 72.23205121164355,
  "A_280": 43.360575964111675,
  "A_281": 61.589039018035734,
  "A_282": 7.245769296239498,