{
  "A_1": 243.28803898753534,
  "A_2": 95.33189296696517,
  "A_3": 76.13838291534078,
  "A_4": 79.43535874157712,
  "A_5": 36.22884648119749,
  "A_6": 167.27971800805315,
  "A_7": 48.582543839279246,
  "A_8": 49.41997934339076,
  "A_9": 41.858479985465486,
  "A_10": 15.136595528855281,
  "A_11": 16.634456640604437,
  "A_12": 41.40232073216425,
  "A_13": 29.848585961021982,
  "A_14": 9.643131216564484,
  "A_15": 153.4213736980905,
  "A_16": 129.20752318780592,
  "A_17": 63.8944905036873,
  "A_18": 109.08043233049956,
  "A_19": 74.15631441107914,
  "A_20": 16.770625832581633,
  "A_21": 54.62831270644175,
  "A_22": 10.868653944359247,
  "A_23": 59.48518981615034,
  "A_24": 49.577348002594384,
  "A_25": 78.40815847481818,
  "A_26": 42.389497108516466,
  "A_27": 47.826840009643526,
  "A_28": 116.13399898819245,
  "A_29": 72.59592303915294,
  "A_30": 12.076282160399163,
  "A_31": 83.72786758062423,
  "A_32": 45.50349401223711,
  "A_33": 7.245769296239498,
  "A_34": 45.20902624963084,
  "A_35": 118.5670368346916,
  "A_36": 1.2076282160399163,
  "A_37": 6.038141080199582,
  "A_38": 135.91879447633426,
  "A_39": 82.6139467902556,
  "A_40": 86.22749462500889,
  "A_41": 151.70909260454852,
  "A_42": 37.55474937745976,
  "A_43": 171.65502666307827,
  "A_44": 35.11397064666216,
  "A_45": 28.13027300958512,
  "A_46": 63.98640093836072,
  "A_47": 42.12562845835615,
  "A_48": 130.2774491146537,
  "A_49": 111.17398967485181,
  "A_50": 17.84208485664435,
  "A_51": 117.23089234637861,
  "A_52": 24.403615272931997,
  "A_53": 44.23794739403562,
  "A_54": 76.51788730789443,
  "A_55": 18.641205496752683,
  "A_56": 92.93368909980902,
  "A_57": 42.52143143359661,
  "A_58": 65.62127318891822,
  "A_59": 96.41944951178489,
  "A_60": 66.0816421763753,
  "A_61": 47.58849365820098,
  "A_62": 43.47461577743699,
  "A_63": 89.69199273790525,
  "A_64": 93.79496300897597,
  "A_65": 24.152564320798326,
  "A_66": 81.51696546747512,
  "A_67": 11.667774584467576,
  "A_68": 101.87814267658577,
  "A_69": 69.32580154691948,
  "A_70": 42.07713483415533,
  "A_71": 0.0,
  "A_72": 21.5764583448547,
  "A_73": 46.988537425959635,
  "A_74": 35.430567787920324,
  "A_75": 139.80224281914275,
  "A_76": 73.30351023570627,
  "A_77": 7.131729482914189,
  "A_78": 9.410816723016826,
  "A_79": 20.257341288724188,
  "A_80": 0.0,
  "A_81": 1.2076282160399163,
  "A_82": 118.50412958339612,
  "A_83": 34.03224489780751,
  "A_84": 9.66102572831933,
  "A_85": 23.594227908031737,
  "A_86": 59.21888329009084,
  "A_87": 3.622884648119749,
  "A_88": 0.0,
  "A_89": 67.19144119718241,
  "A_90": 75.36394262711906,
  "A_91": 43.829439818104035,
  "A_92": 3.5088448347944396,
  "A_93": 102.82369923346323,
  "A_94": 2.4152564320798326,
  "A_95": 47.09750042555674,
  "A_96": 1.2076282160399163,
  "A_97": 46.83988982796238,
  "A_98": 1.2076282160399163,
  "A_99": 16.770625832581633,
  "A_100": 19.401219591509125,
  "A_101": 3.214377072188161,
  "A_102": 28.402611393539516,
  "A_103": 48.25144510633211,
  "A_104": 75.41675908281121,
  "A_105": 98.48083694736435,
  "A_106": 59.0376133939787,
  "A_107": 55.77300853844497,
  "A_108": 22.636808697294327,
  "A_109": 99.02551371527314,
  "A_110": 6.038141080199582,
  "A_111": 0.0,
  "A_112": 25.08785415288385,
  "A_113": 45.19113173787599,
  "A_114": 0.0,
  "A_115": 4.285836096250882,
  "A_116": 40.24234419349398,
  "A_117": 43.47461577743699,
  "A_118": 31.603416785464177,
  "A_119": 29.08345735342549,
  "A_120": 120.9583920298629,
  "A_121": 62.783007589217846,
  "A_122": 23.980606105311438,
  "A_123": 65.29440932286813,
  "A_124": 74.79975028564618,
  "A_125": 1.2076282160399163,
  "A_126": 24.955919827803697,
  "A_127": 16.90679502455883,
  "A_128": 42.19540951437769,
  "A_129": 42.60994894820416,
  "A_130": 59.43669619194953,
  "A_131": 2.4152564320798326,
  "A_132": 68.83480831427522,
  "A_133": 68.6449555870335,
  "A_134": 33.67742085714046,
  "A_135": 2.4152564320798326,
  "A_136": 92.2451902202189,
  "A_137": 117.79590150194144,
  "A_138": 2.142918048125441,
  "A_139": 107.42943742644383,
  "A_140": 2.142918048125441,
  "A_141": 78.49583404259457,
  "A_142": 42.393731975413495,
  "A_143": 82.26579549238478,
  "A_144": 61.12090401353902,
  "A_145": 56.54315112791657,
  "A_146": 77.01586744260025,
  "A_147": 76.54425155344336,
  "A_148": 97.56068959186915,
  "A_149": 81.46423697637726,
  "A_150": 48.30512864159665,
  "A_151": 82.08292966720461,
  "A_152": 8.453397512279414,
  "A_153": 91.60862815037791,
  "A_154": 13.16987056311377,
  "A_155": 69.17173784318743,
  "A_156": 49.45907332237203,
  "A_157": 3.3948050214691308,
  "A_158": 14.3553694005018,
  "A_159": 63.30555497847474,
  "A_160": 139.8882093605156,
  "A_161": 77.97443019306358,
  "A_162": 190.80434078925194,
  "A_163": 16.071885360940808,
  "A_164": 79.70346225863447,
  "A_165": 147.1746685648044,
  "A_166": 76.81415206149856,
  "A_167": 56.75852615387607,
  "A_168": 26.567820752878156,
  "A_169": 81.05816727634486,
  "A_170": 36.64158892402612,
  "A_171": 0.0,
  "A_172": 42.97164679359727,
  "A_173": 107.34274203557536,
  "A_174": 70.41515508273704,
  "A_175": 7.109600104262302,
  "A_176": 125.04683557650345,
  "A_177": 82.98243047578045,
  "A_178": 15.408933912809674,
  "A_179": 46.505171980278305,
  "A_180": 112.0803894208949,
  "A_181": 69.51046436309748,
  "A_182": 3.622884648119749,
  "A_183": 74.91634107220622,
  "A_184": 102.4406511243963,
  "A_185": 57.271648765172195,
  "A_186": 0.0,
  "A_187": 44.273736417545315,
  "A_188": 19.422431625106164,
  "A_189": 96.6042002925572,
  "A_190": 145.9611844200582,
  "A_191": 89.45544337746054,
  "A_192": 0.0,
  "A_193": 45.88987220951682,
  "A_194": 0.0,
  "A_195": 23.607887552889544,
  "A_196": 1.2076282160399163,
  "A_197": 10.714590240627205,
  "A_198": 14.3553694005018,
  "A_199": 2.4152564320798326,
  "A_200": 76.87431984400013,
  "A_201": 3.4867154561425533,
  "A_202": 28.674949777493907,
  "A_203": 0.0,
  "A_204": 46.59453144171702,
  "A_205": 29.27838689439544,
  "A_206": 51.11099813785322,
  "A_207": 136.4294792117312
}