{
  "A_1": 217.44020843900688,
  "A_2": 175.4532498803802,
  "A_3": 144.68730629813936,
  "A_4": 81.30074849468444,
  "A_5": 137.66364760250866,
  "A_6": 146.73234488554957,
  "A_7": 89.46568496951126,
  "A_8": 50.70672542881867,
  "A_9": 105.85578853351947,
  "A_10": 70.14281669878264,
  "A_11": 124.91248850826533,
  "A_12": 130.53513511047174,
  "A_13": 89.472470809643,
  "A_14": 152.16115522102945,
  "A_15": 72.91713203842657,
  "A_16": 135.09754445757403,
  "A_17": 165.7717912334419,
  "A_18": 120.45469419652756,
  "A_19": 142.3032898634068,
  "A_20": 116.7177697350825,
  "A_21": 161.71385883465302,
  "A_22": 74.6141575580427,
  "A_23": 159.70386785488628,
  "A_24": 46.671098337870305,
  "A_25": 135.32498319932333,
  "A_26": 178.66172075837954,
  "A_27": 112.1348897702494,
  "A_28": 56.686948106856676,
  "A_29": 9.66102572831933,
  "A_30": 175.09415327370425,
  "A_31": 162.08852517452016,
  "A_32": 97.5429710093029,
  "A_33": 30.19070540099791,
  "A_34": 122.75800939917468,
  "A_35": 158.08691524882485,
  "A_36": 41.746124065802505,
  "A_37": 207.4983997256803,
  "A_38": 51.33568484443797,
  "A_39": 0.0,
  "A_40": 33.81359004911766,
  "A_41": 51.5416350924367,
  "A_42": 8.729970763130845,
  "A_43": 74.87294939447482,
  "A_44": 103.7198573874556,
  "A_45": 52.99947231377912,
  "A_46": 24.152564320798326,
  "A_47": 79.56729306665729,
  "A_48": 104.24663964360954,
  "A_49": 9.66102572831933,
  "A_50": 38.53006309995202,
  "A_51": 80.9110904746744,
  "A_52": 44.5682041801516,
  "A_53": 6.038141080199582,
  "A_54": 92.98737263507357,
  "A_55": 72.45769296239497,
  "A_56": 10.618444939056742,
  "A_57": 30.81786782561935,
  "A_58": 140.6170337234072,
  "A_59": 145.25231545370215,
  "A_60": 31.889326849682067,
  "A_61": 131.32746991044831,
  "A_62": 41.72231079348829,
  "A_63": 39.48748231068942,
  "A_64": 99.09433972712799,
  "A_65": 80.51349050843606,
  "A_66": 72.0779875079115,
  "A_67": 51.536445181372976,
  "A_68": 39.6618784020755,
  "A_69": 191.15413828167323,
  "A_70": 84.77899421703293,
  "A_71": 58.59949944887969,
  "A_72": 90.44651532870321,
  "A_73": 41.66862725822375,
  "A_74": 27.639279776940878,
  "A_75": 46.2549629749758,
  "A_76": 62.60681450683391,
  "A_77": 52.537281202582996,
  "A_78": 143.63908249334258,
  "A_79": 183.4451348654766,
  "A_80": 31.542972542809103,
  "A_81": 10.187807984473267,
  "A_82": 3.5088448347944396,
  "A_83": 131.91472154199855,
  "A_84": 33.81359004911766,
  "A_85": 0.0,
  "A_86": 0.0,
  "A_87": 3.622884648119749,
  "A_88": 65.66712787529003,
  "A_89": 41.00567581009261,
  "A_90": 1.0714590240627204,
  "A_91": 20.368830128814785,
  "A_92": 7.7027704963719,
  "A_93": 1.2076282160399163,
  "A_94": 21.737307888718494,
  "A_95": 2.4152564320798326,
  "A_96": 12.713711309812535,
  "A_97": 0.0,
  "A_98": 0.0,
  "A_99": 22.944936104758405,
  "A_100": 0.0,
  "A_101": 0.0,
  "A_102": 79.31366600854768,
  "A_103": 16.90679502455883,
  "A_104": 0.0,
  "A_105": 26.431651560900963,
  "A_106": 101.04905124256219,
  "A_107": 3.4867154561425533,
  "A_108": 0.0,
  "A_109": 61.45286982605854,
  "A_110": 31.01195541975812,
  "A_111": 2.4152564320798326,
  "A_112": 6.038141080199582,
  "A_113": 109.89416765963239,
  "A_114": 60.38141080199581,
  "A_115": 0.0,
  "A_116": 39.71556193734004,
  "A_117": 83.05400852279985,
  "A_118": 61.45286982605854,
  "A_119": 0.0,
  "A_120": 7.245769296239498,
  "A_121": 90.29977781903932,
  "A_122": 46.43878384432264,
  "A_123": 0.0,
  "A_124": 0.0,
  "A_125": 68.83480831427522,
  "A_126": 0.0,
  "A_127": 0.0,
  "A_128": 17.960359536866704,
  "A_129": 72.94868619503923,
  "A_130": 16.08977987269565,
  "A_131": 64.94126917586343,
  "A_132": 174.27971422781704,
  "A_133": 74.73678020249761,
  "A_134": 12.857508288752644,
  "A_135": 69.68062558758652,
  "A_136": 98.75317533131874,
  "A_137": 25.756033211190562,
  "A_138": 24.31090059053925,
  "A_139": 140.68994380571172,
  "A_140": 79.45325325333197,
  "A_141": 0.0,
  "A_142": 79.20548212392865,
  "A_143": 84.53397512279413,
  "A_144": 67.33694720252608,
  "A_145": 60.155769051244384,
  "A_146": 85.49806707632779,
  "A_147": 135.37263487669298,
  "A_148": 72.32152377041778,
  "A_149": 27.09121008896622,
  "A_150": 40.71723990538123,
  "A_151": 135.11819100449344,
  "A_152": 73.55128136510959,
  "A_153": 6.038141080199582,
  "A_154": 71.11389555437788,
  "A_155": 96.6102572831933,
  "A_156": 26.567820752878163,
  "A_157": 24.543177384975067,
  "A_158": 108.73323607679544,
  "A_159": 158.80856421409567,
  "A_160": 148.34841784566797,
  "A_161": 28.640957744982064,
  "A_162": 77.8489549824792,
  "A_163": 79.15620938474977,
  "A_164": 50.26422582037525,
  "A_165": 112.30942409171222,
  "A_166": 34.885049073180376,
  "A_167": 4.830512864159665,
  "A_168": 54.18920601806419,
  "A_169": 71.9130161944862,
  "A_170": 0.0,
  "A_171": 0.0,
  "A_172": 13.011571992484688,
  "A_173": 78.06718257456816,
  "A_174": 44.273736417545315,
  "A_175": 3.350546264165357,
  "A_176": 28.298838305006136,
  "A_177": 1.2076282160399163,
  "A_178": 87.11843773519632,
  "A_179": 3.5088448347944396,
  "A_180": 1.0714590240627204,
  "A_181": 81.59614616871619,
  "A_182": 46.688992849625144,
  "A_183": 2.4152564320798326,
  "A_184": 57.96018534387419,
  "A_185": 32.99657489725448,
  "A_186": 77.16471610252736,
  "A_187": 0.0,
  "A_188": 72.30362925866294,
  "A_189": 77.3349024597576,
  "A_190": 30.190705400997906,
  "A_191": 61.74986342915831,
  "A_192": 202.86017746466158,
  "A_193": 106.26531398547084,
  "A_194": 156.15400638640656,
  "A_195": 79.04474567740039,
  "A_196": 0.0,
  "A_197": 103.71287048539403,
  "A_198": 63.60002274108102,
  "A_199": 9.546985914994021,
  "A_200": 87.20695524980388,
  "A_201": 132.64925103714904,
  "A_202": 64.22718516570245,
  "A_203": 63.13359676298785,
  "A_204": 59.95500871430938,
  "A_205": 74.88565399516594,
  "A_206": 58.53200547230997,
  "A_207": 69.42618171538697,
  "A_208": 25.10998353153574,
  "A_209": 1.2076282160399163,
  "A_210": 8.453397512279414,
  "A_211": 112.15536038798018,
  "A_212": 188.61461301058804,
  "A_213": 43.38099631636002,
  "A_214": 1.2076282160399163,
  "A_215": 25.36019253683824,
  "A_216": 61.41708080254884,
  "A_217": 90.90130484760748,
  "A_218": 3.622884648119749,
  "A_219": 77.28820582655463,
  "A_220": 35.29439859594313,
  "A_221": 50.49230544702587,
  "A_222": 3.622884648119749,
  "A_223": 41.99464917744268,
  "A_224": 21.737307888718494,
  "A_225": 98.66370277254451,
  "A_226": 24.95168496090665,
  "A_227": 14.241329587176491,
  "A_228": 66.01104430626381,
  "A_229": 24.152564320798326,
  "A_230": 18.114423240598747,
  "A_231": 7.109600104262302,
  "A_232": 64.20929065394762,
  "A_233": 25.51852880657917,
  "A_234": 0.0,
  "A_235": 97.54554711527884,
  "A_236": 67.62718009823531,
  "A_237": 1.0714590240627204,
  "A_238": 5.901971888222386,
  "A_239": 113.28897268110151,
  "A_240": 0.0,
  "A_241": 5.357295120313602,
  "A_242": 93.24181650727311,
  "A_243": 92.79751990783183,
  "A_244": 36.074782777465444,
  "A_245": 26.43165156090096,
  "A_246": 2.279087240102637,
  "A_247": 21.701518865208797,
  "A_248": 98.27222262879539,
  "A_249": 109.62934396530538,
  "A_250": 57.285308410030005,
  "A_251": 75.67207003458316,
  "A_252": 4.444134666879965,
  "A_253": 0.0,
  "A_254": 1.2076282160399163,
  "A_255": 0.0,
  "A_256": 15.562997616541717,
  "A_257": 1.0714590240627204,
  "A_258": 28.983077184957992,
  "A_259": 26.25969334541407,
  "A_260": 46.63530931436061,
  "A_261": 0.0,
  "A_262": 43.3026575619501,
  "A_263": 134.81586926025318,
  "A_264": 32.57017280956805,
  "A_265": 99.69998852525765,
  "A_266": 186.81781050829386,
  "A_267": 114.82506069225956,
  "A_268": 1.0714590240627204,
  "A_269": 52.99947231377912,
  "A_270": 42.15294774807177,
  "A_271": 7.109600104262302,
  "A_272": 39.85173112931724,
  "A_273": 120.6087579002596,
  "A_274": 60.10907241804142,
  "A_275": 0.0,
  "A_276": 28.983077184957992,
  "A_277": 31.39833361703782,
  "A_278": 42.26698756139707,
  "A_279": 12.076282160399163,