{
  "A_1": 55.46574821055326,
  "A_2": 112.96962350467881,
  "A_3": 93.88168353258567,
  "A_4": 96.89350327684096,
  "A_5": 32.81698889480468,
  "A_6": 73.5291519864577,
  "A_7": 90.60863407599906,
  "A_8": 78.66080535601988,
  "A_9": 167.67470416920366,
  "A_10": 107.13499479657877,
  "A_11": 25.90910417164407,
  "A_12": 57.966154369915984,
  "A_13": 6.428754144376322,
  "A_14": 83.98419640841594,
  "A_15": 5.357295120313602,
  "A_16": 147.2293448433475,
  "A_17": 27.283500692107147,
  "A_18": 39.85596599621428,
  "A_19": 157.82215438635092,
  "A_20": 17.82419034488951,
  "A_21": 41.3546690547946,
  "A_22": 46.244696250183864,
  "A_23": 0.0,
  "A_24": 0.0,
  "A_25": 0.0,
  "A_26": 64.48087505566514,
  "A_27": 3.280765208143822,
  "A_28": 1.0714590240627204,
  "A_29": 22.19515103568206,
  "A_30": 56.14227133894789,
  "A_31": 32.27993991385881,
  "A_32": 1.0714590240627204,
  "A_33": 118.0155993593923,
  "A_34": 71.14269767582599,
  "A_35": 68.13180784299615,
  "A_36": 40.71723990538123,
  "A_37": 68.11054554391664,
  "A_38": 16.79275521123352,
  "A_39": 0.0,
  "A_40": 60.70044581915317,
  "A_41": 59.91921969079969,
  "A_42": 0.0,
  "A_43": 49.16884042666278,
  "A_44": 126.80253348051802,
  "A_45": 11.962242347073854,
  "A_46": 5.493464312290798,
  "A_47": 139.68396813892042,
  "A_48": 72.03552574160558,
  "A_49": 7.245769296239498,
  "A_50": 157.1813825823541,
  "A_51": 86.58402769207947,
  "A_52": 45.19113173787599,
  "A_53": 189.20754464165594,
  "A_54": 169.0338828148528,
  "A_55": 99.10704432781911,
  "A_56": 53.68200216732743,
  "A_57": 112.66590689330037,
  "A_58": 90.792517777199,
  "A_59": 78.57492677924134,
  "A_60": 30.699593145396996,
  "A_61": 149.45564076049916,
  "A_62": 81.05816727634486,
  "A_63": 30.273191057710562,
  "A_64": 11.123097816558792,
  "A_65": 0.0,
  "A_66": 57.05383586331351,
  "A_67": 4.716473050834356,
  "A_68": 53.74490941862291,
  "A_69": 29.518329174906007,
  "A_70": 147.6605849837204,
  "A_71": 92.04509590092646,
  "A_72": 1.2076282160399163,
  "A_73": 50.665407202238676,
  "A_74": 1.2076282160399163,
  "A_75": 40.80489034041639,
  "A_76": 15.699166808518912,
  "A_77": 57.27249071200336,
  "A_78": 172.19451351992333,
  "A_79": 29.80432720371821,
  "A_80": 151.71834145332068,
  "A_81": 160.7634265259772,
  "A_82": 78.622578456611,
  "A_83": 65.33527516010604,
  "A_84": 158.0739216216096,
  "A_85": 154.49784670402832,
  "A_86": 165.94205298889585,
  "A_87": 127.04841965432917,
  "A_88": 183.90213606560903,
  "A_89": 65.45354984032838,
  "A_90": 113.1739401244977,
  "A_91": 128.4467174117008,
  "A_92": 108.79115447895701,
  "A_93": 149.6206372066657,
  "A_94": 72.09588201966635,
  "A_95": 97.48667366895057,
  "A_96": 107.86253738966772,
  "A_97": 32.143770721881616,
  "A_98": 30.308980081220255,
  "A_99": 4.558174480205274,
  "A_100": 92.49542435826262,
  "A_101": 10.868653944359247,
  "A_102": 28.936267454419507,
  "A_103": 14.377498779153687,
  "A_104": 144.73644080724148,
  "A_105": 59.3387538993812,
  "A_106": 0.0,
  "A_107": 46.144316081716354,
  "A_108": 111.01400721056041,
  "A_109": 2.4152564320798326,
  "A_110": 0.0,
  "A_111": 45.617533825562425,
  "A_112": 20.12117209674699,
  "A_113": 1.2076282160399163,
  "A_114": 54.3168803435061,
  "A_115": 81.22502354536232,
  "A_116": 54.22922990847092,
  "A_117": 27.48521607320884,
  "A_118": 130.1794439902323,
  "A_119": 121.3124620882931,
  "A_120": 241.90330034405665
}