{
  "A_1": 146.20940793880362,
  "A_2": 12.923896424708307,
  "A_3": 98.79146506258073,
  "A_4": 1.2076282160399163,
  "A_5": 74.15631441107914,
  "A_6": 98.20084564370583,
  "A_7": 12.879637667404532,
  "A_8": 39.851731129317244,
  "A_9": 8.571672192501763,
  "A_10": 75.07463964283528,
  "A_11": 62.77358281125708,
  "A_12": 31.39833361703782,
  "A_13": 87.00196004597183,
  "A_14": 10.986928624581596,
  "A_15": 35.512211497801815,
  "A_16": 73.83800824341742,
  "A_17": 42.003118911236754,
  "A_18": 40.13422314072804,
  "A_19": 0.0,
  "A_20": 1.2076282160399163,
  "A_21": 0.0,
  "A_22": 16.071885360940808,
  "A_23": 0.0,
  "A_24": 27.058813985522402,
  "A_25": 0.0,
  "A_26": 45.272863412351796,
  "A_27": 5.357295120313602,
  "A_28": 103.28646839770758,
  "A_29": 36.31133213791014,
  "A_30": 65.72928114434865,
  "A_31": 67.62718009823533,
  "A_32": 67.77605389090363,
  "A_33": 1.2076282160399163,
  "A_34": 87.46002938760645,
  "A_35": 1.2076282160399163,
  "A_36": 4.69434367218247,
  "A_37": 0.0,
  "A_38": 5.493464312290798,
  "A_39": 1.0714590240627204,
  "A_40": 15.202983664810944,
  "A_41": 51.351782365194964,
  "A_42": 20.397745347598423,
  "A_43": 77.24722689198123,
  "A_44": 7.636382360416238,
  "A_45": 91.55410266828221,
  "A_46": 80.89487985658188,
  "A_47": 24.25294448926583,
  "A_48": 14.654072030005118,
  "A_49": 67.62718009823533,
  "A_50": 52.89813710114494,
  "A_51": 27.639279776940878,
  "A_52": 46.92214929000397,
  "A_53": 23.045316273225914,
  "A_54": 57.912470834651444,
  "A_55": 70.3614715474725,
  "A_56": 173.4226751855471,
  "A_57": 106.48474794913875,
  "A_58": 64.82299449564107,
  "A_59": 84.57907582692907,
  "A_60": 149.18756237618302,
  "A_61": 11.395436200513185,
  "A_62": 106.15127417214553,
  "A_63": 0.0,
  "A_64": 0.0,
  "A_65": 76.02689407525018,
  "A_66": 105.47553015872897,
  "A_67": 0.0,
  "A_68": 19.32205145663866,
  "A_69": 56.8989302127503,
  "A_70": 7.131729482914189,
  "A_71": 0.0,
  "A_72": 74.77669099556883,
  "A_73": 13.28391037643908,
  "A_74": 47.896621065665066,
  "A_75": 1.2076282160399163,
  "A_76": 4.830512864159665,
  "A_77": 147.94919681762042,
  "A_78": 30.19494026789495,
  "A_79": 1.2076282160399163,
  "A_80": 87.04961172334149,
  "A_81": 36.719839713841736,
  "A_82": 84.98416535005359,
  "A_83": 70.2661681927332,
  "A_84": 1.0714590240627204,
  "A_85": 98.61866490026267,
  "A_86": 86.319317095088,
  "A_87": 5.810061453548963,
  "A_88": 54.505803159322355,
  "A_89": 18.000383427273434,
  "A_90": 3.622884648119749,
  "A_91": 2.4152564320798326,
  "A_92": 117.56970683088298,
  "A_93": 49.24041847368218,
  "A_94": 1.2076282160399163,
  "A_95": 45.34519544160804,
  "A_96": 89.51156478862427,
  "A_97": 63.32344949022958,
  "A_98": 7.500213168439043,
  "A_99": 67.01092528330715,
  "A_100": 42.24909304964223,
  "A_101": 164.76654441614622,
  "A_102": 59.85799633316655,
  "A_103": 7.8831984456528685,
  "A_104": 40.597168234161025,
  "A_105": 109.10264967374574,
  "A_106": 12.076282160399163,
  "A_107": 0.0,
  "A_108": 1.2076282160399163,
  "A_109": 5.810061453548963,
  "A_110": 0.0,
  "A_111": 0.0,
  "A_112": 0.0,
  "A_113": 0.0,
  "A_114": 0.0,
  "A_115": 0.0,
  "A_116": 4.558174480205274,
  "A_117": 0.0,
  "A_118": 0.0,
  "A_119": 1.2076282160399163,
  "A_120": 39.37428444419528,
  "A_121": 0.0,
  "A_122": 0.0,
  "A_123": 3.622884648119749,
  "A_124": 35.297791516009,
  "A_125": 24.779726745419765,
  "A_126": 67.41264701910698,
  "A_127": 71.99973671809589,
  "A_128": 41.04146483360231,
  "A_129": 46.98346061223143,
  "A_130": 23.46832544084647,
  "A_131": 20.239446776969338,
  "A_132": 64.83221821167201,
  "A_133": 1.0935884027146072,
  "A_134": 0.0,
  "A_135": 0.0,
  "A_136": 74.90175151592292,
  "A_137": 57.64013245069705,
  "A_138": 23.99934256389745,
  "A_139": 61.92596854694793,
  "A_140": 34.885049073180376,
  "A_141": 87.98490155542702,
  "A_142": 54.10576531718485,
  "A_143": 132.19570558893565,
  "A_144": 28.99154691875207,
  "A_145": 3.4867154561425533,
  "A_146": 0.0,
  "A_147": 0.0,
  "A_148": 0.0,
  "A_149": 0.0,
  "A_150": 1.2076282160399163,
  "A_151": 0.0,
  "A_152": 0.0,
  "A_153": 0.0,
  "A_154": 0.0,
  "A_155": 0.0,
  "A_156": 0.0,
  "A_157": 25.500596595712476,
  "A_158": 113.45638187042601,
  "A_159": 19.300764024817937,
  "A_160": 16.888900512803982,
  "A_161": 158.57433963221462,
  "A_162": 36.03899375395575,
  "A_163": 65.3472257785603,
  "A_164": 9.116348960410548,
  "A_165": 21.99598662781508,
  "A_166": 0.0,
  "A_167": 5.4458126349211495,
  "A_168": 1.0714590240627204,
  "A_169": 0.0,
  "A_170": 1.0714590240627204,
  "A_171": 0.0,
  "A_172": 0.0,
  "A_173": 0.0,
  "A_174": 14.06513650479256,
  "A_175": 39.6618784020755,
  "A_176": 9.643131216564484,
  "A_177": 171.55548844144192,
  "A_178": 53.11774699400147,
  "A_179": 0.0,
  "A_180": 100.11823503841536,
  "A_181": 57.2358597416625,
  "A_182": 0.0,
  "A_183": 15.699166808518912,
  "A_184": 100.61610207578568,
  "A_185": 6.196477349940508,
  "A_186": 0.0,
  "A_187": 36.447501329887345,
  "A_188": 56.16016585070274,
  "A_189": 0.0,
  "A_190": 9.66102572831933,
  "A_191": 107.77335385741762,
  "A_192": 42.22017783085859,
  "A_193": 0.0,
  "A_194": 13.28391037643908,
  "A_195": 118.93986848444902,
  "A_196": 8.453397512279414,
  "A_197": 0.0,
  "A_198": 134.34709337085513,
  "A_199": 90.38649834264902,
  "A_200": 97.60164339370135,
  "A_201": 65.847555824571,
  "A_202": 38.49003920954528,
  "A_203": 84.0122445476272,
  "A_204": 39.688242647624435,
  "A_205": 50.49230544702586,
  "A_206": 59.59499476257861,
  "A_207": 6.038141080199582,
  "A_208": 46.20890722667417,
  "A_209": 6.428754144376322,
  "A_210": 0.0,
  "A_211": 0.0,
  "A_212": 15.817441488741261,
  "A_213": 14.882151656655736,
  "A_214": 0.0,
  "A_215": 96.06723927620563,
  "A_216": 7.109600104262302,
  "A_217": 56.771230754567185,
  "A_218": 34.32247779351675,
  "A_219": 3.372675642817244,
  "A_220": 33.67742085714046,
  "A_221": 60.19579294165112,
  "A_222": 0.0,
  "A_223": 1.2076282160399163,
  "A_224": 37.69091856943695,
  "A_225": 2.4152564320798326,
  "A_226": 0.0,
  "A_227": 23.471718360912348,
  "A_228": 85.1517127694548,
  "A_229": 0.0,
  "A_230": 0.0,
  "A_231": 164.6041869078087,
  "A_232": 53.76280393037776,
  "A_233": 16.208054552918,
  "A_234": 66.6203122191304,
  "A_235": 33.659526345385615,
  "A_236": 91.12770058059577,
  "A_237": 57.75077934395648,
  "A_238": 21.447074993009256,
  "A_239": 117.21053482598337,
  "A_240": 34.55902715396144,
  "A_241": 0.0,
  "A_242": 1.2076282160399163,
  "A_243": 0.0,
  "A_244": 1.0714590240627204,
  "A_245": 1.0714590240627204,
  "A_246": 10.714590240627205,
  "A_247": 1.0714590240627204,
  "A_248": 12.076282160399163,
  "A_249": 0.0,
  "A_250": 29.49196492935708,
  "A_251": 94.57862701322863,
  "A_252": 21.464969504764102,
  "A_253": 75.7187666677861,
  "A_254": 130.12341054366289,
  "A_255": 141.95354263646797,
  "A_256": 45.21410306335905,
  "A_257": 91.36442587022908,
  "A_258": 0.0,
  "A_259": 49.63103153785892,
  "A_260": 0.0,
  "A_261": 62.097926762434824,
  "A_262": 21.104955553033328,
  "A_263": 29.474070417602235,
  "A_264": 63.3361540909207,
  "A_265": 102.57340226356641,
  "A_266": 89.90829767529021,
  "A_267": 48.52039057022063,
  "A_268": 31.39833361703782,
  "A_269": 57.01297002607561,
  "A_270": 20.946656982404242,
  "A_271": 98.74618842925716,
  "A_272": 95.95821344475544,
  "A_273": 0.0,
  "A_274": 0.0,
  "A_275": 72.29684341853118,
  "A_276": 35.978637475894985,
  "A_277": 0.0,
  "A_278": 39.916322274275046,
  "A_279": 87.93121802016246,
  "A_280": 5.924101266874272,
  "A_281": 34.559027153961445,
  "A_282": 123.21883077597383,
  "A_283": 123.43748562466368,
  "A_284": 39.81594210580755,
  "A_285": 36.11480666787218,
  "A_286": 4.285836096250882,
  "A_287": 4.830512864159665,
  "A_288": 1.0714590240627204,
  "A_289": 2.142918048125441,
  "A_290": 1.0714590240627204,
  "A_291": 8.844010576456157,
  "A_292": 1.0935884027146072,
  "A_293": 2.142918048125441,
  "A_294": 17.143344385003527,