{
  "A_1": 235.86519696296892,
  "A_2": 215.9500756451855,
  "A_3": 161.4014965602919,
  "A_4": 111.338345236117,
  "A_5": 159.32432576322077,
  "A_6": 160.07982853092668,
  "A_7": 140.09757766132142,
  "A_8": 84.9891793319287,
  "A_9": 144.8718308842406,
  "A_10": 108.95189092548529,
  "A_11": 29.396661574617788,
  "A_12": 53.13564150575632,
  "A_13": 3.2586358294919346,
  "A_14": 12.143512243185988,
  "A_15": 0.0,
  "A_16": 2.4152564320798326,
  "A_17": 0.0,
  "A_18": 1.0714590240627204,
  "A_19": 3.350546264165357,
  "A_20": 40.990420236166784,
  "A_21": 41.58359062827638,
  "A_22": 1.2076282160399163,
  "A_23": 9.66102572831933,
  "A_24": 88.67079919629995,
  "A_25": 0.0,
  "A_26": 0.0,
  "A_27": 23.18148546520311,
  "A_28": 47.57408003110632,
  "A_29": 0.0,
  "A_30": 45.19113173787599,
  "A_31": 161.87146625489834,
  "A_32": 95.37774765333695,
  "A_33": 185.94491270630863,
  "A_34": 18.895649368952228,
  "A_35": 104.98265197049255,
  "A_36": 49.470181993995126,
  "A_37": 18.214803409066246,
  "A_38": 84.83511562819663,
  "A_39": 30.397497595827804,
  "A_40": 10.868653944359247,
  "A_41": 3.622884648119749,
  "A_42": 2.1650474267773276,
  "A_43": 8.818488277738393,
  "A_44": 0.0,
  "A_45": 49.03267123468559,
  "A_46": 11.803943776444772,
  "A_47": 105.49246962631713,
  "A_48": 43.47885064433403,
  "A_49": 18.36886711279829,
  "A_50": 174.41069350873047,
  "A_51": 155.88523685170665,
  "A_52": 26.395862537391267,
  "A_53": 60.20945258650893,
  "A_54": 7.500213168439043,
  "A_55": 71.4253027845723,
  "A_56": 101.34025174880873,
  "A_57": 69.16231306522667,
  "A_58": 19.32205145663866,
  "A_59": 79.38335909997491,
  "A_60": 0.0,
  "A_61": 0.0,
  "A_62": 62.316581611124676,
  "A_63": 51.483716690275116,
  "A_64": 85.41558141961511,
  "A_65": 12.330726032598708,
  "A_66": 162.39911559062466,
  "A_67": 8.707841384478959,
  "A_68": 144.58936400557104,
  "A_69": 18.895649368952228,
  "A_70": 7.816810309697208,
  "A_71": 75.29839643799455,
  "A_72": 54.756854111456036,
  "A_73": 63.73193193341996,
  "A_74": 18.114423240598747,
  "A_75": 106.2821906212059,
  "A_76": 39.85173112931724,
  "A_77": 0.0,
  "A_78": 95.64516002001055,
  "A_79": 78.94254338519382,
  "A_80": 0.0,
  "A_81": 0.0,
  "A_82": 64.45949965925011,
  "A_83": 87.56696920153465,
  "A_84": 31.344650081773285,
  "A_85": 46.25241200174109,
  "A_86": 110.04547932819989,
  "A_87": 46.89578504445505,
  "A_88": 2.4152564320798326,
  "A_89": 82.1127496646725,
  "A_90": 65.03996545066859,
  "A_91": 10.868653944359247,
  "A_92": 1.0714590240627204,
  "A_93": 103.84903967737122,
  "A_94": 63.00853624263375,
  "A_95": 12.857508288752644,
  "A_96": 65.90367723573472,
  "A_97": 0.0,
  "A_98": 0.0,
  "A_99": 1.2076282160399163,
  "A_100": 0.0,
  "A_101": 3.622884648119749,
  "A_102": 1.2076282160399163,
  "A_103": 22.676832587701057,
  "A_104": 8.571672192501763,
  "A_105": 2.279087240102637,
  "A_106": 25.132112910187626,
  "A_107": 4.374353610858429,
  "A_108": 16.388482502198972,
  "A_109": 3.280765208143822,
  "A_110": 5.493464312290798,
  "A_111": 4.69434367218247,
  "A_112": 0.0,
  "A_113": 0.0,
  "A_114": 9.66102572831933,
  "A_115": 6.038141080199582,
  "A_116": 0.0,
  "A_117": 0.0,
  "A_118": 54.662304738953594,
  "A_119": 3.4867154561425533,
  "A_120": 0.0,
  "A_121": 78.27451512333448,
  "A_122": 109.18844028592997,
  "A_123": 70.65170444318174,
  "A_124": 54.44788475716078,
  "A_125": 6.973430912285107,
  "A_126": 5.810061453548963,
  "A_127": 0.0,
  "A_128": 0.0,
  "A_129": 0.0,
  "A_130": 1.2076282160399163,
  "A_131": 0.0,
  "A_132": 11.922218456667121,
  "A_133": 62.38134868527109,
  "A_134": 4.830512864159665,
  "A_135": 2.142918048125441,
  "A_136": 109.46170858130985,
  "A_137": 133.26455080791055,
  "A_138": 49.16884042666279,
  "A_139": 24.016395128821127,
  "A_140": 180.5025181241946,
  "A_141": 147.82593328826414,
  "A_142": 93.1626735051439,
  "A_143": 42.58366010087892,
  "A_144": 40.80915034005465,
  "A_145": 46.96133123357954,
  "A_146": 0.0,
  "A_147": 96.73943957310892,
  "A_148": 118.31259296249205,
  "A_149": 4.716473050834356,
  "A_150": 9.66102572831933,
  "A_151": 72.67634781108484,
  "A_152": 46.95190645561877,
  "A_153": 0.0,
  "A_154": 51.992604434674206,
  "A_155": 130.8705566749102,
  "A_156": 48.89574806047154,
  "A_157": 11.009058003233482,
  "A_158": 24.779726745419765,
  "A_159": 0.0,
  "A_160": 3.622884648119749,
  "A_161": 2.4152564320798326,
  "A_162": 15.154490040610128,
  "A_163": 3.622884648119749,
  "A_164": 33.81359004911765,
  "A_165": 7.655118819002251,
  "A_166": 41.6865217699786,
  "A_167": 34.17868081457664,
  "A_168": 15.699166808518912,
  "A_169": 63.441724170451934,
  "A_170": 117.99770484763744,
  "A_171": 97.90037115594589,
  "A_172": 63.28766046671989,
  "A_173": 36.48329035339704,
  "A_174": 245.22075935439443,
  "A_175": 81.31525008637342,
  "A_176": 47.74679222883006,
  "A_177": 48.60383127109997,
  "A_178": 88.22408985370072,
  "A_179": 137.37938373284123,
  "A_180": 91.38214445279533,
  "A_181": 3.622884648119749,
  "A_182": 86.81306236289679,
  "A_183": 24.03852450747302,
  "A_184": 16.520416827279128,
  "A_185": 4.830512864159665,
  "A_186": 31.49276989220474,
  "A_187": 65.53095868331283,
  "A_188": 26.567820752878156,
  "A_189": 3.622884648119749,
  "A_190": 29.34561697718226,
  "A_191": 16.770625832581633,
  "A_192": 0.0,
  "A_193": 1.2076282160399163,
  "A_194": 36.14285480708344,
  "A_195": 5.901971888222386,
  "A_196": 1.2076282160399163,
  "A_197": 0.0,
  "A_198": 6.701092528330714,
  "A_199": 2.279087240102637,
  "A_200": 30.68169863364215,
  "A_201": 47.57059914644613,
  "A_202": 37.228815422835126,
  "A_203": 95.2664598751762,
  "A_204": 17.143344385003527,
  "A_205": 118.68449470082399,
  "A_206": 84.09792206247589,
  "A_207": 93.3744796818489,
  "A_208": 13.67452344061582,
  "A_209": 77.94596736362205,
  "A_210": 54.8666590578843,
  "A_211": 58.69549395400277,
  "A_212": 68.84571592396851,
  "A_213": 0.0,
  "A_214": 122.57552056511297,
  "A_215": 72.40400942713045,
  "A_216": 0.0,
  "A_217": 0.0,
  "A_218": 47.452324466223786,
  "A_219": 53.98145877906761,
  "A_220": 104.00368143415153,
  "A_221": 28.66732199053099,
  "A_222": 103.78444853241342,
  "A_223": 1.2076282160399163,
  "A_224": 28.58929739538644,
  "A_225": 4.602433237509047,
  "A_226": 1.2076282160399163,
  "A_227": 58.26729487531849,
  "A_228": 3.622884648119749,
  "A_229": 70.87215628286944,
  "A_230": 9.66102572831933,
  "A_231": 73.1715759106261,
  "A_232": 25.087854152883853,
  "A_233": 167.528155155099,
  "A_234": 94.9173535331387,
  "A_235": 4.602433237509047,
  "A_236": 6.038141080199582,
  "A_237": 90.56512930093214,
  "A_238": 88.30393657258436,
  "A_239": 0.0,
  "A_240": 0.0,
  "A_241": 100.75293728540541,
  "A_242": 78.8684017985691,
  "A_243": 0.0,
  "A_244": 27.21287768925444,
  "A_245": 83.64538192391157,
  "A_246": 13.266015864684233,
  "A_247": 36.228846481197486,
  "A_248": 19.985002904769793,
  "A_249": 11.259267008535987,
  "A_250": 102.79547516506335,
  "A_251": 127.1888237132034,
  "A_252": 40.22444968173913,
  "A_253": 109.55956290928387,
  "A_254": 27.183120523639644,
  "A_255": 56.43250423465713,
  "A_256": 37.282410993505366,
  "A_257": 3.214377072188161,
  "A_258": 96.9472496439586,
  "A_259": 0.0,
  "A_260": 6.038141080199582,
  "A_261": 3.4867154561425533,
  "A_262": 1.2076282160399163,
  "A_263": 2.3012166187545233,
  "A_264": 0.0,
  "A_265": 0.0,
  "A_266": 0.0,
  "A_267": 0.0,
  "A_268": 169.19892952650176,
  "A_269": 60.231581965160814,
  "A_270": 21.701518865208797,
  "A_271": 93.07502307010871,
  "A_272": 111.39710558510976,
  "A_273": 78.49064413153084,
  "A_274": 2.4152564320798326,
  "A_275": 31.398333617037828,
  "A_276": 100.08998583727427,
  "A_277": 46.929777076966886,
  "A_278": 1.2076282160399163,
  "A_279": 6.038141080199582,
  "A_280": 103.44146201286512,
  "A_281": 21.447074993009256,
  "A_282": 7.109600104262302,
  "A_283": 139.0363350965682,
  "A_284": 75.48221730734141,
  "A_285": 105.18192947569506,