{
  "A_1": 181.85660738974488,
  "A_2": 177.5228934214533,
  "A_3": 97.03907211403771,
  "A_4": 55.96024746059891,
  "A_5": 92.85124114220821,
  "A_6": 16.90679502455883,
  "A_7": 99.61010127625315,
  "A_8": 1.0714590240627204,
  "A_9": 35.784549881756206,
  "A_10": 71.0312968003297,
  "A_11": 133.88991624153414,
  "A_12": 35.02121826515757,
  "A_13": 55.545708026772424,
  "A_14": 8.453397512279414,
  "A_15": 10.868653944359247,
  "A_16": 1.2076282160399163,
  "A_17": 1.0714590240627204,
  "A_18": 1.0714590240627204,
  "A_19": 6.973430912285107,
  "A_20": 4.69434367218247,
  "A_21": 0.0,
  "A_22": 88.17983109639694,
  "A_23": 110.87615412492089,
  "A_24": 1.2867963509103797,
  "A_25": 28.402611393539516,
  "A_26": 112.82921944580457,
  "A_27": 66.87475609132994,
  "A_28": 92.24521535296013,
  "A_29": 84.23431744912413,
  "A_30": 80.05402629966326,
  "A_31": 81.93147976856037,
  "A_32": 164.46378284893447,
  "A_33": 65.15824013089095,
  "A_34": 7.500213168439043,
  "A_35": 12.076282160399163,
  "A_36": 38.235595337345735,
  "A_37": 0.0,
  "A_38": 2.4152564320798326,
  "A_39": 82.9782584407365,
  "A_40": 11.826073155096658,
  "A_41": 0.0,
  "A_42": 17.68802115291231,
  "A_43": 161.33510842433623,
  "A_44": 75.2456679468967,
  "A_45": 29.373690249134732,
  "A_46": 3.622884648119749,
  "A_47": 33.541251665163266,
  "A_48": 1.2076282160399163,
  "A_49": 0.0,
  "A_50": 4.285836096250882,
  "A_51": 0.0,
  "A_52": 0.0,
  "A_53": 18.623310984997836,
  "A_54": 59.881068189614496,
  "A_55": 23.317654657180306,
  "A_56": 21.19686598770675,
  "A_57": 131.57080511102475,
  "A_58": 0.0,
  "A_59": 10.618444939056742,
  "A_60": 0.0,
  "A_61": 0.0,
  "A_62": 96.42386030787053,
  "A_63": 1.2076282160399163,
  "A_64": 0.0,
  "A_65": 5.76580269624519,
  "A_66": 74.41499315017572,
  "A_67": 0.0,
  "A_68": 10.323977176450462,
  "A_69": 92.93368909980903,
  "A_70": 80.35783087563601,
  "A_71": 36.228846481197486,
  "A_72": 29.826456582370092,
  "A_73": 148.01297114848828,
  "A_74": 120.83002655403725,
  "A_75": 11.123097816558792,
  "A_76": 10.754614131033938,
  "A_77": 0.0,
  "A_78": 0.0,
  "A_79": 0.0,
  "A_80": 0.0,
  "A_81": 1.2076282160399163,
  "A_82": 39.95211129778474,
  "A_83": 5.901971888222386,
  "A_84": 134.57096326334997,
  "A_85": 36.83132855393233,
  "A_86": 1.0714590240627204,
  "A_87": 5.629633504267994,
  "A_88": 42.97419776683198,
  "A_89": 109.4711333592706,
  "A_90": 108.56908157746007,
  "A_91": 3.622884648119749,
  "A_92": 4.830512864159665,
  "A_93": 81.71442084893854,
  "A_94": 8.339357698954105,
  "A_95": 0.0,
  "A_96": 62.29868709936983,
  "A_97": 20.257341288724188,
  "A_98": 0.0,
  "A_99": 9.66102572831933,
  "A_100": 164.65268053200953,
  "A_101": 56.57723112502272,
  "A_102": 3.214377072188161,
  "A_103": 117.16871394457877,
  "A_104": 23.74829161176378,
  "A_105": 108.03873047205164,
  "A_106": 24.13466980904348,
  "A_107": 0.0,
  "A_108": 19.422431625106164,
  "A_109": 0.0,
  "A_110": 1.2076282160399163,
  "A_111": 0.0,
  "A_112": 4.830512864159665,
  "A_113": 12.143512243185988,
  "A_114": 69.53946754647544,
  "A_115": 51.584096858742626,
  "A_116": 50.232671663762595,
  "A_117": 104.65842704227147,
  "A_118": 51.93224815661344,
  "A_119": 50.606345260351176,
  "A_120": 20.051391040725456,
  "A_121": 127.71560596935737,
  "A_122": 86.04274384423655,
  "A_123": 9.252518152387744,
  "A_124": 7.245769296239498,
  "A_125": 59.17801745285294,
  "A_126": 5.924101266874272,
  "A_127": 2.494424566950296,
  "A_128": 66.48414302715321,
  "A_129": 101.70969047850026,
  "A_130": 0.0,
  "A_131": 57.53975228222954,
  "A_132": 90.36436896399714,
  "A_133": 94.86894787353216,
  "A_134": 25.47846721706059,
  "A_135": 39.30195241493904,
  "A_136": 2.142918048125441,
  "A_137": 134.89345403242626,
  "A_138": 39.23472233215221,
  "A_139": 8.339357698954105,
  "A_140": 1.0714590240627204,
  "A_141": 3.622884648119749,
  "A_142": 2.142918048125441,
  "A_143": 18.5943957662142,
  "A_144": 0.0,
  "A_145": 39.7980475940527,
  "A_146": 80.88377118495877,
  "A_147": 50.97482894587603,
  "A_148": 38.572524866257936,
  "A_149": 0.0,
  "A_150": 62.06213773892513,
  "A_151": 107.76639208809726,
  "A_152": 3.622884648119749,
  "A_153": 55.21385531158843,
  "A_154": 149.91507983653077,
  "A_155": 42.65760062557381,
  "A_156": 107.1886783318433,
  "A_157": 28.8222276410942,
  "A_158": 0.0,
  "A_159": 84.65730148400348,
  "A_160": 110.38681965319773,
  "A_161": 9.643131216564484,
  "A_162": 9.38868734436494,
  "A_163": 0.0,
  "A_164": 0.0,
  "A_165": 4.285836096250882,
  "A_166": 2.4152564320798326,
  "A_167": 5.493464312290798,
  "A_168": 0.0,
  "A_169": 2.3012166187545233,
  "A_170": 2.279087240102637,
  "A_171": 12.058387648644317,
  "A_172": 12.194556840621512,
  "A_173": 18.933122286124252,
  "A_174": 23.195987056892083,
  "A_175": 7.245769296239498,
  "A_176": 43.01242466624086,
  "A_177": 112.04799331745109,
  "A_178": 34.71309085769349,
  "A_179": 3.622884648119749,
  "A_180": 6.038141080199582,
  "A_181": 59.019718882223856,
  "A_182": 19.6173611660761,
  "A_183": 2.494424566950296,
  "A_184": 75.3732543077443,
  "A_185": 135.59294848630395,
  "A_186": 60.60598441124504,
  "A_187": 166.29677649859798,
  "A_188": 8.044889936347825,
  "A_189": 3.5088448347944396,
  "A_190": 3.4867154561425533,
  "A_191": 0.0,
  "A_192": 0.0,
  "A_193": 26.43165156090096,
  "A_194": 22.334713147725132,
  "A_195": 4.830512864159665,
  "A_196": 30.05453620902071,
  "A_197": 0.0,
  "A_198": 44.573280993879806,
  "A_199": 72.07978449890936,
  "A_200": 15.817441488741261,
  "A_201": 167.66194930303013,
  "A_202": 70.65170444318174,
  "A_203": 132.2365462934323,
  "A_204": 157.58554219405315,
  "A_205": 36.86711757744203,
  "A_206": 3.5088448347944396,
  "A_207": 56.762761020773105,
  "A_208": 181.08457984468112,
  "A_209": 31.168544963983656,
  "A_210": 76.15120061336744,
  "A_211": 32.60596183307774,
  "A_212": 0.0,
  "A_213": 46.99616521292255,
  "A_214": 103.61672518382356,
  "A_215": 3.622884648119749,
  "A_216": 7.109600104262302,
  "A_217": 148.4071530619195,
  "A_218": 92.52941639077447,
  "A_219": 62.82895024018395,
  "A_220": 136.5137367267005,
  "A_221": 34.32247779351675,
  "A_222": 37.20839507058679,
  "A_223": 15.014927928567058,
  "A_224": 26.33974112622754,
  "A_225": 18.800346014212927,
  "A_226": 1.2076282160399163,
  "A_227": 2.4152564320798326,
  "A_228": 0.0,
  "A_229": 2.142918048125441,
  "A_230": 3.3948050214691308,
  "A_231": 0.0,
  "A_232": 8.571672192501763,
  "A_233": 44.883004330411914,
  "A_234": 38.43899461210976,
  "A_235": 147.2752246624605,
  "A_236": 21.14497944344006,
  "A_237": 0.0,
  "A_238": 1.2076282160399163,
  "A_239": 0.0,
  "A_240": 9.915469600518875,
  "A_241": 4.285836096250882,
  "A_242": 82.15184364365378,
  "A_243": 14.790241221982313,
  "A_244": 31.763424382496805,
  "A_245": 67.21867252230372,
  "A_246": 81.66255943741307,
  "A_247": 56.14406832994574,
  "A_248": 97.33533686764184,
  "A_249": 4.830512864159665,
  "A_250": 99.78966214596173,
  "A_251": 68.8134957497133,
  "A_252": 12.946025803360193,
  "A_253": 13.67452344061582,
  "A_254": 46.16644546036825,
  "A_255": 0.0,
  "A_256": 7.908720744370631,
  "A_257": 125.41438935060282,
  "A_258": 15.562997616541717,
  "A_259": 126.53010713196932,
  "A_260": 16.094014739592694,
  "A_261": 51.93224815661345,
  "A_262": 98.21177838614031,
  "A_263": 64.21108764494545,
  "A_264": 25.73291108926014,
  "A_265": 42.26698756139707,
  "A_266": 53.412214756607746,
  "A_267": 71.43262897864048,
  "A_268": 1.2076282160399163,
  "A_269": 66.46624851539836,
  "A_270": 177.34342051633902,
  "A_271": 37.81342811655634,
  "A_272": 43.59289045765934,
  "A_273": 86.7772733393871,
  "A_274": 43.79968265248923,
  "A_275": 33.25101876945403,
  "A_276": 199.33601422408822,
  "A_277": 30.555796166456886,
  "A_278": 124.03329495460233,
  "A_279": 57.40358309025235,
  "A_280": 89.14148517403139,
  "A_281": 31.995738876044463,
  "A_282": 75.12643822250767,
  "A_283": 111.28760223157622,
  "A_284": 106.92724755758219
}