{
  "A_1": 210.94838368051708,
  "A_2": 78.18854858196164,
  "A_3": 126.16162344644448,
  "A_4": 107.05840276768429,
  "A_5": 56.30056990957698,
  "A_6": 122.20001227841466,
  "A_7": 124.48608642057887,
  "A_8": 156.2264012475159,
  "A_9": 87.07850180938391,
  "A_10": 107.18867833184332,
  "A_11": 73.64742666668005,
  "A_12": 130.34038149869042,
  "A_13": 134.26538682912056,
  "A_14": 185.0053000427318,
  "A_15": 109.0473702094132,
  "A_16": 94.26043394290245,
  "A_17": 44.610665946457516,
  "A_18": 90.9915313886186,
  "A_19": 124.2400871494322,
  "A_20": 34.45864698549394,
  "A_21": 55.88443454668248,
  "A_22": 8.453397512279414,
  "A_23": 139.59635540299712,
  "A_24": 122.44361137277404,
  "A_25": 180.67436324234598,
  "A_26": 74.78347683570058,
  "A_27": 18.214803409066246,
  "A_28": 27.661409155592764,
  "A_29": 79.34005538683782,
  "A_30": 62.65530813103473,
  "A_31": 0.0,
  "A_32": 24.01639512882113,
  "A_33": 72.26784023515324,
  "A_34": 0.0,
  "A_35": 0.0,
  "A_36": 102.48734775759927,
  "A_37": 104.53429643334287,
  "A_38": 6.675570229612952,
  "A_39": 16.90679502455883,
  "A_40": 51.624120749149355,
  "A_41": 64.04852907467811,
  "A_42": 0.0,
  "A_43": 69.68459656070067,
  "A_44": 132.67805315859718,
  "A_45": 49.889710276955505,
  "A_46": 168.34534623615082,
  "A_47": 33.79569553736281,
  "A_48": 97.2603910332978,
  "A_49": 93.05100873586468,
  "A_50": 21.737307888718494,
  "A_51": 39.561498233608006,
  "A_52": 14.3553694005018,
  "A_53": 0.0,
  "A_54": 25.22402334486105,
  "A_55": 2.142918048125441,
  "A_56": 32.197454257146155,
  "A_57": 3.3505462641653576,
  "A_58": 39.85173112931724,
  "A_59": 34.831365537915836,
  "A_60": 137.37239683077965,
  "A_61": 158.44005539582955,
  "A_62": 49.77567046363019,
  "A_63": 106.20223080498674,
  "A_64": 88.25723993938139,
  "A_65": 67.43732737099357,
  "A_66": 122.806063200404,
  "A_67": 70.94878601087582,
  "A_68": 106.48231007323957,
  "A_69": 12.076282160399163,
  "A_70": 66.92081183963157,
  "A_71": 7.772551552393435,
  "A_72": 84.20708612400283,
  "A_73": 83.00464781902664,
  "A_74": 75.2320083020389,
  "A_75": 28.692844289248754,
  "A_76": 120.42737490681193,
  "A_77": 126.11838256516047,
  "A_78": 0.0,
  "A_79": 0.0,
  "A_80": 2.4152564320798326,
  "A_81": 1.2076282160399163,
  "A_82": 44.36045694115501,
  "A_83": 9.38868734436494,
  "A_84": 12.555412739183451,
  "A_85": 30.989826041106234,
  "A_86": 36.32922664966499,
  "A_87": 0.0,
  "A_88": 135.60922193624955,
  "A_89": 4.602433237509047,
  "A_90": 0.0,
  "A_91": 93.28097331810746,
  "A_92": 12.713711309812533,
  "A_93": 4.422005288228077,
  "A_94": 89.51156478862427,
  "A_95": 110.43014849907604,
  "A_96": 41.44826338313035,
  "A_97": 51.928013289716404,
  "A_98": 170.51808428174417,
  "A_99": 11.553734771142265,
  "A_100": 39.45169328717973,
  "A_101": 0.0,
  "A_102": 45.889872209516824,
  "A_103": 0.0,
  "A_104": 44.93668786567645,
  "A_105": 3.622884648119749,
  "A_106": 119.32540473489755,
  "A_107": 63.18728029825239,
  "A_108": 33.54125166516326,
  "A_109": 4.422005288228077,
  "A_110": 37.41008531894727,
  "A_111": 58.543956090764226,
  "A_112": 0.0,
  "A_113": 49.772428340011686,
  "A_114": 0.0,
  "A_115": 68.83480831427522,
  "A_116": 2.142918048125441,
  "A_117": 93.5294732970064,
  "A_118": 8.571672192501763,
  "A_119": 121.12855325435194,
  "A_120": 140.34265958741327,
  "A_121": 24.252944489265825,
  "A_122": 53.96112639141357,
  "A_123": 93.98809555894806,
  "A_124": 129.96768807900972,
  "A_125": 69.58024541911901,
  "A_126": 4.830512864159665,
  "A_127": 84.65209900656913,
  "A_128": 159.5413595501014,
  "A_129": 52.1645626501611,
  "A_130": 0.0,
  "A_131": 56.793360133219075,
  "A_132": 81.23012549183174,
  "A_133": 48.89743195413387,
  "A_134": 89.25044817362848,
  "A_135": 96.87917761434059,
  "A_136": 73.62010737696443,
  "A_137": 44.338327562503125,
  "A_138": 14.128131720682347,
  "A_139": 2.4152564320798326,
  "A_140": 28.965182673203145,
  "A_141": 12.87540280050749,
  "A_142": 58.90144420200151,
  "A_143": 15.154490040610128,
  "A_144": 46.244696250183864,
  "A_145": 149.10334256032561,
  "A_146": 47.34684235128687,
  "A_147": 77.5119374889727,
  "A_148": 57.135479573195,
  "A_149": 243.14338749539343,
  "A_150": 86.93980677691322,
  "A_151": 113.41052718405422,
  "A_152": 48.30512864159665,
  "A_153": 177.96556895908532,
  "A_154": 35.408438409268435,
  "A_155": 85.08288675759998,
  "A_156": 60.245241610018624,
  "A_157": 92.89790007629932,
  "A_158": 74.14265476622134,
  "A_159": 57.46318538607626,
  "A_160": 53.13564150575632,
  "A_161": 115.251462779946,
  "A_162": 119.57033586454202,
  "A_163": 13.28391037643908,
  "A_164": 92.60012735822148,
  "A_165": 142.20213057996125,
  "A_166": 136.58192185365402,
  "A_167": 21.601138696741298,
  "A_168": 115.95006502151007,
  "A_169": 144.1186780278396,
  "A_170": 57.124458866166215,
  "A_171": 132.1521128492744,
  "A_172": 1.0935884027146072,
  "A_173": 62.79666723407565,
  "A_174": 45.03367511407808,
  "A_175": 1.0714590240627204,
  "A_176": 111.58759919725281,
  "A_177": 60.38141080199581,
  "A_178": 23.402779251721974,
  "A_179": 3.622884648119749,
  "A_180": 1.0714590240627204,
  "A_181": 2.4152564320798326,
  "A_182": 50.12634760199451,
  "A_183": 0.0,
  "A_184": 29.91836701704352,
  "A_185": 5.629633504267994,
  "A_186": 70.3614715474725,
  "A_187": 65.76504503511711,
  "A_188": 1.2076282160399163,
  "A_189": 20.674318598449855,
  "A_190": 0.0,
  "A_191": 31.807683139800574,
  "A_192": 2.142918048125441,
  "A_193": 0.0,
  "A_194": 7.245769296239498,
  "A_195": 102.34355077865916,
  "A_196": 147.76972391250612,
  "A_197": 99.84334568122625,
  "A_198": 112.01919119600298,
  "A_199": 22.831738238264265,
  "A_200": 25.851185769482484,
  "A_201": 49.89571700210918,
  "A_202": 2.4152564320798326,
  "A_203": 25.36019253683824,
  "A_204": 0.0,
  "A_205": 54.01130390927672,
  "A_206": 121.81972877088296,
  "A_207": 93.5429570126756,
  "A_208": 147.7398536495558,
  "A_209": 157.05350719498242,
  "A_210": 55.300688932533646,
  "A_211": 60.435823186756,
  "A_212": 83.70930705122683,
  "A_213": 28.763467292101453,
  "A_214": 49.44117881061719,
  "A_215": 128.74721703220195,
  "A_216": 56.35001857794448,
  "A_217": 75.44483235476369,
  "A_218": 88.04949270038482
}