{
  "A_1": 209.5000089362473,
  "A_2": 157.3729192032582,
  "A_3": 110.62171025272133,
  "A_4": 64.4170378929442,
  "A_5": 120.59933312229883,
  "A_6": 65.07575447417828,
  "A_7": 49.240418473682176,
  "A_8": 23.92448469414771,
  "A_9": 58.43925309080538,
  "A_10": 167.96581671085593,
  "A_11": 49.954389386507614,
  "A_12": 12.076282160399163,
  "A_13": 67.41943285923873,
  "A_14": 55.41472874585895,
  "A_15": 0.0,
  "A_16": 38.82537280938946,
  "A_17": 64.59566885122732,
  "A_18": 46.02433237509047,
  "A_19": 1.2076282160399163,
  "A_20": 8.317228320302219,
  "A_21": 148.11698299806335,
  "A_22": 20.917741763620608,
  "A_23": 3.622884648119749,
  "A_24": 73.69412329988302,
  "A_25": 136.0107049110077,
  "A_26": 108.44306601293927,
  "A_27": 10.596315560404856,
  "A_28": 39.447458420282686,
  "A_29": 5.357295120313602,
  "A_30": 91.77974441903363,
  "A_31": 103.26094609898982,
  "A_32": 31.125995233083433,
  "A_33": 155.4222037936794,
  "A_34": 44.03623201293393,
  "A_35": 33.268913281208874,
  "A_36": 84.30589549614352,
  "A_37": 67.61352045337752,
  "A_38": 8.453397512279414,
  "A_39": 132.80758730689,
  "A_40": 61.417080802548845,
  "A_41": 54.87512879167838,
  "A_42": 29.882577993533822,
  "A_43": 8.225317885628796,
  "A_44": 19.031818560929423,
  "A_45": 14.3553694005018,
  "A_46": 6.428754144376323,
  "A_47": 60.61030724273639,
  "A_48": 36.61945954537423,
  "A_49": 52.67768526145723,
  "A_50": 53.727014906868064,
  "A_51": 99.9639702727535,
  "A_52": 57.349899554987815,
  "A_53": 142.08565289073672,
  "A_54": 11.87456677929747,
  "A_55": 45.889872209516824,
  "A_56": 112.32804745296269,
  "A_57": 44.40990560952251,
  "A_58": 194.45700773572773,
  "A_59": 45.61753382556243,
  "A_60": 192.88089583416297,
  "A_61": 87.23427453951949,
  "A_62": 84.39780593081694,
  "A_63": 109.29580735645908,
  "A_64": 162.45082620570275,
  "A_65": 19.576495328838206,
  "A_66": 128.9063575496622,
  "A_67": 36.0926772892203,
  "A_68": 30.00085267375617,
  "A_69": 9.66102572831933,
  "A_70": 3.622884648119749,
  "A_71": 5.696021640223654,
  "A_72": 10.187807984473267,
  "A_73": 1.2076282160399163,
  "A_74": 11.667774584467576,
  "A_75": 0.0,
  "A_76": 52.518632708591284,
  "A_77": 0.0,
  "A_78": 7.997238258978178,
  "A_79": 43.112892799302664,
  "A_80": 18.77737468872988,
  "A_81": 1.0714590240627204,
  "A_82": 18.895649368952228,
  "A_83": 120.3082331470172,
  "A_84": 120.01979724230581,
  "A_85": 130.63551527893924,
  "A_86": 40.76912644964791,
  "A_87": 61.653630162993544,
  "A_88": 66.11226642156248,
  "A_89": 33.54548653206031,
  "A_90": 88.44010576456155,
  "A_91": 2.1650474267773276,
  "A_92": 0.0,
  "A_93": 3.214377072188161,
  "A_94": 3.214377072188161,
  "A_95": 61.137956578462706,
  "A_96": 1.2076282160399163,
  "A_97": 113.03279464975721,
  "A_98": 1.2076282160399163,
  "A_99": 71.25006474635505,
  "A_100": 52.310973434189016,
  "A_101": 59.39243743464575,
  "A_102": 73.98859106248929,
  "A_103": 63.62458999563209,
  "A_104": 167.5178884303071,
  "A_105": 174.64054499363775,
  "A_106": 40.17679800436948,
  "A_107": 19.7126645208154,
  "A_108": 47.09750042555673,
  "A_109": 36.89179792932862,
  "A_110": 60.51587096756947,
  "A_111": 5.537723069594572,
  "A_112": 35.02121826515757,
  "A_113": 53.7806984421326,
  "A_114": 25.36019253683824,
  "A_115": 8.571672192501763,
  "A_116": 28.480950147949432,
  "A_117": 0.0,
  "A_118": 4.285836096250882,
  "A_119": 1.2076282160399163,
  "A_120": 0.0,
  "A_121": 35.336948326843356,
  "A_122": 7.245769296239498,
  "A_123": 15.136595528855281,
  "A_124": 20.647954352900925,
  "A_125": 157.71306572304766,
  "A_126": 60.59327981055392,
  "A_127": 56.0061021469707,
  "A_128": 70.57853046709432,
  "A_129": 76.14006680900312,
  "A_130": 16.67871539790821,
  "A_131": 45.46347012183038,
  "A_132": 13.424314435313315,
  "A_133": 0.0,
  "A_134": 78.60390482987808,
  "A_135": 56.1780603624576,
  "A_136": 3.4867154561425533,
  "A_137": 0.0,
  "A_138": 87.64098512445322,
  "A_139": 23.766186123518626,
  "A_140": 3.622884648119749,
  "A_141": 6.038141080199582,
  "A_142": 34.612710689225985,
  "A_143": 1.2076282160399163,
  "A_144": 2.4152564320798326,
  "A_145": 36.321598862702075,
  "A_146": 30.353238838524028,
  "A_147": 0.0,
  "A_148": 10.323977176450464,
  "A_149": 55.8053418100357,
  "A_150": 17.728045043319042,
  "A_151": 2.4152564320798326,
  "A_152": 31.20848088979609,
  "A_153": 153.3123478666403,
  "A_154": 112.77553591054004,
  "A_155": 67.70966575494796,
  "A_156": 64.11314535237715,
  "A_157": 39.44322355338565,
  "A_158": 66.8765530823278,
  "A_159": 82.33737353940417,
  "A_160": 61.943863058702775,
  "A_161": 12.993677480729842,
  "A_162": 36.22884648119749,
  "A_163": 128.7615426947023,
  "A_164": 136.2040133901684,
  "A_165": 18.53140055032441,
  "A_166": 68.69437912265978,
  "A_167": 46.99616521292254,
  "A_168": 4.830512864159665,
  "A_169": 11.848202533748545,
  "A_170": 0.0,
  "A_171": 29.488572009291204,
  "A_172": 67.14709447528435,
  "A_173": 0.0,
  "A_174": 21.464969504764102,
  "A_175": 87.25037206027649,
  "A_176": 110.83535111953606,
  "A_177": 43.86522884161373,
  "A_178": 84.75262997148398,
  "A_179": 153.83913012279424,
  "A_180": 77.54264969875419,
  "A_181": 103.60909739686065,
  "A_182": 18.751852390012115,
  "A_183": 103.0585898329868,
  "A_184": 10.596315560404856,
  "A_185": 10.935884027146072,
  "A_186": 22.77297788927152,
  "A_187": 93.09544342235706,
  "A_188": 18.114423240598747,
  "A_189": 1.2076282160399163,
  "A_190": 0.0,
  "A_191": 135.71725502442118,
  "A_192": 104.9026041896791,
  "A_193": 45.87197769776197,
  "A_194": 15.562997616541717,
  "A_195": 0.0,
  "A_196": 0.0,
  "A_197": 0.0,
  "A_198": 2.4152564320798326,
  "A_199": 0.0,
  "A_200": 3.214377072188161,
  "A_201": 0.0,
  "A_202": 9.643131216564484,
  "A_203": 10.868653944359247,
  "A_204": 161.17019994276401,
  "A_205": 19.16798775290662,
  "A_206": 96.66118878329331,
  "A_207": 72.52228410735279,
  "A_208": 47.220009972676124,
  "A_209": 118.54925542027226,
  "A_210": 125.54647447213038,
  "A_211": 10.714590240627205,
  "A_212": 56.669053595101836,
  "A_213": 47.742557361933024,
  "A_214": 38.782797945748015,
  "A_215": 1.0935884027146072,
  "A_216": 3.622884648119749,
  "A_217": 0.0,
  "A_218": 29.628134121334277,
  "A_219": 3.214377072188161,
  "A_220": 0.0,
  "A_221": 10.868653944359247,
  "A_222": 25.59674189728294,
  "A_223": 35.003323753402725,
  "A_224": 102.34027095592879,
  "A_225": 20.239446776969338,
  "A_226": 134.51887565715342,
  "A_227": 73.2210245789936,
  "A_228": 62.47064531485672,
  "A_229": 70.47220640532623,
  "A_230": 43.066950148336566,
  "A_231": 0.0,
  "A_232": 3.622884648119749,
  "A_233": 0.0,
  "A_234": 1.0714590240627204,
  "A_235": 13.928967312815365,
  "A_236": 0.0,
  "A_237": 6.038141080199582,
  "A_238": 0.0,
  "A_239": 55.93896002877818,
  "A_240": 1.0714590240627204,
  "A_241": 63.03321659452035,
  "A_242": 57.249519386520305,
  "A_243": 48.796121874240896,
  "A_244": 133.7137231591502,
  "A_245": 47.025922378537345,
  "A_246": 16.752731320826786,
  "A_247": 0.0,
  "A_248": 67.23984685678893,
  "A_249": 5.629633504267994,
  "A_250": 1.2076282160399163,
  "A_251": 32.087649310717886,
  "A_252": 0.0,
  "A_253": 0.0,
  "A_254": 0.0,
  "A_255": 6.561530416287644,
  "A_256": 0.0,
  "A_257": 42.89414998601851,
  "A_258": 28.41287811833145,
  "A_259": 113.6504694645648,
  "A_260": 13.28814524333612,
  "A_261": 0.0,
  "A_262": 98.24933926790663,
  "A_263": 84.6216255578293,
  "A_264": 0.0,
  "A_265": 0.0,
  "A_266": 54.97043214641768,
  "A_267": 99.36244324418534,
  "A_268": 53.881078610600106,
  "A_269": 57.11758506144015,
  "A_270": 33.215229745944335,
  "A_271": 83.92195517476301,
  "A_272": 109.857423591956,
  "A_273": 21.34837871820408,
  "A_274": 36.228846481197486,
  "A_275": 154.9063542799599,
  "A_276": 49.512756857636575,
  "A_277": 118.93374866195983,
  "A_278": 1.0935884027146072,
  "A_279": 0.0,
  "A_280": 57.81800942674331,
  "A_281": 13.28391037643908,
  "A_282": 8.980179768433352,