{
  "A_1": 229.75303995985075,
  "A_2": 77.09496017924702,
  "A_3": 126.13525920089555,
  "A_4": 218.11345174467115,
  "A_5": 60.30220496801351,
  "A_6": 41.29590870580185,
  "A_7": 177.61154916613756,
  "A_8": 136.73259263732018,
  "A_9": 98.79401603581542,
  "A_10": 74.74101506939465,
  "A_11": 74.8729493944748,
  "A_12": 107.34274203557536,
  "A_13": 41.29590870580186,
  "A_14": 83.2123070934289,
  "A_15": 103.44751900350121,
  "A_16": 118.62413842276324,
  "A_17": 45.82226513561159,
  "A_18": 17.619308238392996,
  "A_19": 100.23314193131306,
  "A_20": 67.49101090625811,
  "A_21": 4.716473050834356,
  "A_22": 119.01051662004292,
  "A_23": 90.43594701101652,
  "A_24": 74.87294939447482,
  "A_25": 5.493464312290798,
  "A_26": 86.35087125170065,
  "A_27": 176.7868182627172,
  "A_28": 135.49090955691534,
  "A_29": 61.92596854694793,
  "A_30": 145.62503400612405,
  "A_31": 57.966154369915984,
  "A_32": 96.86470115539284,
  "A_33": 175.675423312842,
  "A_34": 67.21867252230373,
  "A_35": 48.30512864159665,
  "A_36": 97.81788549923323,
  "A_37": 56.60446245014402,
  "A_38": 13.033701371136575,
  "A_39": 62.79666723407565,
  "A_40": 58.33887292233788,
  "A_41": 35.003323753402725,
  "A_42": 36.11480666787218,
  "A_43": 83.32634690675422,
  "A_44": 115.65997035587758,
  "A_45": 70.74709576251534,
  "A_46": 50.081246897859565,
  "A_47": 127.87242170825394,
  "A_48": 149.19612007457144,
  "A_49": 11.786049264689925,
  "A_50": 86.81306236289677,
  "A_51": 116.4590909959859,
  "A_52": 88.03685093154677,
  "A_53": 42.15294774807176,
  "A_54": 58.052874893525676,
  "A_55": 136.93856801806012,
  "A_56": 16.770625832581633,
  "A_57": 111.45661991633935,
  "A_58": 203.90099967716645,
  "A_59": 92.67924522760947,
  "A_60": 50.63091251490225,
  "A_61": 232.84493261766073,
  "A_62": 41.19976340423138,
  "A_63": 134.11937816895232,
  "A_64": 67.55560205121593,
  "A_65": 16.208054552918,
  "A_66": 24.01639512882113,
  "A_67": 101.69521401955251,
  "A_68": 19.374779947736513,
  "A_69": 189.995041388946,
  "A_70": 45.00391794846328,
  "A_71": 10.482275747079546,
  "A_72": 31.398333617037828,
  "A_73": 85.73461643677248,
  "A_74": 21.447074993009256,
  "A_75": 82.64550094686825,
  "A_76": 10.732484752382051,
  "A_77": 105.83545614586544,
  "A_78": 36.34712116141984,
  "A_79": 46.86942079890612,
  "A_80": 57.69126501272687,
  "A_81": 63.834021128291,
  "A_82": 94.4017176477197,
  "A_83": 65.749701496597,
  "A_84": 81.16553434687394,
  "A_85": 158.7354279371201,
  "A_86": 55.491270509271025,
  "A_87": 87.42410213402002,
  "A_88": 127.86645268221213,
  "A_89": 139.73591751504017,
  "A_90": 195.1974308586964,
  "A_91": 148.3254842192968,
  "A_92": 96.7973579752705,
  "A_93": 108.57249963026716,
  "A_94": 39.719796804237085,
  "A_95": 88.85462006564681,
  "A_96": 108.41420105963807,
  "A_97": 90.57211620299374,
  "A_98": 138.87127581854858,
  "A_99": 168.13005917478563,
  "A_100": 118.89647680671762,
  "A_101": 110.25073842581486,
  "A_102": 70.49764073944971,
  "A_103": 36.913927307980515,
  "A_104": 9.66102572831933,
  "A_105": 75.60049198756374,
  "A_106": 88.4580002763164,
  "A_107": 84.12546754686255,
  "A_108": 105.82698641207136,
  "A_109": 34.55902715396145,
  "A_110": 1.0714590240627204,
  "A_111": 9.66102572831933,
  "A_112": 0.0,
  "A_113": 20.529679672678576,
  "A_114": 4.285836096250882,
  "A_115": 53.934762145864646,
  "A_116": 79.60033005500243,
  "A_117": 160.00920552807398,
  "A_118": 9.546985914994021,
  "A_119": 11.962242347073854,
  "A_120": 4.69434367218247,
  "A_121": 126.12011672430523,
  "A_122": 20.529679672678576,
  "A_123": 3.64505172588348,
  "A_124": 0.0,
  "A_125": 21.464969504764102,
  "A_126": 48.07704901494604,
  "A_127": 0.0,
  "A_128": 62.564239643192465,
  "A_129": 134.65765865421844,
  "A_130": 21.99175176091804,
  "A_131": 23.18148546520311,
  "A_132": 55.247005397269106,
  "A_133": 6.564923336353519,
  "A_134": 150.19011999016726,
  "A_135": 70.80661009374494,
  "A_136": 89.48276266717616,
  "A_137": 129.19133770245463,
  "A_138": 17.415682768957918,
  "A_139": 85.07004392683211,
  "A_140": 60.05538888277688,
  "A_141": 67.38373180032335,
  "A_142": 40.39554081765364,
  "A_143": 0.0,
  "A_144": 47.07960591380189,
  "A_145": 96.17017041790785,
  "A_146": 59.12009905069136,
  "A_147": 3.622884648119749,
  "A_148": 184.65555281579293,
  "A_149": 41.56824708975624,
  "A_150": 106.79806526766657,
  "A_151": 108.28893947735415,
  "A_152": 1.2076282160399163,
  "A_153": 29.900472505288672,
  "A_154": 121.52781198151138,
  "A_155": 22.694727099455907,
  "A_156": 30.971931529351387,
  "A_157": 143.12471581135566,
  "A_158": 90.22819977201995,
  "A_159": 125.89453780540691,
  "A_160": 80.66755421216811,
  "A_161": 51.27776644227639,
  "A_162": 94.69869868444883,
  "A_163": 173.88652505766436,
  "A_164": 49.47696783412688,
  "A_165": 21.737307888718494,
  "A_166": 96.9361409723355,
  "A_167": 1.2076282160399163,
  "A_168": 75.44822527482955,
  "A_169": 13.810692632593016,
  "A_170": 147.26835085773445,
  "A_171": 110.09492799656739,
  "A_172": 41.454207276430935,
  "A_173": 95.87323964666116,
  "A_174": 56.43682706614848,
  "A_175": 1.2076282160399163,
  "A_176": 40.85161210636057,
  "A_177": 1.2076282160399163,
  "A_178": 128.137082039763,
  "A_179": 8.59380157115365,
  "A_180": 73.78344506220989,
  "A_181": 108.63285590832793,
  "A_182": 88.08528172389451,
  "A_183": 85.7943318299319,
  "A_184": 181.03269330041442,
  "A_185": 149.5824731391099,
  "A_186": 56.09978443990075,
  "A_187": 16.90679502455883,
  "A_188": 35.02121826515757,
  "A_189": 1.2076282160399163,
  "A_190": 30.190705400997906,
  "A_191": 1.0714590240627204,
  "A_192": 136.90620961372815,
  "A_193": 67.33175729146234,
  "A_194": 26.567820752878156,
  "A_195": 19.32205145663866,
  "A_196": 142.7689367265219,
  "A_197": 112.62483999413264,
  "A_198": 72.18788041893409,
  "A_199": 122.60182197880883,
  "A_200": 117.39438082807143,
  "A_201": 51.31175847478823,
  "A_202": 25.246152723512935,
  "A_203": 51.0190877031798,
  "A_204": 144.24559837104465,
  "A_205": 165.27737994799054,
  "A_206": 92.36346490044124,
  "A_207": 33.699550235792344,
  "A_208": 125.4571652761741,
  "A_209": 55.827471188687575,
  "A_210": 59.69282395781139,
  "A_211": 19.32205145663866,
  "A_212": 57.48606874696501,
  "A_213": 111.07540649738215,
  "A_214": 47.416535442714085,
  "A_215": 46.961331233579536,
  "A_216": 157.7558793477308,
  "A_217": 67.20077801054889,
  "A_218": 3.622884648119749,
  "A_219": 92.98737263507356,
  "A_220": 86.78150820628412,
  "A_221": 52.99947231377912,
  "A_222": 20.529679672678576,
  "A_223": 98.87989461259394,
  "A_224": 36.23308134809454,
  "A_225": 54.0172478025773,
  "A_226": 101.69521401955252,
  "A_227": 90.73708751641902,
  "A_228": 76.07195708027331,
  "A_229": 64.57651770241104,
  "A_230": 135.4686419481867,
  "A_231": 156.64076475215376,
  "A_232": 124.21964166444263,
  "A_233": 120.72703258048195,
  "A_234": 29.031570809158808,
  "A_235": 147.51678800478032,
  "A_236": 52.588413764612824,
  "A_237": 75.558872168089,
  "A_238": 81.59617130145742,
  "A_239": 128.7949315414247,
  "A_240": 133.86778686288224,
  "A_241": 139.96486422126318,
  "A_242": 1.0935884027146072,
  "A_243": 91.89801909925599,
  "A_244": 109.73160908936507,
  "A_245": 26.549926241123313,
  "A_246": 27.775448968918074,
  "A_247": 165.1378178359475,
  "A_248": 90.17451623675541,
  "A_249": 34.953963049629536,
  "A_250": 72.55807313086248,
  "A_251": 103.8499695887967,
  "A_252": 66.30464498929771,
  "A_253": 43.71212018204838,
  "A_254": 128.00583886506658,
  "A_255": 28.7107388010036,
  "A_256": 14.263458965828377,
  "A_257": 66.2833826902182,
  "A_258": 150.69734897364523,
  "A_259": 49.39784996473888,
  "A_260": 34.2042031132944,
  "A_261": 101.30460095537579,
  "A_262": 38.74871794864186,
  "A_263": 3.622884648119749,
  "A_264": 68.74533575550099,
  "A_265": 157.78905456615269,
  "A_266": 13.538354248638624,
  "A_267": 82.53813387633916,
  "A_268": 78.6004490779591,
  "A_269": 26.27758785716892,