{
  "A_1": 213.81548910077746,
  "A_2": 114.41655311632798,
  "A_3": 107.02441073517244,
  "A_4": 72.44911013126537,
  "A_5": 176.5987625264733,
  "A_6": 190.38135675437263,
  "A_7": 142.23029181650801,
  "A_8": 21.623268075393185,
  "A_9": 81.1476398351191,
  "A_10": 56.644486340550756,
  "A_11": 30.058771075917754,
  "A_12": 18.350972601043445,
  "A_13": 127.4162624549527,
  "A_14": 92.59928541139031,
  "A_15": 0.0,
  "A_16": 47.09750042555674,
  "A_17": 150.4292454565879,
  "A_18": 81.95871109368167,
  "A_19": 0.0,
  "A_20": 84.69894643621946,
  "A_21": 142.2660808400177,
  "A_22": 6.973430912285107,
  "A_23": 84.22584771533006,
  "A_24": 154.9063542799599,
  "A_25": 63.40593514694225,
  "A_26": 53.62663473840056,
  "A_27": 64.03309757156369,
  "A_28": 165.83394450250051,
  "A_29": 143.11201121066452,
  "A_30": 90.40015798750683,
  "A_31": 25.36019253683824,
  "A_32": 123.64868861557923,
  "A_33": 0.0,
  "A_34": 156.43078069918784,
  "A_35": 6.038141080199582,
  "A_36": 83.02846109134084,
  "A_37": 142.2201130563104,
  "A_38": 0.0,
  "A_39": 12.6030644165531,
  "A_40": 3.214377072188161,
  "A_41": 59.1737825859559,
  "A_42": 84.24374222708491,
  "A_43": 64.66553787184316,
  "A_44": 0.0,
  "A_45": 74.29248360305633,
  "A_46": 28.82901348122595,
  "A_47": 15.699166808518912,
  "A_48": 34.34884203906567,
  "A_49": 0.0,
  "A_50": 6.038141080199582,
  "A_51": 0.0,
  "A_52": 47.961300175217175,
  "A_53": 26.205255827912673,
  "A_54": 59.39667230154279,
  "A_55": 194.9395061018367,
  "A_56": 110.61829219991424,
  "A_57": 49.04377990630869,
  "A_58": 37.43647469723741,
  "A_59": 92.40690684365507,
  "A_60": 14.491538592478996,
  "A_61": 108.52908281979455,
  "A_62": 1.0714590240627204,
  "A_63": 53.79859295388745,
  "A_64": 104.69241907478333,
  "A_65": 165.63883903234196,
  "A_66": 37.43647469723741,
  "A_67": 55.10660133839487,
  "A_68": 52.282837330383444,
  "A_69": 77.94605532821635,
  "A_70": 33.471470609141726,
  "A_71": 0.0,
  "A_72": 14.74598246467854,
  "A_73": 108.28893947735415,
  "A_74": 58.611211306292276,
  "A_75": 1.0714590240627204,
  "A_76": 82.78167013884544,
  "A_77": 76.17153300102146,
  "A_78": 207.0719976379939,
  "A_79": 104.55804687380399,
  "A_80": 163.0024898756731,
  "A_81": 185.9925643836783,
  "A_82": 35.46032495353513,
  "A_83": 146.48468685348175,
  "A_84": 88.68871884079604,
  "A_85": 94.73448770795852,
  "A_86": 134.78518218321292,
  "A_87": 125.03752389587822,
  "A_88": 187.14061543663553,
  "A_89": 95.55234480665287,
  "A_90": 207.4251629177398,
  "A_91": 197.6194982636492,
  "A_92": 265.0992874009487
}