{
  "A_1": 165.27270525812202,
  "A_2": 147.89487239745452,
  "A_3": 155.64697846485842,
  "A_4": 11.940112968421968,
  "A_5": 66.67823062129197,
  "A_6": 0.0,
  "A_7": 12.857508288752644,
  "A_8": 62.81708758632399,
  "A_9": 31.741295003844915,
  "A_10": 38.21770082559089,
  "A_11": 27.331152369476793,
  "A_12": 0.0,
  "A_13": 18.865892203337424,
  "A_14": 0.0,
  "A_15": 60.46906123703098,
  "A_16": 47.33404978600143,
  "A_17": 52.25731503166569,
  "A_18": 118.34057826985023,
  "A_19": 44.628560458212355,
  "A_20": 1.0714590240627204,
  "A_21": 37.66284529748448,
  "A_22": 91.96684511111084,
  "A_23": 79.58846740114248,
  "A_24": 9.66102572831933,
  "A_25": 0.0,
  "A_26": 62.56858760742503,
  "A_27": 26.246121665150575,
  "A_28": 0.0,
  "A_29": 0.0,
  "A_30": 5.467942013573037,
  "A_31": 0.0,
  "A_32": 0.0,
  "A_33": 3.214377072188161,
  "A_34": 53.727014906868064,
  "A_35": 73.493362962948,
  "A_36": 56.841011810588725,
  "A_37": 153.80954888636802,
  "A_38": 13.538354248638624,
  "A_39": 151.86071843238136,
  "A_40": 35.92071907373341,
  "A_41": 0.0,
  "A_42": 0.0,
  "A_43": 0.0,
  "A_44": 0.0,
  "A_45": 2.279087240102637,
  "A_46": 9.643131216564484,
  "A_47": 17.960359536866704,
  "A_48": 12.6030644165531,
  "A_49": 117.13051217791113,
  "A_50": 40.80915034005465,
  "A_51": 2.4152564320798326,
  "A_52": 79.94848135287326,
  "A_53": 63.98640093836072,
  "A_54": 2.4152564320798326,
  "A_55": 2.3012166187545233,
  "A_56": 84.78841899499369,
  "A_57": 16.79275521123352,
  "A_58": 0.0,
  "A_59": 1.2076282160399163,
  "A_60": 107.35890238818544,
  "A_61": 0.0,
  "A_62": 0.0,
  "A_63": 33.525041047070744,
  "A_64": 15.000426336878085,
  "A_65": 27.058813985522402,
  "A_66": 29.474070417602235,
  "A_67": 0.0,
  "A_68": 33.36929344967638,
  "A_69": 1.0714590240627204,
  "A_70": 27.775448968918077,
  "A_71": 1.0714590240627204,
  "A_72": 30.018747185511018,
  "A_73": 20.279470667376074,
  "A_74": 70.54995454031729,
  "A_75": 0.0,
  "A_76": 0.0,
  "A_77": 1.2076282160399163,
  "A_78": 0.0,
  "A_79": 14.47364408072415,
  "A_80": 2.4152564320798326,
  "A_81": 10.051638792496071,
  "A_82": 3.622884648119749,
  "A_83": 0.0,
  "A_84": 1.0714590240627204,
  "A_85": 61.28091161057165,
  "A_86": 92.42816914273459,
  "A_87": 71.33255040306773,
  "A_88": 61.92596854694793,
  "A_89": 16.49828744862724,
  "A_90": 59.6110922833356,
  "A_91": 0.0,
  "A_92": 0.0,
  "A_93": 0.0,
  "A_94": 1.2076282160399163,
  "A_95": 0.0,
  "A_96": 0.0,
  "A_97": 0.0,
  "A_98": 8.844010576456157,
  "A_99": 73.18955838697528,
  "A_100": 41.51549346591717,
  "A_101": 65.09788385283018,
  "A_102": 101.03325531469991,
  "A_103": 63.97274129350291,
  "A_104": 67.28326366726152,
  "A_105": 0.0,
  "A_106": 0.0,
  "A_107": 0.0,
  "A_108": 23.424066683542698,
  "A_109": 5.401553877617376,
  "A_110": 3.622884648119749,
  "A_111": 85.11862551562722,
  "A_112": 90.36436896399714,
  "A_113": 36.07138985739957,
  "A_114": 0.0,
  "A_115": 99.33527475091712,
  "A_116": 16.08977987269565,
  "A_117": 1.0714590240627204,
  "A_118": 14.201305696769758,
  "A_119": 23.475953227809384,
  "A_120": 132.77843332706468,
  "A_121": 48.287234129841806,
  "A_122": 5.581981826898345,
  "A_123": 0.0,
  "A_124": 100.57268526531305,
  "A_125": 48.21565608282242,
  "A_126": 1.2076282160399163,
  "A_127": 17.751016368802095,
  "A_128": 114.92466174574898,
  "A_129": 46.96133123357954,
  "A_130": 0.0,
  "A_131": 24.64355755344257,
  "A_132": 52.41900652236065,
  "A_133": 67.84157494728692,
  "A_134": 135.33409381801874,
  "A_135": 36.62792927916831,
  "A_136": 70.56921878646908,
  "A_137": 121.15766953506541,
  "A_138": 54.808740655722715,
  "A_139": 55.81381154382977,
  "A_140": 121.61710861109701,
  "A_141": 128.03739302167924,
  "A_142": 136.1198438397934,
  "A_143": 88.32360294259584,
  "A_144": 5.357295120313602,
  "A_145": 171.45084827333616,
  "A_146": 75.29839643799455,
  "A_147": 97.8748237244869,
  "A_148": 120.17629882193705,
  "A_149": 38.76237759349967,
  "A_150": 131.4177592833125,
  "A_151": 37.09435525726148,
  "A_152": 40.96573988428019,
  "A_153": 110.29992320039943,
  "A_154": 24.859774526233235,
  "A_155": 1.2076282160399163,
  "A_156": 1.2076282160399163,
  "A_157": 79.32375680415102,
  "A_158": 50.67441728996916,
  "A_159": 0.0,
  "A_160": 24.933790449151807,
  "A_161": 66.34797383517602,
  "A_162": 32.315728937368505,
  "A_163": 14.337474888746954,
  "A_164": 70.93344247235568,
  "A_165": 23.51597711821612,
  "A_166": 185.370415940932,
  "A_167": 50.11947379726845,
  "A_168": 14.201305696769758,
  "A_169": 64.64935238649184,
  "A_170": 107.30695301206566,
  "A_171": 9.27464753103963,
  "A_172": 55.06834930624477,
  "A_173": 1.2076282160399163,
  "A_174": 0.0,
  "A_175": 0.0,
  "A_176": 13.329011080574018,
  "A_177": 0.0,
  "A_178": 9.66102572831933,
  "A_179": 12.029472429860679,
  "A_180": 0.0,
  "A_181": 1.0714590240627204,
  "A_182": 1.2076282160399163,
  "A_183": 0.0,
  "A_184": 40.51468257744837,
  "A_185": 0.0,
  "A_186": 1.2076282160399163,
  "A_187": 61.24512258706195,
  "A_188": 25.909104171644067,
  "A_189": 0.0,
  "A_190": 25.987354961459683,
  "A_191": 51.133127516505105,
  "A_192": 62.609428311921704,
  "A_193": 8.453397512279414,
  "A_194": 133.8262550080018,
  "A_195": 87.17212127046086,
  "A_196": 94.14131731584894,
  "A_197": 61.0128080935143,
  "A_198": 14.06513650479256,
  "A_199": 54.87005197795017,
  "A_200": 21.701518865208797,
  "A_201": 90.87325670839624,
  "A_202": 17.1876031423073,
  "A_203": 31.398333617037824,
  "A_204": 84.36454274780074,
  "A_205": 22.944936104758412,
  "A_206": 49.98933646318615,
  "A_207": 22.85386761691615,
  "A_208": 99.11646910577987,
  "A_209": 39.54360372185315,
  "A_210": 48.50588897853166,
  "A_211": 11.918825536601247,
  "A_212": 89.61203292168608,
  "A_213": 12.058387648644317,
  "A_214": 84.73473545972914,
  "A_215": 83.51852441255963,
  "A_216": 37.7794360840445,
  "A_217": 37.393057886764794,
  "A_218": 8.453397512279414,
  "A_219": 23.28534651833079,
  "A_220": 4.830512864159665,
  "A_221": 57.94825985816114,
  "A_222": 66.41955188219539,
  "A_223": 81.16553434687393,
  "A_224": 126.28932290462758,
  "A_225": 47.959955573561444,
  "A_226": 42.92483706305879,
  "A_227": 76.24978379083707,
  "A_228": 68.49936161709553,
  "A_229": 0.0,
  "A_230": 90.29125781976282,
  "A_231": 74.15121246460973,
  "A_232": 10.640574317708628,
  "A_233": 0.0,
  "A_234": 88.2572399393814,
  "A_235": 159.62300325998288,
  "A_236": 70.88834176822074,
  "A_237": 49.38505739945346,
  "A_238": 3.350546264165357,
  "A_239": 57.46817423521016,
  "A_240": 6.038141080199582,
  "A_241": 0.0,
  "A_242": 0.0,
  "A_243": 0.0,
  "A_244": 2.142918048125441,
  "A_245": 0.0,
  "A_246": 3.622884648119749,
  "A_247": 0.0,
  "A_248": 0.0,
  "A_249": 2.142918048125441,
  "A_250": 9.956335437756774,
  "A_251": 5.357295120313602,
  "A_252": 4.830512864159665,
  "A_253": 2.3012166187545233,
  "A_254": 1.2076282160399163,
  "A_255": 17.143344385003527,
  "A_256": 45.30940641809835,
  "A_257": 114.63274495637741,
  "A_258": 2.142918048125441,
  "A_259": 88.29291586555556,
  "A_260": 34.415230175021335,
  "A_261": 6.83726172030791,
  "A_262": 46.929777076966886,
  "A_263": 8.111278072303488,
  "A_264": 3.622884648119749,
  "A_265": 13.266015864684231,
  "A_266": 4.830512864159665,
  "A_267": 4.830512864159665,
  "A_268": 3.622884648119749,
  "A_269": 13.16987056311377,
  "A_270": 2.4152564320798326,
  "A_271": 0.0,
  "A_272": 81.83939340469834,
  "A_273": 26.04527336362126,
  "A_274": 25.36019253683824,
  "A_275": 3.214377072188161,
  "A_276": 104.8022240212116,
  "A_277": 125.99410115978445,
  "A_278": 45.973199813060646,
  "A_279": 108.63285590832793,
  "A_280": 47.38254341020225,
  "A_281": 16.90679502455883,
  "A_282": 67.19144119718243,
  "A_283": 0.0,
  "A_284": 0.0,
  "A_285": 5.6960216402236545,
  "A_286": 3.214377072188161,
  "A_287": 1.2076282160399163,
  "A_288": 6.675570229612952,
  "A_289": 6.701092528330714,
  "A_290": 8.571672192501763,
  "A_291": 39.53258301482436,