{
  "A_1": 207.5523974202102,
  "A_2": 62.08426711757702,
  "A_3": 31.284293803712515,
  "A_4": 7.131729482914189,
  "A_5": 72.68481754487891,
  "A_6": 81.92886596347257,
  "A_7": 15.562997616541717,
  "A_8": 151.38486767632742,
  "A_9": 95.11239617144415,
  "A_10": 7.500213168439043,
  "A_11": 44.6822439934769,
  "A_12": 105.86277543558106,
  "A_13": 52.248845297871604,
  "A_14": 0.0,
  "A_15": 44.40990560952251,
  "A_16": 77.78343392609594,
  "A_17": 6.995560290936993,
  "A_18": 1.2076282160399163,
  "A_19": 93.25026110832597,
  "A_20": 117.54569249663892,
  "A_21": 36.0568882657106,
  "A_22": 53.08195797049178,
  "A_23": 46.92554221006984,
  "A_24": 117.64882470027098,
  "A_25": 59.80517987747438,
  "A_26": 16.208054552918,
  "A_27": 47.09750042555674,
  "A_28": 93.53628426987939,
  "A_29": 0.0,
  "A_30": 6.653440850961066,
  "A_31": 35.25776762560227,
  "A_32": 41.976754665687835,
  "A_33": 0.0,
  "A_34": 0.0,
  "A_35": 56.74063164212122,
  "A_36": 11.962242347073854,
  "A_37": 0.0,
  "A_38": 20.902398225100477,
  "A_39": 79.10510195546115,
  "A_40": 40.61506274591588,
  "A_41": 115.06083093772617,
  "A_42": 6.609182093657292,
  "A_43": 0.0,
  "A_44": 76.02779885393444,
  "A_45": 0.0,
  "A_46": 25.181448481219604,
  "A_47": 2.4152564320798326,
  "A_48": 78.51625439484289,
  "A_49": 47.24637421822506,
  "A_50": 76.23452821691124,
  "A_51": 18.77737468872988,
  "A_52": 21.281148635417257,
  "A_53": 14.149419152503068,
  "A_54": 36.74196909249362,
  "A_55": 3.622884648119749,
  "A_56": 0.0,
  "A_57": 0.0,
  "A_58": 0.0,
  "A_59": 0.0,
  "A_60": 0.0,
  "A_61": 1.0714590240627204,
  "A_62": 2.142918048125441,
  "A_63": 56.81378048546741,
  "A_64": 86.31337320178741,
  "A_65": 17.279513576980726,
  "A_66": 60.309832754976426,
  "A_67": 23.107469542284534,
  "A_68": 78.46851475287895,
  "A_69": 73.6653211784349,
  "A_70": 140.8005529998593,
  "A_71": 73.13503290487955,
  "A_72": 4.307965474902768,
  "A_73": 6.701092528330714,
  "A_74": 0.0,
  "A_75": 2.279087240102637,
  "A_76": 0.0,
  "A_77": 0.0,
  "A_78": 0.0,
  "A_79": 3.214377072188161,
  "A_80": 9.66102572831933,
  "A_81": 31.304714155960855,
  "A_82": 27.485216073208836,
  "A_83": 9.66102572831933,
  "A_84": 0.0,
  "A_85": 63.5242098271646,
  "A_86": 69.58964506433857,
  "A_87": 0.0,
  "A_88": 0.0,
  "A_89": 28.166062033094818,
  "A_90": 25.755040467912025,
  "A_91": 0.0,
  "A_92": 103.81258463621899,
  "A_93": 86.23860329663196,
  "A_94": 0.0,
  "A_95": 8.044889936347825,
  "A_96": 146.17824333968002,
  "A_97": 32.70634200154524,
  "A_98": 40.24234419349398,
  "A_99": 94.9941214912218,
  "A_100": 124.72429454194469,
  "A_101": 25.71501657750529,
  "A_102": 60.67672051143326,
  "A_103": 15.180854286159056,
  "A_104": 25.36019253683824,
  "A_105": 30.00085267375617,
  "A_106": 0.0,
  "A_107": 3.4867154561425533,
  "A_108": 31.87746419582211,
  "A_109": 65.54206735493594,
  "A_110": 68.57007258454254,
  "A_111": 83.32634690675422,
  "A_112": 48.714478164359406,
  "A_113": 24.675953656886385,
  "A_114": 104.39433219744012,
  "A_115": 5.924101266874272,
  "A_116": 115.37995391947783,
  "A_117": 73.16734104372908,
  "A_118": 48.50588897853166,
  "A_119": 23.317654657180306,
  "A_120": 150.755066313877,
  "A_121": 115.44976010824058,
  "A_122": 29.620506334371363,
  "A_123": 1.2076282160399163,
  "A_124": 0.0,
  "A_125": 0.0,
  "A_126": 0.0,
  "A_127": 0.0,
  "A_128": 0.0,
  "A_129": 12.739233608530295,
  "A_130": 0.0,
  "A_131": 24.973814339558544,
  "A_132": 41.78443892980569,
  "A_133": 0.0,
  "A_134": 19.32205145663866,
  "A_135": 57.332005043232954,
  "A_136": 0.0,
  "A_137": 7.636382360416238,
  "A_138": 122.31921687006249,
  "A_139": 127.70043836002583,
  "A_140": 61.381291779039145,
  "A_141": 34.32247779351675,
  "A_142": 12.330726032598708,
  "A_143": 62.485146906545694,
  "A_144": 2.1871768054292144,
  "A_145": 121.40089163830635,
  "A_146": 34.955672076033075,
  "A_147": 4.285836096250882,
  "A_148": 49.53657012995078,
  "A_149": 2.142918048125441,
  "A_150": 2.4152564320798326,
  "A_151": 0.0,
  "A_152": 3.860389052731139,
  "A_153": 7.500213168439043,
  "A_154": 26.668200921345658,
  "A_155": 3.622884648119749,
  "A_156": 5.629633504267994,
  "A_157": 11.506083093772617,
  "A_158": 1.2076282160399163,
  "A_159": 35.393936817579466,
  "A_160": 96.33093199717733,
  "A_161": 64.3591194907826,
  "A_162": 61.307275856120576,
  "A_163": 47.09750042555673,
  "A_164": 43.96560901008123,
  "A_165": 114.83596830195282,
  "A_166": 13.055830749788461,
  "A_167": 2.4152564320798326,
  "A_168": 31.753157657704868,
  "A_169": 47.961212210622875,
  "A_170": 2.279087240102637,
  "A_171": 22.536428528826825,
  "A_172": 177.46082811698895,
  "A_173": 84.6522498030165,
  "A_174": 16.61656212884959,
  "A_175": 40.945319532031846,
  "A_176": 94.70473054234373,
  "A_177": 85.03767295612951,
  "A_178": 13.443050893899326,
  "A_179": 11.461824336468844,
  "A_180": 0.0,
  "A_181": 0.0,
  "A_182": 1.2076282160399163,
  "A_183": 0.0,
  "A_184": 0.0,
  "A_185": 17.18336827541026,
  "A_186": 24.951684960906654,
  "A_187": 67.36415339490617,
  "A_188": 57.966154369915984,
  "A_189": 162.62362636802078,
  "A_190": 54.93644011390583,
  "A_191": 1.2076282160399163,
  "A_192": 45.735808505784775,
  "A_193": 63.87236112503541,
  "A_194": 8.453397512279414,
  "A_195": 4.422005288228077,
  "A_196": 70.51553525120454,
  "A_197": 127.95404028539423,
  "A_198": 17.82419034488951,
  "A_199": 17.143344385003527,
  "A_200": 131.3123023011168,
  "A_201": 141.7075684980625,
  "A_202": 34.18630860153955,
  "A_203": 68.60672868762461,
  "A_204": 51.94071789040753,
  "A_205": 13.033701371136575,
  "A_206": 128.60747899097026,
  "A_207": 31.125995233083433,
  "A_208": 88.03244013546113,
  "A_209": 35.53857574335074,
  "A_210": 100.27983856451601,
  "A_211": 152.71578455446482,
  "A_212": 62.73112104495115,
  "A_213": 57.83845491173287,
  "A_214": 31.12599523308343,
  "A_215": 94.8579522992446,
  "A_216": 19.422431625106164,
  "A_217": 99.37514784487647,
  "A_218": 22.559399854309873,
  "A_219": 20.75605027292565,
  "A_220": 1.2076282160399163,
  "A_221": 12.857508288752644,
  "A_222": 124.91397133999783,
  "A_223": 24.52528287322022,
  "A_224": 64.92676758417446,
  "A_225": 62.53703345081237,
  "A_226": 188.71249247130328,
  "A_227": 14.491538592478996,
  "A_228": 6.903649856263571,
  "A_229": 50.72038507367648,
  "A_230": 55.41472874585895,
  "A_231": 0.0,
  "A_232": 1.2076282160399163,
  "A_233": 23.70487480129117,
  "A_234": 36.59222822025292,
  "A_235": 4.830512864159665,
  "A_236": 1.2076282160399163,
  "A_237": 18.895649368952228,
  "A_238": 116.42330197247621,
  "A_239": 69.43813233384124,
  "A_240": 71.26276934704619,
  "A_241": 1.2076282160399163,
  "A_242": 60.89453341329194,
  "A_243": 20.647954352900925,
  "A_244": 0.0,
  "A_245": 1.2076282160399163,
  "A_246": 0.0,
  "A_247": 8.453397512279414,
  "A_248": 0.0,
  "A_249": 32.5522782978132,
  "A_250": 52.86330312180193,
  "A_251": 99.93441416906852,
  "A_252": 161.2715351553982,
  "A_253": 46.345076418651374,
  "A_254": 0.0,
  "A_255": 62.139634546503885,
  "A_256": 48.74000046307717,
  "A_257": 4.69434367218247,
  "A_258": 9.007574456372659,
  "A_259": 78.79697454799707,
  "A_260": 15.312788611239212,
  "A_261": 0.0,
  "A_262": 67.96495157397868,
  "A_263": 153.4485170586175,
  "A_264": 46.14431608171637,
  "A_265": 28.074151598421395,
  "A_266": 0.0,
  "A_267": 25.755040467912025,
  "A_268": 7.500213168439043,
  "A_269": 21.737307888718494,
  "A_270": 15.04468509418186,
  "A_271": 0.0,
  "A_272": 15.471087181868294,
  "A_273": 70.51214233113868,
  "A_274": 96.60327038113172,
  "A_275": 42.385262241619415,
  "A_276": 130.03471709986673,
  "A_277": 28.443477230777415,
  "A_278": 126.17798486098437,
  "A_279": 65.92157174748958,
  "A_280": 21.80453797150532,
  "A_281": 31.889326849682067,
  "A_282": 30.671519873444524,
  "A_283": 16.071885360940808,
  "A_284": 36.75562873735143,
  "A_285": 19.32205145663866,
  "A_286": 25.266573075761272,
  "A_287": 11.922218456667121,