{
  "A_1": 229.08073913198254,
  "A_2": 98.612658175109,
  "A_3": 142.804549820843,
  "A_4": 71.88146203787355,
  "A_5": 143.94077591905213,
  "A_6": 169.8039625724713,
  "A_7": 87.11260693923126,
  "A_8": 79.55024050173361,
  "A_9": 53.021601692431005,
  "A_10": 26.141418665191722,
  "A_11": 0.0,
  "A_12": 3.350546264165357,
  "A_13": 0.0,
  "A_14": 0.0,
  "A_15": 0.0,
  "A_16": 0.0,
  "A_17": 34.050139409562355,
  "A_18": 17.591875851341847,
  "A_19": 0.0,
  "A_20": 12.993677480729842,
  "A_21": 3.214377072188161,
  "A_22": 55.59111032380211,
  "A_23": 33.81359004911766,
  "A_24": 59.200146831504824,
  "A_25": 14.491538592478996,
  "A_26": 63.13359676298785,
  "A_27": 40.150433758820554,
  "A_28": 0.0,
  "A_29": 0.0,
  "A_30": 77.81327905630505,
  "A_31": 52.881172500815566,
  "A_32": 0.0,
  "A_33": 56.46829325816683,
  "A_34": 124.90550160620374,
  "A_35": 51.27883458377861,
  "A_36": 181.6182107728199,
  "A_37": 4.285836096250882,
  "A_38": 24.543177384975067,
  "A_39": 6.564923336353519,
  "A_40": 0.0,
  "A_41": 0.0,
  "A_42": 2.4152564320798326,
  "A_43": 0.0,
  "A_44": 0.0,
  "A_45": 15.74426751265385,
  "A_46": 3.350546264165357,
  "A_47": 27.1949831774996,
  "A_48": 26.808604980219897,
  "A_49": 66.54206142931478,
  "A_50": 0.0,
  "A_51": 1.2076282160399163,
  "A_52": 48.16895944961946,
  "A_53": 38.37176452932293,
  "A_54": 0.0,
  "A_55": 113.51531814860738,
  "A_56": 130.5572644891236,
  "A_57": 9.66526059521637,
  "A_58": 23.880225936843935,
  "A_59": 93.13444943674402,
  "A_60": 171.21844581519423,
  "A_61": 49.71351719457157,
  "A_62": 61.12684790683961,
  "A_63": 32.1795597453913,
  "A_64": 92.74563336356513,
  "A_65": 16.638691507501477,
  "A_66": 75.86688647821757,
  "A_67": 19.739028766364328,
  "A_68": 4.830512864159665,
  "A_69": 4.830512864159665,
  "A_70": 0.0,
  "A_71": 0.0,
  "A_72": 0.0,
  "A_73": 0.0,
  "A_74": 3.214377072188161,
  "A_75": 0.0,
  "A_76": 37.14624180152817,
  "A_77": 22.37473703813186,
  "A_78": 88.4852064686965,
  "A_79": 104.06523151742068,
  "A_80": 55.685358103409804,
  "A_81": 38.060244201792976,
  "A_82": 0.0,
  "A_83": 31.693643326475268,
  "A_84": 0.0,
  "A_85": 2.4152564320798326,
  "A_86": 0.0,
  "A_87": 0.0,
  "A_88": 57.31843336296947,
  "A_89": 7.636382360416238,
  "A_90": 60.21792232030301,
  "A_91": 35.960742964140145,
  "A_92": 97.88247664419103,
  "A_93": 44.81670415905056,
  "A_94": 93.51415489122749,
  "A_95": 84.12546754686257,
  "A_96": 2.4152564320798326,
  "A_97": 64.22596622775288,
  "A_98": 108.03873047205164,
  "A_99": 31.262164425060632,
  "A_100": 10.868653944359247,
  "A_101": 59.15588807420106,
  "A_102": 94.25449004960186,
  "A_103": 2.279087240102637,
  "A_104": 56.85890632234357,
  "A_105": 88.48012965496828,
  "A_106": 82.38932291552395,
  "A_107": 21.418159774225618,
  "A_108": 70.21173067523182,
  "A_109": 82.97309366241399,
  "A_110": 12.941790936463152,
  "A_111": 5.924101266874272,
  "A_112": 96.98802751660219,
  "A_113": 80.63875209072,
  "A_114": 4.830512864159665,
  "A_115": 15.290659232587323,
  "A_116": 86.59165547904239,
  "A_117": 103.89600020435711,
  "A_118": 0.0,
  "A_119": 113.08366331800413,
  "A_120": 159.75833050512892,
  "A_121": 44.64645496996721,
  "A_122": 141.59277470250032,
  "A_123": 9.524856536342135,
  "A_124": 86.65899865916472,
  "A_125": 35.75139979607553,
  "A_126": 2.1871768054292144,
  "A_127": 37.43647469723741,
  "A_128": 117.96785971742833,
  "A_129": 5.924101266874272,
  "A_130": 0.0,
  "A_131": 95.5514777270805,
  "A_132": 134.89092819193274,
  "A_133": 35.80244439351105,
  "A_134": 2.279087240102637,
  "A_135": 147.93469522593145,
  "A_136": 82.32032097448048,
  "A_137": 19.05394793958131,
  "A_138": 22.60281666478248,
  "A_139": 17.47783603801654,
  "A_140": 6.038141080199582,
  "A_141": 65.89019352006554,
  "A_142": 9.432946101668712,
  "A_143": 1.0935884027146072,
  "A_144": 1.2076282160399163,
  "A_145": 0.0,
  "A_146": 42.94951741494538,
  "A_147": 14.491538592478996,
  "A_148": 0.0,
  "A_149": 48.287234129841806,
  "A_150": 106.2821906212059,
  "A_151": 61.973318631422856,
  "A_152": 65.1403456191361,
  "A_153": 71.93512044039687,
  "A_154": 13.810692632593017,
  "A_155": 103.52057988225312,
  "A_156": 47.07960591380189,
  "A_157": 65.15160508720656,
  "A_158": 72.5061865865958,
  "A_159": 46.20890722667418,
  "A_160": 0.0,
  "A_161": 67.62718009823531,
  "A_162": 156.07677347261074,
  "A_163": 106.79804013492537,
  "A_164": 41.6865217699786,
  "A_165": 1.0714590240627204,
  "A_166": 35.02121826515757,
  "A_167": 157.35755053199685,
  "A_168": 68.76323026725585,
  "A_169": 85.23860922225312,
  "A_170": 60.19579294165112,
  "A_171": 1.0714590240627204,
  "A_172": 33.523357153408426,
  "A_173": 10.618444939056742,
  "A_174": 70.43304959449189,
  "A_175": 24.79762125717461,
  "A_176": 130.61863864320418,
  "A_177": 22.11002644114039,
  "A_178": 4.69434367218247,
  "A_179": 52.590964737847536,
  "A_180": 1.0935884027146072,
  "A_181": 62.334476122879515,
  "A_182": 94.37708756131556,
  "A_183": 0.0,
  "A_184": 4.830512864159665,
  "A_185": 81.19433646832205,
  "A_186": 9.66102572831933,
  "A_187": 0.0,
  "A_188": 71.00577450161192,
  "A_189": 95.95490848928387,
  "A_190": 8.844010576456155,
  "A_191": 56.841011810588725,
  "A_192": 4.422005288228077,
  "A_193": 59.67078254375382,
  "A_194": 0.0,
  "A_195": 3.622884648119749,
  "A_196": 0.0,
  "A_197": 0.0,
  "A_198": 10.526534504383319,
  "A_199": 3.214377072188161,
  "A_200": 39.525709210098306,
  "A_201": 86.98151456098226,
  "A_202": 32.978680385499636,
  "A_203": 150.09974265270878,
  "A_204": 34.8977536738715,
  "A_205": 59.65714803163722,
  "A_206": 66.69273221298096,
  "A_207": 151.31264874440672,
  "A_208": 84.21227603506657,
  "A_209": 30.190705400997906,
  "A_210": 117.9552179485903,
  "A_211": 98.70294754797317,
  "A_212": 0.0,
  "A_213": 0.0,
  "A_214": 34.34037230527159,
  "A_215": 33.538700691928554,
  "A_216": 0.0,
  "A_217": 26.532031729368466,
  "A_218": 133.75374704955695,
  "A_219": 65.35061869862618,
  "A_220": 132.2910089436749,
  "A_221": 10.714590240627205,
  "A_222": 25.052065129374157,
  "A_223": 0.0,
  "A_224": 0.0,
  "A_225": 6.564923336353519,
  "A_226": 0.0,
  "A_227": 0.0,
  "A_228": 5.673892261571767,
  "A_229": 5.357295120313602,
  "A_230": 96.04757290619416,
  "A_231": 33.940334463134086,
  "A_232": 58.29122124496823,
  "A_233": 102.1037215954841,
  "A_234": 94.0927985589069,
  "A_235": 50.939039922366334,
  "A_236": 12.599671496487225,
  "A_237": 86.62320963565504,
  "A_238": 100.9521896578667,
  "A_239": 3.622884648119749,
  "A_240": 3.622884648119749,
  "A_241": 42.65760062557381,
  "A_242": 16.79275521123352,
  "A_243": 0.0,
  "A_244": 131.4476044135216,
  "A_245": 119.34402809614804,
  "A_246": 43.04566271651584,
  "A_247": 158.95920986502057,
  "A_248": 15.272764720832477,
  "A_249": 75.3495290000244,
  "A_250": 0.0,
  "A_251": 2.142918048125441,
  "A_252": 8.682319085761197,
  "A_253": 0.0,
  "A_254": 0.0,
  "A_255": 24.91589593739696,
  "A_256": 0.0,
  "A_257": 41.01254961481867,
  "A_258": 83.49732494533322,
  "A_259": 67.98200413890235,
  "A_260": 35.557462998384125,
  "A_261": 113.73570715644198,
  "A_262": 141.0176119194811,
  "A_263": 27.775448968918077,
  "A_264": 7.500213168439043,
  "A_265": 1.0714590240627204,
  "A_266": 15.408933912809674,
  "A_267": 94.89369105727187,
  "A_268": 129.21025009022927,
  "A_269": 21.451309859906296,
  "A_270": 137.91811660744943,
  "A_271": 41.09419332470016,
  "A_272": 23.744056744866736,
  "A_273": 98.02975450779132,
  "A_274": 59.20522364523303,
  "A_275": 19.694770009060555,
  "A_276": 105.39962928021825,
  "A_277": 1.0935884027146072,
  "A_278": 0.0,
  "A_279": 30.143895670459425,
  "A_280": 93.21278819115395,
  "A_281": 78.56042518755237,
  "A_282": 58.86989004538885,
  "A_283": 77.06256407580321,
  "A_284": 153.6418255377782,
  "A_285": 109.62606414257505,
  "A_286": 167.79124469028127,
  "A_287": 153.2818115860474,
  "A_288": 114.36286958106342,
  "A_289": 123.77368630408026,