{
  "A_1": 247.22152661813018,
  "A_2": 104.63290474355372,
  "A_3": 175.8675128540531,
  "A_4": 89.75168299832345,
  "A_5": 9.66102572831933,
  "A_6": 65.53783248803889,
  "A_7": 1.0714590240627204,
  "A_8": 14.491538592478996,
  "A_9": 10.714590240627203,
  "A_10": 4.830512864159665,
  "A_11": 57.21552735400847,
  "A_12": 6.428754144376322,
  "A_13": 9.77930040854168,
  "A_14": 111.27703391388954,
  "A_15": 126.72860552219376,
  "A_16": 205.68651757864893,
  "A_17": 32.72084359323422,
  "A_18": 2.279087240102637,
  "A_19": 42.15294774807177,
  "A_20": 5.467942013573036,
  "A_21": 3.350546264165357,
  "A_22": 18.114423240598747,
  "A_23": 1.2076282160399163,
  "A_24": 16.362118256650046,
  "A_25": 111.1017707429311,
  "A_26": 3.622884648119749,
  "A_27": 0.0,
  "A_28": 67.43732737099357,
  "A_29": 137.07038924580476,
  "A_30": 27.366941392986487,
  "A_31": 22.500639505317128,
  "A_32": 26.431651560900963,
  "A_33": 94.97706892629812,
  "A_34": 65.31653870152003,
  "A_35": 7.500213168439043,
  "A_36": 70.47974622769485,
  "A_37": 10.872888811256287,
  "A_38": 70.31042695003697,
  "A_39": 78.43875758726415,
  "A_40": 20.493890649168883,
  "A_41": 53.79859295388745,
  "A_42": 71.12320723500311,
  "A_43": 11.123097816558792,
  "A_44": 69.30790703516462,
  "A_45": 92.47149798861288,
  "A_46": 21.837688057185996,
  "A_47": 50.72038507367649,
  "A_48": 140.4984574502901,
  "A_49": 79.76805340359229,
  "A_50": 64.03309757156367,
  "A_51": 54.255594154019846,
  "A_52": 101.55205792551374,
  "A_53": 41.05935934535715,
  "A_54": 42.84055441534828,
  "A_55": 150.27932865515857,
  "A_56": 150.0579469040454,
  "A_57": 153.68083155216516,
  "A_58": 23.90235531549582,
  "A_59": 46.05664051393998,
  "A_60": 27.775448968918074,
  "A_61": 79.06771700288344,
  "A_62": 46.41665446567075,
  "A_63": 1.2076282160399163,
  "A_64": 99.15469600518875,
  "A_65": 44.18182598287189,
  "A_66": 2.4152564320798326,
  "A_67": 0.0,
  "A_68": 75.60049198756376,
  "A_69": 65.08251518156882,
  "A_70": 0.0,
  "A_71": 69.04751926966449,
  "A_72": 128.87990533951896,
  "A_73": 5.515593690942684,
  "A_74": 28.130273009585125,
  "A_75": 0.0,
  "A_76": 0.0,
  "A_77": 0.0,
  "A_78": 2.4152564320798326,
  "A_79": 1.2076282160399163,
  "A_80": 0.0,
  "A_81": 10.868653944359247,
  "A_82": 35.63048617802417,
  "A_83": 120.82741274894944,
  "A_84": 150.22912600455422,
  "A_85": 138.5375632805136,
  "A_86": 35.25776762560227,
  "A_87": 18.623310984997836,
  "A_88": 2.4152564320798326,
  "A_89": 56.0308704634516,
  "A_90": 37.34540620939514,
  "A_91": 1.0935884027146072,
  "A_92": 64.25279542901453,
  "A_93": 22.397708363614917,
  "A_94": 2.4152564320798326,
  "A_95": 6.038141080199582,
  "A_96": 46.753583994582954,
  "A_97": 0.0,
  "A_98": 0.0,
  "A_99": 33.35139893792153,
  "A_100": 122.76696922142274,
  "A_101": 17.82419034488951,
  "A_102": 89.64106123780525,
  "A_103": 116.58148744576977,
  "A_104": 35.75139979607553,
  "A_105": 6.83726172030791,
  "A_106": 8.453397512279414,
  "A_107": 56.31422955443479,
  "A_108": 39.3112892283055,
  "A_109": 23.991714776934536,
  "A_110": 6.038141080199582,
  "A_111": 0.0,
  "A_112": 2.4152564320798326,
  "A_113": 7.816810309697208,
  "A_114": 0.0,
  "A_115": 1.2076282160399163,
  "A_116": 5.357295120313602,
  "A_117": 37.24662196999567,
  "A_118": 112.9457850996234,
  "A_119": 34.67909882518164,
  "A_120": 125.00947575666694,
  "A_121": 82.53146113354293,
  "A_122": 2.1871768054292144,
  "A_123": 3.280765208143822,
  "A_124": 21.73730788871849,
  "A_125": 79.74430296313116,
  "A_126": 0.0,
  "A_127": 2.142918048125441,
  "A_128": 125.38558722915474,
  "A_129": 97.04086910503557,
  "A_130": 0.0,
  "A_131": 46.70857125504233,
  "A_132": 145.6667166574519,
  "A_133": 39.71556193734005,
  "A_134": 0.0,
  "A_135": 114.29827843610562,
  "A_136": 176.9630113451011,
  "A_137": 11.940112968421968,
  "A_138": 97.40239102124005,
  "A_139": 13.928967312815365,
  "A_140": 79.1090729285753,
  "A_141": 28.21455565729563,
  "A_142": 12.273724975491977,
  "A_143": 110.81745660778121,
  "A_144": 168.90791751581446,
  "A_145": 57.557646793984404,
  "A_146": 79.7807580042834,
  "A_147": 13.28391037643908,
  "A_148": 57.56287440415997,
  "A_149": 1.2076282160399163,
  "A_150": 8.20318850697691,
  "A_151": 49.51275685763657,
  "A_152": 0.0,
  "A_153": 56.94910773061344,
  "A_154": 119.0129293632009,
  "A_155": 51.3782345753382,
  "A_156": 8.571672192501763,
  "A_157": 33.096955065721986,
  "A_158": 110.38516089227663,
  "A_159": 176.77905224567752,
  "A_160": 80.33062468325592,
  "A_161": 7.245769296239498,
  "A_162": 37.637235034172406,
  "A_163": 8.571672192501763,
  "A_164": 110.38516089227664,
  "A_165": 53.45467652291367,
  "A_166": 108.81580969810238,
  "A_167": 39.281532062690694,
  "A_168": 12.466895224575904,
  "A_169": 33.81359004911766,
  "A_170": 81.87518242820803,
  "A_171": 131.62889944237497,
  "A_172": 0.0,
  "A_173": 44.80051867369925,
  "A_174": 36.48329035339704,
  "A_175": 3.5088448347944396,
  "A_176": 0.0,
  "A_177": 59.4103319464006,
  "A_178": 20.41563985935327,
  "A_179": 0.0,
  "A_180": 10.732484752382051,
  "A_181": 112.87347820310835,
  "A_182": 27.775448968918077,
  "A_183": 0.0,
  "A_184": 114.88794281081383,
  "A_185": 145.71700727265056,
  "A_186": 36.99217809779612,
  "A_187": 113.84464502329789,
  "A_188": 212.13130641192916
}