{
  "A_1": 221.3618334157418,
  "A_2": 110.1706278131483,
  "A_3": 156.30742920523727,
  "A_4": 115.93230873983197,
  "A_5": 150.3611734269699,
  "A_6": 56.166197708597636,
  "A_7": 69.8389241582156,
  "A_8": 101.86195719123447,
  "A_9": 165.52503798005836,
  "A_10": 92.58977266883525,
  "A_11": 55.05047992723114,
  "A_12": 43.33844658545979,
  "A_13": 56.42232547445951,
  "A_14": 105.78609544209225,
  "A_15": 20.261576155621224,
  "A_16": 17.750174421970932,
  "A_17": 61.55324999452604,
  "A_18": 122.35407598214672,
  "A_19": 24.152564320798326,
  "A_20": 84.6078779483772,
  "A_21": 78.90338657435946,
  "A_22": 91.8834923748258,
  "A_23": 17.415682768957915,
  "A_24": 60.966840309806976,
  "A_25": 5.810061453548963,
  "A_26": 2.279087240102637,
  "A_27": 0.0,
  "A_28": 27.99410381760793,
  "A_29": 3.622884648119749,
  "A_30": 56.75852615387607,
  "A_31": 9.116348960410548,
  "A_32": 18.36886711279829,
  "A_33": 179.03354709848787,
  "A_34": 63.18728029825238,
  "A_35": 78.5570322674865,
  "A_36": 117.32280278105203,
  "A_37": 62.85572917596314,
  "A_38": 88.14987286885231,
  "A_39": 125.42726988048258,
  "A_40": 64.22295029880542,
  "A_41": 0.0,
  "A_42": 57.39595530328944,
  "A_43": 96.58207091390533,
  "A_44": 6.428754144376322,
  "A_45": 5.76580269624519,
  "A_46": 61.24512258706196,
  "A_47": 121.00535255684879,
  "A_48": 2.4152564320798326,
  "A_49": 30.295320436362452,
  "A_50": 41.313803217556696,
  "A_51": 7.636382360416238,
  "A_52": 131.8671578292232,
  "A_53": 9.77930040854168,
  "A_54": 101.49178961204728,
  "A_55": 6.038141080199582,
  "A_56": 6.038141080199582,
  "A_57": 0.0,
  "A_58": 1.2076282160399163,
  "A_59": 33.659526345385615,
  "A_60": 27.60349075343118,
  "A_61": 20.18756023270265,
  "A_62": 28.763467292101453,
  "A_63": 79.36038777449187,
  "A_64": 50.939039922366334,
  "A_65": 69.12408616581779,
  "A_66": 23.317654657180306,
  "A_67": 63.00090845567084,
  "A_68": 127.03052514257432,
  "A_69": 89.11001898201306,
  "A_70": 1.2076282160399163,
  "A_71": 63.47919708762395,
  "A_72": 65.92157174748957,
  "A_73": 12.076282160399163,
  "A_74": 1.2076282160399163,
  "A_75": 100.77695161964945,
  "A_76": 21.19263112080971,
  "A_77": 1.2076282160399163,
  "A_78": 61.455395666552036,
  "A_79": 113.9006784698673,
  "A_80": 132.82539385405056,
  "A_81": 38.1819118020812,
  "A_82": 65.04843518446268,
  "A_83": 30.190705400997906,
  "A_84": 77.60808279054316,
  "A_85": 2.1650474267773276,
  "A_86": 0.0,
  "A_87": 0.0,
  "A_88": 14.013249960525872,
  "A_89": 9.66102572831933,
  "A_90": 3.350546264165357,
  "A_91": 7.500213168439043,
  "A_92": 20.529679672678576,
  "A_93": 75.48305925417256,
  "A_94": 18.66756974230161,
  "A_95": 70.04667139721218,
  "A_96": 64.00429545011556,
  "A_97": 106.40046530142824,
  "A_98": 83.62748741215674,
  "A_99": 0.0,
  "A_100": 85.09820516337888,
  "A_101": 79.64977872336993,
  "A_102": 37.300305505260205,
  "A_103": 0.0,
  "A_104": 142.46777108837819,
  "A_105": 77.8437902041567,
  "A_106": 16.61656212884959,
  "A_107": 76.21503777608838,
  "A_108": 107.84896570940423,
  "A_109": 90.98898041538388,
  "A_110": 33.11484957747683,
  "A_111": 6.038141080199582,
  "A_112": 106.35722442014426,
  "A_113": 2.3012166187545233,
  "A_114": 0.0,
  "A_115": 9.66102572831933,
  "A_116": 0.0,
  "A_117": 36.22884648119749,
  "A_118": 26.178891582363747,
  "A_119": 16.086386952629777,
  "A_120": 112.05646305124516,
  "A_121": 52.57730509298973,
  "A_122": 43.202277393482596,
  "A_123": 137.7521022852631,
  "A_124": 92.54899479619165,
  "A_125": 55.49721440257161,
  "A_126": 55.96108940743007,
  "A_127": 168.79895451621732,
  "A_128": 23.199379976957957,
  "A_129": 186.0850780041412,
  "A_130": 30.02912700763848,
  "A_131": 98.58121711583185,
  "A_132": 10.640574317708628,
  "A_133": 7.794680931045321,
  "A_134": 65.12245110738125,
  "A_135": 0.0,
  "A_136": 0.0,
  "A_137": 57.53975228222954,
  "A_138": 10.754614131033938,
  "A_139": 0.0,
  "A_140": 60.574543351967904,
  "A_141": 130.12662753454015,
  "A_142": 39.661878402075494,
  "A_143": 12.076282160399163,
  "A_144": 117.1116626219896,
  "A_145": 2.279087240102637,
  "A_146": 39.978475543333666,
  "A_147": 0.0,
  "A_148": 1.0714590240627204,
  "A_149": 1.2076282160399163,
  "A_150": 19.185882264661466,
  "A_151": 1.2076282160399163,
  "A_152": 58.48351184810915,
  "A_153": 17.415682768957915,
  "A_154": 34.072268788214245,
  "A_155": 32.60596183307774,
  "A_156": 39.054294382871234,
  "A_157": 72.79462249130718,
  "A_158": 110.04124446130284,
  "A_159": 34.71309085769349,
  "A_160": 197.06031990405145,
  "A_161": 51.22927281807558,
  "A_162": 41.0823306708402,
  "A_163": 98.00930902280177,
  "A_164": 45.89410707641386,
  "A_165": 15.272764720832479,
  "A_166": 10.640574317708628,
  "A_167": 95.92941132330733,
  "A_168": 41.12827332180631,
  "A_169": 6.038141080199582,
  "A_170": 53.954340551281824,
  "A_171": 128.43494272243512,
  "A_172": 9.842295624431465,
  "A_173": 19.44032613686101,
  "A_174": 104.1213780613256,
  "A_175": 28.692844289248754,
  "A_176": 19.185882264661466,
  "A_177": 6.564923336353519,
  "A_178": 70.27217491788687,
  "A_179": 37.9802843855738,
  "A_180": 0.0,
  "A_181": 14.219200208524605,
  "A_182": 0.0,
  "A_183": 35.22630143358392,
  "A_184": 13.011571992484688,
  "A_185": 2.142918048125441,
  "A_186": 14.609813272701345,
  "A_187": 27.331152369476793,
  "A_188": 20.301600046027957,
  "A_189": 99.0364213249664,
  "A_190": 24.25294448926583,
  "A_191": 2.142918048125441,
  "A_192": 35.02121826515757,
  "A_193": 140.5112248828343,
  "A_194": 10.868653944359247,
  "A_195": 60.67501148502972,
  "A_196": 86.43335690841332,
  "A_197": 84.007167733899,
  "A_198": 2.4152564320798326,
  "A_199": 99.53440145967222,
  "A_200": 110.02334994954799,
  "A_201": 31.108100721328587,
  "A_202": 46.28472014059061,
  "A_203": 10.986928624581596,
  "A_204": 131.7248688147568,
  "A_205": 29.10135186518034,
  "A_206": 96.71391727439116,
  "A_207": 10.390365312406125,
  "A_208": 6.038141080199582,
  "A_209": 0.0,
  "A_210": 0.0,
  "A_211": 2.4152564320798326,
  "A_212": 16.933159270107755,
  "A_213": 8.707841384478959,
  "A_214": 8.339357698954105,
  "A_215": 26.712459678649434,
  "A_216": 61.726025024102874,
  "A_217": 34.907178451832266,
  "A_218": 119.2343362470553,
  "A_219": 72.28147474726984,
  "A_220": 2.4152564320798326,
  "A_221": 82.36721866961327,
  "A_222": 139.9427348426113,
  "A_223": 71.25006474635506,
  "A_224": 1.0714590240627204,
  "A_225": 106.53663449340544,
  "A_226": 143.33202322738072,
  "A_227": 36.891797929328625,
  "A_228": 87.8154691804336,
  "A_229": 14.337474888746954,
  "A_230": 132.96759490392265,
  "A_231": 37.08069561240367,
  "A_232": 10.868653944359247,
  "A_233": 80.6174646588993,
  "A_234": 126.89116409246111,
  "A_235": 2.4152564320798326,
  "A_236": 40.37851338547117,
  "A_237": 143.13318554514973,
  "A_238": 102.51112333080165,
  "A_239": 5.357295120313602,
  "A_240": 119.35835375864839,
  "A_241": 69.23812597914309,
  "A_242": 26.567820752878163,
  "A_243": 85.48017256457292,
  "A_244": 159.76323138966848,
  "A_245": 57.91670570154849,
  "A_246": 59.494614594111106,
  "A_247": 116.3959826827606,
  "A_248": 51.07520911434353,
  "A_249": 33.71997058804069,
  "A_250": 47.688119844431625,
  "A_251": 117.39438082807143,
  "A_252": 33.81359004911766,
  "A_253": 3.350546264165357,
  "A_254": 18.114423240598747,
  "A_255": 74.29161652348395,
  "A_256": 20.257341288724184,
  "A_257": 3.622884648119749,
  "A_258": 52.46208404082668,
  "A_259": 60.309832754976426,
  "A_260": 18.431095780080597,
  "A_261": 0.0,
  "A_262": 33.697841209388805,
  "A_263": 70.04243653031514,
  "A_264": 0.0,
  "A_265": 19.55860081708336,
  "A_266": 147.01312787055681,
  "A_267": 83.04702162073826,
  "A_268": 45.71791399402993,
  "A_269": 4.69434367218247,
  "A_270": 89.79425786196491,
  "A_271": 24.116775297288633,
  "A_272": 1.0714590240627204,
  "A_273": 1.2076282160399163,
  "A_274": 0.0,
  "A_275": 34.594816177471145,
  "A_276": 8.571672192501763,