{
  "A_1": 239.5936516906199,
  "A_2": 137.0014752693556,
  "A_3": 138.45676151746332,
  "A_4": 121.7124747976894,
  "A_5": 159.79288802431842,
  "A_6": 143.27578871888147,
  "A_7": 135.37534921274573,
  "A_8": 81.7943806651577,
  "A_9": 231.1598577164989,
  "A_10": 146.47262313769198,
  "A_11": 149.04884221097115,
  "A_12": 115.07939146712357,
  "A_13": 85.47857663550491,
  "A_14": 168.07558395817236,
  "A_15": 107.60470059740229,
  "A_16": 168.59813134742924,
  "A_17": 123.14511644595004,
  "A_18": 159.41962911796006,
  "A_19": 80.69148058181786,
  "A_20": 135.26706479716174,
  "A_21": 123.91409036295448,
  "A_22": 195.82890354843852,
  "A_23": 86.98406553421698,
  "A_24": 95.24856536342133,
  "A_25": 180.92885738002795,
  "A_26": 176.1681255718898,
  "A_27": 117.21213075505139,
  "A_28": 65.79143441340727,
  "A_29": 154.45028299125298,
  "A_30": 29.580482443964627,
  "A_31": 127.50965572135861,
  "A_32": 58.966035346959316,
  "A_33": 77.42860988542888,
  "A_34": 124.77017436105771,
  "A_35": 84.1297024137596,
  "A_36": 113.11701446561463,
  "A_37": 112.68214264413413,
  "A_38": 52.754340122204816,
  "A_39": 149.1890452079155,
  "A_40": 104.52649271719133,
  "A_41": 113.77573104684873,
  "A_42": 125.94053072185542,
  "A_43": 76.15543548026446,
  "A_44": 132.19309178384782,
  "A_45": 89.81969219608835,
  "A_46": 155.97781330402265,
  "A_47": 183.81124350695538,
  "A_48": 66.45862072843545,
  "A_49": 168.9196042404858,
  "A_50": 93.33880375567473,
  "A_51": 131.31995522082093,
  "A_52": 70.04243653031514,
  "A_53": 91.73621451122551,
  "A_54": 2.4152564320798326,
  "A_55": 114.60203274659592,
  "A_56": 9.318906288343403,
  "A_57": 2.279087240102637,
  "A_58": 4.830512864159665,
  "A_59": 14.74598246467854,
  "A_60": 42.876255474263665,
  "A_61": 53.608740226645715,
  "A_62": 64.8680072351817,
  "A_63": 115.87862520456741,
  "A_64": 78.17666079536048,
  "A_65": 116.05481828695136,
  "A_66": 44.44050472196848,
  "A_67": 99.71059454205616,
  "A_68": 194.19635607644466,
  "A_69": 37.16497826011418,
  "A_70": 24.701475955604153,
  "A_71": 11.962242347073854,
  "A_72": 113.95436200513184,
  "A_73": 142.22182208271394,
  "A_74": 2.3012166187545233,
  "A_75": 77.73839605381409,
  "A_76": 92.52518152387744,
  "A_77": 67.1999109309765,
  "A_78": 1.0714590240627204,
  "A_79": 84.56277724424226,
  "A_80": 88.86650785224799,
  "A_81": 71.78360770989953,
  "A_82": 19.55860081708336,
  "A_83": 37.050096499957704,
  "A_84": 107.85670659370265,
  "A_85": 86.09811127316344,
  "A_86": 24.6835814438493,
  "A_87": 129.58212669581997,
  "A_88": 7.772551552393435,
  "A_89": 65.56674770682253,
  "A_90": 4.830512864159665,
  "A_91": 2.4152564320798326,
  "A_92": 89.66484937737822,
  "A_93": 41.19466145776197,
  "A_94": 0.0,
  "A_95": 28.366910334624126,
  "A_96": 39.85173112931724,
  "A_97": 0.0,
  "A_98": 0.0,
  "A_99": 12.194556840621512,
  "A_100": 20.766229033123274,
  "A_101": 51.60715614881998,
  "A_102": 125.94117160675677,
  "A_103": 38.21770082559089,
  "A_104": 105.55122997530987,
  "A_105": 48.287234129841806,
  "A_106": 3.214377072188161,
  "A_107": 19.55860081708336,
  "A_108": 133.48140866560254,
  "A_109": 54.18071115152889,
  "A_110": 203.41935582425933,
  "A_111": 108.25315045384444,
  "A_112": 0.0,
  "A_113": 20.529679672678576,
  "A_114": 102.11904000126302,
  "A_115": 28.7107388010036,
  "A_116": 0.0,
  "A_117": 19.286262433128968,
  "A_118": 48.978233717184196,
  "A_119": 12.577542117835337,
  "A_120": 0.0,
  "A_121": 0.0,
  "A_122": 3.214377072188161,
  "A_123": 0.0,
  "A_124": 0.0,
  "A_125": 0.0,
  "A_126": 0.0,
  "A_127": 18.214803409066246,
  "A_128": 6.428754144376322,
  "A_129": 10.714590240627205,
  "A_130": 70.43304959449189,
  "A_131": 30.611917577620616,
  "A_132": 0.0,
  "A_133": 35.79310758014459,
  "A_134": 85.373094520568,
  "A_135": 0.0,
  "A_136": 0.0,
  "A_137": 82.92874694051591,
  "A_138": 26.45378093955285,
  "A_139": 5.357295120313602,
  "A_140": 29.746408801556623,
  "A_141": 69.13594881967774,
  "A_142": 119.92791194037362,
  "A_143": 54.47001413581266,
  "A_144": 4.285836096250882,
  "A_145": 91.65880566824106,
  "A_146": 58.15165913292516,
  "A_147": 35.291081074100944,
  "A_148": 5.924101266874272,
  "A_149": 60.583101050356284,
  "A_150": 10.209937363125153,
  "A_151": 1.2076282160399163,
  "A_152": 0.0,
  "A_153": 4.830512864159665,
  "A_154": 0.0,
  "A_155": 0.0,
  "A_156": 0.0,
  "A_157": 0.0,
  "A_158": 0.0,
  "A_159": 0.0,
  "A_160": 1.0714590240627204,
  "A_161": 2.279087240102637,
  "A_162": 11.16396365379669,
  "A_163": 0.0,
  "A_164": 35.13949294537992,
  "A_165": 42.235433404784416,
  "A_166": 40.940129620968115,
  "A_167": 4.830512864159665,
  "A_168": 105.40058432438492,
  "A_169": 111.32045072436216,
  "A_170": 91.13634624357847,
  "A_171": 0.0,
  "A_172": 66.07563545122161,
  "A_173": 169.60408188147932,
  "A_174": 20.073520419377342,
  "A_175": 2.279087240102637,
  "A_176": 19.55860081708336,
  "A_177": 34.3045832817619,
  "A_178": 81.16881416960429,
  "A_179": 154.68871730728983,
  "A_180": 74.29248360305633,
  "A_181": 23.199379976957957,
  "A_182": 84.58331069382612,
  "A_183": 52.23942051991084,
  "A_184": 45.88987220951682,
  "A_185": 68.0568620086521,
  "A_186": 7.500213168439043,
  "A_187": 56.75852615387606,
  "A_188": 71.43133464246719,
  "A_189": 71.811680981852,
  "A_190": 25.36019253683824,
  "A_191": 1.2076282160399163,
  "A_192": 15.880436704631046,
  "A_193": 93.65876868425755,
  "A_194": 0.0,
  "A_195": 1.0714590240627204,
  "A_196": 30.190705400997906,
  "A_197": 6.038141080199582,
  "A_198": 27.875829137385573,
  "A_199": 86.16101852445891,
  "A_200": 123.02822406649526,
  "A_201": 59.941349069451576,
  "A_202": 96.34381252705708,
  "A_203": 7.245769296239498,
  "A_204": 42.929939009528205,
  "A_205": 107.95624481533898,
  "A_206": 31.011955419758124,
  "A_207": 0.0,
  "A_208": 52.04628796993875,
  "A_209": 50.0258794689327,
  "A_210": 16.90679502455883,
  "A_211": 8.453397512279414,
  "A_212": 6.564923336353519,
  "A_213": 108.66853183450209,
  "A_214": 29.143059649249405,
  "A_215": 96.96508132386035,
  "A_216": 54.088800716855474,
  "A_217": 38.626208401522476,
  "A_218": 56.644486340550756,
  "A_219": 36.7998874946552,
  "A_220": 0.0,
  "A_221": 33.76678031857918,
  "A_222": 130.2449022147625,
  "A_223": 32.31996380426554,
  "A_224": 1.2076282160399163,
  "A_225": 51.928013289716404,
  "A_226": 65.76507016785834,
  "A_227": 30.853656849129038,
  "A_228": 10.051638792496071,
  "A_229": 83.48784990188999,
  "A_230": 47.70676833842332,
  "A_231": 101.74614551965252,
  "A_232": 146.52978755761671,
  "A_233": 114.86508458266627,
  "A_234": 41.7273876072165,
  "A_235": 15.699166808518912,
  "A_236": 79.80891924083018,
  "A_237": 13.266015864684233,
  "A_238": 115.16199022117175,
  "A_239": 26.045273363621263,
  "A_240": 183.74665236199758,
  "A_241": 76.1733299920193,
  "A_242": 61.926810493779094,
  "A_243": 13.28391037643908,
  "A_244": 135.63135131490142,
  "A_245": 66.77437592286243,
  "A_246": 53.78493330902964,
  "A_247": 75.9665126644482,
  "A_248": 171.12995343332787,
  "A_249": 20.902398225100473,
  "A_250": 85.08793843858695,
  "A_251": 7.908720744370631,
  "A_252": 3.622884648119749,
  "A_253": 66.53782656241775,
  "A_254": 20.073520419377342,
  "A_255": 1.2076282160399163,
  "A_256": 85.46500495524141,
  "A_257": 79.22761150258054,
  "A_258": 1.2076282160399163,
  "A_259": 0.0,
  "A_260": 90.56437531869528,
  "A_261": 70.97253645133695,
  "A_262": 26.141418665191722,
  "A_263": 18.66333487540457,
  "A_264": 3.7020527829902123,
  "A_265": 31.226375401550932,
  "A_266": 106.80897287735984,
  "A_267": 52.559410581234886,
  "A_268": 19.7126645208154,
  "A_269": 83.60292015760565,
  "A_270": 180.73483261774226,
  "A_271": 22.040245385118855,
  "A_272": 60.37622089093209,
  "A_273": 37.02796712130582,
  "A_274": 46.711122228277034,
  "A_275": 18.214803409066246,
  "A_276": 67.95044998228971,
  "A_277": 104.00733824800031,
  "A_278": 111.01655818379511,
  "A_279": 93.54051913677642,