{
  "A_1": 200.43627536959906,
  "A_2": 102.39818935809038,
  "A_3": 170.0381117561287,
  "A_4": 45.257519873831654,
  "A_5": 50.49230544702586,
  "A_6": 11.786049264689925,
  "A_7": 62.79666723407565,
  "A_8": 77.17416601322934,
  "A_9": 1.2076282160399163,
  "A_10": 0.0,
  "A_11": 96.67058842851286,
  "A_12": 15.54510310478687,
  "A_13": 2.4152564320798326,
  "A_14": 20.529679672678576,
  "A_15": 118.3355642879751,
  "A_16": 7.245769296239498,
  "A_17": 0.0,
  "A_18": 67.67387673143827,
  "A_19": 50.334006876396785,
  "A_20": 7.58873068304659,
  "A_21": 5.901971888222386,
  "A_22": 29.66815801174101,
  "A_23": 125.8562857732568,
  "A_24": 10.868653944359247,
  "A_25": 24.152564320798326,
  "A_26": 110.74845466673776,
  "A_27": 36.22884648119749,
  "A_28": 6.564923336353519,
  "A_29": 69.29001252340977,
  "A_30": 20.39351048070138,
  "A_31": 8.044889936347825,
  "A_32": 40.843984319397656,
  "A_33": 92.57280806850586,
  "A_34": 36.36330664677114,
  "A_35": 2.4152564320798326,
  "A_36": 19.967108393014946,
  "A_37": 111.00806331725981,
  "A_38": 42.63970611381897,
  "A_39": 60.29193824322158,
  "A_40": 45.45668428169864,
  "A_41": 105.81680765187373,
  "A_42": 31.011955419758127,
  "A_43": 17.97825404862155,
  "A_44": 56.77207270139836,
  "A_45": 93.29707083886444,
  "A_46": 8.339357698954105,
  "A_47": 26.64698888774862,
  "A_48": 56.16193770895938,
  "A_49": 78.73235827029805,
  "A_50": 12.330726032598708,
  "A_51": 14.3553694005018,
  "A_52": 85.58159574180144,
  "A_53": 26.56782075287816,
  "A_54": 15.699166808518912,
  "A_55": 55.20698150686237,
  "A_56": 115.90676130837298,
  "A_57": 19.389281539425486,
  "A_58": 4.830512864159665,
  "A_59": 37.28241099350536,
  "A_60": 85.62756352550876,
  "A_61": 2.4152564320798326,
  "A_62": 9.66102572831933,
  "A_63": 89.41118462015676,
  "A_64": 76.9681906324894,
  "A_65": 2.4152564320798326,
  "A_66": 120.82576655439897,
  "A_67": 87.81374758765945,
  "A_68": 61.68941918650324,
  "A_69": 4.558174480205274,
  "A_70": 140.31704932410122,
  "A_71": 44.96305211122537,
  "A_72": 113.2506075516159,
  "A_73": 13.402185056661429,
  "A_74": 91.29965879608267,
  "A_75": 72.8209867368561,
  "A_76": 34.27059124925006,
  "A_77": 52.49905430317411,
  "A_78": 21.73730788871849,
  "A_79": 9.66102572831933,
  "A_80": 82.80379951749732,
  "A_81": 98.93018522779263,
  "A_82": 0.0,
  "A_83": 27.09121008896622,
  "A_84": 87.27250143892837,
  "A_85": 24.92700460902006,
  "A_86": 0.0,
  "A_87": 44.664349481722056,
  "A_88": 145.92379946748045,
  "A_89": 54.05303682608699,
  "A_90": 0.0,
  "A_91": 60.36351629024097,
  "A_92": 140.4148156874809,
  "A_93": 25.36019253683824,
  "A_94": 69.08925218647478,
  "A_95": 45.06520413794951,
  "A_96": 3.622884648119749,
  "A_97": 3.622884648119749,
  "A_98": 7.245769296239498,
  "A_99": 0.0,
  "A_100": 0.0,
  "A_101": 1.0714590240627204,
  "A_102": 0.0,
  "A_103": 3.622884648119749,
  "A_104": 11.620122907097926,
  "A_105": 29.083457353425494,
  "A_106": 1.2076282160399163,
  "A_107": 9.410816723016826,
  "A_108": 16.57001629209401,
  "A_109": 124.02140716800115,
  "A_110": 31.889326849682064,
  "A_111": 36.891797929328625,
  "A_112": 90.99153138861858,
  "A_113": 35.111419673427456,
  "A_114": 131.62379749590554,
  "A_115": 64.09185792055644,
  "A_116": 66.5905550535156,
  "A_117": 45.48136463358524,
  "A_118": 75.5180063308511,
  "A_119": 113.81819281315462,
  "A_120": 80.72214252611693,
  "A_121": 5.901971888222386,
  "A_122": 2.4152564320798326,
  "A_123": 21.601138696741298,
  "A_124": 96.50045233676504,
  "A_125": 50.23267166376259,
  "A_126": 49.32290413039483,
  "A_127": 34.66967404722088,
  "A_128": 79.70346225863449,
  "A_129": 150.41456793571032,
  "A_130": 203.7172165069315,
  "A_131": 85.65390263831647,
  "A_132": 57.55764679398439,
  "A_133": 191.05878466145148,
  "A_134": 110.07703348481255,
  "A_135": 71.26276934704619,
  "A_136": 115.19777924468144,
  "A_137": 188.17634826904165,
  "A_138": 108.39630654788323,
  "A_139": 42.407391620271305,
  "A_140": 19.694770009060555,
  "A_141": 92.20951429404474,
  "A_142": 76.58851031074713,
  "A_143": 6.038141080199582,
  "A_144": 95.6085541824109,
  "A_145": 27.212877689254444,
  "A_146": 121.24682793457428,
  "A_147": 157.20267001417483,
  "A_148": 29.73454614769667,
  "A_149": 28.412878118331445,
  "A_150": 91.4264032100991,
  "A_151": 55.831706055584625,
  "A_152": 4.830512864159665,
  "A_153": 1.2076282160399163,
  "A_154": 76.02357655340799,
  "A_155": 105.39980520940685,
  "A_156": 6.83726172030791,
  "A_157": 11.531605392490379,
  "A_158": 69.69852009934137,
  "A_159": 80.25904663623653,
  "A_160": 33.25101876945403,
  "A_161": 69.88837282658311,
  "A_162": 19.422431625106164,
  "A_163": 174.70516127133678,
  "A_164": 48.15106493786461,
  "A_165": 197.01273105853488,
  "A_166": 45.80727345546864,
  "A_167": 84.43600769748461,
  "A_168": 61.97623402940538,
  "A_169": 52.35778316472749,
  "A_170": 56.82311729883388,
  "A_171": 70.70028603197686,
  "A_172": 1.0714590240627204,
  "A_173": 1.2076282160399163,
  "A_174": 103.92494055588196,
  "A_175": 45.58174480205274,
  "A_176": 0.0,
  "A_177": 39.851731129317244,
  "A_178": 77.76307640570067,
  "A_179": 10.640574317708628,
  "A_180": 0.0,
  "A_181": 47.742557361933024,
  "A_182": 97.43818004474976,
  "A_183": 70.6338099314269,
  "A_184": 25.069959641129007,
  "A_185": 27.43332952894215,
  "A_186": 96.80762470006243,
  "A_187": 123.72423763571274,
  "A_188": 69.84832380343516,
  "A_189": 12.076282160399163,
  "A_190": 68.66285009878834,
  "A_191": 128.9011048067454,
  "A_192": 0.0,
  "A_193": 39.34876214547752,
  "A_194": 0.0,
  "A_195": 40.37764630589879,
  "A_196": 5.901971888222386,
  "A_197": 12.194556840621512,
  "A_198": 84.39429991341555,
  "A_199": 80.14500682291123,
  "A_200": 11.59799352844604,
  "A_201": 1.2076282160399163,
  "A_202": 27.23077220100929,
  "A_203": 15.585968942024767,
  "A_204": 40.85848591108663,
  "A_205": 27.36439041975178,
  "A_206": 7.109600104262302,
  "A_207": 0.0,
  "A_208": 8.225317885628796,
  "A_209": 4.830512864159665,
  "A_210": 3.5088448347944396,
  "A_211": 1.2076282160399163,
  "A_212": 12.257552056511297,
  "A_213": 0.0,
  "A_214": 42.26698756139707,
  "A_215": 13.402185056661429,
  "A_216": 74.82350072610731,
  "A_217": 109.10595462921734,
  "A_218": 30.0766655876726,
  "A_219": 40.16313835951168,
  "A_220": 48.30512864159665,
  "A_221": 0.0,
  "A_222": 1.2076282160399163,
  "A_223": 0.0,
  "A_224": 2.4152564320798326,
  "A_225": 0.0,
  "A_226": 1.2076282160399163,
  "A_227": 9.090826661692786,
  "A_228": 32.254417615141044,
  "A_229": 25.886974792992177,
  "A_230": 164.50606868605178,
  "A_231": 142.8343069864578,
  "A_232": 20.920292736855316,
  "A_233": 58.94814083520447,
  "A_234": 0.0,
  "A_235": 32.60596183307774,
  "A_236": 7.908720744370631,
  "A_237": 4.422005288228077,
  "A_238": 0.0,
  "A_239": 0.0,
  "A_240": 1.0714590240627204,
  "A_241": 6.428754144376322,
  "A_242": 55.278559553881756,
  "A_243": 63.45442877114305,
  "A_244": 43.47461577743698,
  "A_245": 16.362118256650046,
  "A_246": 0.0,
  "A_247": 26.668200921345658,
  "A_248": 30.190705400997906,
  "A_249": 0.0,
  "A_250": 13.810692632593017,
  "A_251": 19.44032613686101,
  "A_252": 45.50349401223712,
  "A_253": 3.622884648119749,
  "A_254": 14.356211347332964,
  "A_255": 10.46014636842766,
  "A_256": 11.848202533748545,
  "A_257": 2.4152564320798326,
  "A_258": 7.641609970591815,
  "A_259": 2.142918048125441,
  "A_260": 83.14496391330657,
  "A_261": 8.339357698954105,
  "A_262": 67.21867252230373,
  "A_263": 38.94280554278065,
  "A_264": 0.0,
  "A_265": 5.629633504267994,
  "A_266": 4.558174480205274,
  "A_267": 13.16987056311377,
  "A_268": 3.622884648119749,
  "A_269": 71.41503605978038,
  "A_270": 16.79275521123352,
  "A_271": 1.2076282160399163,
  "A_272": 74.39379368294931,
  "A_273": 89.84605644163729,
  "A_274": 0.0,
  "A_275": 3.4867154561425533,
  "A_276": 87.55849946774057,
  "A_277": 64.35572657071674,
  "A_278": 26.528638809302592,