{
  "A_1": 233.23975541599333,
  "A_2": 112.42758567459904,
  "A_3": 126.93783559292284,
  "A_4": 156.9482512747165,
  "A_5": 76.15543548026447,
  "A_6": 38.235595337345735,
  "A_7": 187.33977984450252,
  "A_8": 52.735603663618804,
  "A_9": 4.422005288228078,
  "A_10": 43.84733432985888,
  "A_11": 118.2113959799346,
  "A_12": 36.866275630610865,
  "A_13": 13.011571992484688,
  "A_14": 62.79666723407564,
  "A_15": 32.333623449123344,
  "A_16": 0.0,
  "A_17": 10.596315560404856,
  "A_18": 9.38868734436494,
  "A_19": 37.53685486570491,
  "A_20": 6.428754144376322,
  "A_21": 0.0,
  "A_22": 1.2076282160399163,
  "A_23": 0.0,
  "A_24": 3.5088448347944396,
  "A_25": 3.4867154561425533,
  "A_26": 0.0,
  "A_27": 1.2076282160399163,
  "A_28": 0.0,
  "A_29": 0.0,
  "A_30": 0.0,
  "A_31": 8.910398712411816,
  "A_32": 2.279087240102637,
  "A_33": 8.980179768433352,
  "A_34": 21.42918048125441,
  "A_35": 15.000426336878085,
  "A_36": 2.4152564320798326,
  "A_37": 4.716473050834356,
  "A_38": 22.558557907478708,
  "A_39": 2.4152564320798326,
  "A_40": 4.830512864159665,
  "A_41": 98.88934452329595,
  "A_42": 56.75852615387607,
  "A_43": 0.0,
  "A_44": 33.91397021758516,
  "A_45": 140.71203548525176,
  "A_46": 48.30512864159665,
  "A_47": 1.2076282160399163,
  "A_48": 82.1187186907143,
  "A_49": 20.529679672678576,
  "A_50": 25.224023344861045,
  "A_51": 0.0,
  "A_52": 13.946861824570213,
  "A_53": 68.30970995178363,
  "A_54": 0.0,
  "A_55": 0.0,
  "A_56": 37.75220475892319,
  "A_57": 1.0935884027146072,
  "A_58": 0.0,
  "A_59": 0.0,
  "A_60": 6.837261720307911,
  "A_61": 0.0,
  "A_62": 4.830512864159665,
  "A_63": 25.342298025083394,
  "A_64": 27.507345451860722,
  "A_65": 4.285836096250882,
  "A_66": 158.66558404924547,
  "A_67": 20.12117209674699,
  "A_68": 63.96511350653999,
  "A_69": 49.473574914061004,
  "A_70": 81.06843400113678,
  "A_71": 82.556028388094,
  "A_72": 9.27464753103963,
  "A_73": 7.017689669588879,
  "A_74": 53.62663473840056,
  "A_75": 5.651762882919881,
  "A_76": 0.0,
  "A_77": 1.2076282160399163,
  "A_78": 55.65127810630365,
  "A_79": 111.08811109807328,
  "A_80": 52.537281202582996,
  "A_81": 62.488539826611564,
  "A_82": 28.640957744982064,
  "A_83": 157.28100876858474,
  "A_84": 188.02401872445438,
  "A_85": 72.45769296239499,
  "A_86": 0.0,
  "A_87": 90.14992384946311,
  "A_88": 103.74198676610749,
  "A_89": 27.775448968918077,
  "A_90": 42.52143143359662,
  "A_91": 64.3591194907826,
  "A_92": 51.928013289716404,
  "A_93": 37.14624180152816,
  "A_94": 35.02121826515757,
  "A_95": 67.62718009823531,
  "A_96": 0.0,
  "A_97": 9.66102572831933,
  "A_98": 30.190705400997906,
  "A_99": 10.868653944359247,
  "A_100": 7.245769296239498,
  "A_101": 0.0,
  "A_102": 16.90679502455883,
  "A_103": 0.0,
  "A_104": 19.286262433128968,
  "A_105": 0.0,
  "A_106": 0.0,
  "A_107": 2.279087240102637,
  "A_108": 3.622884648119749,
  "A_109": 0.0,
  "A_110": 6.837261720307911,
  "A_111": 0.0,
  "A_112": 59.0376133939787,
  "A_113": 12.194556840621512,
  "A_114": 34.42285796198425,
  "A_115": 43.96560901008123,
  "A_116": 64.00429545011556,
  "A_117": 47.72466285017818,
  "A_118": 97.08419795091388,
  "A_119": 162.86206068405764,
  "A_120": 80.6978140326075,
  "A_121": 126.73541649506672,
  "A_122": 57.06993338407051,
  "A_123": 71.31465589131287,
  "A_124": 111.16902595845913,
  "A_125": 177.031121073831,
  "A_126": 30.190705400997906,
  "A_127": 23.354285627521165,
  "A_128": 84.98887773903397,
  "A_129": 119.40112968421968,
  "A_130": 22.67259772080402,
  "A_131": 0.0,
  "A_132": 77.28820582655464,
  "A_133": 26.317611747575654,
  "A_134": 9.66102572831933,
  "A_135": 12.076282160399163,
  "A_136": 90.43594701101652,
  "A_137": 96.6102572831933,
  "A_138": 7.245769296239498,
  "A_139": 22.032617598155937,
  "A_140": 108.14186267568368,
  "A_141": 53.02160169243101,
  "A_142": 5.493464312290798,
  "A_143": 118.8206638928012,
  "A_144": 134.87858801598946,
  "A_145": 22.944936104758412,
  "A_146": 123.19252936227802,
  "A_147": 154.02831683239341,
  "A_148": 36.822016873307085,
  "A_149": 3.622884648119749,
  "A_150": 96.33791889923891,
  "A_151": 183.23095364472553,
  "A_152": 71.25006474635506,
  "A_153": 22.808766912781216,
  "A_154": 31.011955419758127,
  "A_155": 143.34350889012222,
  "A_156": 48.30512864159665,
  "A_157": 2.4152564320798326,
  "A_158": 103.17518061954682,
  "A_159": 73.80572523730913,
  "A_160": 4.830512864159665,
  "A_161": 35.02121826515757,
  "A_162": 56.213849385967286,
  "A_163": 28.983077184957992,
  "A_164": 6.038141080199582,
  "A_165": 72.45769296239497,
  "A_166": 108.57249963026716,
  "A_167": 0.0,
  "A_168": 0.0,
  "A_169": 107.7333550997521,
  "A_170": 98.95393566825375,
  "A_171": 10.868653944359247,
  "A_172": 65.99314979450895,
  "A_173": 77.78766879299297,
  "A_174": 56.414609722902284,
  "A_175": 89.85548121959805,
  "A_176": 99.62373578836973,
  "A_177": 84.12546754686257,
  "A_178": 106.79107836560499,
  "A_179": 38.21770082559089,
  "A_180": 38.50793372130012,
  "A_181": 94.80426876398006,
  "A_182": 108.32472850086384,
  "A_183": 71.36747234700503,
  "A_184": 79.43535874157712,
  "A_185": 139.44553382288353,
  "A_186": 133.5811479491687,
  "A_187": 67.19144119718243,
  "A_188": 158.65276635121884,
  "A_189": 88.54828964918057,
  "A_190": 13.266015864684233,
  "A_191": 90.55422169123888,
  "A_192": 75.34952900002439,
  "A_193": 27.65970012918922,
  "A_194": 30.190705400997906,
  "A_195": 67.6271800982353,
  "A_196": 34.885049073180376,
  "A_197": 0.0,
  "A_198": 19.185882264661466,
  "A_199": 0.0,
  "A_200": 2.4152564320798326,
  "A_201": 13.363078511309544,
  "A_202": 4.69434367218247,
  "A_203": 9.116348960410548,
  "A_204": 4.285836096250882,
  "A_205": 8.181059128325023,
  "A_206": 19.286262433128968,
  "A_207": 1.0935884027146072,
  "A_208": 1.0714590240627204,
  "A_209": 27.75755445716323,
  "A_210": 25.360192536838245,
  "A_211": 0.0,
  "A_212": 16.888900512803982,
  "A_213": 58.34310778923492,
  "A_214": 0.0,
  "A_215": 0.0,
  "A_216": 15.699166808518912,
  "A_217": 30.29108556946541,
  "A_218": 0.0,
  "A_219": 53.11519602076677,
  "A_220": 126.77608127037477,
  "A_221": 107.37925990858069,
  "A_222": 73.47546845119317,
  "A_223": 35.31992089466089,
  "A_224": 157.26972416777306,
  "A_225": 123.99506805519343,
  "A_226": 2.4152564320798326,
  "A_227": 15.585126995193603,
  "A_228": 85.77040546028216,
  "A_229": 55.86662799952194,
  "A_230": 0.0,
  "A_231": 39.34876214547752,
  "A_232": 61.74817953549598,
  "A_233": 0.0,
  "A_234": 0.0,
  "A_235": 96.42386030787054,
  "A_236": 56.75852615387607,
  "A_237": 2.279087240102637,
  "A_238": 0.0,
  "A_239": 86.94923155487399,
  "A_240": 94.05883165913627,
  "A_241": 1.2076282160399163,
  "A_242": 6.038141080199582,
  "A_243": 102.5122291714157,
  "A_244": 9.38868734436494,
  "A_245": 9.66102572831933,
  "A_246": 22.944936104758412,
  "A_247": 66.30551206887009,
  "A_248": 0.0,
  "A_249": 0.0,
  "A_250": 42.26698756139707,
  "A_251": 0.0,
  "A_252": 0.0,
  "A_253": 17.29740808873557,
  "A_254": 6.038141080199582,
  "A_255": 13.928967312815365,
  "A_256": 0.0,
  "A_257": 48.305128641596646,
  "A_258": 63.868126258138375,
  "A_259": 76.77836303798887,
  "A_260": 66.50203753890806,
  "A_261": 7.245769296239498,
  "A_262": 69.71641461109621,
  "A_263": 37.20839507058679,
  "A_264": 0.0,
  "A_265": 50.81058648194636,
  "A_266": 153.69872606392,
  "A_267": 86.58742061214535,
  "A_268": 1.0714590240627204,
  "A_269": 7.245769296239498,
  "A_270": 0.0,
  "A_271": 0.0,
  "A_272": 1.2076282160399163,
  "A_273": 1.0714590240627204,
  "A_274": 0.0,
  "A_275": 1.0714590240627204,
  "A_276": 8.571672192501763,
  "A_277": 57.01724259208449,
  "A_278": 34.06803392131721,
  "A_279": 107.95200994844195,
  "A_280": 146.7603050601665,
  "A_281": 24.138904675940516,
  "A_282": 35.02121826515757,
  "A_283": 80.93406180015744,
  "A_284": 94.8554013260099,
  "A_285": 3.622884648119749,
  "A_286": 20.51178516092373,
  "A_287": 108.55037025161528,
  "A_288": 26.45378093955285,