{
  "A_1": 232.01934720103858,
  "A_2": 235.77934351893163,
  "A_3": 138.91207882393337,
  "A_4": 208.6872914831342,
  "A_5": 133.5487518457249,
  "A_6": 50.246331308620405,
  "A_7": 56.41640671390014,
  "A_8": 28.811118969471096,
  "A_9": 122.81382921744364,
  "A_10": 44.80051867369926,
  "A_11": 2.4152564320798326,
  "A_12": 37.300305505260205,
  "A_13": 42.15294774807176,
  "A_14": 53.13564150575631,
  "A_15": 19.32205145663866,
  "A_16": 90.57211620299373,
  "A_17": 108.41420105963807,
  "A_18": 17.591875851341847,
  "A_19": 32.60596183307774,
  "A_20": 91.37123684310205,
  "A_21": 53.82072233253934,
  "A_22": 25.224023344861045,
  "A_23": 2.142918048125441,
  "A_24": 88.51591867847799,
  "A_25": 115.60628682061304,
  "A_26": 34.31653390021616,
  "A_27": 94.44944472331302,
  "A_28": 171.12914918560858,
  "A_29": 11.106158348970636,
  "A_30": 96.02979149177483,
  "A_31": 76.26767830259193,
  "A_32": 126.6869228708659,
  "A_33": 87.48445841208078,
  "A_34": 90.0663197857658,
  "A_35": 28.983077184957992,
  "A_36": 44.6822439934769,
  "A_37": 82.23699337093666,
  "A_38": 18.54929506207926,
  "A_39": 0.0,
  "A_40": 7.636382360416238,
  "A_41": 66.44835400364352,
  "A_42": 13.28391037643908,
  "A_43": 0.0,
  "A_44": 6.139476292833776,
  "A_45": 21.737307888718497,
  "A_46": 0.0,
  "A_47": 0.0,
  "A_48": 4.830512864159665,
  "A_49": 0.0,
  "A_50": 0.0,
  "A_51": 2.279087240102637,
  "A_52": 1.2076282160399163,
  "A_53": 0.0,
  "A_54": 0.0,
  "A_55": 0.0,
  "A_56": 2.4152564320798326,
  "A_57": 0.0,
  "A_58": 9.643131216564484,
  "A_59": 39.253370826143914,
  "A_60": 6.973430912285107,
  "A_61": 28.983077184957992,
  "A_62": 4.285836096250882,
  "A_63": 26.567820752878163,
  "A_64": 0.0,
  "A_65": 2.4152564320798326,
  "A_66": 3.350546264165357,
  "A_67": 7.245769296239498,
  "A_68": 5.493464312290798,
  "A_69": 1.2076282160399163,
  "A_70": 0.0,
  "A_71": 10.868653944359247,
  "A_72": 0.0,
  "A_73": 0.0,
  "A_74": 0.0,
  "A_75": 11.803943776444772,
  "A_76": 0.0,
  "A_77": 0.0,
  "A_78": 43.0661082015054,
  "A_79": 39.851731129317244,
  "A_80": 59.01971888222386,
  "A_81": 113.98673297583446,
  "A_82": 82.71009209182606,
  "A_83": 58.847760666736974,
  "A_84": 36.891797929328625,
  "A_85": 74.87294939447482,
  "A_86": 24.789993470211698,
  "A_87": 101.42287563559813,
  "A_88": 85.28544408553282,
  "A_89": 0.0,
  "A_90": 50.72038507367649,
  "A_91": 86.81306236289677,
  "A_92": 70.29688040251469,
  "A_93": 0.0,
  "A_94": 54.07093133784184,
  "A_95": 105.59043705162667,
  "A_96": 44.56820418015159,
  "A_97": 0.0,
  "A_98": 21.737307888718494,
  "A_99": 91.66570460570834,
  "A_100": 3.7812209178606757,
  "A_101": 2.3012166187545233,
  "A_102": 82.10082417895946,
  "A_103": 70.97772636240066,
  "A_104": 1.0935884027146072,
  "A_105": 1.2076282160399163,
  "A_106": 35.54800052131151,
  "A_107": 69.92839671698985,
  "A_108": 13.946861824570211,
  "A_109": 43.18438288172775,
  "A_110": 189.06386076005137,
  "A_111": 63.151491274742696,
  "A_112": 179.1961056687552,
  "A_113": 61.04436225012695,
  "A_114": 91.64184106791168,
  "A_115": 25.36019253683824,
  "A_116": 78.49583404259457,
  "A_117": 89.34659347519897,
  "A_118": 26.15931317694657,
  "A_119": 0.0,
  "A_120": 71.25006474635506,
  "A_121": 38.76237759349967,
  "A_122": 7.245769296239498,
  "A_123": 40.92319015337996,
  "A_124": 163.0586112868368,
  "A_125": 97.54554711527884,
  "A_126": 9.66102572831933,
  "A_127": 39.44322355338566,
  "A_128": 29.826456582370092,
  "A_129": 38.99892695394437,
  "A_130": 0.0,
  "A_131": 69.7522036346059,
  "A_132": 125.3209960841969,
  "A_133": 63.48174806085866,
  "A_134": 0.0,
  "A_135": 50.00375009028081,
  "A_136": 167.19431695335794,
  "A_137": 33.91397021758516,
  "A_138": 58.07076940528053,
  "A_139": 13.011571992484688,
  "A_140": 96.69274293990595,
  "A_141": 40.784469988168055,
  "A_142": 133.88747836563496,
  "A_143": 121.85365797154171,
  "A_144": 34.463723799222144,
  "A_145": 12.076282160399163,
  "A_146": 38.60492096970176,
  "A_147": 64.9012452854567,
  "A_148": 20.40198021449546,
  "A_149": 48.30512864159665,
  "A_150": 131.15395346500526,
  "A_151": 87.80108068608017,
  "A_152": 14.377498779153687,
  "A_153": 31.108100721328583,
  "A_154": 66.8568615795751,
  "A_155": 80.91109047467438,
  "A_156": 1.0714590240627204,
  "A_157": 91.1430441191159,
  "A_158": 91.77974441903363,
  "A_159": 92.69015283730275,
  "A_160": 71.25006474635506,
  "A_161": 176.57747509465258,
  "A_162": 33.928471809274136,
  "A_163": 51.928013289716404,
  "A_164": 2.4152564320798326,
  "A_165": 12.076282160399163,
  "A_166": 3.622884648119749,
  "A_167": 16.90679502455883,
  "A_168": 48.168959449619464,
  "A_169": 39.85173112931724,
  "A_170": 4.830512864159665,
  "A_171": 79.02261629874852,
  "A_172": 97.68171630725602,
  "A_173": 23.162334316386833,
  "A_174": 41.05935934535715,
  "A_175": 99.02551371527315,
  "A_176": 81.71021111478272,
  "A_177": 14.491538592478996,
  "A_178": 81.54851962408776,
  "A_179": 78.49583404259455,
  "A_180": 60.51587096756947,
  "A_181": 4.285836096250882,
  "A_182": 68.2338970378672,
  "A_183": 134.60577210995172,
  "A_184": 53.662423761910254,
  "A_185": 139.2380756104111,
  "A_186": 30.942174363736587,
  "A_187": 0.0,
  "A_188": 141.8303419389648,
  "A_189": 33.56929980437452,
  "A_190": 0.0,
  "A_191": 43.47461577743699,
  "A_192": 69.49775976240636,
  "A_193": 3.622884648119749,
  "A_194": 8.571672192501763,
  "A_195": 132.6176717477952,
  "A_196": 39.67977291383035,
  "A_197": 76.74352905864586,
  "A_198": 186.37215674082626,
  "A_199": 86.94923155487398,
  "A_200": 2.4152564320798326,
  "A_201": 116.44119648423106,
  "A_202": 201.5128614728724,
  "A_203": 73.16734104372908,
  "A_204": 85.8462183741986,
  "A_205": 18.505036304775487,
  "A_206": 66.41955188219539,
  "A_207": 25.018073096862317,
  "A_208": 90.16866030804913,
  "A_209": 189.47588691975497,
  "A_210": 15.817441488741261,
  "A_211": 27.775448968918077,
  "A_212": 41.593430096467436,
  "A_213": 42.016778556094565,
  "A_214": 0.0,
  "A_215": 2.4152564320798326,
  "A_216": 20.39351048070138,
  "A_217": 40.982252095267455,
  "A_218": 1.2076282160399163,
  "A_219": 3.622884648119749,
  "A_220": 79.70346225863449,
  "A_221": 2.4152564320798326,
  "A_222": 1.0714590240627204,
  "A_223": 0.0,
  "A_224": 31.26216442506063,
  "A_225": 0.0,
  "A_226": 0.0,
  "A_227": 19.32205145663866,
  "A_228": 3.622884648119749,
  "A_229": 3.622884648119749,
  "A_230": 0.0,
  "A_231": 2.279087240102637,
  "A_232": 66.33007932342116,
  "A_233": 120.57296887674988,
  "A_234": 22.518534017071975,
  "A_235": 28.556675097271558,
  "A_236": 0.0,
  "A_237": 90.06317819311221,
  "A_238": 10.714590240627205,
  "A_239": 45.56385029029789,
  "A_240": 22.26409014487243,
  "A_241": 0.0,
  "A_242": 74.58695136566261,
  "A_243": 77.78343392609592,
  "A_244": 26.56782075287816,
  "A_245": 21.737307888718494,
  "A_246": 132.40305070407254,
  "A_247": 20.415639859353266,
  "A_248": 1.2076282160399163,
  "A_249": 32.60596183307774,
  "A_250": 41.414183386024206,
  "A_251": 1.2076282160399163,
  "A_252": 0.0,
  "A_253": 32.46979264110055,
  "A_254": 6.038141080199582,
  "A_255": 0.0,
  "A_256": 14.201305696769758,
  "A_257": 6.428754144376322,
  "A_258": 57.12614275982854,
  "A_259": 92.7192691180162,
  "A_260": 198.04404052848471,
  "A_261": 9.643131216564484,
  "A_262": 14.337474888746954,
  "A_263": 37.53685486570491,
  "A_264": 15.317023478136251,
  "A_265": 16.08977987269565,
  "A_266": 0.0,
  "A_267": 59.1737825859559,
  "A_268": 0.0,
  "A_269": 0.0,
  "A_270": 7.245769296239498,
  "A_271": 27.775448968918077,
  "A_272": 0.0,
  "A_273": 4.422005288228077,
  "A_274": 38.64410291327732,
  "A_275": 0.0,
  "A_276": 10.868653944359247,
  "A_277": 4.58030385885716,
  "A_278": 13.538354248638624,
  "A_279": 7.245769296239498,
  "A_280": 46.90509672508029,
  "A_281": 29.53706563349202,
  "A_282": 3.214377072188161,
  "A_283": 21.737307888718494,
  "A_284": 82.00880064695052,
  "A_285": 48.85835054152321,