{
  "A_1": 226.55560235525073,
  "A_2": 206.1690410774991,
  "A_3": 141.84988264527013,
  "A_4": 117.82751849040719,
  "A_5": 134.9122407564947,
  "A_6": 166.49266108373462,
  "A_7": 46.57918790319688,
  "A_8": 147.85742461302374,
  "A_9": 153.46916360553686,
  "A_10": 135.5241224744491,
  "A_11": 54.61984297264767,
  "A_12": 70.30111526941174,
  "A_13": 55.79168216517789,
  "A_14": 38.64410291327732,
  "A_15": 123.06403822274615,
  "A_16": 63.86812625813837,
  "A_17": 102.14798035278787,
  "A_18": 9.38868734436494,
  "A_19": 99.26206307571785,
  "A_20": 139.56648514004675,
  "A_21": 99.41612677944988,
  "A_22": 36.97428358604128,
  "A_23": 32.333623449123344,
  "A_24": 67.51729975358337,
  "A_25": 81.84638030675991,
  "A_26": 23.88022593684393,
  "A_27": 158.79490456923781,
  "A_28": 41.05935934535715,
  "A_29": 13.16987056311377,
  "A_30": 76.08057761051472,
  "A_31": 57.64013245069705,
  "A_32": 102.87305993723642,
  "A_33": 29.474070417602235,
  "A_34": 59.17801745285294,
  "A_35": 163.94547032657462,
  "A_36": 31.81107605986645,
  "A_37": 85.89471199839942,
  "A_38": 96.96412627969366,
  "A_39": 13.28391037643908,
  "A_40": 93.88684831090816,
  "A_41": 100.7241351639573,
  "A_42": 82.68286076670476,
  "A_43": 47.43442995446894,
  "A_44": 78.67530694770883,
  "A_45": 56.967756224605154,
  "A_46": 8.181059128325023,
  "A_47": 34.71309085769349,
  "A_48": 0.0,
  "A_49": 49.340798642149686,
  "A_50": 0.0,
  "A_51": 14.083031016547409,
  "A_52": 12.330726032598708,
  "A_53": 91.78047326852928,
  "A_54": 36.09267728922029,
  "A_55": 150.16537680642756,
  "A_56": 70.71809257913739,
  "A_57": 115.487057096224,
  "A_58": 133.25849381727443,
  "A_59": 39.838071484459434,
  "A_60": 77.77919905919889,
  "A_61": 117.03179077036474,
  "A_62": 13.28391037643908,
  "A_63": 29.746408801556626,
  "A_64": 18.114423240598747,
  "A_65": 16.90679502455883,
  "A_66": 2.4152564320798326,
  "A_67": 1.0714590240627204,
  "A_68": 109.07016560570764,
  "A_69": 74.6473076437234,
  "A_70": 48.30512864159665,
  "A_71": 9.38868734436494,
  "A_72": 1.0714590240627204,
  "A_73": 53.13564150575631,
  "A_74": 9.643131216564484,
  "A_75": 86.58742061214534,
  "A_76": 68.20065898759222,
  "A_77": 43.27713526323234,
  "A_78": 9.318906288343403,
  "A_79": 104.8507176454124,
  "A_80": 106.56299873895438,
  "A_81": 20.52967967267858,
  "A_82": 8.453397512279414,
  "A_83": 138.3265990506398,
  "A_84": 2.494424566950296,
  "A_85": 17.842084856644355,
  "A_86": 82.64115298263567,
  "A_87": 37.791298737904455,
  "A_88": 127.6825689810122,
  "A_89": 64.92592563734328,
  "A_90": 8.980179768433352,
  "A_91": 57.4427399010867,
  "A_92": 69.19648102692712,
  "A_93": 92.37459870480556,
  "A_94": 23.844436913334242,
  "A_95": 23.199379976957953,
  "A_96": 59.87325190709237,
  "A_97": 36.900267663122705,
  "A_98": 29.201732033647843,
  "A_99": 113.62834008591292,
  "A_100": 61.36000434721843,
  "A_101": 1.2076282160399163,
  "A_102": 131.1676382426043,
  "A_103": 0.0,
  "A_104": 26.43165156090096,
  "A_105": 7.908720744370631,
  "A_106": 70.14534253927614,
  "A_107": 112.18680144725731,
  "A_108": 66.381211885451,
  "A_109": 107.36823920155189,
  "A_110": 141.1503630586512,
  "A_111": 120.52877295129922,
  "A_112": 3.214377072188161,
  "A_113": 44.23794739403562,
  "A_114": 0.0,
  "A_115": 56.43250423465713,
  "A_116": 4.830512864159665,
  "A_117": 33.80416527115689,
  "A_118": 8.453397512279414,
  "A_119": 61.24512258706195,
  "A_120": 2.4152564320798326,
  "A_121": 81.12974532336425,
  "A_122": 59.54650113837779,
  "A_123": 115.69469123788505,
  "A_124": 63.11239729576143,
  "A_125": 114.65817929050085,
  "A_126": 149.02227690349238,
  "A_127": 34.73522023634537,
  "A_128": 42.58271762308286,
  "A_129": 58.22059824211553,
  "A_130": 36.11480666787218,
  "A_131": 0.0,
  "A_132": 68.66285009878834,
  "A_133": 138.36230010955518,
  "A_134": 37.400685673727715,
  "A_135": 38.74448308174482,
  "A_136": 9.116348960410548,
  "A_137": 71.54876737585839,
  "A_138": 49.02927831461972,
  "A_139": 38.029645089347,
  "A_140": 135.23730763154694,
  "A_141": 135.3869982383052,
  "A_142": 46.41410349243604,
  "A_143": 0.0,
  "A_144": 53.09985248224662,
  "A_145": 50.875265591498476,
  "A_146": 65.531800630144,
  "A_147": 20.529679672678576,
  "A_148": 124.66376233469532,
  "A_149": 93.82469504184955,
  "A_150": 3.622884648119749,
  "A_151": 96.01366883827663,
  "A_152": 3.214377072188161,
  "A_153": 28.846907992980796,
  "A_154": 38.33597550581324,
  "A_155": 80.93151082692273,
  "A_156": 157.31821779197386,
  "A_157": 69.79730433874084,
  "A_158": 77.93323763018971,
  "A_159": 191.865558221264,
  "A_160": 133.9104245583768,
  "A_161": 34.6739843123416,
  "A_162": 61.78640643490486,
  "A_163": 133.10625223728147,
  "A_164": 97.913075756637,
  "A_165": 141.43288020280323,
  "A_166": 28.9472881614483,
  "A_167": 32.49192201975243,
  "A_168": 65.2604172903563,
  "A_169": 41.84058547371063,
  "A_170": 121.77540718172608,
  "A_171": 69.70200098400154,
  "A_172": 76.16306326722739,
  "A_173": 14.491538592478996,
  "A_174": 76.8728872777501,
  "A_175": 0.0,
  "A_176": 68.71479947490812,
  "A_177": 1.2076282160399163,
  "A_178": 34.71309085769349,
  "A_179": 23.045316273225914,
  "A_180": 131.97687481105717,
  "A_181": 93.4783658677178,
  "A_182": 95.365884999477,
  "A_183": 61.96175757045763,
  "A_184": 228.19484770278206,
  "A_185": 38.06363712185885,
  "A_186": 49.6531609165108,
  "A_187": 85.74160333883407,
  "A_188": 95.01953069260405,
  "A_189": 56.49126458364988,
  "A_190": 71.11389555437786,
  "A_191": 11.786049264689925,
  "A_192": 63.441724170451934,
  "A_193": 63.60002274108102,
  "A_194": 73.6653211784349,
  "A_195": 54.34326972179623,
  "A_196": 74.73678020249763,
  "A_197": 90.29977781903933,
  "A_198": 20.529679672678576,
  "A_199": 66.2833826902182,
  "A_200": 68.91729397098788,
  "A_201": 86.83519174154867,
  "A_202": 15.290659232587323,
  "A_203": 113.90766537192886,
  "A_204": 114.16210924412842,
  "A_205": 47.76045187368787,
  "A_206": 20.39351048070138,
  "A_207": 77.01586744260025,
  "A_208": 120.76282160399163,
  "A_209": 37.732626353506014,
  "A_210": 96.86470115539285,
  "A_211": 110.42094991578632,
  "A_212": 88.0206905789367,
  "A_213": 32.60596183307774,
  "A_214": 145.23442094194732,
  "A_215": 68.66285009878834,
  "A_216": 104.75552738800864,
  "A_217": 49.04717282637456,
  "A_218": 186.73869263890586
}