{
  "A_1": 76.12141831501141,
  "A_2": 50.37826563370056,
  "A_3": 92.50728701212259,
  "A_4": 78.88134516030188,
  "A_5": 1.2076282160399163,
  "A_6": 100.99906222025828,
  "A_7": 113.1441955252535,
  "A_8": 15.699166808518912,
  "A_9": 2.279087240102637,
  "A_10": 94.22380297256159,
  "A_11": 92.77962539607697,
  "A_12": 2.4152564320798326,
  "A_13": 19.32205145663866,
  "A_14": 76.06268309875989,
  "A_15": 45.84306247897834,
  "A_16": 0.0,
  "A_17": 12.87540280050749,
  "A_18": 63.67827353089663,
  "A_19": 25.36019253683824,
  "A_20": 6.561530416287644,
  "A_21": 61.94386305870278,
  "A_22": 41.532458066246555,
  "A_23": 131.6960666933087,
  "A_24": 91.61625593734084,
  "A_25": 21.737307888718494,
  "A_26": 26.04611531045242,
  "A_27": 7.641609970591815,
  "A_28": 29.237521057157537,
  "A_29": 0.0,
  "A_30": 32.60596183307774,
  "A_31": 2.4152564320798326,
  "A_32": 7.500213168439043,
  "A_33": 10.732484752382051,
  "A_34": 97.02299972602194,
  "A_35": 70.88825380362644,
  "A_36": 1.2076282160399163,
  "A_37": 35.02121826515757,
  "A_38": 83.10917488979689,
  "A_39": 0.0,
  "A_40": 0.0,
  "A_41": 94.30298367380269,
  "A_42": 55.783187298642595,
  "A_43": 0.0,
  "A_44": 51.26419476201289,
  "A_45": 136.84579050381433,
  "A_46": 72.88830478423722,
  "A_47": 0.0,
  "A_48": 47.19788059402424,
  "A_49": 89.56524832388881,
  "A_50": 34.753114748100224,
  "A_51": 53.62663473840056,
  "A_52": 13.402185056661429,
  "A_53": 113.27775091214289,
  "A_54": 28.995781785649115,
  "A_55": 86.39945284049577,
  "A_56": 64.03912942945857,
  "A_57": 25.069959641129003,
  "A_58": 106.28219062120591,
  "A_59": 0.0,
  "A_60": 0.0,
  "A_61": 0.0,
  "A_62": 0.0,
  "A_63": 2.142918048125441,
  "A_64": 0.0,
  "A_65": 50.74164737275599,
  "A_66": 24.152564320798326,
  "A_67": 74.01504327263252,
  "A_68": 12.857508288752644,
  "A_69": 96.24844634046467,
  "A_70": 88.84861334049313,
  "A_71": 58.72948598651461,
  "A_72": 57.285308410030005,
  "A_73": 111.17578666584966,
  "A_74": 38.70869405823513,
  "A_75": 1.2076282160399163,
  "A_76": 4.558174480205274,
  "A_77": 0.0,
  "A_78": 1.2076282160399163,
  "A_79": 0.0,
  "A_80": 0.0,
  "A_81": 4.488393424183738,
  "A_82": 0.0,
  "A_83": 1.0714590240627204,
  "A_84": 3.622884648119749,
  "A_85": 27.775448968918077,
  "A_86": 80.91956020846848,
  "A_87": 45.42768109832069,
  "A_88": 1.2076282160399163,
  "A_89": 3.3948050214691308,
  "A_90": 28.22989919581576,
  "A_91": 6.83726172030791,
  "A_92": 8.844010576456155,
  "A_93": 0.0,
  "A_94": 1.2076282160399163,
  "A_95": 1.2076282160399163,
  "A_96": 0.0,
  "A_97": 0.0,
  "A_98": 0.0,
  "A_99": 1.2076282160399163,
  "A_100": 0.0,
  "A_101": 16.90679502455883,
  "A_102": 17.70591566466716,
  "A_103": 0.0,
  "A_104": 1.2076282160399163,
  "A_105": 44.47449675448032,
  "A_106": 31.921722953125883,
  "A_107": 2.4152564320798326,
  "A_108": 42.02101342299161,
  "A_109": 89.02057155598003,
  "A_110": 104.75709818433543,
  "A_111": 112.45650089338268,
  "A_112": 29.848585961021982,
  "A_113": 51.660751719490214,
  "A_114": 0.0,
  "A_115": 33.81359004911766,
  "A_116": 35.56502795349398,
  "A_117": 0.0,
  "A_118": 0.0,
  "A_119": 0.0,
  "A_120": 0.0,
  "A_121": 0.0,
  "A_122": 0.0,
  "A_123": 0.0,
  "A_124": 0.0,
  "A_125": 3.350546264165357,
  "A_126": 17.143344385003527,
  "A_127": 34.42285796198425,
  "A_128": 24.64355755344257,
  "A_129": 38.59041937801278,
  "A_130": 43.38862410332294,
  "A_131": 6.995560290936993,
  "A_132": 92.40690684365508,
  "A_133": 28.074151598421395,
  "A_134": 59.1737825859559,
  "A_135": 18.114423240598747,
  "A_136": 1.2076282160399163,
  "A_137": 0.0,
  "A_138": 0.0,
  "A_139": 39.00664270550159,
  "A_140": 6.428754144376322,
  "A_141": 5.76580269624519,
  "A_142": 15.953610680718457,
  "A_143": 19.286262433128968,
  "A_144": 72.40400942713043,
  "A_145": 0.0,
  "A_146": 56.98658064778546,
  "A_147": 0.0,
  "A_148": 87.350752228744,
  "A_149": 72.3503258918659,
  "A_150": 0.0,
  "A_151": 92.21459110777295,
  "A_152": 134.1197677264414,
  "A_153": 28.983077184957992,
  "A_154": 60.32746337294839,
  "A_155": 22.246195633117587,
  "A_156": 110.68809838867699,
  "A_157": 178.3527262713431,
  "A_158": 54.19767575185827,
  "A_159": 66.897727416813,
  "A_160": 25.795064358318758,
  "A_161": 1.2076282160399163,
  "A_162": 48.03279025764226,
  "A_163": 103.57670129341683,
  "A_164": 8.339357698954105,
  "A_165": 1.2867963509103797,
  "A_166": 154.00787134740384,
  "A_167": 72.42613880578233,
  "A_168": 17.2847411871563,
  "A_169": 68.53515064060522,
  "A_170": 23.880225936843935,
  "A_171": 108.140907631517,
  "A_172": 21.241124745010524,
  "A_173": 19.04971307268427,
  "A_174": 146.6683946254931,
  "A_175": 54.77814154327675,
  "A_176": 68.39051171483395,
  "A_177": 30.581318465174647,
  "A_178": 119.94908627485881,
  "A_179": 52.45479554587034,
  "A_180": 44.48052861237521,
  "A_181": 158.2093368313499,
  "A_182": 44.9187933539216,
  "A_183": 10.714590240627205,
  "A_184": 95.4042878280745,
  "A_185": 6.038141080199582,
  "A_186": 0.0,
  "A_187": 0.0,
  "A_188": 0.0,
  "A_189": 1.0935884027146072,
  "A_190": 3.5088448347944396,
  "A_191": 1.0935884027146072,
  "A_192": 14.065136504792562,
  "A_193": 32.74720783878314,
  "A_194": 22.71685647810779,
  "A_195": 62.34993275873521,
  "A_196": 61.589039018035734,
  "A_197": 0.0,
  "A_198": 74.91964602767777,
  "A_199": 87.79504882818527,
  "A_200": 79.27694707361252,
  "A_201": 49.248888207476256,
  "A_202": 30.690256332030536,
  "A_203": 33.62373732187592,
  "A_204": 0.0,
  "A_205": 0.0,
  "A_206": 0.0,
  "A_207": 0.0,
  "A_208": 66.6041895656322,
  "A_209": 7.245769296239498,
  "A_210": 4.830512864159665,
  "A_211": 17.68802115291231,
  "A_212": 0.0,
  "A_213": 22.636808697294327,
  "A_214": 17.497414443433716,
  "A_215": 82.17997974745934,
  "A_216": 4.830512864159665,
  "A_217": 44.64645496996721,
  "A_218": 0.0,
  "A_219": 21.310905801032057,
  "A_220": 0.0,
  "A_221": 66.1794965043493,
  "A_222": 21.42918048125441,
  "A_223": 73.03117185175188,
  "A_224": 65.79990414720135,
  "A_225": 57.54227812272304,
  "A_226": 100.02548265691077,
  "A_227": 35.66627520153386,
  "A_228": 68.28494163530272,
  "A_229": 100.16156388429366,
  "A_230": 17.29740808873557,
  "A_231": 67.62718009823531,
  "A_232": 144.27651164275593,
  "A_233": 76.94089647551499,
  "A_234": 169.74180930341268,
  "A_235": 62.55406088299484,
  "A_236": 70.03646750427335,
  "A_237": 30.545529441664957,
  "A_238": 0.0,
  "A_239": 55.550897937836154,
  "A_240": 128.20935123716612,
  "A_241": 0.0,
  "A_242": 24.152564320798326,
  "A_243": 55.10660133839487,
  "A_244": 92.36694578510144,
  "A_245": 1.0714590240627204,
  "A_246": 37.158757906660085,
  "A_247": 128.02730222607593,
  "A_248": 71.931727520331,
  "A_249": 3.214377072188161,
  "A_250": 48.305128641596646,
  "A_251": 60.604300517582715,
  "A_252": 58.94654490613645,
  "A_253": 11.940112968421968,
  "A_254": 127.5379049224997,
  "A_255": 191.45194869886296,
  "A_256": 112.1458225126839,
  "A_257": 23.880225936843935,
  "A_258": 152.58385022938467,
  "A_259": 33.541251665163266,
  "A_260": 15.136595528855281,
  "A_261": 67.62718009823531,
  "A_262": 24.732075068050115,
  "A_263": 76.96218390733571,
  "A_264": 34.942012431175264,
  "A_265": 68.10451368602176,
  "A_266": 105.33257512662001,
  "A_267": 61.351534613424356,
  "A_268": 63.50631531540975,
  "A_269": 21.601138696741298,
  "A_270": 127.49965289034961,
  "A_271": 65.03996545066859,
  "A_272": 110.55274601078976,
  "A_273": 63.151491274742696,
  "A_274": 145.79359930154507,
  "A_275": 78.86089967531231,
  "A_276": 42.112923857665024,
  "A_277": 4.830512864159665,
  "A_278": 15.699166808518912,
  "A_279": 8.844010576456155,
  "A_280": 88.60704999817332,
  "A_281": 0.0,
  "A_282": 27.75755445716323,
  "A_283": 0.0,
  "A_284": 33.659526345385615,
  "A_285": 3.4867154561425533,
  "A_286": 28.556675097271558,
  "A_287": 0.0,
  "A_288": 52.31097343418901,
  "A_289": 18.409732950036187,
  "A_290": 47.298260762491736,
  "A_291": 65.64923336353519,