{
  "A_1": 203.36057034252534,
  "A_2": 129.23983132665543,
  "A_3": 212.6973962753648,
  "A_4": 126.8009626841912,
  "A_5": 104.79131641151832,
  "A_6": 57.42994733580127,
  "A_7": 61.535355482771195,
  "A_8": 66.21180464319882,
  "A_9": 133.38120442632368,
  "A_10": 86.29718771643611,
  "A_11": 168.94197238017938,
  "A_12": 87.83083785169497,
  "A_13": 46.2847201405906,
  "A_14": 85.74160333883405,
  "A_15": 116.18675261203151,
  "A_16": 60.916662791943835,
  "A_17": 16.888900512803982,
  "A_18": 106.61337731874735,
  "A_19": 119.54922436190992,
  "A_20": 21.737307888718494,
  "A_21": 25.36019253683824,
  "A_22": 165.4824882491581,
  "A_23": 43.981794495432524,
  "A_24": 0.0,
  "A_25": 55.8053418100357,
  "A_26": 132.7250639510655,
  "A_27": 9.66102572831933,
  "A_28": 1.2076282160399163,
  "A_29": 61.96599243735467,
  "A_30": 72.18535457844058,
  "A_31": 0.0,
  "A_32": 66.81016494637214,
  "A_33": 49.01233884703156,
  "A_34": 80.79705066134909,
  "A_35": 8.707841384478959,
  "A_36": 50.44804668972209,
  "A_37": 110.9656266836951,
  "A_38": 30.989826041106234,
  "A_39": 7.245769296239498,
  "A_40": 82.72798660358092,
  "A_41": 43.36057596411168,
  "A_42": 2.142918048125441,
  "A_43": 20.90239822510047,
  "A_44": 111.45661991633935,
  "A_45": 116.8318095484078,
  "A_46": 142.0081812158992,
  "A_47": 55.941511002012895,
  "A_48": 102.23989078746129,
  "A_49": 84.30917531887388,
  "A_50": 10.323977176450462,
  "A_51": 46.07114210562896,
  "A_52": 141.81589061275827,
  "A_53": 130.30980751898565,
  "A_54": 96.26813784321737,
  "A_55": 28.692844289248754,
  "A_56": 93.94479184581097,
  "A_57": 97.27320873132444,
  "A_58": 10.868653944359247,
  "A_59": 58.896065795378576,
  "A_60": 124.43240288531435,
  "A_61": 37.462838942786334,
  "A_62": 37.43647469723741,
  "A_63": 69.3688790653855,
  "A_64": 132.83910376439079,
  "A_65": 79.70346225863449,
  "A_66": 1.2076282160399163,
  "A_67": 104.99207674845331,
  "A_68": 141.70690248041996,
  "A_69": 26.56782075287816,
  "A_70": 5.493464312290798,
  "A_71": 128.4867413021075,
  "A_72": 132.69696554637179,
  "A_73": 111.49240893984904,
  "A_74": 65.46636753835502,
  "A_75": 0.0,
  "A_76": 57.966154369915984,
  "A_77": 120.49048322003725,
  "A_78": 8.339357698954105,
  "A_79": 1.2076282160399163,
  "A_80": 55.55089793783615,
  "A_81": 44.001398033590924,
  "A_82": 3.622884648119749,
  "A_83": 1.2076282160399163,
  "A_84": 8.181059128325023,
  "A_85": 33.699550235792344,
  "A_86": 4.830512864159665,
  "A_87": 0.0,
  "A_88": 60.87240403464006,
  "A_89": 23.607887552889544,
  "A_90": 9.66102572831933,
  "A_91": 0.0,
  "A_92": 29.646028633089124,
  "A_93": 60.38141080199581,
  "A_94": 19.32205145663866,
  "A_95": 41.680577876678,
  "A_96": 82.08292966720461,
  "A_97": 24.116775297288633,
  "A_98": 84.63435529126164,
  "A_99": 94.90888379934461,
  "A_100": 60.32772726673128,
  "A_101": 71.06444688601037,
  "A_102": 20.846352212160433,
  "A_103": 30.880021094677968,
  "A_104": 100.42108457022141,
  "A_105": 13.28391037643908,
  "A_106": 18.114423240598747,
  "A_107": 59.72692908765876,
  "A_108": 103.22157565985503,
  "A_109": 0.0,
  "A_110": 100.75992418746699,
  "A_111": 34.49867087590068,
  "A_112": 19.071842451336156,
  "A_113": 9.66102572831933,
  "A_114": 35.02121826515757,
  "A_115": 112.30942409171222,
  "A_116": 37.4364746972374,
  "A_117": 21.737307888718494,
  "A_118": 133.63822440449914,
  "A_119": 85.91356155432098,
  "A_120": 21.79636983060599,
  "A_121": 4.830512864159665,
  "A_122": 44.5682041801516,
  "A_123": 104.07891629501968,
  "A_124": 0.0,
  "A_125": 57.13124470629796,
  "A_126": 104.71973836449894,
  "A_127": 67.98200413890237,
  "A_128": 101.42029952962218,
  "A_129": 99.36166412920727,
  "A_130": 82.7849499615758,
  "A_131": 11.106158348970636,
  "A_132": 69.19386722183933,
  "A_133": 135.78537731952161,
  "A_134": 9.66102572831933,
  "A_135": 27.621385265186035,
  "A_136": 51.38417846863878,
  "A_137": 104.10177452316722,
  "A_138": 15.699166808518912,
  "A_139": 124.80573718989635,
  "A_140": 56.372147956596365,
  "A_141": 10.754614131033938,
  "A_142": 97.68171630725602,
  "A_143": 82.1187186907143,
  "A_144": 87.47601381102791,
  "A_145": 9.66102572831933,
  "A_146": 97.81788549923321,
  "A_147": 104.92748560349553,
  "A_148": 15.585126995193603,
  "A_149": 88.46292629359723,
  "A_150": 70.04243653031514,
  "A_151": 28.983077184957992,
  "A_152": 31.603416785464177,
  "A_153": 114.84295520401442,
  "A_154": 172.0924745905347,
  "A_155": 97.1191450275924,
  "A_156": 144.12375484156783,
  "A_157": 89.3644879869538,
  "A_158": 81.84638030675991,
  "A_159": 73.32743660535601,
  "A_160": 49.284677230985956,
  "A_161": 84.50758574450401,
  "A_162": 39.44322355338565,
  "A_163": 55.05047992723114,
  "A_164": 25.360192536838245,
  "A_165": 7.500213168439043,
  "A_166": 46.55282365764795,
  "A_167": 53.13564150575632,
  "A_168": 49.51275685763657,
  "A_169": 30.190705400997906,
  "A_170": 122.22489369223108,
  "A_171": 31.398333617037824,
  "A_172": 3.350546264165357,
  "A_173": 20.103277584992142,
  "A_174": 4.716473050834356,
  "A_175": 21.601138696741295,
  "A_176": 0.0,
  "A_177": 36.22884648119749,
  "A_178": 56.62235696189887,
  "A_179": 15.136595528855283,
  "A_180": 0.0,
  "A_181": 1.2076282160399163,
  "A_182": 42.86946963413191,
  "A_183": 1.0714590240627204,
  "A_184": 16.888900512803982,
  "A_185": 93.6417412520751,
  "A_186": 43.03031917799571,
  "A_187": 48.25144510633211,
  "A_188": 24.91589593739696,
  "A_189": 98.7998719645217,
  "A_190": 17.179975355344386,
  "A_191": 65.02207093891374,
  "A_192": 3.622884648119749,
  "A_193": 78.99112497398895,
  "A_194": 0.0,
  "A_195": 2.4152564320798326,
  "A_196": 3.622884648119749,
  "A_197": 25.324403513328548,
  "A_198": 0.0,
  "A_199": 5.76580269624519,
  "A_200": 43.47461577743699,
  "A_201": 4.285836096250882,
  "A_202": 10.868653944359247,
  "A_203": 40.5410468229973,
  "A_204": 37.03388588186519,
  "A_205": 0.0,
  "A_206": 15.699166808518912,
  "A_207": 50.311877497744895,
  "A_208": 6.564923336353519,
  "A_209": 30.190705400997906,
  "A_210": 1.2076282160399163,
  "A_211": 11.123097816558792,
  "A_212": 50.4480466897221,
  "A_213": 52.86330312180192,
  "A_214": 1.2076282160399163,
  "A_215": 85.62756352550875,
  "A_216": 70.53342976295939,
  "A_217": 60.99067871486241,
  "A_218": 157.34559991354257,
  "A_219": 160.10958569654147
}