{
  "A_1": 238.62261053413653,
  "A_2": 182.51689476730576,
  "A_3": 143.23272376678605,
  "A_4": 143.90089025872214,
  "A_5": 178.4370089190536,
  "A_6": 117.68450062644514,
  "A_7": 160.81192015017803,
  "A_8": 130.63910926093496,
  "A_9": 81.39529786718688,
  "A_10": 92.52263055064272,
  "A_11": 95.5080860493491,
  "A_12": 144.24300969869807,
  "A_13": 155.33974326970792,
  "A_14": 92.35322330839054,
  "A_15": 84.05388949984317,
  "A_16": 147.00954645493172,
  "A_17": 109.33487620269909,
  "A_18": 178.85572038792407,
  "A_19": 88.16532950470797,
  "A_20": 105.29924911175073,
  "A_21": 160.44343646465316,
  "A_22": 73.64742666668005,
  "A_23": 48.54251994887252,
  "A_24": 66.4195518821954,
  "A_25": 109.45315088292145,
  "A_26": 31.26216442506063,
  "A_27": 169.06093821078548,
  "A_28": 88.66055760424926,
  "A_29": 77.14684672351372,
  "A_30": 29.918367017043515,
  "A_31": 191.578542316432,
  "A_32": 72.1546423686591,
  "A_33": 44.63711815660075,
  "A_34": 142.3340649050414,
  "A_35": 111.56300680996054,
  "A_36": 72.38611491537559,
  "A_37": 18.114423240598747,
  "A_38": 76.60640482250197,
  "A_39": 8.453397512279414,
  "A_40": 48.80459160803498,
  "A_41": 6.038141080199582,
  "A_42": 85.66831626541112,
  "A_43": 4.830512864159665,
  "A_44": 40.784469988168055,
  "A_45": 100.98704876995092,
  "A_46": 84.01987233459012,
  "A_47": 97.24768643260667,
  "A_48": 45.36816676709108,
  "A_49": 50.943274789263384,
  "A_50": 1.2076282160399163,
  "A_51": 75.17408989987732,
  "A_52": 130.14875691319202,
  "A_53": 70.52832781648998,
  "A_54": 0.0,
  "A_55": 34.47654149724879,
  "A_56": 106.14779328748534,
  "A_57": 81.86424968577356,
  "A_58": 1.2076282160399163,
  "A_59": 112.15260835281562,
  "A_60": 137.6268407029792,
  "A_61": 111.08802313347898,
  "A_62": 40.49678806569352,
  "A_63": 16.071885360940808,
  "A_64": 128.80429348753236,
  "A_65": 5.357295120313602,
  "A_66": 41.60827098016298,
  "A_67": 86.0309440222297,
  "A_68": 53.44281386905371,
  "A_69": 71.29676137955803,
  "A_70": 57.65802696245189,
  "A_71": 66.07224253115574,
  "A_72": 87.81294333994012,
  "A_73": 31.771894116290884,
  "A_74": 130.78290623987505,
  "A_75": 113.01141925334218,
  "A_76": 76.69408039027837,
  "A_77": 22.944936104758412,
  "A_78": 57.577225199401575,
  "A_79": 0.0,
  "A_80": 35.39393681757947,
  "A_81": 0.0,
  "A_82": 10.868653944359247,
  "A_83": 6.038141080199582,
  "A_84": 9.915469600518875,
  "A_85": 101.81685648709951
}