{
  "A_1": 156.0455209088928,
  "A_2": 22.944936104758412,
  "A_3": 156.41547485977955,
  "A_4": 0.0,
  "A_5": 79.20548212392866,
  "A_6": 176.47170395319154,
  "A_7": 63.57957725609147,
  "A_8": 102.15549504241527,
  "A_9": 53.89897312235495,
  "A_10": 103.51211014845902,
  "A_11": 28.846907992980796,
  "A_12": 84.01047268937056,
  "A_13": 39.922354132169936,
  "A_14": 185.32877098871603,
  "A_15": 22.602816664782484,
  "A_16": 27.54821128909862,
  "A_17": 72.79384337632911,
  "A_18": 27.438670236453255,
  "A_19": 15.000426336878085,
  "A_20": 42.26698756139707,
  "A_21": 31.561709001395112,
  "A_22": 76.14516875547255,
  "A_23": 157.7122237762165,
  "A_24": 55.61548908279396,
  "A_25": 97.98549575048754,
  "A_26": 126.13024521902042,
  "A_27": 50.51101677287067,
  "A_28": 7.720778105462278,
  "A_29": 0.0,
  "A_30": 29.05030726774482,
  "A_31": 9.66102572831933,
  "A_32": 9.915469600518875,
  "A_33": 94.51403586827084,
  "A_34": 84.73566537115462,
  "A_35": 109.84478182311797,
  "A_36": 84.66579635053878,
  "A_37": 100.02020478125274,
  "A_38": 22.03601051822181,
  "A_39": 1.0714590240627204,
  "A_40": 62.70719467530141,
  "A_41": 156.14655452863224,
  "A_42": 31.75315765770487,
  "A_43": 12.076282160399163,
  "A_44": 163.66040220918788,
  "A_45": 49.62592959138949,
  "A_46": 10.051638792496071,
  "A_47": 48.968080089727785,
  "A_48": 151.93049948840292,
  "A_49": 10.868653944359247,
  "A_50": 17.9603595368667,
  "A_51": 53.43434413525964,
  "A_52": 49.00978787379685,
  "A_53": 0.0,
  "A_54": 61.51746097101635,
  "A_55": 214.37304639856592,
  "A_56": 96.6646696679535,
  "A_57": 15.272764720832477,
  "A_58": 200.9998016934294,
  "A_59": 63.01955694966254,
  "A_60": 52.385856436679965,
  "A_61": 46.03451113528809,
  "A_62": 1.2076282160399163,
  "A_63": 2.279087240102637,
  "A_64": 3.622884648119749,
  "A_65": 117.28884844765207,
  "A_66": 59.278397621320444,
  "A_67": 73.72736135015799,
  "A_68": 19.208011643313355,
  "A_69": 87.32522993002623,
  "A_70": 32.60596183307774,
  "A_71": 112.04036553048817,
  "A_72": 3.214377072188161,
  "A_73": 48.09738140260007,
  "A_74": 46.14114935632155,
  "A_75": 25.132112910187626,
  "A_76": 39.706137159379274,
  "A_77": 0.0,
  "A_78": 30.273191057710562,
  "A_79": 10.868653944359247,
  "A_80": 1.2076282160399163,
  "A_81": 32.96078587374479,
  "A_82": 41.43207789777905,
  "A_83": 22.9015192942858,
  "A_84": 30.058771075917754,
  "A_85": 20.493890649168883,
  "A_86": 89.4512085105635,
  "A_87": 67.41943285923873,
  "A_88": 55.6333835945488,
  "A_89": 78.06009514154167,
  "A_90": 89.07425509124457,
  "A_91": 11.786049264689925,
  "A_92": 28.983077184957992,
  "A_93": 22.53642852882682,
  "A_94": 1.2076282160399163,
  "A_95": 30.85365684912904,
  "A_96": 61.38129177903915,
  "A_97": 5.901971888222386,
  "A_98": 1.0714590240627204,
  "A_99": 111.23097816558791,
  "A_100": 78.93407365139973,
  "A_101": 2.279087240102637,
  "A_102": 134.2960487734196,
  "A_103": 81.89307693996288,
  "A_104": 98.08323698112602,
  "A_105": 76.0268940752502,
  "A_106": 27.60349075343119,
  "A_107": 7.245769296239498,
  "A_108": 54.59771359399578,
  "A_109": 34.97525048145026,
  "A_110": 0.0,
  "A_111": 116.70417292207776,
  "A_112": 102.54703801801747,
  "A_113": 7.245769296239498,
  "A_114": 14.3553694005018,
  "A_115": 149.46759137895344,
  "A_116": 65.3250963999084,
  "A_117": 1.2076282160399163,
  "A_118": 49.53317720988491,
  "A_119": 142.58181090170348,
  "A_120": 22.8308962914331,
  "A_121": 10.868653944359247,
  "A_122": 69.10024776076236,
  "A_123": 85.88868014050452,
  "A_124": 27.125202121478065,
  "A_125": 111.02517871403657,
  "A_126": 3.214377072188161,
  "A_127": 3.622884648119749,
  "A_128": 8.615930949805536,
  "A_129": 72.09256449782416,
  "A_130": 33.931864729340006,
  "A_131": 14.790241221982315,
  "A_132": 81.13320107528321,
  "A_133": 0.0,
  "A_134": 93.97452387868456,
  "A_135": 29.7906675588604,
  "A_136": 1.2076282160399163,
  "A_137": 33.81359004911766,
  "A_138": 4.558174480205274,
  "A_139": 36.41011637730962,
  "A_140": 33.834010401366,
  "A_141": 72.81251700306201,
  "A_142": 37.82708776141415,
  "A_143": 162.47719045125166,
  "A_144": 107.62598802922304,
  "A_145": 84.27254434853302,
  "A_146": 13.490702571268976,
  "A_147": 35.02121826515757,
  "A_148": 5.901971888222386,
  "A_149": 1.2076282160399163,
  "A_150": 2.4152564320798326,
  "A_151": 34.033199941974196,
  "A_152": 40.206555169984284,
  "A_153": 38.038956769972245,
  "A_154": 4.69434367218247,
  "A_155": 0.0,
  "A_156": 28.016233196259815,
  "A_157": 84.04022985498537,
  "A_158": 71.75895249075415,
  "A_159": 171.1759212170352,
  "A_160": 102.69689198759372,
  "A_161": 15.699166808518912,
  "A_162": 91.77974441903365,
  "A_163": 9.024438525737125,
  "A_164": 25.59674189728294,
  "A_165": 183.80619182596837,
  "A_166": 43.57499594590449,
  "A_167": 112.82684440175848,
  "A_168": 175.5137318221471,
  "A_169": 32.27868327679738,
  "A_170": 3.7812209178606757,
  "A_171": 61.97965208221247,
  "A_172": 140.71291513119476,
  "A_173": 37.82369484134827,
  "A_174": 23.74405674486674,
  "A_175": 71.72316346724446,
  "A_176": 126.63669508752034,
  "A_177": 27.639279776940878,
  "A_178": 30.029855857134116,
  "A_179": 130.8084913704459,
  "A_180": 180.3850602580622,
  "A_181": 0.0,
  "A_182": 64.25873932231511,
  "A_183": 69.32580154691948,
  "A_184": 46.30769146607365,
  "A_185": 97.81788549923323,
  "A_186": 26.79674232635994,
  "A_187": 0.0,
  "A_188": 26.567820752878163,
  "A_189": 103.58368819547842,
  "A_190": 0.0,
  "A_191": 48.677847194018554,
  "A_192": 151.255484324482,
  "A_193": 71.4176749976094,
  "A_194": 153.94977701605367,
  "A_195": 39.469587798934576,
  "A_196": 143.03704024357927,
  "A_197": 76.86180373886822,
  "A_198": 76.22179848347892,
  "A_199": 191.26194517517382,
  "A_200": 63.58636309622321,
  "A_201": 208.72046670155612,
  "A_202": 85.70581431532436,
  "A_203": 129.7557059731161,
  "A_204": 57.13124470629796,
  "A_205": 46.89578504445504,
  "A_206": 94.69022895065476,
  "A_207": 47.773156474378986,
  "A_208": 177.40215573259053,
  "A_209": 173.5960534009134,
  "A_210": 156.079990463488
}