{
  "A_1": 150.17326848717337,
  "A_2": 72.04918538646339,
  "A_3": 95.03412024888732,
  "A_4": 67.25350650164673,
  "A_5": 67.92832060363781,
  "A_6": 60.38141080199582,
  "A_7": 22.944936104758412,
  "A_8": 112.98328314953662,
  "A_9": 137.72916865889192,
  "A_10": 65.21192366615547,
  "A_11": 26.141418665191722,
  "A_12": 115.18411959982365,
  "A_13": 129.39905980870998,
  "A_14": 68.68071947780197,
  "A_15": 115.9253218377704,
  "A_16": 139.27546056298883,
  "A_17": 64.12257013033792,
  "A_18": 77.17416601322932,
  "A_19": 55.82407826862171,
  "A_20": 108.75376952637929,
  "A_21": 73.88397602712475,
  "A_22": 14.491538592478996,
  "A_23": 54.66230473895358,
  "A_24": 71.56909976351241,
  "A_25": 45.77583239619151,
  "A_26": 7.109600104262302,
  "A_27": 86.67602609134721,
  "A_28": 86.89978288650649,
  "A_29": 99.18797175457559,
  "A_30": 78.8864471067713,
  "A_31": 113.94070236027403,
  "A_32": 103.12326894253893,
  "A_33": 55.76829614946457,
  "A_34": 49.789330108487995,
  "A_35": 33.931864729340006,
  "A_36": 35.37604230582462,
  "A_37": 23.74405674486674,
  "A_38": 89.4512085105635,
  "A_39": 128.30886432606124,
  "A_40": 50.25819396248036,
  "A_41": 97.1479471490405,
  "A_42": 175.67876596742545,
  "A_43": 19.185882264661466,
  "A_44": 155.63992873094375,
  "A_45": 70.97772636240069,
  "A_46": 230.45180556423279,
  "A_47": 24.19766502493326,
  "A_48": 89.1364083603032,
  "A_49": 5.901971888222386,
  "A_50": 21.038567417077665,
  "A_51": 45.75370301753963,
  "A_52": 20.239446776969338,
  "A_53": 52.21305627436192,
  "A_54": 72.02195406134209,
  "A_55": 124.29284077327127,
  "A_56": 118.4088262286568,
  "A_57": 62.09453384236895,
  "A_58": 82.88205030731294,
  "A_59": 138.54957673082097,
  "A_60": 74.89835859585705,
  "A_61": 2.4152564320798326,
  "A_62": 164.76246034569658,
  "A_63": 69.58625214427269,
  "A_64": 138.00654615746265,
  "A_65": 188.9013901543783,
  "A_66": 81.65652757951818,
  "A_67": 30.46727865184934,
  "A_68": 92.86211105278963,
  "A_69": 153.9465600251764,
  "A_70": 62.79666723407564,
  "A_71": 135.10357631546893,
  "A_72": 70.84155717042348,
  "A_73": 160.94110244009363,
  "A_74": 36.69855228202101,
  "A_75": 116.15441934044078,
  "A_76": 144.1977958972276,
  "A_77": 35.02121826515757,
  "A_78": 98.17270953990027,
  "A_79": 72.13599387466739,
  "A_80": 77.79793551778491,
  "A_81": 118.43350658054342,
  "A_82": 49.37658766565937,
  "A_83": 9.66102572831933,
  "A_84": 132.24251531947408,
  "A_85": 92.51575674591666,
  "A_86": 57.96615436991599,
  "A_87": 115.63187195118388,
  "A_88": 85.63423626830497,
  "A_89": 183.97470685590696,
  "A_90": 71.627018165674,
  "A_91": 90.86052697496389,
  "A_92": 135.72745891736002,
  "A_93": 178.75777809535572,
  "A_94": 140.74591442042805
}