{
  "A_1": 169.94804857793557,
  "A_2": 84.31013036304056,
  "A_3": 114.36191453689675,
  "A_4": 50.49230544702587,
  "A_5": 77.44308634437664,
  "A_6": 39.44322355338565,
  "A_7": 9.546985914994021,
  "A_8": 0.0,
  "A_9": 55.550897937836154,
  "A_10": 79.01751435227906,
  "A_11": 0.0,
  "A_12": 0.0,
  "A_13": 91.34824038487778,
  "A_14": 6.038141080199582,
  "A_15": 0.0,
  "A_16": 0.0,
  "A_17": 3.622884648119749,
  "A_18": 31.380439105282978,
  "A_19": 2.279087240102637,
  "A_20": 12.941790936463153,
  "A_21": 38.79297670594564,
  "A_22": 145.33384606624813,
  "A_23": 95.19911669505385,
  "A_24": 12.857508288752646,
  "A_25": 55.94151100201289,
  "A_26": 69.86528840376454,
  "A_27": 128.81861915003273,
  "A_28": 37.09435525726147,
  "A_29": 0.0,
  "A_30": 53.13564150575632,
  "A_31": 34.885049073180376,
  "A_32": 2.4152564320798326,
  "A_33": 0.0,
  "A_34": 93.10393828889238,
  "A_35": 47.216617052610246,
  "A_36": 0.0,
  "A_37": 94.51920064659333,
  "A_38": 16.48039293687239,
  "A_39": 100.31986245492276,
  "A_40": 47.19788059402424,
  "A_41": 18.000383427273437,
  "A_42": 31.14980850539765,
  "A_43": 6.428754144376322,
  "A_44": 6.973430912285107,
  "A_45": 0.0,
  "A_46": 0.0,
  "A_47": 1.2867963509103797,
  "A_48": 0.0,
  "A_49": 39.58362761225989,
  "A_50": 30.190705400997906,
  "A_51": 123.18312971705845,
  "A_52": 13.28391037643908,
  "A_53": 0.0,
  "A_54": 68.68074461054319,
  "A_55": 45.54775276954089,
  "A_56": 1.2076282160399163,
  "A_57": 48.03023928440755,
  "A_58": 102.87050896400171,
  "A_59": 12.466895224575904,
  "A_60": 1.2076282160399163,
  "A_61": 131.0884575413632,
  "A_62": 138.17151747088798,
  "A_63": 29.922601883940555,
  "A_64": 54.28958618653169,
  "A_65": 1.2076282160399163,
  "A_66": 77.11624761106776,
  "A_67": 102.73511888700257,
  "A_68": 1.2076282160399163,
  "A_69": 85.11862551562723,
  "A_70": 0.0,
  "A_71": 0.0,
  "A_72": 0.0,
  "A_73": 6.564923336353519,
  "A_74": 1.2076282160399163,
  "A_75": 3.214377072188161,
  "A_76": 19.286262433128968,
  "A_77": 52.45479554587034,
  "A_78": 73.75552258670477,
  "A_79": 4.285836096250882,
  "A_80": 81.83269552916089,
  "A_81": 90.9557423651089,
  "A_82": 60.972784203107565,
  "A_83": 51.471854036415166,
  "A_84": 123.13530211050019,
  "A_85": 89.36448798695382,
  "A_86": 0.0,
  "A_87": 25.36019253683824,
  "A_88": 56.8989302127503,
  "A_89": 64.20505578705057,
  "A_90": 0.0,
  "A_91": 138.3257319710674,
  "A_92": 40.80915034005465,
  "A_93": 0.0,
  "A_94": 34.730985369448334,
  "A_95": 93.07409315868324,
  "A_96": 106.02774674900634,
  "A_97": 31.925115873191757,
  "A_98": 7.500213168439043,
  "A_99": 47.70676833842333,
  "A_100": 0.0,
  "A_101": 0.0,
  "A_102": 0.0,
  "A_103": 1.2076282160399163,
  "A_104": 0.0,
  "A_105": 1.2076282160399163,
  "A_106": 0.0,
  "A_107": 8.571672192501763,
  "A_108": 127.57282686643703,
  "A_109": 9.432946101668712,
  "A_110": 7.794680931045321,
  "A_111": 89.37207807480488,
  "A_112": 88.62995849180328,
  "A_113": 60.05538888277688,
  "A_114": 63.82384236809338,
  "A_115": 82.1917795694662,
  "A_116": 105.28822840472193,
  "A_117": 18.000383427273434,
  "A_118": 1.2076282160399163,
  "A_119": 60.38141080199581,
  "A_120": 59.35664841113606,
  "A_121": 0.0,
  "A_122": 0.0,
  "A_123": 81.97828949909886,
  "A_124": 21.214760499461594,
  "A_125": 0.0,
  "A_126": 36.41011637730962,
  "A_127": 99.58109809287518,
  "A_128": 19.734793899467288,
  "A_129": 0.0,
  "A_130": 61.28091161057165,
  "A_131": 93.73704460681438,
  "A_132": 49.06846025819529,
  "A_133": 140.08896969745058,
  "A_134": 10.187807984473267,
  "A_135": 45.88987220951682,
  "A_136": 0.0,
  "A_137": 0.0,
  "A_138": 0.0,
  "A_139": 0.0,
  "A_140": 0.0,
  "A_141": 0.0,
  "A_142": 2.142918048125441,
  "A_143": 11.123097816558792,
  "A_144": 45.27361739458865,
  "A_145": 6.428754144376322,
  "A_146": 150.37048510759513,
  "A_147": 75.6047268544608,
  "A_148": 93.24509633000346,
  "A_149": 69.95476096253877,
  "A_150": 44.68224399347691,
  "A_151": 4.830512864159665,
  "A_152": 57.872534908839015,
  "A_153": 64.43406532512665,
  "A_154": 0.0,
  "A_155": 0.0,
  "A_156": 57.19583585125578,
  "A_157": 15.699166808518912,
  "A_158": 0.0,
  "A_159": 16.48039293687239,
  "A_160": 128.27063742665237,
  "A_161": 8.844010576456155,
  "A_162": 22.672597720804017,
  "A_163": 4.285836096250882,
  "A_164": 15.000426336878085,
  "A_165": 0.0,
  "A_166": 0.0,
  "A_167": 6.561530416287644,
  "A_168": 0.0,
  "A_169": 1.0714590240627204,
  "A_170": 13.928967312815365,
  "A_171": 42.876255474263665,
  "A_172": 100.45432262049638,
  "A_173": 35.13949294537992,
  "A_174": 100.43050934818218,
  "A_175": 78.13158522396675,
  "A_176": 20.77817965157754,
  "A_177": 13.928967312815365,
  "A_178": 32.06128506516896,
  "A_179": 52.863303121801934,
  "A_180": 119.74229408002893,
  "A_181": 10.714590240627205,
  "A_182": 0.0,
  "A_183": 64.09194588515072,
  "A_184": 21.737307888718494,
  "A_185": 0.0,
  "A_186": 0.0,
  "A_187": 31.20848088979609,
  "A_188": 8.453397512279414,
  "A_189": 0.0,
  "A_190": 95.10897811863707,
  "A_191": 96.0764881249778,
  "A_192": 65.78208503367019,
  "A_193": 54.680199250708434,
  "A_194": 27.775448968918074,
  "A_195": 51.58409685874262,
  "A_196": 154.96868347820714,
  "A_197": 77.52475518699934,
  "A_198": 4.830512864159665,
  "A_199": 0.0,
  "A_200": 0.0,
  "A_201": 1.0935884027146072,
  "A_202": 1.0714590240627204,
  "A_203": 4.830512864159665,
  "A_204": 17.886343613948128,
  "A_205": 41.04314872726464,
  "A_206": 6.587052715005405,
  "A_207": 148.32632616612796,
  "A_208": 43.0661082015054,
  "A_209": 0.0,
  "A_210": 83.11859966775764,
  "A_211": 39.11720163416672,
  "A_212": 0.0,
  "A_213": 65.35908843242025,
  "A_214": 111.23709798807712,
  "A_215": 10.187807984473267,
  "A_216": 3.622884648119749,
  "A_217": 56.8989302127503,
  "A_218": 19.32205145663866,
  "A_219": 0.0,
  "A_220": 46.7714785063378,
  "A_221": 119.04778847528513,
  "A_222": 28.53878058551671,
  "A_223": 38.59041937801278,
  "A_224": 28.640957744982067,
  "A_225": 62.00262340769552,
  "A_226": 145.81213469820125,
  "A_227": 14.377498779153687,
  "A_228": 16.23018393156989,
  "A_229": 56.70484261861153,
  "A_230": 29.484337142394168,
  "A_231": 73.79978134400857,
  "A_232": 27.661409155592768,
  "A_233": 0.0,
  "A_234": 0.0,
  "A_235": 0.0,
  "A_236": 10.051638792496071,
  "A_237": 7.245769296239498,
  "A_238": 45.8625529198012,
  "A_239": 54.878521711744256,
  "A_240": 0.0,
  "A_241": 16.90679502455883,
  "A_242": 10.52653450438332,
  "A_243": 24.52528287322022,
  "A_244": 0.0,
  "A_245": 27.775448968918077,
  "A_246": 114.36124851925418,
  "A_247": 25.069959641129003,
  "A_248": 26.804370113322854,
  "A_249": 59.3745429228909,
  "A_250": 69.42626967998127,
  "A_251": 65.28762348273638,
  "A_252": 89.04693580152897,
  "A_253": 34.7615844818943,
  "A_254": 146.33062314974973,
  "A_255": 54.44872670399194,
  "A_256": 90.86139405453628,
  "A_257": 28.130273009585125,
  "A_258": 106.59878776246407,
  "A_259": 61.10895339508476
}