{
  "A_1": 238.2770981740947,
  "A_2": 171.33146775249975,
  "A_3": 161.31831975319548,
  "A_4": 125.7643376394715,
  "A_5": 123.6860107363039,
  "A_6": 219.03423998506776,
  "A_7": 42.07713483415533,
  "A_8": 84.29043886028786,
  "A_9": 69.81435690366453,
  "A_10": 97.51660676375398,
  "A_11": 16.90679502455883,
  "A_12": 15.699166808518912,
  "A_13": 111.07453941780977,
  "A_14": 33.50546264165357,
  "A_15": 0.0,
  "A_16": 20.529679672678576,
  "A_17": 4.716473050834356,
  "A_18": 0.0,
  "A_19": 4.285836096250882,
  "A_20": 76.24554892394005,
  "A_21": 50.90325089885664,
  "A_22": 75.79034471480549,
  "A_23": 81.79701960298672,
  "A_24": 23.924484694147708,
  "A_25": 24.270839001020676,
  "A_26": 119.1628461646302,
  "A_27": 0.0,
  "A_28": 1.2076282160399163,
  "A_29": 67.08673819722357,
  "A_30": 135.0551455231212,
  "A_31": 50.276088474235195,
  "A_32": 147.97895398323521,
  "A_33": 45.67880744867804,
  "A_34": 62.05450995196222,
  "A_35": 88.73295246535858,
  "A_36": 85.35522514155436,
  "A_37": 49.51275685763656,
  "A_38": 0.0,
  "A_39": 39.15299065767641,
  "A_40": 121.56194224409997,
  "A_41": 61.24521055165626,
  "A_42": 0.0,
  "A_43": 118.56967577252063,
  "A_44": 81.2343603587288,
  "A_45": 0.0,
  "A_46": 13.538354248638626,
  "A_47": 101.398082186376,
  "A_48": 51.407149794121835,
  "A_49": 51.75605507422951,
  "A_50": 67.28326366726154,
  "A_51": 56.86314118924061,
  "A_52": 123.75924754424437,
  "A_53": 1.2076282160399163,
  "A_54": 3.214377072188161,
  "A_55": 72.45769296239499,
  "A_56": 119.59000223455351,
  "A_57": 110.35453664708943,
  "A_58": 118.35931472843623,
  "A_59": 238.9570896207789,
  "A_60": 49.61313702610407,
  "A_61": 23.24363873426173,
  "A_62": 57.96615436991599,
  "A_63": 30.515772276050154,
  "A_64": 25.36019253683824,
  "A_65": 138.80404573576175,
  "A_66": 36.549678489352694,
  "A_67": 0.0,
  "A_68": 118.43350658054342,
  "A_69": 80.91109047467441,
  "A_70": 27.775448968918077,
  "A_71": 26.468546425024734,
  "A_72": 106.11023240571902,
  "A_73": 68.21855349934705,
  "A_74": 0.0,
  "A_75": 88.17557109675869,
  "A_76": 59.442702917103205,
  "A_77": 90.02743943508493,
  "A_78": 13.28391037643908,
  "A_79": 57.966154369915984,
  "A_80": 43.45077737238156,
  "A_81": 25.109983531535736,
  "A_82": 64.92082369087386,
  "A_83": 42.84649830864886,
  "A_84": 88.1568597709139,
  "A_85": 114.04383456390607,
  "A_86": 22.694727099455903,
  "A_87": 67.9429101599211,
  "A_88": 111.62857813182626,
  "A_89": 112.46073576027973,
  "A_90": 9.090826661692784,
  "A_91": 107.98779897195165,
  "A_92": 69.97085848329576,
  "A_93": 136.79465794178446,
  "A_94": 58.86989004538886,
  "A_95": 52.67345039456019,
  "A_96": 52.96368329026943,
  "A_97": 9.66102572831933,
  "A_98": 46.61495179396536,
  "A_99": 0.0,
  "A_100": 16.22594906467285,
  "A_101": 0.0,
  "A_102": 0.0,
  "A_103": 9.66102572831933,
  "A_104": 23.880225936843935,
  "A_105": 39.86104280994248,
  "A_106": 7.930850123022518,
  "A_107": 0.0,
  "A_108": 40.26451127125771,
  "A_109": 120.17133510554437,
  "A_110": 20.80625292353001,
  "A_111": 169.44578331085026,
  "A_112": 11.927370668619007,
  "A_113": 141.2831141978213,
  "A_114": 77.406480506777,
  "A_115": 42.13081836941988,
  "A_116": 10.94782207922971,
  "A_117": 161.08429623324426,
  "A_118": 117.49650772205435,
  "A_119": 4.830512864159665,
  "A_120": 72.96658070679408,
  "A_121": 161.98382217456128,
  "A_122": 107.74426270944537,
  "A_123": 21.035174497011795,
  "A_124": 102.18620725219678,
  "A_125": 89.35164515618595,
  "A_126": 14.201305696769758,
  "A_127": 58.71582634165681,
  "A_128": 17.209732520959186,
  "A_129": 55.55089793783615,
  "A_130": 103.34618379086703,
  "A_131": 64.6153352212388,
  "A_132": 122.17448997969692,
  "A_133": 83.89057694733899,
  "A_134": 50.45743376857102,
  "A_135": 38.50793372130013,
  "A_136": 63.78045069036199,
  "A_137": 95.22624748921027,
  "A_138": 0.0,
  "A_139": 24.310900590539255,
  "A_140": 22.694727099455903,
  "A_141": 14.491538592478996,
  "A_142": 4.422005288228077,
  "A_143": 110.5322376939471,
  "A_144": 103.75983101237992,
  "A_145": 135.80661448585988,
  "A_146": 17.415682768957918,
  "A_147": 8.571672192501763,
  "A_148": 34.831365537915836,
  "A_149": 0.0,
  "A_150": 0.0,
  "A_151": 0.0,
  "A_152": 14.650679109939244,
  "A_153": 31.444276268003925,
  "A_154": 46.051526001099944,
  "A_155": 59.190722053544064,
  "A_156": 106.22183434314513,
  "A_157": 162.4031745283331,
  "A_158": 31.362544593528128,
  "A_159": 58.787404388676194,
  "A_160": 142.09913660640592,
  "A_161": 46.7119641751082,
  "A_162": 37.26451648175052,
  "A_163": 37.6730240576821,
  "A_164": 41.87541945305364,
  "A_165": 55.55089793783615,
  "A_166": 118.39600853063018,
  "A_167": 30.00085267375617,
  "A_168": 42.97164679359727,
  "A_169": 105.64983828552074,
  "A_170": 2.279087240102637,
  "A_171": 19.208011643313355,
  "A_172": 15.290659232587325,
  "A_173": 22.944936104758412,
  "A_174": 0.0,
  "A_175": 0.0,
  "A_176": 0.0,
  "A_177": 18.114423240598747,
  "A_178": 118.59925700894681,
  "A_179": 166.9868713072561,
  "A_180": 28.026499921051744,
  "A_181": 109.87456412147398,
  "A_182": 6.038141080199582,
  "A_183": 22.500639505317128,
  "A_184": 97.1837361725502,
  "A_185": 88.15685977091388,
  "A_186": 94.9012560123817,
  "A_187": 45.83618867425228,
  "A_188": 0.0,
  "A_189": 31.398333617037824,
  "A_190": 1.0935884027146072,
  "A_191": 93.56085152443045,
  "A_192": 32.47402750799758,
  "A_193": 0.0,
  "A_194": 97.0425529986979,
  "A_195": 129.03727399872258,
  "A_196": 26.786475601568007,
  "A_197": 127.03232213357218,
  "A_198": 0.0,
  "A_199": 0.0,
  "A_200": 5.357295120313602,
  "A_201": 20.846352212160433,
  "A_202": 25.36019253683824,
  "A_203": 59.68267033035499,
  "A_204": 85.51775857908049,
  "A_205": 88.98478253247035,
  "A_206": 33.95399410799189,
  "A_207": 38.24829993803686,
  "A_208": 9.318906288343403,
  "A_209": 93.13444943674402,
  "A_210": 49.28467723098595,
  "A_211": 4.830512864159665,
  "A_212": 70.3232195153224,
  "A_213": 134.35904398930938,
  "A_214": 12.076282160399163,
  "A_215": 1.2867963509103797,
  "A_216": 89.61542584175196,
  "A_217": 152.05121204452445,
  "A_218": 35.938613585488255,
  "A_219": 53.78493330902964,
  "A_220": 10.868653944359247,
  "A_221": 65.95820271783043,
  "A_222": 19.422431625106164,
  "A_223": 70.04243653031514,
  "A_224": 54.7465873866641,
  "A_225": 58.61121130629227,
  "A_226": 135.26710249627362,
  "A_227": 109.20717674451598,
  "A_228": 25.36019253683824,
  "A_229": 88.2291415346877,
  "A_230": 95.82204425277824,
  "A_231": 21.737307888718494,
  "A_232": 103.31216662561397,
  "A_233": 57.77630164267424,
  "A_234": 2.4152564320798326,
  "A_235": 3.350546264165357,
  "A_236": 37.20839507058679,
  "A_237": 43.632952047177916,
  "A_238": 0.0,
  "A_239": 47.41653544271409,
  "A_240": 132.80964819167076,
  "A_241": 48.664187549160744,
  "A_242": 66.12931898648615,
  "A_243": 9.66102572831933,
  "A_244": 2.4152564320798326,
  "A_245": 3.214377072188161,
  "A_246": 7.500213168439043,
  "A_247": 8.453397512279414,
  "A_248": 5.810061453548963,
  "A_249": 41.278014194047,
  "A_250": 7.245769296239498,
  "A_251": 26.940539305300057,
  "A_252": 43.42093224217245,
  "A_253": 101.78361843682455,
  "A_254": 54.384437151928886,
  "A_255": 136.28142223315285,
  "A_256": 52.11267610589441,
  "A_257": 97.93616017945557,
  "A_258": 22.625787990265533,
  "A_259": 22.65893807594621,
  "A_260": 41.05935934535715,
  "A_261": 34.09439816686613,
  "A_262": 56.57128723172213,
  "A_263": 51.9280132897164,
  "A_264": 16.094014739592694,
  "A_265": 145.9527146862641,
  "A_266": 68.49182179472692,
  "A_267": 129.54126085858206,
  "A_268": 2.4152564320798326,
  "A_269": 60.77202386617255,
  "A_270": 2.4152564320798326,
  "A_271": 15.589361862090643,
  "A_272": 10.868653944359247,
  "A_273": 49.985855578525964,
  "A_274": 0.0,
  "A_275": 0.0,
  "A_276": 21.7015188652088,
  "A_277": 42.12139359145911,
  "A_278": 78.98682727523881,
  "A_279": 158.75230457285517,