{
  "A_1": 223.87475568023638,
  "A_2": 148.10917928191182,
  "A_3": 146.24784846651292,
  "A_4": 145.91854672456364,
  "A_5": 200.62019676991082,
  "A_6": 181.4300922047229,
  "A_7": 72.9980217660712,
  "A_8": 199.12582910919247,
  "A_9": 103.67548553281631,
  "A_10": 26.774612947708057,
  "A_11": 125.39582882120544,
  "A_12": 22.721091345004833,
  "A_13": 108.18015240694565,
  "A_14": 11.940112968421968,
  "A_15": 93.15520908099893,
  "A_16": 61.509833184053434,
  "A_17": 98.62124100623859,
  "A_18": 176.99704107672486,
  "A_19": 95.35741526568293,
  "A_20": 140.88971139936817,
  "A_21": 141.41649365552212,
  "A_22": 159.8338543925212,
  "A_23": 114.89472865094558,
  "A_24": 145.65467807440334,
  "A_25": 183.85306438835997,
  "A_26": 224.05025761223658,
  "A_27": 126.06811708270303,
  "A_28": 193.02892768000012,
  "A_29": 132.17262116611704,
  "A_30": 97.69442090794713,
  "A_31": 208.50515450744967,
  "A_32": 140.32130932373948,
  "A_33": 72.35719969659195,
  "A_34": 208.44473539753585,
  "A_35": 84.5483636171476,
  "A_36": 81.90842047848301,
  "A_37": 78.85234197692394,
  "A_38": 234.3257411644862,
  "A_39": 111.34258010301404,
  "A_40": 73.96994256849759,
  "A_41": 214.56112726755103,
  "A_42": 87.40443576400853,
  "A_43": 233.25851700732056,
  "A_44": 98.928413369536,
  "A_45": 147.72781506650725,
  "A_46": 76.48473722221375,
  "A_47": 69.02878281107849,
  "A_48": 228.3837453858571,
  "A_49": 219.77120735611743,
  "A_50": 119.91001742861877,
  "A_51": 97.49270552684546,
  "A_52": 227.9157234786959,
  "A_53": 148.59248189574004,
  "A_54": 129.7444842041575,
  "A_55": 197.69351418656777,
  "A_56": 174.86082090413683,
  "A_57": 105.66349793037854,
  "A_58": 163.14878756236547,
  "A_59": 113.0906502200657,
  "A_60": 214.545846560884,
  "A_61": 151.71834145332068,
  "A_62": 205.2048108938887,
  "A_63": 152.13984265646752,
  "A_64": 214.2718745487497,
  "A_65": 130.39896591849453,
  "A_66": 143.90153114362346,
  "A_67": 44.51452064488706,
  "A_68": 85.99604721103361,
  "A_69": 147.24465068275575,
  "A_70": 152.93638719059993,
  "A_71": 69.4883349844456,
  "A_72": 96.6672206411882,
  "A_73": 105.14095054112164,
  "A_74": 219.28868385726727,
  "A_75": 78.957070109624,
  "A_76": 138.27888454141706,
  "A_77": 60.666453786641334,
  "A_78": 162.7018771578364,
  "A_79": 175.67258331308318,
  "A_80": 126.90038780849203,
  "A_81": 107.73335509975209,
  "A_82": 182.7787904972796,
  "A_83": 183.838562796671,
  "A_84": 74.4652837653744,
  "A_85": 155.1574052320936,
  "A_86": 150.36540829386695,
  "A_87": 93.25959792169243,
  "A_88": 55.677642351852576,
  "A_89": 176.20899140912772,
  "A_90": 118.6537824910425,
  "A_91": 62.220436309554216,
  "A_92": 188.16442278332858,
  "A_93": 93.05619864692841,
  "A_94": 185.9176688148167,
  "A_95": 85.24542019512609,
  "A_96": 79.11780655615227,
  "A_97": 72.04918538646339,
  "A_98": 142.2292739404882,
  "A_99": 66.41955188219539,
  "A_100": 62.79666723407565,
  "A_101": 180.4514483940179,
  "A_102": 157.82481845692115,
  "A_103": 82.42163105437345,
  "A_104": 182.5977593622092,
  "A_105": 64.64935238649184,
  "A_106": 88.185661892362,
  "A_107": 47.41653544271409,
  "A_108": 18.895649368952228,
  "A_109": 99.45186553747715,
  "A_110": 0.0,
  "A_111": 18.895649368952228,
  "A_112": 8.453397512279414,
  "A_113": 43.41753932210658,
  "A_114": 79.6012599664279,
  "A_115": 3.372675642817244,
  "A_116": 0.0,
  "A_117": 60.35069859221433,
  "A_118": 19.870963091444484,
  "A_119": 0.0,
  "A_120": 33.541251665163266,
  "A_121": 147.22409210043065,
  "A_122": 70.09336803041515,
  "A_123": 16.79275521123352,
  "A_124": 25.36019253683824,
  "A_125": 119.44782631742265,
  "A_126": 10.868653944359247,
  "A_127": 1.0714590240627204,
  "A_128": 52.709239418069885,
  "A_129": 97.89956690822657,
  "A_130": 0.0,
  "A_131": 35.31652797459501,
  "A_132": 0.0,
  "A_133": 33.81359004911766,
  "A_134": 127.10471699468152,
  "A_135": 85.82832386244375,
  "A_136": 7.245769296239498,
  "A_137": 22.246195633117583,
  "A_138": 77.66092437897655,
  "A_139": 146.3305980170085,
  "A_140": 4.830512864159665,
  "A_141": 129.18812071157737,
  "A_142": 136.44134186559114,
  "A_143": 3.5088448347944396,
  "A_144": 27.775448968918077,
  "A_145": 189.7260959250575,
  "A_146": 62.29369825023592,
  "A_147": 0.0,
  "A_148": 61.41708080254884,
  "A_149": 83.82157500629552,
  "A_150": 76.63700393494794,
  "A_151": 219.65632559596096,
  "A_152": 53.38837635155231,
  "A_153": 38.416023286626704,
  "A_154": 92.35745817528759,
  "A_155": 83.75611678176533,
  "A_156": 72.7691001925894,
  "A_157": 17.29740808873557,
  "A_158": 94.58465887112352,
  "A_159": 129.5564284679136,
  "A_160": 73.16913803472693,
  "A_161": 94.09186864748143,
  "A_162": 0.0,
  "A_163": 40.76912644964792,
  "A_164": 165.14886367571748,
  "A_165": 15.448957803216407,
  "A_166": 7.500213168439043,
  "A_167": 56.95928649081107,
  "A_168": 18.232697920821096,
  "A_169": 143.85387946625383,
  "A_170": 78.01583638423789,
  "A_171": 4.830512864159665,
  "A_172": 43.2729003963353,
  "A_173": 2.1871768054292144,
  "A_174": 0.0,
  "A_175": 0.0,
  "A_176": 0.0,
  "A_177": 38.64410291327732,
  "A_178": 0.0,
  "A_179": 122.76360143409806,
  "A_180": 56.79080915998436,
  "A_181": 55.736402700845325,
  "A_182": 137.30183665978004,
  "A_183": 29.040040542952887,
  "A_184": 15.54510310478687,
  "A_185": 54.75601216462486,
  "A_186": 3.622884648119749,
  "A_187": 101.2926252041803,
  "A_188": 89.04531473971971,
  "A_189": 32.33362344912335,
  "A_190": 33.52335715340842,
  "A_191": 89.93796687631072,
  "A_192": 160.67392883446172,
  "A_193": 31.09020620957374,
  "A_194": 37.73178440667485,
  "A_195": 85.63264033923694,
  "A_196": 70.01935210749656,
  "A_197": 21.97385724916319,
  "A_198": 2.1650474267773276,
  "A_199": 0.0,
  "A_200": 1.2076282160399163,
  "A_201": 0.0,
  "A_202": 14.06513650479256,
  "A_203": 23.844436913334235,
  "A_204": 109.0089422480745,
  "A_205": 18.509271171672523,
  "A_206": 65.68925725394192,
  "A_207": 51.76545471944905,
  "A_208": 39.851731129317244,
  "A_209": 48.5595725137962,
  "A_210": 13.951096691467251,
  "A_211": 2.279087240102637,
  "A_212": 0.0,
  "A_213": 14.083031016547409,
  "A_214": 1.2076282160399163,
  "A_215": 3.588012969664903,
  "A_216": 110.39030053785794,
  "A_217": 22.90914708124872,
  "A_218": 1.2867963509103797,
  "A_219": 31.09020620957374,
  "A_220": 143.66939257926444,
  "A_221": 41.72231079348829,
  "A_222": 48.01913061278445,
  "A_223": 2.279087240102637,
  "A_224": 131.39742689565844,
  "A_225": 0.0,
  "A_226": 2.4152564320798326,
  "A_227": 8.453397512279414,
  "A_228": 5.901971888222386,
  "A_229": 131.48237556101154,
  "A_230": 76.24554892394005,
  "A_231": 11.962242347073854,
  "A_232": 38.39812877487186,
  "A_233": 50.44804668972209,
  "A_234": 2.4152564320798326,
  "A_235": 4.422005288228077,
  "A_236": 34.885049073180376,
  "A_237": 11.16396365379669,
  "A_238": 16.542546205931014,
  "A_239": 0.0,
  "A_240": 6.038141080199582,
  "A_241": 79.4736484728391,
  "A_242": 30.717487657151842,
  "A_243": 1.0714590240627204,
  "A_244": 88.1498728688523,
  "A_245": 6.038141080199582,
  "A_246": 5.924101266874272,
  "A_247": 3.622884648119749,
  "A_248": 25.188234321351352,
  "A_249": 118.48455117797894,
  "A_250": 5.629633504267994,
  "A_251": 76.5707037635866,
  "A_252": 2.4152564320798326,
  "A_253": 0.0,
  "A_254": 39.40743452987596,
  "A_255": 23.06321078498076,
  "A_256": 142.87856574376156,
  "A_257": 64.86809519977601,
  "A_258": 28.18479849168083,
  "A_259": 38.50793372130013,
  "A_260": 78.00641160627713,
  "A_261": 6.038141080199582,
  "A_262": 1.2076282160399163,
  "A_263": 70.20740784374047,
  "A_264": 48.62416365875401,
  "A_265": 0.0,
  "A_266": 56.08275700771829,
  "A_267": 139.75618707084112,
  "A_268": 27.779683835815113,
  "A_269": 51.483716690275116,
  "A_270": 10.8507594326044,
  "A_271": 47.179986082269394,
  "A_272": 0.0,
  "A_273": 1.2076282160399163,
  "A_274": 1.2076282160399163,
  "A_275": 6.038141080199582,