{
  "A_1": 197.55978287048976,
  "A_2": 149.1985328177294,
  "A_3": 86.2189369266205,
  "A_4": 174.7656306467331,
  "A_5": 116.88196193352974,
  "A_6": 128.15746469289945,
  "A_7": 61.57114450628088,
  "A_8": 124.3081591790502,
  "A_9": 135.75626103880813,
  "A_10": 50.04377398068755,
  "A_11": 96.86470115539285,
  "A_12": 52.34075573254503,
  "A_13": 116.4590909959859,
  "A_14": 52.318626353893144,
  "A_15": 84.41993530946883,
  "A_16": 111.95253916626443,
  "A_17": 136.1717555168013,
  "A_18": 43.47461577743699,
  "A_19": 59.173782585955905,
  "A_20": 74.73678020249763,
  "A_21": 49.9254993004652,
  "A_22": 37.4364746972374,
  "A_23": 112.42769877193457,
  "A_24": 100.23314193131306,
  "A_25": 5.924101266874272,
  "A_26": 109.3486238121512,
  "A_27": 164.97267059333356,
  "A_28": 112.67515574207255,
  "A_29": 177.59786438853854,
  "A_30": 102.476440147906,
  "A_31": 78.59621421106206,
  "A_32": 80.9110904746744,
  "A_33": 57.87668181114175,
  "A_34": 174.1469379559057,
  "A_35": 98.88235762123435,
  "A_36": 50.72038507367648,
  "A_37": 115.11529358796881,
  "A_38": 160.0205152616269,
  "A_39": 62.58891999507907,
  "A_40": 44.6822439934769,
  "A_41": 29.804327203718206,
  "A_42": 92.45801427294369,
  "A_43": 41.05935934535715,
  "A_44": 89.11427898165132,
  "A_45": 101.44077014735295,
  "A_46": 83.01395949965189,
  "A_47": 132.54887086868158,
  "A_48": 89.22831879497662,
  "A_49": 92.85120344309637,
  "A_50": 62.79666723407565,
  "A_51": 37.55474937745976,
  "A_52": 159.18551763341458,
  "A_53": 53.13564150575632,
  "A_54": 37.43647469723741,
  "A_55": 145.7085375388565,
  "A_56": 139.1962798617477,
  "A_57": 10.868653944359247,
  "A_58": 68.11817333087957,
  "A_59": 84.33046275069461,
  "A_60": 63.423829658697095,
  "A_61": 96.19476280520014,
  "A_62": 57.486068746965,
  "A_63": 49.96975805776897,
  "A_64": 70.05514113100627,
  "A_65": 45.75370301753962,
  "A_66": 0.0,
  "A_67": 101.44077014735298,
  "A_68": 108.43633043828996,
  "A_69": 26.468546425024734,
  "A_70": 18.114423240598747,
  "A_71": 74.73678020249761,
  "A_72": 114.61064071046675,
  "A_73": 33.541251665163266,
  "A_74": 3.860389052731139,
  "A_75": 97.81788549923323,
  "A_76": 53.74490941862291,
  "A_77": 4.716473050834356,
  "A_78": 0.0,
  "A_79": 112.37665417449905,
  "A_80": 49.728860733091715,
  "A_81": 0.0,
  "A_82": 36.03560083388988,
  "A_83": 135.5615074270268,
  "A_84": 121.88188203994157,
  "A_85": 9.77930040854168,
  "A_86": 116.59100018832484,
  "A_87": 58.43925309080538,
  "A_88": 16.48039293687239,
  "A_89": 56.12193895129386,
  "A_90": 168.97091273170423,
  "A_91": 2.3012166187545233,
  "A_92": 45.88987220951682,
  "A_93": 111.10179587567228,
  "A_94": 7.500213168439043,
  "A_95": 0.0,
  "A_96": 62.79666723407565,
  "A_97": 74.87294939447482,
  "A_98": 0.0,
  "A_99": 0.0,
  "A_100": 41.586141601511095,
  "A_101": 61.45286982605854,
  "A_102": 0.0,
  "A_103": 2.4152564320798326,
  "A_104": 30.853656849129038,
  "A_105": 83.07613790145172,
  "A_106": 15.42682842456452,
  "A_107": 15.699166808518912,
  "A_108": 43.36057596411168,
  "A_109": 85.19692657092527,
  "A_110": 10.868653944359247,
  "A_111": 59.68267033035499,
  "A_112": 147.667571885782,
  "A_113": 66.77861078975948,
  "A_114": 59.3745429228909,
  "A_115": 44.74683513843471,
  "A_116": 4.422005288228077,
  "A_117": 114.05897704049639,
  "A_118": 91.1958857075493,
  "A_119": 47.09750042555674,
  "A_120": 2.4152564320798326,
  "A_121": 133.10713188322447,
  "A_122": 49.14679901260521,
  "A_123": 3.622884648119749,
  "A_124": 9.38868734436494,
  "A_125": 51.51950571378482,
  "A_126": 9.66102572831933,
  "A_127": 2.279087240102637,
  "A_128": 31.108100721328587,
  "A_129": 57.71804394850609,
  "A_130": 1.2076282160399163,
  "A_131": 1.2076282160399163,
  "A_132": 22.694727099455903,
  "A_133": 41.01084058841512,
  "A_134": 0.0,
  "A_135": 49.017641855430824,
  "A_136": 62.79666723407564,
  "A_137": 2.4152564320798326,
  "A_138": 0.0,
  "A_139": 0.0,
  "A_140": 45.889872209516824,
  "A_141": 0.0,
  "A_142": 0.0,
  "A_143": 40.92571599387346,
  "A_144": 27.08094336417429,
  "A_145": 1.2076282160399163,
  "A_146": 1.0714590240627204,
  "A_147": 85.63940104662748,
  "A_148": 75.8465289578223,
  "A_149": 6.038141080199582,
  "A_150": 80.89319596291955,
  "A_151": 85.92446916401421,
  "A_152": 42.07713483415533,
  "A_153": 49.68460197578794,
  "A_154": 128.8024964965345,
  "A_155": 97.34464854826709,
  "A_156": 1.2076282160399163,
  "A_157": 90.79413883900824,
  "A_158": 92.76173088432213,
  "A_159": 66.03062271168099,
  "A_160": 30.563423953419804,
  "A_161": 101.43378324529138,
  "A_162": 152.63425394191887,
  "A_163": 65.43481338174237,
  "A_164": 26.84439400372959,
  "A_165": 55.8053418100357,
  "A_166": 14.491538592478996,
  "A_167": 123.8571898368127,
  "A_168": 120.76871523180978,
  "A_169": 1.0714590240627204,
  "A_170": 1.0714590240627204,
  "A_171": 47.351944297756276,
  "A_172": 101.44077014735298,
  "A_173": 6.038141080199582,
  "A_174": 7.245769296239498,
  "A_175": 178.55873935119493,
  "A_176": 49.83179187479392,
  "A_177": 0.0,
  "A_178": 26.567820752878156,
  "A_179": 162.24427277191452,
  "A_180": 30.603447843826537,
  "A_181": 2.142918048125441,
  "A_182": 28.983077184957992,
  "A_183": 85.74160333883405,
  "A_184": 58.9014442020015,
  "A_185": 12.330726032598708,
  "A_186": 58.901444202001514,
  "A_187": 62.99742757101066,
  "A_188": 61.653630162993544,
  "A_189": 31.634882977482523,
  "A_190": 121.31510102612212,
  "A_191": 49.22252396192734,
  "A_192": 46.39875995391591,
  "A_193": 51.874329754451864,
  "A_194": 148.46669252589032,
  "A_195": 129.55314864518326,
  "A_196": 51.22927281807558,
  "A_197": 133.9896555251003,
  "A_198": 16.90679502455883,
  "A_199": 63.41704381856533,
  "A_200": 57.33567442345236,
  "A_201": 46.91905796283284,
  "A_202": 35.784549881756206,
  "A_203": 35.16162232403181,
  "A_204": 43.47461577743699,
  "A_205": 60.22734709826378,
  "A_206": 146.35956350127458,
  "A_207": 80.06252116619856,
  "A_208": 72.1137765314212,
  "A_209": 63.59578787418398,
  "A_210": 71.79378647009716,
  "A_211": 70.04243653031514,
  "A_212": 81.98254949873711,
  "A_213": 121.48619216203663,
  "A_214": 0.0,
  "A_215": 72.32152377041778,
  "A_216": 134.7734954585416,
  "A_217": 83.79944562764362,
  "A_218": 19.002903342145785,
  "A_219": 82.00467887738901,
  "A_220": 30.358504147811452,
  "A_221": 2.4152564320798326,
  "A_222": 18.641205496752683,
  "A_223": 132.7029345724136,
  "A_224": 13.28391037643908,
  "A_225": 37.4364746972374,
  "A_226": 48.168959449619464,
  "A_227": 53.47257103466852,
  "A_228": 0.0,
  "A_229": 0.0,
  "A_230": 38.33597550581324,
  "A_231": 65.21192366615549,
  "A_232": 0.0,
  "A_233": 0.0,
  "A_234": 67.62718009823531,
  "A_235": 45.889872209516824,
  "A_236": 0.0,
  "A_237": 0.0,
  "A_238": 111.14849250887526,
  "A_239": 75.79034471480549,
  "A_240": 0.0,
  "A_241": 15.408933912809674,
  "A_242": 161.2238583452873,
  "A_243": 93.5711182492224,
  "A_244": 15.699166808518912,
  "A_245": 26.532031729368462,
  "A_246": 51.81565737005342,
  "A_247": 117.74824982457179,
  "A_248": 185.40617983170048,
  "A_249": 98.63571746518635,
  "A_250": 86.65218768629177,
  "A_251": 26.830734358871783,
  "A_252": 58.22059824211553,
  "A_253": 53.601112439682794,
  "A_254": 83.43096194211877,
  "A_255": 151.288722374757,
  "A_256": 58.19931081029481,
  "A_257": 165.37355038230223,
  "A_258": 180.94501773263804,
  "A_259": 231.36490318581338
}