{
  "A_1": 243.22165085157968,
  "A_2": 71.04834936525337,
  "A_3": 115.37725214979572,
  "A_4": 165.94876343080392,
  "A_5": 65.90123935983554,
  "A_6": 143.9415550340302,
  "A_7": 116.71353486818545,
  "A_8": 126.8110032143121,
  "A_9": 126.76335153694245,
  "A_10": 179.1016945263295,
  "A_11": 97.98041893675935,
  "A_12": 115.50590665214554,
  "A_13": 145.42575650092155,
  "A_14": 166.55135860087427,
  "A_15": 96.7973579752705,
  "A_16": 84.4666319426718,
  "A_17": 128.88924215288543,
  "A_18": 38.21770082559088,
  "A_19": 93.00335705849503,
  "A_20": 151.02157390186633,
  "A_21": 136.25424117351395,
  "A_22": 123.17807803607147,
  "A_23": 133.99905517031985,
  "A_24": 112.42769877193456,
  "A_25": 181.95354437266406,
  "A_26": 84.35343407617765,
  "A_27": 175.67957021514476,
  "A_28": 60.309832754976426,
  "A_29": 133.45927928695068,
  "A_30": 185.0682575595097,
  "A_31": 49.57734800259438,
  "A_32": 119.93881955006688,
  "A_33": 194.9837271600286,
  "A_34": 66.22969915495366,
  "A_35": 51.756055074229515,
  "A_36": 40.10617500151679,
  "A_37": 127.7805112735805,
  "A_38": 119.01051662004292,
  "A_39": 107.22870222225005,
  "A_40": 60.62219502933756,
  "A_41": 67.62718009823531,
  "A_42": 140.67274044434063,
  "A_43": 119.14668581202012,
  "A_44": 149.06505282906363,
  "A_45": 123.53290207673851,
  "A_46": 175.95959921791516,
  "A_47": 139.3433566634182
}