{
  "A_1": 217.78557000260133,
  "A_2": 157.51576113803162,
  "A_3": 110.98338296537322,
  "A_4": 148.99950663993914,
  "A_5": 44.25584190579046,
  "A_6": 98.91147390194782,
  "A_7": 78.99709400003073,
  "A_8": 76.02179212878077,
  "A_9": 6.428754144376322,
  "A_10": 6.038141080199582,
  "A_11": 136.58877052563886,
  "A_12": 3.622884648119749,
  "A_13": 0.0,
  "A_14": 24.253899533432516,
  "A_15": 32.60596183307774,
  "A_16": 0.0,
  "A_17": 30.81786782561935,
  "A_18": 149.6173071184529,
  "A_19": 146.44547977716496,
  "A_20": 52.1645626501611,
  "A_21": 16.90679502455883,
  "A_22": 31.0562141770619,
  "A_23": 66.3540056930709,
  "A_24": 51.86246710059191,
  "A_25": 0.0,
  "A_26": 2.4152564320798326,
  "A_27": 149.7294871089273,
  "A_28": 92.6076671805901,
  "A_29": 61.943863058702775,
  "A_30": 69.87894804862233,
  "A_31": 52.84540861004708,
  "A_32": 55.23937761030619,
  "A_33": 68.56246993032084,
  "A_34": 69.97689034119065,
  "A_35": 86.83519174154867,
  "A_36": 1.2076282160399163,
  "A_37": 48.642058170508854,
  "A_38": 118.56967577252063,
  "A_39": 43.22014677249622,
  "A_40": 0.0,
  "A_41": 47.35194429775629,
  "A_42": 62.66049804209845,
  "A_43": 1.2076282160399163,
  "A_44": 29.746408801556626,
  "A_45": 135.2244648007791,
  "A_46": 53.98145877906761,
  "A_47": 50.5484268581896,
  "A_48": 134.52911724920415,
  "A_49": 45.367324820259924,
  "A_50": 83.69143767221321,
  "A_51": 0.0,
  "A_52": 5.357295120313602,
  "A_53": 106.97423321730929,
  "A_54": 98.17523538039377,
  "A_55": 92.67924522760948,
  "A_56": 140.02599961430204,
  "A_57": 221.79924364408637,
  "A_58": 172.06443901769413,
  "A_59": 20.647954352900925,
  "A_60": 59.2741627544234,
  "A_61": 62.09876870926598,
  "A_62": 8.453397512279414,
  "A_63": 130.013429668046,
  "A_64": 72.4864950838431,
  "A_65": 0.0,
  "A_66": 99.29086519716594,
  "A_67": 119.64113479658334,
  "A_68": 37.30030550526021,
  "A_69": 50.70249056192164,
  "A_70": 103.71287048539403,
  "A_71": 155.46234078142163,
  "A_72": 1.0935884027146072,
  "A_73": 24.363591382525264,
  "A_74": 76.69161738163794,
  "A_75": 67.49101090625811,
  "A_76": 48.81401638599574,
  "A_77": 31.674906867889252,
  "A_78": 83.35514902820233,
  "A_79": 42.26698756139707,
  "A_80": 24.973814339558544,
  "A_81": 25.840165062453696,
  "A_82": 115.38427675096916,
  "A_83": 115.38225356530025,
  "A_84": 23.045316273225914,
  "A_85": 89.23922640466989,
  "A_86": 132.53097635692671,
  "A_87": 24.661452065197416,
  "A_88": 62.58891999507907,
  "A_89": 134.40155602109775,
  "A_90": 155.3959023799835,
  "A_91": 146.53561835358175,
  "A_92": 78.61410872281692,
  "A_93": 1.2076282160399163,
  "A_94": 62.60087061353333,
  "A_95": 28.869037371632686,
  "A_96": 86.6428634392959,
  "A_97": 0.0,
  "A_98": 56.846176588911234,
  "A_99": 1.2076282160399163,
  "A_100": 10.868653944359247,
  "A_101": 1.0714590240627204,
  "A_102": 29.49196492935708,
  "A_103": 68.19822111169302,
  "A_104": 12.485631683161916,
  "A_105": 1.0935884027146072,
  "A_106": 0.0,
  "A_107": 154.45977060106685,
  "A_108": 80.01994630255712,
  "A_109": 26.431651560900963,
  "A_110": 1.2076282160399163,
  "A_111": 38.89854678547687,
  "A_112": 51.38333652180762,
  "A_113": 0.0,
  "A_114": 10.732484752382051,
  "A_115": 101.32673033402767,
  "A_116": 29.5541181984157,
  "A_117": 0.0,
  "A_118": 40.905295641625116,
  "A_119": 155.9737543663142,
  "A_120": 54.856392333092366,
  "A_121": 59.5107121148681,
  "A_122": 110.63960476447619,
  "A_123": 109.10433356740808,
  "A_124": 16.208054552918,
  "A_125": 103.98520886934841,
  "A_126": 51.83091294397926,
  "A_127": 115.37656099941196,
  "A_128": 60.68858316529322,
  "A_129": 40.070385978007096,
  "A_130": 54.395998212894085,
  "A_131": 56.82311729883387,
  "A_132": 38.134260124711545,
  "A_133": 98.0195757475937,
  "A_134": 101.49349863845083,
  "A_135": 16.752731320826786,
  "A_136": 67.5998608085197,
  "A_137": 6.903649856263571,
  "A_138": 63.86812625813837,
  "A_139": 74.35800465943962,
  "A_140": 50.939039922366334,
  "A_141": 5.629633504267994,
  "A_142": 7.245769296239498,
  "A_143": 6.428754144376322,
  "A_144": 0.0,
  "A_145": 1.0714590240627204,
  "A_146": 0.0,
  "A_147": 28.936267454419507,
  "A_148": 38.656807513968445,
  "A_149": 11.803943776444772,
  "A_150": 68.4653695845837,
  "A_151": 94.25440208500756,
  "A_152": 39.97847554333366,
  "A_153": 41.53848992414144,
  "A_154": 134.7921690852745,
  "A_155": 106.32398636986929,
  "A_156": 36.32922664966499,
  "A_157": 35.02121826515757,
  "A_158": 34.66543918032384,
  "A_159": 119.75091461027039,
  "A_160": 84.49308415281502,
  "A_161": 14.337474888746954,
  "A_162": 13.28391037643908,
  "A_163": 62.17701949908161,
  "A_164": 3.350546264165357,
  "A_165": 41.278014194047,
  "A_166": 18.81908247279894,
  "A_167": 0.0,
  "A_168": 0.0,
  "A_169": 0.0,
  "A_170": 0.0,
  "A_171": 0.0,
  "A_172": 43.86522884161372,
  "A_173": 104.7018438527441,
  "A_174": 2.4152564320798326,
  "A_175": 40.24234419349398,
  "A_176": 88.24358029452358,
  "A_177": 139.0387981052086,
  "A_178": 87.1219186198565,
  "A_179": 30.783875793107505,
  "A_180": 57.79080323436322,
  "A_181": 15.54510310478687,
  "A_182": 151.59261491532402,
  "A_183": 109.29757921471568,
  "A_184": 20.18756023270265,
  "A_185": 95.91575167844952,
  "A_186": 49.18673493841763,
  "A_187": 0.0,
  "A_188": 75.7187666677861,
  "A_189": 83.0003249875353,
  "A_190": 20.393510480701384,
  "A_191": 36.22884648119749,
  "A_192": 0.0,
  "A_193": 4.422005288228077,
  "A_194": 8.453397512279414,
  "A_195": 24.569541630523993,
  "A_196": 127.68602473293116,
  "A_197": 45.83618867425228,
  "A_198": 57.29462009065525,
  "A_199": 68.0866191742669,
  "A_200": 64.37446302930275,
  "A_201": 80.3885430854175,
  "A_202": 119.65641550325037,
  "A_203": 4.716473050834356,
  "A_204": 41.4499724095339,
  "A_205": 17.202104733996272,
  "A_206": 79.57828864094486,
  "A_207": 3.214377072188161,
  "A_208": 117.85904751427861,
  "A_209": 24.135511755874646,
  "A_210": 160.85870474797528,
  "A_211": 156.64076475215376,
  "A_212": 16.90679502455883,
  "A_213": 109.4498710601911,
  "A_214": 49.85316727120895,
  "A_215": 72.01847317668191,
  "A_216": 26.567820752878156,
  "A_217": 161.2059889662737,
  "A_218": 5.493464312290798,
  "A_219": 78.6004490779591,
  "A_220": 40.66355637011669,
  "A_221": 110.50343557249899,
  "A_222": 50.72038507367649,
  "A_223": 61.68422927543951,
  "A_224": 19.484584894164783,
  "A_225": 90.80948237752838,
  "A_226": 39.576841772128134,
  "A_227": 17.202104733996272,
  "A_228": 47.842937530400526,
  "A_229": 70.04243653031516,
  "A_230": 1.2076282160399163,
  "A_231": 24.904033283537007,
  "A_232": 88.69803052142129,
  "A_233": 67.53356063715835,
  "A_234": 1.2076282160399163,
  "A_235": 43.84733432985889,
  "A_236": 80.66755421216811,
  "A_237": 10.8507594326044,
  "A_238": 87.67590706839053,
  "A_239": 0.0,
  "A_240": 0.0,
  "A_241": 0.0,
  "A_242": 20.283705534273114,
  "A_243": 16.517865854044416,
  "A_244": 5.357295120313602,
  "A_245": 38.53006309995202,
  "A_246": 26.80437011332286,
  "A_247": 8.571672192501763,
  "A_248": 1.2076282160399163,
  "A_249": 23.4538238491575,
  "A_250": 143.12030501527,
  "A_251": 27.20693379595386,
  "A_252": 40.49678806569352,
  "A_253": 98.70372666295125,
  "A_254": 70.51553525120454,
  "A_255": 35.80244439351105,
  "A_256": 109.68735033206129,
  "A_257": 2.142918048125441,
  "A_258": 54.34326972179623,
  "A_259": 57.75924907775057,
  "A_260": 8.317228320302219,
  "A_261": 4.602433237509047,
  "A_262": 60.90819305814975,
  "A_263": 53.35429635444617,
  "A_264": 27.85793462563073,
  "A_265": 38.181911802081196,
  "A_266": 12.327333112532834,
  "A_267": 40.76912644964791,
  "A_268": 1.2076282160399163,
  "A_269": 25.019756990524648,
  "A_270": 0.0,
  "A_271": 49.51275685763657,
  "A_272": 0.0,
  "A_273": 0.0,
  "A_274": 14.06513650479256,
  "A_275": 14.491538592478996,
  "A_276": 69.21599660049121,
  "A_277": 78.0183873574726,
  "A_278": 7.245769296239498,
  "A_279": 35.938613585488255,