{
  "A_1": 233.12151843488283,
  "A_2": 102.7401957007308,
  "A_3": 88.68787689396487,
  "A_4": 69.57853639271548,
  "A_5": 54.17554637320638,
  "A_6": 27.639279776940874,
  "A_7": 132.00144206560822,
  "A_8": 25.909104171644067,
  "A_9": 1.0714590240627204,
  "A_10": 83.97477163045518,
  "A_11": 59.700564842109834,
  "A_12": 1.2076282160399163,
  "A_13": 10.323977176450462,
  "A_14": 116.99678086183312,
  "A_15": 25.36019253683824,
  "A_16": 44.101778202058426,
  "A_17": 56.87680083409842,
  "A_18": 104.76237605999347,
  "A_19": 14.491538592478996,
  "A_20": 100.75293728540542,
  "A_21": 59.13799356244621,
  "A_22": 44.6822439934769,
  "A_23": 34.74887988120318,
  "A_24": 53.82072233253934,
  "A_25": 77.01586744260025,
  "A_26": 18.35097260104344,
  "A_27": 200.42957749406162,
  "A_28": 163.70109211723718,
  "A_29": 77.68972650042467,
  "A_30": 169.58255568861694,
  "A_31": 200.41086616821678,
  "A_32": 101.30460095537578,
  "A_33": 50.126259637400196,
  "A_34": 130.28767814033375,
  "A_35": 122.68778852018167,
  "A_36": 16.90679502455883,
  "A_37": 85.36189788435058,
  "A_38": 125.59058243298676,
  "A_39": 47.360414031550356,
  "A_40": 10.868653944359247,
  "A_41": 102.48583979312555,
  "A_42": 151.33306909665507,
  "A_43": 14.491538592478996,
  "A_44": 122.9201909783236,
  "A_45": 108.95189092548529,
  "A_46": 125.35928581545888,
  "A_47": 13.402185056661429,
  "A_48": 70.04243653031514,
  "A_49": 127.30286352652871,
  "A_50": 42.15294774807177,
  "A_51": 12.330726032598708,
  "A_52": 157.41631088098956,
  "A_53": 159.51923017144952,
  "A_54": 35.54800052131151,
  "A_55": 19.031818560929423,
  "A_56": 91.43582798805986,
  "A_57": 132.50609494311027,
  "A_58": 26.167782910740648,
  "A_59": 26.567820752878156,
  "A_60": 4.602433237509047,
  "A_61": 61.42818947417194,
  "A_62": 58.286119298498804,
  "A_63": 12.076282160399163,
  "A_64": 1.2076282160399163,
  "A_65": 47.0302452100287,
  "A_66": 1.2076282160399163,
  "A_67": 3.214377072188161,
  "A_68": 84.68113988905893,
  "A_69": 6.881520477611684,
  "A_70": 46.552823657647956,
  "A_71": 94.46128224443176,
  "A_72": 2.3012166187545233,
  "A_73": 1.2076282160399163,
  "A_74": 12.058387648644317,
  "A_75": 2.4152564320798326,
  "A_76": 49.631031537858924,
  "A_77": 29.61023960957943,
  "A_78": 0.0,
  "A_79": 6.973430912285107,
  "A_80": 202.19722601653046,
  "A_81": 73.06696087526157,
  "A_82": 5.901971888222386,
  "A_83": 11.786049264689925,
  "A_84": 88.16776738060716,
  "A_85": 134.2874031104369,
  "A_86": 62.19491401083645,
  "A_87": 104.76643499770191,
  "A_88": 104.4864688267846,
  "A_89": 48.305128641596646,
  "A_90": 64.0791533198653,
  "A_91": 13.28391037643908,
  "A_92": 19.286262433128968,
  "A_93": 185.71166830133555,
  "A_94": 86.62744450255208,
  "A_95": 152.06225788429447,
  "A_96": 36.11480666787218,
  "A_97": 48.93313301304926,
  "A_98": 21.447074993009256,
  "A_99": 65.57446345837975,
  "A_100": 0.0,
  "A_101": 1.0714590240627204,
  "A_102": 2.4152564320798326,
  "A_103": 0.0,
  "A_104": 0.0,
  "A_105": 54.34326972179623,
  "A_106": 2.279087240102637,
  "A_107": 87.1245324249443,
  "A_108": 4.422005288228077,
  "A_109": 95.41353667684666,
  "A_110": 40.47126576697576,
  "A_111": 80.77066128305893,
  "A_112": 52.99947231377912,
  "A_113": 0.0,
  "A_114": 0.0,
  "A_115": 1.2076282160399163,
  "A_116": 0.0,
  "A_117": 0.0,
  "A_118": 0.0,
  "A_119": 6.561530416287644,
  "A_120": 16.45063577125759,
  "A_121": 0.0,
  "A_122": 106.86611216454335,
  "A_123": 127.59309642223796,
  "A_124": 99.23050891910518,
  "A_125": 177.81408136132922,
  "A_126": 51.05731460258869,
  "A_127": 58.46315432771391,
  "A_128": 111.88302200402578,
  "A_129": 143.64131930731196,
  "A_130": 23.07939627033206,
  "A_131": 42.4345978126514,
  "A_132": 98.75317533131874,
  "A_133": 0.0,
  "A_134": 43.31834039247683,
  "A_135": 0.0,
  "A_136": 10.868653944359247,
  "A_137": 0.0,
  "A_138": 12.857508288752646,
  "A_139": 0.0,
  "A_140": 0.0,
  "A_141": 66.28251561064583,
  "A_142": 0.0,
  "A_143": 0.0,
  "A_144": 4.830512864159665,
  "A_145": 35.342050273312786,
  "A_146": 0.0,
  "A_147": 0.0,
  "A_148": 81.49651998248555,
  "A_149": 47.458469421454204,
  "A_150": 0.0,
  "A_151": 53.45467652291367,
  "A_152": 184.90321084786075,
  "A_153": 133.87477376494382,
  "A_154": 151.71344056878107,
  "A_155": 16.490848157223546,
  "A_156": 2.4152564320798326,
  "A_157": 0.0,
  "A_158": 0.0,
  "A_159": 0.0,
  "A_160": 0.0,
  "A_161": 0.0,
  "A_162": 0.0,
  "A_163": 0.0,
  "A_164": 62.216201442657166,
  "A_165": 7.245769296239498,
  "A_166": 26.73458905730132,
  "A_167": 87.65887963620807,
  "A_168": 112.91869200457882,
  "A_169": 9.66102572831933,
  "A_170": 107.77422093698999,
  "A_171": 23.126206000870546,
  "A_172": 2.3012166187545233,
  "A_173": 118.06823988589584,
  "A_174": 157.07140170673722,
  "A_175": 67.1480243867098,
  "A_176": 20.41563985935327,
  "A_177": 8.453397512279414,
  "A_178": 78.31021618224986,
  "A_179": 88.4197733769075,
  "A_180": 1.2076282160399163,
  "A_181": 24.152564320798326,
  "A_182": 53.390085377955856,
  "A_183": 99.03996504147968,
  "A_184": 2.142918048125441,
  "A_185": 55.00622116992737,
  "A_186": 136.06709021595435,
  "A_187": 37.24662196999567,
  "A_188": 0.0,
  "A_189": 36.31133213791014,
  "A_190": 149.3977851901907,
  "A_191": 6.038141080199582,
  "A_192": 13.538354248638624,
  "A_193": 3.622884648119749,
  "A_194": 19.32205145663866,
  "A_195": 0.0,
  "A_196": 0.0,
  "A_197": 2.4152564320798326,
  "A_198": 0.0,
  "A_199": 2.3012166187545233,
  "A_200": 1.0714590240627204,
  "A_201": 0.0,
  "A_202": 22.772977889271523,
  "A_203": 2.279087240102637,
  "A_204": 8.453397512279414,
  "A_205": 54.17554637320639,
  "A_206": 22.602816664782484,
  "A_207": 3.280765208143822,
  "A_208": 0.0,
  "A_209": 74.87294939447482,
  "A_210": 0.0,
  "A_211": 0.0,
  "A_212": 7.500213168439043,
  "A_213": 13.28391037643908,
  "A_214": 5.357295120313602,
  "A_215": 1.0714590240627204,
  "A_216": 27.33971006786518,
  "A_217": 6.038141080199582,
  "A_218": 0.0,
  "A_219": 0.0,
  "A_220": 0.0,
  "A_221": 56.85380437587415,
  "A_222": 13.538354248638624,
  "A_223": 0.0,
  "A_224": 15.272764720832477,
  "A_225": 38.89854678547687,
  "A_226": 25.069959641129003,
  "A_227": 118.00968059883292,
  "A_228": 54.34326972179623,
  "A_229": 48.450609514199094,
  "A_230": 7.245769296239498,
  "A_231": 57.93036534640628,
  "A_232": 17.886343613948128,
  "A_233": 10.215202672412575,
  "A_234": 0.0,
  "A_235": 58.30308389882819,
  "A_236": 108.65075042008277,
  "A_237": 126.86555382914902,
  "A_238": 97.36764500649136,
  "A_239": 179.31014548208051,
  "A_240": 33.25101876945403,
  "A_241": 56.87340791403255,
  "A_242": 135.3298589511217,
  "A_243": 80.2004622164324,
  "A_244": 2.4152564320798326,
  "A_245": 51.24716732983042,
  "A_246": 99.55229597142709,
  "A_247": 0.0,
  "A_248": 1.0714590240627204,
  "A_249": 115.53470877359365,
  "A_250": 78.69659437952956,
  "A_251": 55.383212288358145,
  "A_252": 10.868653944359247,
  "A_253": 3.622884648119749,
  "A_254": 30.190705400997906,
  "A_255": 0.0,
  "A_256": 72.57596764261734,
  "A_257": 103.34708856955129,
  "A_258": 15.699166808518912,
  "A_259": 80.93574569381977,
  "A_260": 120.07498874204408,
  "A_261": 97.37358889979194,
  "A_262": 172.78524603613374,
  "A_263": 68.95308299449758,
  "A_264": 4.558174480205274,
  "A_265": 50.63091251490225,
  "A_266": 16.90679502455883,
  "A_267": 57.33803690112785,
  "A_268": 1.2076282160399163,
  "A_269": 78.22349565864018,
  "A_270": 21.5653496732316,
  "A_271": 22.8308962914331,
  "A_272": 86.61218892862625,
  "A_273": 1.0935884027146072,
  "A_274": 1.2076282160399163,
  "A_275": 0.0,
  "A_276": 27.261371313455257,
  "A_277": 71.65422435805408,
  "A_278": 66.55653788826254,
  "A_279": 43.47461577743699,
  "A_280": 131.18019204684802,
  "A_281": 39.078974734757836,
  "A_282": 0.0,
  "A_283": 1.2076282160399163,
  "A_284": 60.52181486087005,
  "A_285": 46.11276192510371,
  "A_286": 1.2076282160399163,
  "A_287": 47.11792077780508,