{
  "A_1": 231.56661856691505,
  "A_2": 94.55574365233988,
  "A_3": 139.79884989907686,
  "A_4": 50.72038507367649,
  "A_5": 88.92950306813776,
  "A_6": 8.571672192501763,
  "A_7": 148.78248541942918,
  "A_8": 8.044889936347825,
  "A_9": 0.0,
  "A_10": 80.64719669177286,
  "A_11": 2.4152564320798326,
  "A_12": 1.2076282160399163,
  "A_13": 21.737307888718494,
  "A_14": 69.77009814636075,
  "A_15": 11.940112968421968,
  "A_16": 1.2076282160399163,
  "A_17": 47.60467914355228,
  "A_18": 40.346959228858516,
  "A_19": 14.882151656655736,
  "A_20": 0.0,
  "A_21": 49.476967834126874,
  "A_22": 125.24431609070808,
  "A_23": 80.45905299093468,
  "A_24": 52.41900652236065,
  "A_25": 10.714590240627205,
  "A_26": 78.96893276348396,
  "A_27": 55.83594092248167,
  "A_28": 30.05453620902071,
  "A_29": 122.12269140002454,
  "A_30": 56.722737130366376,
  "A_31": 29.90047250528867,
  "A_32": 145.44365101267638,
  "A_33": 25.29052457815224,
  "A_34": 61.75401033146104,
  "A_35": 7.245769296239498,
  "A_36": 24.289575459606688,
  "A_37": 15.699166808518912,
  "A_38": 0.0,
  "A_39": 5.493464312290798,
  "A_40": 15.000426336878085,
  "A_41": 14.491538592478996,
  "A_42": 31.125995233083433,
  "A_43": 36.411373014371065,
  "A_44": 0.0,
  "A_45": 2.5735927018207594,
  "A_46": 3.622884648119749,
  "A_47": 64.15917596793756,
  "A_48": 0.0,
  "A_49": 8.571672192501763,
  "A_50": 3.5088448347944396,
  "A_51": 47.07960591380189,
  "A_52": 7.772551552393435,
  "A_53": 58.08442905013834,
  "A_54": 19.185882264661466,
  "A_55": 26.54653332105744,
  "A_56": 1.2076282160399163,
  "A_57": 0.0,
  "A_58": 0.0,
  "A_59": 14.377498779153687,
  "A_60": 1.0935884027146072,
  "A_61": 34.34037230527159,
  "A_62": 0.0,
  "A_63": 85.43861557695126,
  "A_64": 94.2562619078585,
  "A_65": 2.4152564320798326,
  "A_66": 62.58891999507906,
  "A_67": 25.71501657750529,
  "A_68": 1.0714590240627204,
  "A_69": 88.08450260891644,
  "A_70": 83.29055788324453,
  "A_71": 9.643131216564484,
  "A_72": 158.37517522434763,
  "A_73": 50.53653907158843,
  "A_74": 50.72038507367648,
  "A_75": 81.65142563304876,
  "A_76": 101.86457099632227,
  "A_77": 13.582613005942397,
  "A_78": 4.307965474902768,
  "A_79": 30.78471773993867,
  "A_80": 34.74887988120318,
  "A_81": 32.43400361759085,
  "A_82": 14.216649235289895,
  "A_83": 0.0,
  "A_84": 0.0,
  "A_85": 0.0,
  "A_86": 0.0,
  "A_87": 21.737307888718494,
  "A_88": 5.357295120313602,
  "A_89": 77.67881889073139,
  "A_90": 29.746408801556626,
  "A_91": 34.47654149724879,
  "A_92": 168.08469457686775,
  "A_93": 64.44169311208958,
  "A_94": 4.830512864159665,
  "A_95": 67.68922026995841,
  "A_96": 123.90043071809667,
  "A_97": 28.983077184957992,
  "A_98": 0.0,
  "A_99": 54.07093133784184,
  "A_100": 20.14330147539888,
  "A_101": 1.0714590240627204,
  "A_102": 1.2076282160399163,
  "A_103": 139.40229294159957,
  "A_104": 69.79890026780888,
  "A_105": 2.142918048125441,
  "A_106": 52.67345039456019,
  "A_107": 3.622884648119749,
  "A_108": 51.720266050719815,
  "A_109": 59.937114202554525,
  "A_110": 120.12867227730861,
  "A_111": 122.98822530882973,
  "A_112": 32.492763966583595,
  "A_113": 71.90782628342248,
  "A_114": 33.80416527115689,
  "A_115": 131.94123658399488,
  "A_116": 61.07919622946996,
  "A_117": 64.00429545011556,
  "A_118": 160.6287401657325,
  "A_119": 59.88343066728999,
  "A_120": 106.35119256224937,
  "A_121": 56.278528495519396,
  "A_122": 118.78391982512483,
  "A_123": 31.124286206679887,
  "A_124": 56.75852615387607,
  "A_125": 29.355795737379886,
  "A_126": 8.453397512279414,
  "A_127": 3.4867154561425533,
  "A_128": 0.0,
  "A_129": 92.417173568447,
  "A_130": 0.0,
  "A_131": 85.74160333883405,
  "A_132": 7.680641117720013,
  "A_133": 65.39319356226761,
  "A_134": 40.85161210636057,
  "A_135": 1.2076282160399163,
  "A_136": 83.07613790145173,
  "A_137": 2.279087240102637,
  "A_138": 76.53323084641457,
  "A_139": 58.708198554693894,
  "A_140": 68.99314458401615,
  "A_141": 51.61046110429155,
  "A_142": 3.622884648119749,
  "A_143": 1.2076282160399163,
  "A_144": 26.435886427798003,
  "A_145": 0.0,
  "A_146": 0.0,
  "A_147": 44.52818028974486,
  "A_148": 0.0,
  "A_149": 55.207823453693535,
  "A_150": 50.13481733578859,
  "A_151": 3.622884648119749,
  "A_152": 6.038141080199582,
  "A_153": 38.08576650051073,
  "A_154": 41.05935934535715,
  "A_155": 111.59606893104689,
  "A_156": 5.357295120313602,
  "A_157": 128.89620392220579,
  "A_158": 43.47461577743699,
  "A_159": 52.42927324715258,
  "A_160": 0.0,
  "A_161": 0.0,
  "A_162": 4.285836096250882,
  "A_163": 0.0,
  "A_164": 19.7126645208154,
  "A_165": 1.2076282160399163,
  "A_166": 17.886343613948128,
  "A_167": 0.0,
  "A_168": 13.946861824570213,
  "A_169": 80.33492238200604,
  "A_170": 0.0,
  "A_171": 1.2076282160399163,
  "A_172": 10.675483695275318,
  "A_173": 76.04902345390208,
  "A_174": 19.7126645208154,
  "A_175": 37.13258215667036,
  "A_176": 64.20505578705057,
  "A_177": 35.275662137357116,
  "A_178": 135.30433665240395,
  "A_179": 25.069959641129003,
  "A_180": 2.4152564320798326,
  "A_181": 24.679346576952263,
  "A_182": 90.42896010895495,
  "A_183": 0.0,
  "A_184": 22.94493610475841,
  "A_185": 51.31100449255137,
  "A_186": 23.980606105311438,
  "A_187": 93.665466559795,
  "A_188": 31.24426991330578,
  "A_189": 145.11614626172496,
  "A_190": 180.00119533490533,
  "A_191": 33.97612348664378,
  "A_192": 134.41771637370783,
  "A_193": 47.842937530400526,
  "A_194": 36.48329035339704,
  "A_195": 1.2076282160399163,
  "A_196": 17.161238896758373,
  "A_197": 114.01895315008964,
  "A_198": 65.83908609077692,
  "A_199": 30.05453620902071,
  "A_200": 76.51034748552583,
  "A_201": 127.9812464777743,
  "A_202": 55.61209616272808,
  "A_203": 3.350546264165357,
  "A_204": 48.30512864159665,
  "A_205": 106.80897287735985,
  "A_206": 51.795211885063864,
  "A_207": 0.0,
  "A_208": 40.63295725767072,
  "A_209": 97.92250053459777,
  "A_210": 2.142918048125441,
  "A_211": 50.021644602035664,
  "A_212": 88.71244414851594,
  "A_213": 154.70559394302492,
  "A_214": 4.285836096250882,
  "A_215": 84.7653345721751,
  "A_216": 45.43371295621559,
  "A_217": 118.05034537414096,
  "A_218": 121.85641000670623,
  "A_219": 6.038141080199582,
  "A_220": 55.278559553881756,
  "A_221": 67.70966575494798,
  "A_222": 22.924829911775447,
  "A_223": 0.0,
  "A_224": 75.87283037151815,
  "A_225": 102.15642495384074,
  "A_226": 63.93271740309618,
  "A_227": 25.71501657750529,
  "A_228": 97.15235794512617,
  "A_229": 70.75208461164924,
  "A_230": 0.0,
  "A_231": 91.50050709761197,
  "A_232": 107.9256205701518,
  "A_233": 31.398333617037828,
  "A_234": 35.25776762560227,
  "A_235": 80.44889936347826,
  "A_236": 83.44462158697658,
  "A_237": 178.76529278498313,
  "A_238": 119.14147076821519,
  "A_239": 55.78744729828085,
  "A_240": 77.28820582655464,
  "A_241": 10.868653944359247,
  "A_242": 90.16360862706215,
  "A_243": 55.43685812451084,
  "A_244": 0.0,
  "A_245": 0.0,
  "A_246": 79.03352390844177,
  "A_247": 47.59450038335465,
  "A_248": 2.4152564320798326,
  "A_249": 9.38868734436494,
  "A_250": 55.91427967689158,
  "A_251": 1.2076282160399163,
  "A_252": 22.944936104758412,
  "A_253": 31.693643326475268,
  "A_254": 8.571672192501763,
  "A_255": 7.245769296239498,
  "A_256": 47.31021138094601,
  "A_257": 15.699166808518912,
  "A_258": 0.0,
  "A_259": 35.35814779406978,
  "A_260": 8.844010576456155,
  "A_261": 62.06898641090997,
  "A_262": 179.6046132446868,
  "A_263": 35.64838068977902,
  "A_264": 19.69477000906056,
  "A_265": 53.04796593797994,
  "A_266": 122.58574959079303,
  "A_267": 110.07703348481253,
  "A_268": 79.59609518810541,
  "A_269": 89.53978885702415,
  "A_270": 113.4190848824426,
  "A_271": 168.304543230766,
  "A_272": 28.011998329362775,
  "A_273": 18.114423240598747,
  "A_274": 105.06365479547273,
  "A_275": 45.59285347367583,
  "A_276": 2.4152564320798326,
  "A_277": 92.79842468651609,
  "A_278": 86.2325965714783,
  "A_279": 12.076282160399163,
  "A_280": 2.4152564320798326,
  "A_281": 92.11589483296777,