{
  "A_1": 239.3612994979604,
  "A_2": 188.10226951426998,
  "A_3": 147.36124146931576,
  "A_4": 197.46543455991716,
  "A_5": 124.79068267790035,
  "A_6": 153.15340841110987,
  "A_7": 153.94829418432116,
  "A_8": 147.0931379522584,
  "A_9": 115.77728999193323,
  "A_10": 140.66438380788207,
  "A_11": 120.0395515769116,
  "A_12": 106.36223840201937,
  "A_13": 91.46219223360879,
  "A_14": 141.5996736399676,
  "A_15": 149.3458609468121,
  "A_16": 161.8348855500399,
  "A_17": 102.98956275920213,
  "A_18": 149.3423297966695,
  "A_19": 118.1756069564249,
  "A_20": 78.27198928284098,
  "A_21": 92.08691678233103,
  "A_22": 173.92648611621797,
  "A_23": 99.14886520922369,
  "A_24": 128.12260558081522,
  "A_25": 95.93692601293472,
  "A_26": 5.924101266874272,
  "A_27": 73.59212206960626,
  "A_28": 0.0,
  "A_29": 0.0,
  "A_30": 0.0,
  "A_31": 0.0,
  "A_32": 1.2076282160399163,
  "A_33": 10.714590240627205,
  "A_34": 15.018320848632932,
  "A_35": 37.963256953391344,
  "A_36": 153.01382116632556,
  "A_37": 59.0597427726306,
  "A_38": 82.22417567291002,
  "A_39": 20.710949568790713,
  "A_40": 11.59799352844604,
  "A_41": 76.78428179854825,
  "A_42": 54.0011502818203,
  "A_43": 0.0,
  "A_44": 62.495388498596405,
  "A_45": 78.79697454799707,
  "A_46": 43.33844658545979,
  "A_47": 0.0,
  "A_48": 31.39833361703782,
  "A_49": 142.19969270406204,
  "A_50": 44.54181480186145,
  "A_51": 0.0,
  "A_52": 98.47385004530278,
  "A_53": 89.02480642287706,
  "A_54": 77.23452229129009,
  "A_55": 38.353870017568084,
  "A_56": 6.428754144376322,
  "A_57": 89.92871802753855,
  "A_58": 21.42918048125441,
  "A_59": 57.966154369915984,
  "A_60": 59.621359008127534,
  "A_61": 55.024090548941,
  "A_62": 21.465811451595265,
  "A_63": 3.214377072188161,
  "A_64": 112.62843397612838,
  "A_65": 21.5653496732316,
  "A_66": 61.44945177325144,
  "A_67": 68.33682817956941,
  "A_68": 127.82964578268266,
  "A_69": 52.16879751705814,
  "A_70": 1.0714590240627204,
  "A_71": 50.700278880693524,
  "A_72": 54.680199250708434,
  "A_73": 22.556006934244,
  "A_74": 0.0,
  "A_75": 68.86361043572336,
  "A_76": 82.02414418547065,
  "A_77": 3.622884648119749,
  "A_78": 11.123097816558792,
  "A_79": 119.81883584344098,
  "A_80": 152.4827789105334,
  "A_81": 42.68396487112274,
  "A_82": 4.285836096250882,
  "A_83": 23.84443691333424,
  "A_84": 0.0,
  "A_85": 0.0,
  "A_86": 0.0,
  "A_87": 0.0,
  "A_88": 1.2076282160399163,
  "A_89": 2.279087240102637,
  "A_90": 46.244696250183864,
  "A_91": 19.662461870211043,
  "A_92": 1.0935884027146072,
  "A_93": 73.25162369143959,
  "A_94": 53.11774699400147,
  "A_95": 0.0,
  "A_96": 32.96078587374479,
  "A_97": 118.61213753882654,
  "A_98": 9.66102572831933,
  "A_99": 0.0,
  "A_100": 126.88690409282285,
  "A_101": 65.66712787529002,
  "A_102": 0.0,
  "A_103": 51.43606501290547,
  "A_104": 131.11134090225195,
  "A_105": 126.99473611906464,
  "A_106": 56.0418911704804,
  "A_107": 5.901971888222386,
  "A_108": 63.40770700519887,
  "A_109": 0.0,
  "A_110": 0.0,
  "A_111": 0.0,
  "A_112": 0.0,
  "A_113": 4.285836096250882,
  "A_114": 10.935884027146074,
  "A_115": 3.622884648119749,
  "A_116": 0.0,
  "A_117": 13.56048362729051,
  "A_118": 84.01810047633349,
  "A_119": 1.2076282160399163,
  "A_120": 63.56846858446836,
  "A_121": 1.0714590240627204,
  "A_122": 30.68169863364215,
  "A_123": 2.4152564320798326,
  "A_124": 2.279087240102637,
  "A_125": 0.0,
  "A_126": 0.0,
  "A_127": 2.279087240102637,
  "A_128": 64.57777433947247,
  "A_129": 3.280765208143822,
  "A_130": 82.95087631916779,
  "A_131": 80.42854184308301,
  "A_132": 0.0,
  "A_133": 0.0,
  "A_134": 35.376042305824626,
  "A_135": 29.78219782506632,
  "A_136": 0.0,
  "A_137": 0.0,
  "A_138": 99.50209332082272,
  "A_139": 24.973814339558544,
  "A_140": 0.0,
  "A_141": 6.701092528330714,
  "A_142": 97.67472940519444,
  "A_143": 110.11282250832224,
  "A_144": 25.36019253683824,
  "A_145": 66.28338269021819,
  "A_146": 125.7991464860733,
  "A_147": 14.3553694005018,
  "A_148": 33.635687940330186,
  "A_149": 0.0,
  "A_150": 3.622884648119749,
  "A_151": 1.2076282160399163,
  "A_152": 0.0,
  "A_153": 0.0,
  "A_154": 0.0,
  "A_155": 1.0714590240627204,
  "A_156": 52.84540861004708,
  "A_157": 37.43647469723741,
  "A_158": 8.044889936347825,
  "A_159": 31.315734862989647,
  "A_160": 3.280765208143822,
  "A_161": 0.0,
  "A_162": 92.21374916094177,
  "A_163": 44.6822439934769,
  "A_164": 2.4152564320798326,
  "A_165": 21.395188448742562,
  "A_166": 46.00814688973917,
  "A_167": 0.0,
  "A_168": 1.0714590240627204,
  "A_169": 61.74737528777666,
  "A_170": 125.96179302093495,
  "A_171": 26.295482368923768,
  "A_172": 0.0,
  "A_173": 109.45842875857947,
  "A_174": 79.54939855490244,
  "A_175": 62.997427571010654,
  "A_176": 53.9168676341098,
  "A_177": 113.6283400859129,
  "A_178": 72.54441348600467,
  "A_179": 60.05538888277688,
  "A_180": 104.87725782014995,
  "A_181": 4.285836096250882,
  "A_182": 125.70140525543482,
  "A_183": 56.771230754567185,
  "A_184": 32.02549604165927,
  "A_185": 18.000383427273434,
  "A_186": 82.78494996157579,
  "A_187": 81.28039097428919,
  "A_188": 96.77531656121292,
  "A_189": 0.0,
  "A_190": 72.54864835290171,
  "A_191": 19.83093920103775,
  "A_192": 20.257341288724184,
  "A_193": 36.22884648119749,
  "A_194": 55.41472874585896,
  "A_195": 102.30871679931614,
  "A_196": 44.69918346106506,
  "A_197": 0.0,
  "A_198": 35.02121826515757,
  "A_199": 126.79499365814942,
  "A_200": 21.601138696741298,
  "A_201": 0.0,
  "A_202": 90.85536219664138,
  "A_203": 93.07661899917673,
  "A_204": 5.924101266874272,
  "A_205": 2.4152564320798326,
  "A_206": 108.0702846286643,
  "A_207": 77.25665166994199,
  "A_208": 31.525078031054257,
  "A_209": 118.12189828841916,
  "A_210": 53.41474059710124,
  "A_211": 130.53191811959448,
  "A_212": 6.428754144376322,
  "A_213": 62.02634871541544,
  "A_214": 0.0,
  "A_215": 0.0,
  "A_216": 0.0,
  "A_217": 0.0,
  "A_218": 1.0714590240627204,
  "A_219": 2.1871768054292144,
  "A_220": 1.0714590240627204,
  "A_221": 14.219200208524605,
  "A_222": 0.0,
  "A_223": 0.0,
  "A_224": 19.44032613686101,
  "A_225": 1.2076282160399163,
  "A_226": 0.0,
  "A_227": 13.28391037643908,
  "A_228": 113.25400047168179,
  "A_229": 2.142918048125441,
  "A_230": 2.4152564320798326,
  "A_231": 66.03984642771192,
  "A_232": 79.39956971806743,
  "A_233": 99.50282217031837,
  "A_234": 42.157182614968804,
  "A_235": 26.56782075287816,
  "A_236": 41.141845002069815,
  "A_237": 51.720266050719815,
  "A_238": 152.05979487565406,
  "A_239": 7.908720744370631,
  "A_240": 7.131729482914189,
  "A_241": 0.0,
  "A_242": 0.0,
  "A_243": 0.0,
  "A_244": 6.561530416287644,
  "A_245": 21.973857249163192,
  "A_246": 0.0,
  "A_247": 34.18630860153955,
  "A_248": 39.85173112931724,
  "A_249": 49.03446822568344,
  "A_250": 0.0,
  "A_251": 0.0,
  "A_252": 86.74325617413402,
  "A_253": 46.252412001741085,
  "A_254": 3.214377072188161,
  "A_255": 45.19113173787599,
  "A_256": 74.54692747525588,
  "A_257": 39.815942105807544,
  "A_258": 35.275662137357116,
  "A_259": 5.493464312290798,
  "A_260": 35.64838068977901,
  "A_261": 3.622884648119749,
  "A_262": 0.0,
  "A_263": 0.0,
  "A_264": 6.564923336353519,
  "A_265": 3.350546264165357,
  "A_266": 20.529679672678576,
  "A_267": 1.2076282160399163,
  "A_268": 66.24759366670851,
  "A_269": 91.55166479238302,
  "A_270": 0.0,
  "A_271": 0.0,
  "A_272": 48.197007588830715,
  "A_273": 12.857508288752644,
  "A_274": 0.0,
  "A_275": 0.0,
  "A_276": 68.4729973715466,
  "A_277": 1.2076282160399163,
  "A_278": 0.0,
  "A_279": 20.529679672678576,
  "A_280": 60.29193824322159,
  "A_281": 9.252518152387744,
  "A_282": 12.857508288752644,
  "A_283": 80.24886787603891,
  "A_284": 61.53959034966824,
  "A_285": 102.86363515927565,
  "A_286": 178.99760727853078,
  "A_287": 21.17473660905486,
  "A_288": 135.13435135710353,
  "A_289": 43.53157913543188,
  "A_290": 95.27736748486946,
  "A_291": 56.43250423465713,
  "A_292": 76.85237896090744,
  "A_293": 50.72038507367648,
  "A_294": 100.20495556202505,