{
  "A_1": 231.19813488139022,
  "A_2": 155.28771849536452,
  "A_3": 145.6642536488115,
  "A_4": 4.830512864159665,
  "A_5": 36.22884648119749,
  "A_6": 0.0,
  "A_7": 12.941790936463153,
  "A_8": 0.0,
  "A_9": 0.0,
  "A_10": 1.0714590240627204,
  "A_11": 75.9553160282308,
  "A_12": 62.18041241914747,
  "A_13": 69.17597271008447,
  "A_14": 66.6203122191304,
  "A_15": 35.02121826515757,
  "A_16": 24.515104113022595,
  "A_17": 138.5555457568628,
  "A_18": 50.311877497744895,
  "A_19": 6.038141080199582,
  "A_20": 79.85053906030494,
  "A_21": 156.59929572912642,
  "A_22": 24.178928566347253,
  "A_23": 3.622884648119749,
  "A_24": 65.03996545066859,
  "A_25": 68.51302126195334,
  "A_26": 24.679346576952263,
  "A_27": 39.4253290416308,
  "A_28": 12.058387648644317,
  "A_29": 51.91011877796156,
  "A_30": 25.96183266274192,
  "A_31": 56.45039874641198,
  "A_32": 51.47429191231436,
  "A_33": 21.737307888718494,
  "A_34": 105.31111176561069,
  "A_35": 42.95035936177655,
  "A_36": 1.0935884027146072,
  "A_37": 52.72713392982473,
  "A_38": 71.7273983341415,
  "A_39": 0.0,
  "A_40": 28.029892841117622,
  "A_41": 140.84121777516737,
  "A_42": 22.8308962914331,
  "A_43": 16.08977987269565,
  "A_44": 96.28847023087141,
  "A_45": 105.61923917307477,
  "A_46": 103.25943813451612,
  "A_47": 60.78896333376072,
  "A_48": 1.0714590240627204,
  "A_49": 37.50106584219522,
  "A_50": 0.0,
  "A_51": 2.4152564320798326,
  "A_52": 1.2076282160399163,
  "A_53": 1.2076282160399163,
  "A_54": 10.714590240627205,
  "A_55": 21.464969504764106,
  "A_56": 150.90582506213747,
  "A_57": 14.201305696769758,
  "A_58": 84.53820998969117,
  "A_59": 86.852973155968,
  "A_60": 53.77307065516969,
  "A_61": 69.3163767689587,
  "A_62": 1.0714590240627204,
  "A_63": 32.60596183307774,
  "A_64": 37.050096499957704,
  "A_65": 1.2076282160399163,
  "A_66": 1.0935884027146072,
  "A_67": 119.52709498325802,
  "A_68": 59.177150373280554,
  "A_69": 1.2076282160399163,
  "A_70": 24.197665024933265,
  "A_71": 133.30191062774705,
  "A_72": 157.84007403084698,
  "A_73": 48.78170824714623,
  "A_74": 43.048213689750554,
  "A_75": 52.94670612356943,
  "A_76": 7.131729482914189,
  "A_77": 6.038141080199582,
  "A_78": 1.2076282160399163,
  "A_79": 2.4152564320798326,
  "A_80": 0.0,
  "A_81": 0.0,
  "A_82": 1.0714590240627204,
  "A_83": 75.04395256579502,
  "A_84": 77.30862617880298,
  "A_85": 17.732279910216086,
  "A_86": 45.722148860926964,
  "A_87": 2.3012166187545233,
  "A_88": 32.72423651330009,
  "A_89": 15.471087181868294,
  "A_90": 0.0,
  "A_91": 4.830512864159665,
  "A_92": 30.29108556946541,
  "A_93": 0.0,
  "A_94": 20.920292736855316,
  "A_95": 22.81384372650942,
  "A_96": 57.97207313047536,
  "A_97": 23.199379976957957,
  "A_98": 13.928967312815365,
  "A_99": 52.84540861004709,
  "A_100": 2.279087240102637,
  "A_101": 6.701092528330714,
  "A_102": 3.622884648119749,
  "A_103": 30.190705400997906,
  "A_104": 41.977596612518994,
  "A_105": 133.62456475964132,
  "A_106": 49.09058963684718,
  "A_107": 91.26047685250708,
  "A_108": 85.39948389885814,
  "A_109": 114.42746072602125,
  "A_110": 83.8079153614377,
  "A_111": 5.76580269624519,
  "A_112": 20.529679672678576,
  "A_113": 44.273736417545315,
  "A_114": 3.622884648119749,
  "A_115": 1.2076282160399163,
  "A_116": 74.51113845174618,
  "A_117": 120.03090591392893,
  "A_118": 0.0,
  "A_119": 7.109600104262302,
  "A_120": 57.8945763228966,
  "A_121": 66.78209167441966,
  "A_122": 67.28326366726154,
  "A_123": 136.22181993732895,
  "A_124": 155.02462896018224,
  "A_125": 86.57129795864714,
  "A_126": 165.1078847411441,
  "A_127": 161.87053634347285,
  "A_128": 78.8506580832616,
  "A_129": 227.2816872493484,
  "A_130": 120.87248832034317,
  "A_131": 99.46038553675365,
  "A_132": 168.2474039435825,
  "A_133": 103.90452020363361,
  "A_134": 160.64162069561223,
  "A_135": 59.13883550927737,
  "A_136": 109.5860402521683,
  "A_137": 84.35259212934649,
  "A_138": 95.07660714793447,
  "A_139": 106.28726743493411,
  "A_140": 25.88697479299218,
  "A_141": 29.07582956646258,
  "A_142": 5.581981826898345,
  "A_143": 92.86634591968667,
  "A_144": 2.4152564320798326,
  "A_145": 99.55229597142707,
  "A_146": 36.4135092973755,
  "A_147": 6.117309215070045,
  "A_148": 15.42682842456452,
  "A_149": 70.61591541967204,
  "A_150": 2.4152564320798326,
  "A_151": 0.0,
  "A_152": 53.632641463554236,
  "A_153": 45.88987220951682,
  "A_154": 0.0,
  "A_155": 0.0,
  "A_156": 131.13779311239517,
  "A_157": 15.699166808518912,
  "A_158": 3.3505462641653576,
  "A_159": 101.5215467776621,
  "A_160": 26.549926241123313,
  "A_161": 48.11188299428905,
  "A_162": 78.49583404259457,
  "A_163": 20.93902919544133,
  "A_164": 0.0,
  "A_165": 3.622884648119749,
  "A_166": 0.0,
  "A_167": 9.432946101668712,
  "A_168": 8.111278072303488,
  "A_169": 61.46557442674966,
  "A_170": 60.14390639738443,
  "A_171": 12.419243547206253,
  "A_172": 5.357295120313602,
  "A_173": 19.823311414074833,
  "A_174": 12.371591869836607,
  "A_175": 88.89710696469395,
  "A_176": 105.61256643027853,
  "A_177": 2.4152564320798326,
  "A_178": 0.0,
  "A_179": 83.80376845913497,
  "A_180": 3.5088448347944396,
  "A_181": 2.279087240102637,
  "A_182": 12.941790936463153,
  "A_183": 57.12785178623209,
  "A_184": 11.712033341771349,
  "A_185": 3.214377072188161,
  "A_186": 84.73473545972915,
  "A_187": 37.34285523616044,
  "A_188": 46.244696250183864,
  "A_189": 208.5000148618684,
  "A_190": 30.331109459872142,
  "A_191": 49.51275685763657,
  "A_192": 42.437990732717275,
  "A_193": 32.60596183307774,
  "A_194": 47.65488179415664,
  "A_195": 16.79275521123352,
  "A_196": 65.09446580002307,
  "A_197": 3.214377072188161,
  "A_198": 70.37936605922735,
  "A_199": 75.890724883273,
  "A_200": 32.86040570527729,
  "A_201": 71.25006474635506,
  "A_202": 148.0803771604637,
  "A_203": 125.38039731809098,
  "A_204": 71.25006474635505,
  "A_205": 0.0,
  "A_206": 33.64163183363077,
  "A_207": 15.703401675415952,
  "A_208": 29.61023960957943,
  "A_209": 0.0,
  "A_210": 1.2076282160399163,
  "A_211": 0.0,
  "A_212": 12.827751123137844,
  "A_213": 41.00567581009261,
  "A_214": 153.33126025441493,
  "A_215": 63.13359676298785,
  "A_216": 34.55902715396145,
  "A_217": 76.60735986666867,
  "A_218": 141.2515223420968,
  "A_219": 62.32769028274777,
  "A_220": 6.587052715005405,
  "A_221": 117.13556385889811,
  "A_222": 92.38901233190023,
  "A_223": 104.7342399561879,
  "A_224": 99.5429340253194,
  "A_225": 110.15874002654712,
  "A_226": 0.0,
  "A_227": 61.46903017866862,
  "A_228": 2.4152564320798326,
  "A_229": 32.68844748979039,
  "A_230": 68.6611410723848,
  "A_231": 0.0,
  "A_232": 72.46860057208823,
  "A_233": 31.538737675912063,
  "A_234": 0.0,
  "A_235": 0.0,
  "A_236": 0.0,
  "A_237": 4.830512864159665,
  "A_238": 0.0,
  "A_239": 22.77297788927152,
  "A_240": 13.538354248638624,
  "A_241": 0.0,
  "A_242": 5.357295120313602,
  "A_243": 47.84293753040052,
  "A_244": 5.357295120313602,
  "A_245": 24.152564320798326,
  "A_246": 83.9416466775157,
  "A_247": 97.36416412183118,
  "A_248": 0.0,
  "A_249": 0.0,
  "A_250": 46.943436721824696,
  "A_251": 83.64036794203648,
  "A_252": 1.2076282160399163,
  "A_253": 33.81359004911766,
  "A_254": 155.8189115476041,
  "A_255": 11.259267008535987,
  "A_256": 36.32922664966499,
  "A_257": 50.53053234643475,
  "A_258": 98.86446310947953,
  "A_259": 23.51597711821612,
  "A_260": 61.18474117625996,
  "A_261": 10.868653944359247,
  "A_262": 107.72816518868837,
  "A_263": 49.25912979952697,
  "A_264": 22.944936104758412,
  "A_265": 49.13145547408508,
  "A_266": 20.902398225100473,
  "A_267": 206.54169679806787,
  "A_268": 66.58208531972153,
  "A_269": 77.77919905919889,
  "A_270": 24.152564320798326,
  "A_271": 147.92631345673166,
  "A_272": 23.862331425089092,
  "A_273": 84.85724500684853,
  "A_274": 26.852863737523673,
  "A_275": 4.716473050834356,
  "A_276": 6.903649856263571,
  "A_277": 0.0,
  "A_278": 0.0,
  "A_279": 0.0,
  "A_280": 1.0714590240627204,
  "A_281": 97.62632374558794,