{
  "A_1": 226.97353470914308,
  "A_2": 195.75315346637518,
  "A_3": 109.0796783482627,
  "A_4": 49.293146964780036,
  "A_5": 119.41986614280569,
  "A_6": 117.84958503720598,
  "A_7": 108.07028462866431,
  "A_8": 21.719413376963644,
  "A_9": 74.36734147280609,
  "A_10": 78.03967478929333,
  "A_11": 102.84913356758668,
  "A_12": 12.076282160399163,
  "A_13": 21.737307888718494,
  "A_14": 59.1737825859559,
  "A_15": 2.494424566950296,
  "A_16": 0.0,
  "A_17": 15.652357077980428,
  "A_18": 16.90679502455883,
  "A_19": 0.0,
  "A_20": 7.908720744370631,
  "A_21": 99.38370554326487,
  "A_22": 41.12395049031496,
  "A_23": 68.51395117337881,
  "A_24": 29.083457353425494,
  "A_25": 33.47147060914173,
  "A_26": 76.30346732610161,
  "A_27": 110.27796975093617,
  "A_28": 1.2076282160399163,
  "A_29": 1.2076282160399163,
  "A_30": 157.7669251875008,
  "A_31": 134.6696092726727,
  "A_32": 52.0283934581839,
  "A_33": 147.26495793766856,
  "A_34": 62.370265146389215,
  "A_35": 86.15858064855972,
  "A_36": 60.38141080199581,
  "A_37": 67.91645794977786,
  "A_38": 35.70629909194059,
  "A_39": 2.4152564320798326,
  "A_40": 58.43925309080538,
  "A_41": 131.5812477650053,
  "A_42": 27.88006400428262,
  "A_43": 8.453397512279414,
  "A_44": 55.669172618058504,
  "A_45": 126.6622173862381,
  "A_46": 0.0,
  "A_47": 90.13551022236845,
  "A_48": 71.48661410679976,
  "A_49": 64.4170378929442,
  "A_50": 49.20462945017248,
  "A_51": 139.59780053561772,
  "A_52": 31.639117844379562,
  "A_53": 67.62718009823531,
  "A_54": 0.0,
  "A_55": 3.214377072188161,
  "A_56": 73.6653211784349,
  "A_57": 139.4192324091877,
  "A_58": 37.809193249659295,
  "A_59": 147.3952335018276,
  "A_60": 169.5410489664777,
  "A_61": 29.826456582370092,
  "A_62": 13.946861824570213,
  "A_63": 37.92746792988165,
  "A_64": 37.5368548657049,
  "A_65": 13.28391037643908,
  "A_66": 119.40112968421967,
  "A_67": 65.96339262889416,
  "A_68": 0.0,
  "A_69": 77.406480506777,
  "A_70": 74.16054927797617,
  "A_71": 26.151873885542877,
  "A_72": 83.49131822017954,
  "A_73": 52.639458362048344,
  "A_74": 91.33542268685116,
  "A_75": 15.699166808518912,
  "A_76": 27.366941392986487,
  "A_77": 44.08388369030358,
  "A_78": 70.74709576251533,
  "A_79": 41.21769561509808,
  "A_80": 74.66697401373486,
  "A_81": 126.30790856676623,
  "A_82": 28.16606203309481,
  "A_83": 77.84472011558216,
  "A_84": 57.285308410030005,
  "A_85": 109.74010395590035,
  "A_86": 112.56386796391178,
  "A_87": 68.99977962770055,
  "A_88": 161.23913905195437,
  "A_89": 97.65016215064338,
  "A_90": 108.3886536281791,
  "A_91": 192.08940298101754,
  "A_92": 138.59714044359632,
  "A_93": 61.565954595217164,
  "A_94": 39.30705436140846,
  "A_95": 202.83804808600968,
  "A_96": 48.295703863635886,
  "A_97": 40.94531953203184,
  "A_98": 132.08250772244148,
  "A_99": 1.0714590240627204,
  "A_100": 39.27126533789877,
  "A_101": 2.4152564320798326,
  "A_102": 0.0,
  "A_103": 6.428754144376322,
  "A_104": 14.219200208524605,
  "A_105": 12.330726032598708,
  "A_106": 0.0,
  "A_107": 0.0,
  "A_108": 4.830512864159665,
  "A_109": 87.80100528785648,
  "A_110": 40.478893553938676,
  "A_111": 8.453397512279414,
  "A_112": 50.72038507367649,
  "A_113": 100.78710524710587,
  "A_114": 40.80915034005464,
  "A_115": 2.4152564320798326,
  "A_116": 21.038567417077665,
  "A_117": 112.44217523088233,
  "A_118": 84.15688347339847,
  "A_119": 0.0,
  "A_120": 101.36919210033358,
  "A_121": 142.8863694599131,
  "A_122": 113.94424607678731,
  "A_123": 21.837688057185993,
  "A_124": 97.76420196396867,
  "A_125": 108.23543187127822,
  "A_126": 12.879637667404532,
  "A_127": 77.2703113147998,
  "A_128": 47.342519519795516,
  "A_129": 105.21853531329472,
  "A_130": 66.73095911238983,
  "A_131": 69.60669762926224,
  "A_132": 91.72603575102788,
  "A_133": 26.395862537391267,
  "A_134": 73.71201781163786,
  "A_135": 137.4524446115931,
  "A_136": 86.30142258333315,
  "A_137": 1.2076282160399163,
  "A_138": 22.944936104758412,
  "A_139": 85.73461643677247,
  "A_140": 7.245769296239498,
  "A_141": 2.142918048125441,
  "A_142": 42.657600625573814,
  "A_143": 126.60345703724536,
  "A_144": 44.88300433041191,
  "A_145": 76.80812020360366,
  "A_146": 3.4867154561425533,
  "A_147": 25.851185769482484,
  "A_148": 3.4867154561425533,
  "A_149": 0.0,
  "A_150": 2.4152564320798326,
  "A_151": 0.0,
  "A_152": 1.0714590240627204,
  "A_153": 2.1871768054292144,
  "A_154": 16.208054552918,
  "A_155": 41.15973951382466,
  "A_156": 2.4152564320798326,
  "A_157": 99.24416856396299,
  "A_158": 142.48218471547287,
  "A_159": 12.194556840621512,
  "A_160": 206.08482126164165,
  "A_161": 45.42768109832069,
  "A_162": 35.02121826515757,
  "A_163": 37.59900813476353,
  "A_164": 102.62954880747135,
  "A_165": 62.70719467530141,
  "A_166": 24.25294448926583,
  "A_167": 54.20710052981903,
  "A_168": 154.66916403461389,
  "A_169": 32.37788220642712,
  "A_170": 12.857508288752644,
  "A_171": 45.95446335447463,
  "A_172": 106.30431999985781,
  "A_173": 47.72466285017818,
  "A_174": 62.94554102674397,
  "A_175": 29.61023960957943,
  "A_176": 20.52967967267858,
  "A_177": 56.349063533777795,
  "A_178": 14.74598246467854,
  "A_179": 55.59939156203696,
  "A_180": 9.252518152387744,
  "A_181": 12.155450295269628,
  "A_182": 0.0,
  "A_183": 1.2076282160399163,
  "A_184": 0.0,
  "A_185": 26.816320731777118,
  "A_186": 126.74046817605371,
  "A_187": 98.37346987683527,
  "A_188": 0.0,
  "A_189": 53.934762145864646,
  "A_190": 1.0714590240627204,
  "A_191": 61.12684790683961,
  "A_192": 158.41792601717768,
  "A_193": 56.24105557834737,
  "A_194": 103.64912128726739,
  "A_195": 63.78892042415607,
  "A_196": 58.37379486627519,
  "A_197": 36.86627563061086,
  "A_198": 90.583023812687,
  "A_199": 6.428754144376322,
  "A_200": 0.0,
  "A_201": 18.759480176975032,
  "A_202": 151.826613302534,
  "A_203": 26.549926241123313,
  "A_204": 43.47461577743699,
  "A_205": 0.0,
  "A_206": 2.142918048125441,
  "A_207": 0.0,
  "A_208": 21.48709888341599,
  "A_209": 50.986390006841255,
  "A_210": 35.70629909194059,
  "A_211": 29.606846689513553,
  "A_212": 143.3978081775469,
  "A_213": 39.15299065767641,
  "A_214": 83.7423691723132,
  "A_215": 81.77480225974054,
  "A_216": 21.50922826206787,
  "A_217": 2.4152564320798326,
  "A_218": 0.0,
  "A_219": 27.212877689254444,
  "A_220": 37.90278757799505,
  "A_221": 0.0,
  "A_222": 1.2076282160399163,
  "A_223": 116.32881543182684,
  "A_224": 87.36864674049883,
  "A_225": 76.16306326722737,
  "A_226": 66.77861078975948,
  "A_227": 82.41061034734466,
  "A_228": 161.28745674696657,
  "A_229": 23.9108250492899,
  "A_230": 82.98243047578045,
  "A_231": 69.64663355507469,
  "A_232": 65.54885319506768,
  "A_233": 58.08961896120206,
  "A_234": 55.24361247720323,
  "A_235": 25.36019253683824,
  "A_236": 78.06943195490813,
  "A_237": 16.48039293687239,
  "A_238": 18.114423240598747,
  "A_239": 25.86908028123733,
  "A_240": 73.53251977378235,
  "A_241": 0.0,
  "A_242": 0.0,
  "A_243": 105.06365479547273,
  "A_244": 56.896756230634026,
  "A_245": 1.0714590240627204,
  "A_246": 15.272764720832477,
  "A_247": 63.565075664402485,
  "A_248": 107.71546058799726,
  "A_249": 134.00819092175647,
  "A_250": 26.959275763886065,
  "A_251": 75.7384581705388,
  "A_252": 19.32205145663866,
  "A_253": 0.0,
  "A_254": 0.0,
  "A_255": 7.636382360416238,
  "A_256": 1.2076282160399163,
  "A_257": 6.038141080199582,
  "A_258": 164.5012306333653,
  "A_259": 4.716473050834356,
  "A_260": 0.0,
  "A_261": 62.552376989332515,
  "A_262": 67.70966575494796,
  "A_263": 29.065562841670648,
  "A_264": 11.027794461819495,
  "A_265": 113.01057730651101,
  "A_266": 110.65749927623101,
  "A_267": 94.65876275863641,
  "A_268": 158.0714586129692,
  "A_269": 26.958433817054896,
  "A_270": 57.966154369915984,
  "A_271": 9.643131216564484,
  "A_272": 44.6822439934769,
  "A_273": 50.254801042414485,
  "A_274": 33.81359004911766,
  "A_275": 83.2123070934289,
  "A_276": 7.702770496371899,
  "A_277": 28.420505905294362,
  "A_278": 18.759480176975032,