{
  "A_1": 236.2039611819908,
  "A_2": 166.9444723728033,
  "A_3": 191.85369556740403,
  "A_4": 94.92167636463003,
  "A_5": 92.39078419015688,
  "A_6": 56.69295483201036,
  "A_7": 0.0,
  "A_8": 0.0,
  "A_9": 1.2076282160399163,
  "A_10": 0.0,
  "A_11": 0.0,
  "A_12": 22.63680869729432,
  "A_13": 0.0,
  "A_14": 15.699166808518912,
  "A_15": 50.636944372797146,
  "A_16": 87.58486371328951,
  "A_17": 60.92522049033222,
  "A_18": 0.0,
  "A_19": 51.968853994213084,
  "A_20": 0.0,
  "A_21": 1.2867963509103797,
  "A_22": 0.0,
  "A_23": 36.43053672955797,
  "A_24": 7.245769296239498,
  "A_25": 2.279087240102637,
  "A_26": 145.82579434305904,
  "A_27": 24.389113681243025,
  "A_28": 128.37432255059144,
  "A_29": 68.07899138730399,
  "A_30": 49.34079864214968,
  "A_31": 31.57960351314996,
  "A_32": 39.233038438489885,
  "A_33": 26.27758785716892,
  "A_34": 82.5645860864824,
  "A_35": 62.1124283541238,
  "A_36": 121.30066226628624,
  "A_37": 0.0,
  "A_38": 64.69361114379562,
  "A_39": 106.2821906212059,
  "A_40": 17.591875851341847,
  "A_41": 27.75755445716323,
  "A_42": 76.68984552338132,
  "A_43": 71.4687195950449,
  "A_44": 28.754997558307373,
  "A_45": 11.392043280447309,
  "A_46": 31.056214177061896,
  "A_47": 52.489629525213346,
  "A_48": 4.422005288228077,
  "A_49": 0.0,
  "A_50": 8.181059128325023,
  "A_51": 101.35553245547578,
  "A_52": 7.131729482914189,
  "A_53": 1.2076282160399163,
  "A_54": 59.22047921915886,
  "A_55": 92.0629904126813,
  "A_56": 3.280765208143822,
  "A_57": 23.880225936843935,
  "A_58": 158.5668877744403,
  "A_59": 160.62042122838582,
  "A_60": 51.247167329830425,
  "A_61": 69.55556506723242,
  "A_62": 6.428754144376322,
  "A_63": 134.71903280829895,
  "A_64": 14.483031159573077,
  "A_65": 50.1076111434085,
  "A_66": 0.0,
  "A_67": 0.0,
  "A_68": 4.830512864159665,
  "A_69": 1.2867963509103797,
  "A_70": 0.0,
  "A_71": 0.0,
  "A_72": 34.612710689225985,
  "A_73": 11.189485952514453,
  "A_74": 54.34326972179623,
  "A_75": 4.830512864159665,
  "A_76": 24.661452065197416,
  "A_77": 107.41589087892154,
  "A_78": 74.43712252882762,
  "A_79": 79.44899325369371,
  "A_80": 74.82782355759866,
  "A_81": 64.63145787473701,
  "A_82": 18.236932787718136,
  "A_83": 99.63478162813973,
  "A_84": 51.637780394007166,
  "A_85": 21.631737809187264,
  "A_86": 99.65691100679163,
  "A_87": 102.5546658049804,
  "A_88": 16.344223744895196,
  "A_89": 80.89743082981659,
  "A_90": 26.123524153436875,
  "A_91": 74.05593424261164,
  "A_92": 86.31348629912294,
  "A_93": 76.54181367754417,
  "A_94": 54.11762797104481,
  "A_95": 30.699593145396996,
  "A_96": 148.99347478204425,
  "A_97": 71.0031355637829,
  "A_98": 2.1871768054292144,
  "A_99": 2.4152564320798326,
  "A_100": 70.2253023554953,
  "A_101": 79.65749447492715,
  "A_102": 1.2076282160399163,
  "A_103": 48.77822736248605,
  "A_104": 119.42143693913249,
  "A_105": 69.31214190206167,
  "A_106": 25.73291108926014,
  "A_107": 135.78779006267956,
  "A_108": 10.754614131033938,
  "A_109": 55.55089793783615,
  "A_110": 2.142918048125441,
  "A_111": 25.460572705305744,
  "A_112": 7.636382360416238,
  "A_113": 12.194556840621512,
  "A_114": 20.140750502164167,
  "A_115": 53.590845714890875,
  "A_116": 18.114423240598747,
  "A_117": 5.4458126349211495,
  "A_118": 0.0,
  "A_119": 33.777801025607964,
  "A_120": 0.0,
  "A_121": 0.0,
  "A_122": 38.64410291327732,
  "A_123": 0.0,
  "A_124": 0.0,
  "A_125": 52.98157780202428,
  "A_126": 109.873521112713,
  "A_127": 52.97638789096055,
  "A_128": 206.09244904860458,
  "A_129": 3.622884648119749,
  "A_130": 40.206555169984284,
  "A_131": 176.98755346691095,
  "A_132": 47.43875278596029,
  "A_133": 32.149802579776505,
  "A_134": 0.0,
  "A_135": 0.0,
  "A_136": 0.0,
  "A_137": 2.4152564320798326,
  "A_138": 21.464969504764102,
  "A_139": 2.4152564320798326,
  "A_140": 20.529679672678576,
  "A_141": 96.42548136967977,
  "A_142": 19.481191974098905,
  "A_143": 14.35960426739884,
  "A_144": 13.055830749788461,
  "A_145": 7.245769296239498,
  "A_146": 0.0,
  "A_147": 0.0,
  "A_148": 0.0,
  "A_149": 63.52818080027873,
  "A_150": 145.2616020015862,
  "A_151": 26.915017006582293,
  "A_152": 35.02121826515757,
  "A_153": 23.453823849157494,
  "A_154": 107.70528182779962,
  "A_155": 25.25038759040997,
  "A_156": 18.77737468872988,
  "A_157": 83.65225572863764,
  "A_158": 130.1480908955495,
  "A_159": 4.285836096250882,
  "A_160": 48.423403321819,
  "A_161": 16.40637701395382,
  "A_162": 12.371591869836607,
  "A_163": 59.0945767519736,
  "A_164": 15.699166808518912,
  "A_165": 1.0935884027146072,
  "A_166": 64.98976280006424,
  "A_167": 36.22884648119749,
  "A_168": 97.91826566770072,
  "A_169": 115.76035052434509,
  "A_170": 21.973857249163192,
  "A_171": 54.13552248279965,
  "A_172": 120.41234552755716,
  "A_173": 98.8356609880314,
  "A_174": 52.163695570588715,
  "A_175": 132.66712041616267,
  "A_176": 9.915469600518875,
  "A_177": 104.55804687380397,
  "A_178": 63.58640079533506,
  "A_179": 52.55517571433784,
  "A_180": 84.34409726281118,
  "A_181": 48.6957417057734,
  "A_182": 0.0,
  "A_183": 1.2867963509103797,
  "A_184": 6.038141080199582,
  "A_185": 18.21480340906625,
  "A_186": 13.28391037643908,
  "A_187": 37.4798663749688,
  "A_188": 0.0,
  "A_189": 0.0,
  "A_190": 17.29740808873557,
  "A_191": 92.36764950185584,
  "A_192": 1.0714590240627204,
  "A_193": 1.2076282160399163,
  "A_194": 136.83897953094134,
  "A_195": 95.83324088899565,
  "A_196": 38.1411339294376,
  "A_197": 39.28915984965361,
  "A_198": 120.32943261424361,
  "A_199": 138.15115995049274,
  "A_200": 103.21677530628037,
  "A_201": 131.20930832756147,
  "A_202": 64.81441166451147,
  "A_203": 147.1688126360981,
  "A_204": 24.679346576952263,
  "A_205": 57.85211455659067,
  "A_206": 48.82851797768471,
  "A_207": 156.16103098758,
  "A_208": 36.03899375395575,
  "A_209": 0.0,
  "A_210": 2.142918048125441,
  "A_211": 87.69466865971776,
  "A_212": 110.13831967429878,
  "A_213": 12.076282160399163,
  "A_214": 58.311553632622264,
  "A_215": 131.99558613690195,
  "A_216": 15.585126995193603,
  "A_217": 115.91441422807712,
  "A_218": 53.75094127651781,
  "A_219": 0.0,
  "A_220": 57.065698517173466,
  "A_221": 56.84524667748576,
  "A_222": 1.0935884027146072,
  "A_223": 1.2076282160399163,
  "A_224": 42.367367729864576,
  "A_225": 22.655545155880336,
  "A_226": 0.0,
  "A_227": 0.0,
  "A_228": 121.826602575609,
  "A_229": 0.0,
  "A_230": 3.622884648119749,
  "A_231": 1.2076282160399163,
  "A_232": 58.865655178491814,
  "A_233": 4.830512864159665,
  "A_234": 0.0,
  "A_235": 66.52585081122228,
  "A_236": 128.48168962112052,
  "A_237": 54.988326658172525,
  "A_238": 95.80414974102341,
  "A_239": 8.707841384478959,
  "A_240": 67.24747464375184,
  "A_241": 0.0,
  "A_242": 2.4152564320798326,
  "A_243": 0.0,
  "A_244": 1.2076282160399163,
  "A_245": 1.2076282160399163,
  "A_246": 17.5442241739722,
  "A_247": 46.28132722052473,
  "A_248": 3.622884648119749,
  "A_249": 11.922218456667121,
  "A_250": 80.66755421216811,
  "A_251": 43.944396976484185,
  "A_252": 61.58903901803573,
  "A_253": 60.65543307961254,
  "A_254": 20.40198021449546,
  "A_255": 4.830512864159665,
  "A_256": 50.85484523925014,
  "A_257": 140.75873211845467,
  "A_258": 45.97235786622947,
  "A_259": 0.0,
  "A_260": 26.567820752878163,
  "A_261": 47.62428268171067,
  "A_262": 20.52967967267858,
  "A_263": 0.0,
  "A_264": 61.16600471767396,
  "A_265": 134.64834697359316,
  "A_266": 76.43540165118176,
  "A_267": 10.8507594326044,
  "A_268": 157.82481845692118,
  "A_269": 142.31286543781496,
  "A_270": 77.28820582655464,
  "A_271": 98.75741019821578,
  "A_272": 9.66102572831933,
  "A_273": 47.761293820519036,
  "A_274": 140.36470100147085,
  "A_275": 87.04961172334149,
  "A_276": 16.208054552918,
  "A_277": 108.84141996141446,
  "A_278": 51.145832117196235,
  "A_279": 39.71556193734004,
  "A_280": 52.89050931418201,
  "A_281": 19.694770009060555,
  "A_282": 49.10848414860202,
  "A_283": 85.59081945783237,
  "A_284": 65.29864418976518,
  "A_285": 66.96750847283454,