{
  "A_1": 108.18193683157288,
  "A_2": 71.3683394265774,
  "A_3": 21.76367213426742,
  "A_4": 102.4840428021277,
  "A_5": 90.11677376378243,
  "A_6": 0.0,
  "A_7": 23.744056744866736,
  "A_8": 183.32286407939893,
  "A_9": 48.30512864159665,
  "A_10": 0.0,
  "A_11": 80.9110904746744,
  "A_12": 94.08096103778816,
  "A_13": 30.714094737085972,
  "A_14": 102.09265062297288,
  "A_15": 100.09697273933585,
  "A_16": 82.11871869071432,
  "A_17": 0.0,
  "A_18": 111.99027597721934,
  "A_19": 90.82656007519327,
  "A_20": 53.79859295388745,
  "A_21": 32.60596183307774,
  "A_22": 79.70346225863447,
  "A_23": 53.13564150575631,
  "A_24": 4.830512864159665,
  "A_25": 67.62718009823531,
  "A_26": 48.16895944961946,
  "A_27": 9.116348960410548,
  "A_28": 10.868653944359247,
  "A_29": 95.130290683199,
  "A_30": 7.245769296239498,
  "A_31": 1.0714590240627204,
  "A_32": 42.26698756139707,
  "A_33": 41.05935934535715,
  "A_34": 51.40291492722479,
  "A_35": 10.868653944359247,
  "A_36": 34.446935128081364,
  "A_37": 27.65970012918922,
  "A_38": 69.87047831482826,
  "A_39": 41.945288473669486,
  "A_40": 12.6030644165531,
  "A_41": 97.1479471490405,
  "A_42": 129.77856420126363,
  "A_43": 102.60327252651673,
  "A_44": 183.8757718200601,
  "A_45": 67.98708095263058,
  "A_46": 161.51828840878176,
  "A_47": 60.800913952214984,
  "A_48": 77.08649044545295,
  "A_49": 123.59082047890008,
  "A_50": 77.21846246964496,
  "A_51": 49.51275685763657,
  "A_52": 98.61001923727997,
  "A_53": 129.21621911627105,
  "A_54": 8.980179768433352,
  "A_55": 47.688119844431625,
  "A_56": 71.11389555437788,
  "A_57": 90.17833641342219,
  "A_58": 14.491538592478996,
  "A_59": 94.59652152498347,
  "A_60": 120.11143121682572,
  "A_61": 74.42213084868469,
  "A_62": 67.73771389415921,
  "A_63": 71.627018165674,
  "A_64": 110.90843713102917,
  "A_65": 30.989826041106237,
  "A_66": 85.31520125114761,
  "A_67": 146.01744406129865,
  "A_68": 25.360192536838245,
  "A_69": 51.35694714351747,
  "A_70": 117.64119691330805,
  "A_71": 47.09750042555673,
  "A_72": 19.848833712792597,
  "A_73": 183.28016355205133,
  "A_74": 109.31358877087838,
  "A_75": 3.214377072188161,
  "A_76": 15.699166808518912,
  "A_77": 58.351577523029,
  "A_78": 8.707841384478959,
  "A_79": 76.40561935282575,
  "A_80": 77.64726473411872,
  "A_81": 117.3449070269627,
  "A_82": 80.22505460372469,
  "A_83": 27.661409155592768,
  "A_84": 111.47535637492537,
  "A_85": 38.03132898300933,
  "A_86": 95.06050962717747,
  "A_87": 106.42836264419215,
  "A_88": 9.66102572831933,
  "A_89": 77.8115951626427,
  "A_90": 69.90626733833795,
  "A_91": 22.944936104758412,
  "A_92": 26.56782075287816,
  "A_93": 92.98737263507356,
  "A_94": 67.62718009823533,
  "A_95": 13.28391037643908,
  "A_96": 3.622884648119749,
  "A_97": 49.512756857636575,
  "A_98": 0.0,
  "A_99": 39.85173112931724,
  "A_100": 0.0,
  "A_101": 19.32205145663866,
  "A_102": 41.4006117057607,
  "A_103": 67.11130545177464,
  "A_104": 1.0714590240627204,
  "A_105": 0.0,
  "A_106": 26.56782075287816,
  "A_107": 89.34149152872955,
  "A_108": 5.901971888222386,
  "A_109": 39.95211129778474,
  "A_110": 178.15278274849805,
  "A_111": 39.098553140175014,
  "A_112": 10.460146368427658,
  "A_113": 157.25461939029464,
  "A_114": 152.02498602905226,
  "A_115": 34.885049073180376,
  "A_116": 132.35058610675762,
  "A_117": 79.88632808381465,
  "A_118": 28.460529795701095,
  "A_119": 2.4152564320798326,
  "A_120": 64.32333046727291,
  "A_121": 95.00502910091507,
  "A_122": 97.18295705757214,
  "A_123": 30.190705400997906,
  "A_124": 119.80963726015125,
  "A_125": 122.36106288420828,
  "A_126": 29.201732033647836,
  "A_127": 154.42400671029839,
  "A_128": 88.3576201078489,
  "A_129": 119.90491548214933,
  "A_130": 49.88547541005846,
  "A_131": 187.5650446041355,
  "A_132": 161.879785192245,
  "A_133": 17.279513576980726,
  "A_134": 53.52625456993306,
  "A_135": 70.29688040251469,
  "A_136": 100.11313309194595,
  "A_137": 148.8861077115152,
  "A_138": 89.27000144630445,
  "A_139": 8.181059128325023,
  "A_140": 51.72026605071982,
  "A_141": 95.45356056725339,
  "A_142": 175.17834795682046,
  "A_143": 46.12642156996152,
  "A_144": 134.2619939090547,
  "A_145": 8.866139955108043,
  "A_146": 70.97772636240066,
  "A_147": 131.43312795457385,
  "A_148": 52.433508114049616,
  "A_149": 64.92169077044625,
  "A_150": 66.07743244221946,
  "A_151": 155.08529939750838,
  "A_152": 110.38516089227663,
  "A_153": 6.038141080199582,
  "A_154": 120.53474197734101,
  "A_155": 120.42070216401571,
  "A_156": 11.031187381885369,
  "A_157": 35.938613585488255,
  "A_158": 105.12824594043053,
  "A_159": 62.79666723407564,
  "A_160": 47.09750042555673,
  "A_161": 18.114423240598747,
  "A_162": 94.05883165913627,
  "A_163": 91.50740603507924,
  "A_164": 55.27745371326772,
  "A_165": 79.2949546827029,
  "A_166": 51.7918440977392,
  "A_167": 58.22059824211553,
  "A_168": 24.03852450747302,
  "A_169": 133.02196958957094,
  "A_170": 82.1187186907143,
  "A_171": 107.36487141422725,
  "A_172": 14.491538592478996,
  "A_173": 51.838540730942164,
  "A_174": 146.5961128617193,
  "A_175": 49.76720072983612,
  "A_176": 30.308980081220255,
  "A_177": 7.245769296239498,
  "A_178": 83.1007051560028
}