{
  "A_1": 44.81670415905055,
  "A_2": 66.62124213055587,
  "A_3": 6.428754144376322,
  "A_4": 2.4152564320798326,
  "A_5": 15.699166808518912,
  "A_6": 2.1650474267773276,
  "A_7": 31.36254459352813,
  "A_8": 56.06402054913228,
  "A_9": 109.47867318163921,
  "A_10": 18.895649368952228,
  "A_11": 83.32634690675422,
  "A_12": 15.158724907507168,
  "A_13": 96.53705817436469,
  "A_14": 55.33552291187665,
  "A_15": 15.699166808518912,
  "A_16": 154.06381682937896,
  "A_17": 57.26741389827516,
  "A_18": 117.3245997720499,
  "A_19": 78.04390965619037,
  "A_20": 37.43647469723741,
  "A_21": 133.82437005240962,
  "A_22": 56.11251417333308,
  "A_23": 162.1531414522192,
  "A_24": 100.82205232378439,
  "A_25": 122.621400384226,
  "A_26": 66.8926506030848,
  "A_27": 26.78647560156801,
  "A_28": 0.0,
  "A_29": 48.23192953276803,
  "A_30": 0.0,
  "A_31": 95.96685910773813,
  "A_32": 7.500213168439043,
  "A_33": 21.056461928832515,
  "A_34": 0.0,
  "A_35": 0.0,
  "A_36": 0.0,
  "A_37": 0.0,
  "A_38": 29.596316070938734,
  "A_39": 42.566532137731556,
  "A_40": 45.66602744976325,
  "A_41": 0.0,
  "A_42": 36.228846481197486,
  "A_43": 55.43685812451085,
  "A_44": 36.54457654288328,
  "A_45": 2.279087240102637,
  "A_46": 58.84776066673697,
  "A_47": 167.25175783343622,
  "A_48": 71.37170721390207,
  "A_49": 44.76472965018956,
  "A_50": 18.350972601043445,
  "A_51": 118.43002569588324,
  "A_52": 77.67881889073138,
  "A_53": 58.36947203478385,
  "A_54": 71.23217023460022,
  "A_55": 1.2076282160399163,
  "A_56": 12.993677480729842,
  "A_57": 1.2076282160399163,
  "A_58": 0.0,
  "A_59": 5.581981826898345,
  "A_60": 2.142918048125441,
  "A_61": 4.466264045531851,
  "A_62": 0.0,
  "A_63": 0.0,
  "A_64": 94.80426876398006,
  "A_65": 4.285836096250882,
  "A_66": 59.474923091358406,
  "A_67": 22.944936104758412,
  "A_68": 48.56804224759028,
  "A_69": 4.558174480205274,
  "A_70": 108.83022332519704,
  "A_71": 52.67345039456019,
  "A_72": 16.48039293687239,
  "A_73": 130.3810714067397,
  "A_74": 87.65887963620807,
  "A_75": 5.76580269624519,
  "A_76": 100.54887199299884,
  "A_77": 87.03171721158662,
  "A_78": 52.6215638502935,
  "A_79": 53.999353290822455,
  "A_80": 17.385925603343118,
  "A_81": 2.4152564320798326,
  "A_82": 0.0,
  "A_83": 1.0714590240627204,
  "A_84": 1.2076282160399163,
  "A_85": 0.0,
  "A_86": 0.0,
  "A_87": 22.400259336849626,
  "A_88": 13.928967312815365,
  "A_89": 39.17515773544014,
  "A_90": 58.20270373036068,
  "A_91": 105.79119738856166,
  "A_92": 21.737307888718494,
  "A_93": 85.46926495487966,
  "A_94": 70.61591541967204,
  "A_95": 5.357295120313602,
  "A_96": 123.24266918102927,
  "A_97": 142.43624206450676,
  "A_98": 6.473012901680097,
  "A_99": 114.72468052379205,
  "A_100": 18.350972601043445,
  "A_101": 12.194556840621512,
  "A_102": 106.9349633091394,
  "A_103": 1.2076282160399163,
  "A_104": 101.68578924159175,
  "A_105": 165.10883978531075,
  "A_106": 51.60199137049747,
  "A_107": 34.440752473739096,
  "A_108": 16.90679502455883,
  "A_109": 3.622884648119749,
  "A_110": 0.0,
  "A_111": 10.714590240627205,
  "A_112": 82.60290095048559,
  "A_113": 89.76786848367476,
  "A_114": 77.11105770000404,
  "A_115": 2.142918048125441,
  "A_116": 0.0,
  "A_117": 1.2076282160399163,
  "A_118": 2.4152564320798326,
  "A_119": 58.53963325927288,
  "A_120": 45.1553427143663,
  "A_121": 10.868653944359247,
  "A_122": 38.77084732729375,
  "A_123": 8.453397512279414,
  "A_124": 90.79422680360254,
  "A_125": 51.3782345753382,
  "A_126": 110.61924724408092,
  "A_127": 5.357295120313602,
  "A_128": 7.500213168439043,
  "A_129": 32.60596183307774,
  "A_130": 49.060832471232374,
  "A_131": 15.272764720832477,
  "A_132": 44.5682041801516,
  "A_133": 144.01736794794664,
  "A_134": 95.82204425277824,
  "A_135": 15.136595528855281,
  "A_136": 72.32152377041777,
  "A_137": 29.506466521046054,
  "A_138": 66.05774093946677,
  "A_139": 40.715442914383374,
  "A_140": 3.214377072188161,
  "A_141": 5.493464312290798,
  "A_142": 2.4152564320798326,
  "A_143": 0.0,
  "A_144": 16.366353123547086,
  "A_145": 0.0,
  "A_146": 0.0,
  "A_147": 0.0,
  "A_148": 24.152564320798326,
  "A_149": 1.2076282160399163,
  "A_150": 9.116348960410548,
  "A_151": 11.392043280447309,
  "A_152": 0.0,
  "A_153": 4.830512864159665,
  "A_154": 60.40606602114119,
  "A_155": 68.52668090681114,
  "A_156": 1.0714590240627204,
  "A_157": 162.08072145836863,
  "A_158": 27.547369342267455,
  "A_159": 3.473973156339594,
  "A_160": 126.09947017738585,
  "A_161": 98.31648138609917,
  "A_162": 20.18756023270265,
  "A_163": 11.16396365379669,
  "A_164": 0.0,
  "A_165": 2.4152564320798326,
  "A_166": 0.0,
  "A_167": 1.2076282160399163,
  "A_168": 5.924101266874272,
  "A_169": 1.0714590240627204,
  "A_170": 23.924484694147708,
  "A_171": 31.952322065571856,
  "A_172": 46.86942079890612,
  "A_173": 1.0935884027146072,
  "A_174": 6.038141080199582,
  "A_175": 0.0,
  "A_176": 1.0935884027146072,
  "A_177": 0.0,
  "A_178": 12.466895224575904,
  "A_179": 0.0,
  "A_180": 0.0,
  "A_181": 69.07135767471993,
  "A_182": 38.340210372710274,
  "A_183": 51.637780394007166,
  "A_184": 34.2042031132944,
  "A_185": 22.500639505317128,
  "A_186": 138.813357416387,
  "A_187": 7.109600104262302,
  "A_188": 5.673892261571767,
  "A_189": 1.0714590240627204,
  "A_190": 0.0,
  "A_191": 1.2076282160399163,
  "A_192": 18.895649368952228,
  "A_193": 121.15766953506541,
  "A_194": 34.18630860153955,
  "A_195": 69.39642454977218,
  "A_196": 153.6689688983052,
  "A_197": 80.0864224031071,
  "A_198": 8.453397512279414,
  "A_199": 59.29205726617825,
  "A_200": 42.15294774807177,
  "A_201": 0.0,
  "A_202": 115.775668930124,
  "A_203": 83.80368049454067,
  "A_204": 18.505036304775484,
  "A_205": 30.080900454569637,
  "A_206": 7.500213168439043,
  "A_207": 128.47425032971682,
  "A_208": 50.265909714037576,
  "A_209": 35.402406551373545,
  "A_210": 7.245769296239498,
  "A_211": 13.69325989920183,
  "A_212": 43.5392069223948,
  "A_213": 84.97128482017385,
  "A_214": 132.38782026288794,
  "A_215": 55.70606748218227,
  "A_216": 51.52374058068186,
  "A_217": 17.5442241739722,
  "A_218": 85.85987801905641,
  "A_219": 96.17704422263391,
  "A_220": 0.0,
  "A_221": 67.75900132597995,
  "A_222": 80.4173452068656,
  "A_223": 74.0380397308568,
  "A_224": 4.830512864159665,
  "A_225": 143.85666920053023,
  "A_226": 127.47482174201562,
  "A_227": 26.56782075287816,
  "A_228": 82.11274966467252,
  "A_229": 114.33830232651235,
  "A_230": 81.05825524093916,
  "A_231": 5.401553877617376,
  "A_232": 0.0,
  "A_233": 2.279087240102637,
  "A_234": 0.0,
  "A_235": 1.2076282160399163,
  "A_236": 29.201732033647836,
  "A_237": 48.6599526822637,
  "A_238": 6.428754144376322,
  "A_239": 51.9280132897164,
  "A_240": 24.01639512882113,
  "A_241": 134.59730237615764,
  "A_242": 19.32205145663866,
  "A_243": 10.732484752382051,
  "A_244": 61.09105888332991,
  "A_245": 22.8308962914331,
  "A_246": 2.4152564320798326,
  "A_247": 6.038141080199582,
  "A_248": 30.29108556946541,
  "A_249": 6.428754144376322,
  "A_250": 6.428754144376322,
  "A_251": 7.245769296239498,
  "A_252": 50.17570830576771,
  "A_253": 111.08387623117622,
  "A_254": 0.0,
  "A_255": 36.25265975351171,
  "A_256": 4.830512864159665,
  "A_257": 1.0714590240627204,
  "A_258": 57.285308410030005,
  "A_259": 24.25294448926583,
  "A_260": 23.04531627322591,
  "A_261": 67.79818326955552,
  "A_262": 67.66201407757832,
  "A_263": 151.21641547824197,
  "A_264": 123.6332571124648,
  "A_265": 142.89646025551642,
  "A_266": 73.84055921665214,
  "A_267": 142.50094630680007,
  "A_268": 44.076255903340666,
  "A_269": 58.49293662606991,
  "A_270": 104.61077536490184,
  "A_271": 65.3744571036816,
  "A_272": 5.357295120313602,
  "A_273": 107.47891122755254,
  "A_274": 8.453397512279414,
  "A_275": 57.98657472216432,
  "A_276": 38.371764529322924,
  "A_277": 117.37648631631657,
  "A_278": 193.6391255042922,
  "A_279": 34.88504907318038,
  "A_280": 113.49217089393571,
  "A_281": 20.357721457191687,
  "A_282": 70.51553525120454,