{
  "A_1": 207.66514289736222,
  "A_2": 203.305316010934,
  "A_3": 188.16615694247338,
  "A_4": 148.21301520229827,
  "A_5": 116.98753201306096,
  "A_6": 195.14977918132678,
  "A_7": 52.98581266892131,
  "A_8": 151.47434023510166,
  "A_9": 103.96731435759358,
  "A_10": 63.972741293502914,
  "A_11": 99.02551371527314,
  "A_12": 58.24272762076741,
  "A_13": 145.68640816020462,
  "A_14": 168.97433078451132,
  "A_15": 101.30460095537578,
  "A_16": 40.50102293259056,
  "A_17": 47.87872655391021,
  "A_18": 54.34326972179623,
  "A_19": 104.94961498214742,
  "A_20": 32.355752827775234,
  "A_21": 99.2799575874727,
  "A_22": 72.18535457844058,
  "A_23": 51.79184409773921,
  "A_24": 70.5692187864691,
  "A_25": 44.392011097767664,
  "A_26": 89.36448798695382,
  "A_27": 19.32205145663866,
  "A_28": 35.820338905265906,
  "A_29": 106.04320338486201,
  "A_30": 121.97044982003155,
  "A_31": 24.152564320798326,
  "A_32": 97.40937792330163,
  "A_33": 62.64260353034361,
  "A_34": 28.7107388010036,
  "A_35": 94.85795229924462,
  "A_36": 144.88386946728917,
  "A_37": 85.36189788435058,
  "A_38": 57.05722878337939,
  "A_39": 29.91836701704352,
  "A_40": 132.62886838401258,
  "A_41": 36.22884648119749,
  "A_42": 26.940539305300053,
  "A_43": 108.79782722175324,
  "A_44": 56.07768019399008,
  "A_45": 64.57777433947247,
  "A_46": 82.29401956078465,
  "A_47": 101.11472309539282,
  "A_48": 59.063977639527636,
  "A_49": 27.775448968918077,
  "A_50": 36.22884648119749,
  "A_51": 100.51638792496072,
  "A_52": 73.34362209070731,
  "A_53": 0.0,
  "A_54": 27.75161056386264,
  "A_55": 84.12546754686255,
  "A_56": 19.32205145663866,
  "A_57": 0.0,
  "A_58": 132.78716695464166,
  "A_59": 36.619459545374234,
  "A_60": 6.038141080199582,
  "A_61": 7.500213168439043,
  "A_62": 52.41900652236065,
  "A_63": 20.920292736855316,
  "A_64": 5.357295120313602,
  "A_65": 102.99217656428993,
  "A_66": 128.77192251682976,
  "A_67": 11.553734771142267,
  "A_68": 85.6309187464628,
  "A_69": 79.03955576633666,
  "A_70": 158.46305185405384,
  "A_71": 218.34576623821886,
  "A_72": 67.84247972597113,
  "A_73": 132.8799444688875,
  "A_74": 110.46094867345184,
  "A_75": 105.86277543558106,
  "A_76": 85.19435046494935,
  "A_77": 32.61527351370299,
  "A_78": 28.846907992980796,
  "A_79": 53.412214756607746,
  "A_80": 45.77583239619151,
  "A_81": 2.4152564320798326,
  "A_82": 73.69412329988302,
  "A_83": 135.77839041746003,
  "A_84": 20.688015942419504,
  "A_85": 19.16798775290662,
  "A_86": 61.2630170988168,
  "A_87": 94.25278102319831,
  "A_88": 99.82463435538148,
  "A_89": 31.123444259848725,
  "A_90": 16.071885360940808,
  "A_91": 68.6449555870335,
  "A_92": 34.33697938520572,
  "A_93": 0.0,
  "A_94": 0.0,
  "A_95": 0.0,
  "A_96": 0.0,
  "A_97": 36.58367052186453,
  "A_98": 59.13799356244621,
  "A_99": 97.20424448939286,
  "A_100": 0.0,
  "A_101": 60.38141080199582,
  "A_102": 6.701092528330714,
  "A_103": 40.514682577448376,
  "A_104": 10.868653944359247,
  "A_105": 2.3012166187545233,
  "A_106": 30.409360249687758,
  "A_107": 55.47931989081677,
  "A_108": 73.10274989877126,
  "A_109": 107.98081206989006,
  "A_110": 76.46353775498733,
  "A_111": 62.21620144265718,
  "A_112": 50.939039922366334,
  "A_113": 141.4882224989889,
  "A_114": 67.16159606697332,
  "A_115": 50.139919282258006,
  "A_116": 23.607887552889544,
  "A_117": 47.83107487654057,
  "A_118": 81.16553434687393,
  "A_119": 109.59694786186157,
  "A_120": 79.73226438008258,
  "A_121": 12.87540280050749,
  "A_122": 133.39814389391182,
  "A_123": 163.92673386798862,
  "A_124": 14.491538592478996,
  "A_125": 120.87089239127513,
  "A_126": 30.154916377488213,
  "A_127": 81.89307693996288,
  "A_128": 126.04758363311916,
  "A_129": 112.41569788799788,
  "A_130": 51.81301843222441,
  "A_131": 73.82020169625689,
  "A_132": 103.93256834284487,
  "A_133": 70.016047152025,
  "A_134": 89.10485420369054,
  "A_135": 28.983077184957992,
  "A_136": 56.161007797533905,
  "A_137": 203.94184038166316,
  "A_138": 140.6225629264775,
  "A_139": 79.36378069455773,
  "A_140": 146.99943052658713,
  "A_141": 52.981577802024276,
  "A_142": 31.398333617037824,
  "A_143": 0.0,
  "A_144": 0.0,
  "A_145": 0.0,
  "A_146": 2.4152564320798326,
  "A_147": 16.071885360940808,
  "A_148": 36.31649691623265,
  "A_149": 34.74887988120318,
  "A_150": 17.68802115291231,
  "A_151": 79.74760791860274,
  "A_152": 30.190705400997906,
  "A_153": 134.8711110254739,
  "A_154": 72.68481754487891,
  "A_155": 74.4652837653744,
  "A_156": 124.89459399651048,
  "A_157": 215.47007798682884,
  "A_158": 220.4963120733072,
  "A_159": 136.42617425625963,
  "A_160": 80.3799602542879,
  "A_161": 188.07752633053033,
  "A_162": 181.76458385773591,
  "A_163": 137.87287767323775,
  "A_164": 178.97472391764202,
  "A_165": 118.31177614840212,
  "A_166": 227.65017093487327,
  "A_167": 132.2836324841243,
  "A_168": 168.82691469083426,
  "A_169": 61.85195262402936,
  "A_170": 207.55709724281996,
  "A_171": 99.22288113214226,
  "A_172": 123.34484634049463,
  "A_173": 108.80481412381481,
  "A_174": 161.10117286897935,
  "A_175": 127.88512630894505,
  "A_176": 121.01874830792367,
  "A_177": 57.175503463601736,
  "A_178": 128.34717919006442,
  "A_179": 47.18938572748895,
  "A_180": 4.830512864159665,
  "A_181": 1.2076282160399163,
  "A_182": 0.0,
  "A_183": 0.0,
  "A_184": 0.0,
  "A_185": 0.0,
  "A_186": 56.53288440312464,
  "A_187": 1.2076282160399163,
  "A_188": 41.432077897779045,
  "A_189": 120.21539280091831,
  "A_190": 11.962242347073854,
  "A_191": 61.18053144210415,
  "A_192": 59.15588807420106,
  "A_193": 57.42147760200721,
  "A_194": 58.98222083231062,
  "A_195": 76.30346732610161,
  "A_196": 18.114423240598747,
  "A_197": 54.42575537850888,
  "A_198": 108.09079294550693,
  "A_199": 151.7645479980697,
  "A_200": 79.75277269692525,
  "A_201": 22.949170971655448,
  "A_202": 118.87434742806573,
  "A_203": 101.30460095537576,
  "A_204": 78.35966485061736,
  "A_205": 51.11099813785322,
  "A_206": 150.83948719166423,
  "A_207": 48.03279025764226,
  "A_208": 35.02121826515757,
  "A_209": 52.20458654056783,
  "A_210": 65.97525528275412,
  "A_211": 78.35966485061736,
  "A_212": 53.13564150575632,
  "A_213": 104.94961498214741,
  "A_214": 57.0350994047275,
  "A_215": 35.64838068977902,
  "A_216": 75.80823922656035,
  "A_217": 88.1568597709139,
  "A_218": 71.98184220634104,
  "A_219": 55.32281831118553,
  "A_220": 135.11819100449344,
  "A_221": 165.83312768841057,
  "A_222": 109.8447189912649,
  "A_223": 130.80338942397645,
  "A_224": 151.62666977968897,
  "A_225": 123.83160470624182,
  "A_226": 72.45769296239499,
  "A_227": 171.44913924693265,
  "A_228": 57.7584071309194,
  "A_229": 125.60607676795429,
  "A_230": 111.45404381036342,
  "A_231": 112.17325489973501,
  "A_232": 99.02551371527314,
  "A_233": 104.70869252472893,
  "A_234": 80.25904663623653,
  "A_235": 98.76408294101199,
  "A_236": 107.87681278668562,
  "A_237": 110.0047894201506,
  "A_238": 171.44913924693265,
  "A_239": 128.32261193551335,
  "A_240": 120.34732712599846,
  "A_241": 150.15267220573645,
  "A_242": 101.44077014735298,
  "A_243": 64.00429545011556,
  "A_244": 52.86330312180193,
  "A_245": 101.21269052070237,
  "A_246": 5.493464312290798,
  "A_247": 128.0119586875558,
  "A_248": 118.07522678795742,
  "A_249": 24.951684960906654,
  "A_250": 52.84540861004707,
  "A_251": 35.978637475894985,
  "A_252": 83.09826728010361,
  "A_253": 7.109600104262302,
  "A_254": 126.9558432020132,
  "A_255": 137.60894619122433,
  "A_256": 72.45769296239497,
  "A_257": 131.8944268534564,
  "A_258": 79.62254739824863,
  "A_259": 60.24524161001862,
  "A_260": 15.699166808518912,
  "A_261": 61.2630170988168,
  "A_262": 63.81867758977087,
  "A_263": 78.35966485061735,
  "A_264": 52.99521231414087,
  "A_265": 40.24234419349398,
  "A_266": 96.61025728319332,
  "A_267": 1.2076282160399163,
  "A_268": 101.02545159854841,
  "A_269": 103.00745727095698,
  "A_270": 118.0752267879574,
  "A_271": 14.219200208524605,
  "A_272": 140.43271019923577,
  "A_273": 142.28302030760588,