{
  "A_1": 217.13299837659764,
  "A_2": 181.78166155540083,
  "A_3": 152.00433948213288,
  "A_4": 178.20642858465072,
  "A_5": 159.3617107157985,
  "A_6": 99.02551371527314,
  "A_7": 55.827471188687575,
  "A_8": 53.27604556463055,
  "A_9": 143.05839050725308,
  "A_10": 105.71961934154227,
  "A_11": 134.15724064361342,
  "A_12": 172.12652945489964,
  "A_13": 136.5553816789165,
  "A_14": 79.92211710732433,
  "A_15": 52.28283733038345,
  "A_16": 101.87816780932698,
  "A_17": 74.64486976782419,
  "A_18": 47.01066680461152,
  "A_19": 147.19870803178964,
  "A_20": 118.2113959799346,
  "A_21": 18.27695667812487,
  "A_22": 185.85300227163526,
  "A_23": 118.65216142923327,
  "A_24": 103.78282747060419,
  "A_25": 109.94095225742966,
  "A_26": 45.03706803414395,
  "A_27": 76.31712697095944,
  "A_28": 85.74160333883407,
  "A_29": 96.6102572831933,
  "A_30": 148.17645963018109,
  "A_31": 86.94923155487398,
  "A_32": 92.85120344309635,
  "A_33": 59.47240981723555,
  "A_34": 101.32673033402766,
  "A_35": 105.86277543558106,
  "A_36": 112.72216653454083,
  "A_37": 109.89416765963239,
  "A_38": 78.21495052662243,
  "A_39": 132.0220886125276,
  "A_40": 162.80002051233456,
  "A_41": 137.66961662855047,
  "A_42": 46.983460612231426,
  "A_43": 31.284293803712515,
  "A_44": 99.58602411015603,
  "A_45": 83.58079077895377,
  "A_46": 98.88934452329595,
  "A_47": 95.13029068319901,
  "A_48": 33.268913281208874,
  "A_49": 34.47654149724879,
  "A_50": 137.03546730186744,
  "A_51": 50.97482894587603,
  "A_52": 166.68756549196334,
  "A_53": 107.598844668696,
  "A_54": 103.7198573874556,
  "A_55": 154.2547125653817,
  "A_56": 88.15685977091388,
  "A_57": 122.4972320761855,
  "A_58": 185.26666798513983,
  "A_59": 66.2833826902182,
  "A_60": 73.6653211784349,
  "A_61": 128.2102811485916,
  "A_62": 35.02121826515757,
  "A_63": 119.54820648589015,
  "A_64": 104.38280883558674,
  "A_65": 61.28091161057165,
  "A_66": 93.92266246715909,
  "A_67": 170.84207044892352,
  "A_68": 82.5918174116037,
  "A_69": 143.51091807944672,
  "A_70": 114.79434848247807,
  "A_71": 111.88302200402579,
  "A_72": 112.09828393264976,
  "A_73": 157.22821744563382,
  "A_74": 177.5860017346786,
  "A_75": 185.25118621654298,
  "A_76": 71.17848669933568,
  "A_77": 145.33903597731188,
  "A_78": 139.5366651425789,
  "A_79": 153.46151068583276,
  "A_80": 200.31549998162444,
  "A_81": 180.30932274236943,
  "A_82": 160.6187876002059,
  "A_83": 181.28290230571693,
  "A_84": 160.43662549178018,
  "A_85": 144.36717800673856,
  "A_86": 112.95448102808851,
  "A_87": 136.91898961264292,
  "A_88": 110.94773217194026,
  "A_89": 123.87162859664855,
  "A_90": 112.86257059341509,
  "A_91": 167.4438725073885,
  "A_92": 91.94471573245896,
  "A_93": 140.89246343453271,
  "A_94": 162.68314069925037,
  "A_95": 157.61692042147718,
  "A_96": 157.84160712806192,
  "A_97": 140.72801990867322,
  "A_98": 131.47889467635133,
  "A_99": 104.48318900405425,
  "A_100": 78.34768909942187,
  "A_101": 127.72766968514713,
  "A_102": 100.76923586809224,
  "A_103": 109.04220543109068,
  "A_104": 169.740854259246,
  "A_105": 138.95451545749808,
  "A_106": 90.6733383182924,
  "A_107": 125.81198931684115,
  "A_108": 121.78387691552015,
  "A_109": 116.67255593361205,
  "A_110": 100.78533338884924,
  "A_111": 177.44785962251493,
  "A_112": 148.32014351178566,
  "A_113": 181.6630727159131,
  "A_114": 169.56042630996504,
  "A_115": 131.1896796566619,
  "A_116": 124.98554938701722,
  "A_117": 106.04320338486201,
  "A_118": 128.66455544630068,
  "A_119": 147.67847949547527,
  "A_120": 73.22525944589066,
  "A_121": 126.77608127037479,
  "A_122": 129.60408014528326,
  "A_123": 129.21025009022924,
  "A_124": 59.314186644830144,
  "A_125": 26.20357193425034,
  "A_126": 108.57249963026716,
  "A_127": 167.71815867878814,
  "A_128": 125.31824404903236,
  "A_129": 186.44533071691367,
  "A_130": 98.75317533131874,
  "A_131": 138.64319619189794,
  "A_132": 103.57508023160759,
  "A_133": 57.83422004483583,
  "A_134": 116.61738956661499,
  "A_135": 88.51165867883974,
  "A_136": 139.92805732173372,
  "A_137": 149.85051382431416,
  "A_138": 146.86146434361208,
  "A_139": 251.80093826467373
}