{
  "A_1": 249.5618497822366,
  "A_2": 148.31590864488862,
  "A_3": 188.15320101436998,
  "A_4": 125.58390969019054,
  "A_5": 136.44056275061308,
  "A_6": 98.55134685288154,
  "A_7": 138.87455564127893,
  "A_8": 201.93169860544901,
  "A_9": 192.35834844490608,
  "A_10": 130.85445915415323,
  "A_11": 83.87006863049632,
  "A_12": 91.41715436132694,
  "A_13": 164.74888866543307,
  "A_14": 191.95753148779048,
  "A_15": 131.62889944237494,
  "A_16": 176.20635247129871,
  "A_17": 134.43734504460747,
  "A_18": 61.417080802548845,
  "A_19": 120.76282160399164,
  "A_20": 91.77974441903365,
  "A_21": 64.1446995089898,
  "A_22": 83.32634690675422,
  "A_23": 78.35966485061736,
  "A_24": 104.51897802756392,
  "A_25": 148.4242307595844,
  "A_26": 105.99894462755825,
  "A_27": 59.15588807420105,
  "A_28": 155.5117014851948,
  "A_29": 52.555175714337835,
  "A_30": 42.27122242829412,
  "A_31": 59.222276210156714,
  "A_32": 139.33668392062197,
  "A_33": 38.64410291327732,
  "A_34": 166.60748001203797,
  "A_35": 164.48593736032757,
  "A_36": 33.11484957747683,
  "A_37": 131.72220474418657,
  "A_38": 79.06931293195146,
  "A_39": 90.41805249926169,
  "A_40": 145.65383612757216,
  "A_41": 55.852038443238655,
  "A_42": 55.638611204724384,
  "A_43": 30.19070540099791,
  "A_44": 51.96284726905941,
  "A_45": 4.69434367218247,
  "A_46": 115.56530788603962,
  "A_47": 27.603490753431185,
  "A_48": 0.0,
  "A_49": 94.37786667629362,
  "A_50": 3.214377072188161,
  "A_51": 35.003323753402725,
  "A_52": 13.928967312815365,
  "A_53": 33.14121382302576,
  "A_54": 51.43606501290547,
  "A_55": 42.74008628228647,
  "A_56": 92.81541441958666,
  "A_57": 4.830512864159665,
  "A_58": 47.73313258397226,
  "A_59": 3.214377072188161,
  "A_60": 90.88181440678461,
  "A_61": 24.152564320798326,
  "A_62": 86.6180197245913,
  "A_63": 15.585126995193603,
  "A_64": 49.1169538823961,
  "A_65": 5.357295120313602,
  "A_66": 71.33255040306773,
  "A_67": 59.1737825859559,
  "A_68": 39.84230635135647,
  "A_69": 76.40468944140028,
  "A_70": 36.18203675065901,
  "A_71": 143.70178868270824,
  "A_72": 56.70484261861152,
  "A_73": 108.34262301261867,
  "A_74": 58.7243840400452,
  "A_75": 128.96505506680185,
  "A_76": 1.2076282160399163,
  "A_77": 145.97661592317263,
  "A_78": 86.20951214865973,
  "A_79": 28.420505905294362,
  "A_80": 36.175162945932954,
  "A_81": 65.46297461828915,
  "A_82": 0.0,
  "A_83": 0.0,
  "A_84": 17.82419034488951,
  "A_85": 3.214377072188161,
  "A_86": 74.08473636405975,
  "A_87": 73.00150265073138,
  "A_88": 75.93498364057677,
  "A_89": 122.60851985434627,
  "A_90": 15.357047368542986,
  "A_91": 54.18920601806419,
  "A_92": 84.39780593081694,
  "A_93": 46.552823657647956,
  "A_94": 10.868653944359247,
  "A_95": 76.90943028349665,
  "A_96": 143.226892970821,
  "A_97": 15.471087181868294,
  "A_98": 36.66116732944329,
  "A_99": 95.07658201519325,
  "A_100": 74.04140751818146,
  "A_101": 0.0,
  "A_102": 16.90679502455883,
  "A_103": 59.79245014404204,
  "A_104": 32.60596183307774,
  "A_105": 0.0,
  "A_106": 125.72606047458018,
  "A_107": 109.2183733807334,
  "A_108": 6.973430912285107,
  "A_109": 17.209732520959186,
  "A_110": 131.39742689565844,
  "A_111": 42.26698756139707,
  "A_112": 62.11582127418967,
  "A_113": 90.5542216912389,
  "A_114": 50.904180810282114,
  "A_115": 35.63048617802417,
  "A_116": 136.36750187186118,
  "A_117": 111.16212702099185,
  "A_118": 57.21373036301061,
  "A_119": 50.25819396248036,
  "A_120": 55.8053418100357,
  "A_121": 68.89939945923304,
  "A_122": 15.699166808518912,
  "A_123": 45.77583239619151,
  "A_124": 68.35895755822129,
  "A_125": 13.28391037643908,
  "A_126": 116.92630865542779,
  "A_127": 95.2664598751762,
  "A_128": 91.79836778028414,
  "A_129": 54.0172478025773,
  "A_130": 90.08014279344158,
  "A_131": 96.70721939885372,
  "A_132": 4.69434367218247,
  "A_133": 61.589039018035734,
  "A_134": 111.62159122976465,
  "A_135": 57.60434342718736,
  "A_136": 53.74490941862291,
  "A_137": 89.0154696095106,
  "A_138": 151.72284021400063,
  "A_139": 84.25311673956324,
  "A_140": 42.13081836941987,
  "A_141": 59.0376133939787,
  "A_142": 65.21192366615549,
  "A_143": 31.36254459352813,
  "A_144": 167.50959462570162,
  "A_145": 135.06955915021587,
  "A_146": 63.01955694966254,
  "A_147": 98.69949179605422,
  "A_148": 42.385262241619415,
  "A_149": 54.027514527369235,
  "A_150": 164.48251930752048,
  "A_151": 128.50709882250277,
  "A_152": 42.485642410086925,
  "A_153": 48.30512864159665,
  "A_154": 117.11505554205544,
  "A_155": 114.88211201484876,
  "A_156": 21.601138696741298,
  "A_157": 105.26363601742965,
  "A_158": 86.16101852445891,
  "A_159": 73.22525944589066,
  "A_160": 24.152564320798326,
  "A_161": 103.58368819547842,
  "A_162": 65.70291689879971,
  "A_163": 10.732484752382051,
  "A_164": 102.984548777327,
  "A_165": 57.97038923681303,
  "A_166": 55.96364038066478,
  "A_167": 15.699166808518912,
  "A_168": 79.00808957431832,
  "A_169": 60.79415324482444,
  "A_170": 12.076282160399163,
  "A_171": 48.30512864159665,
  "A_172": 112.29997418101024,
  "A_173": 35.86459766256967,
  "A_174": 59.80094501057734,
  "A_175": 119.82834858599605,
  "A_176": 60.908193058149756,
  "A_177": 6.701092528330714,
  "A_178": 79.44899325369371,
  "A_179": 70.82789752556566,
  "A_180": 118.43005082862446,
  "A_181": 2.4152564320798326,
  "A_182": 112.89526828975366,
  "A_183": 142.47446896391563,
  "A_184": 44.49239126623517,
  "A_185": 66.30551206887009,
  "A_186": 29.506466521046057,
  "A_187": 89.8265408680732,
  "A_188": 170.52231914864117,
  "A_189": 13.538354248638624,
  "A_190": 93.65032408320468,
  "A_191": 109.51368309017083,
  "A_192": 1.2076282160399163,
  "A_193": 55.55089793783615,
  "A_194": 126.77608127037479,
  "A_195": 8.20318850697691,
  "A_196": 15.562997616541717,
  "A_197": 80.53138502019092,
  "A_198": 44.844777431003024,
  "A_199": 0.0,
  "A_200": 56.09470762617255,
  "A_201": 127.98370948641471,
  "A_202": 11.826073155096658,
  "A_203": 26.178891582363747,
  "A_204": 33.81359004911766,
  "A_205": 28.983077184957992,
  "A_206": 32.197454257146155,
  "A_207": 89.70487326778498,
  "A_208": 92.82139601199913,
  "A_209": 2.4152564320798326,
  "A_210": 31.072311697818893,
  "A_211": 8.453397512279414,
  "A_212": 73.72913320841462,
  "A_213": 0.0,
  "A_214": 20.529679672678576,
  "A_215": 25.36019253683824,
  "A_216": 57.32014238937301,
  "A_217": 1.2076282160399163,
  "A_218": 99.34454873243048,
  "A_219": 5.357295120313602,
  "A_220": 30.190705400997906,
  "A_221": 148.9398540786328,
  "A_222": 56.604437317402805,
  "A_223": 64.49528868275982,
  "A_224": 0.0,
  "A_225": 100.33688988710522,
  "A_226": 92.84177866513559,
  "A_227": 61.2630170988168,
  "A_228": 53.37642573309806,
  "A_229": 92.02899838016947,
  "A_230": 1.0714590240627204,
  "A_231": 62.452750803101864,
  "A_232": 87.96700704367215,
  "A_233": 61.05706685081807,
  "A_234": 55.30237282619598,
  "A_235": 67.13946668832142,
  "A_236": 1.2076282160399163,
  "A_237": 3.7020527829902123,
  "A_238": 6.038141080199582,
  "A_239": 0.0,
  "A_240": 21.737307888718494,
  "A_241": 10.732484752382051,
  "A_242": 36.57180786800458,
  "A_243": 156.01036020391385,
  "A_244": 63.8204494480275,
  "A_245": 15.839608566504992,
  "A_246": 50.606345260351176,
  "A_247": 0.0,
  "A_248": 41.10614394315442,
  "A_249": 0.0,
  "A_250": 27.482665099974128,
  "A_251": 0.0,
  "A_252": 97.69787665986611,
  "A_253": 110.94074526987868,
  "A_254": 104.85590755647613,
  "A_255": 48.32978386074203,
  "A_256": 33.79569553736281,
  "A_257": 93.48260073461483,
  "A_258": 76.09148522020799,
  "A_259": 0.0,
  "A_260": 41.67039911648038,
  "A_261": 35.275662137357116,
  "A_262": 24.40700819299787,
  "A_263": 8.339357698954105,
  "A_264": 50.57479110373852,
  "A_265": 2.142918048125441,
  "A_266": 68.42711755243359,
  "A_267": 0.0,
  "A_268": 50.58421588169929,
  "A_269": 0.0,
  "A_270": 114.83596830195283,
  "A_271": 95.55150285982171,
  "A_272": 65.29440932286813,
  "A_273": 25.36019253683824,
  "A_274": 163.8831411283274,