{
  "A_1": 242.09319077041025,
  "A_2": 136.39291107324345,
  "A_3": 56.675085452996726,
  "A_4": 34.54292963320445,
  "A_5": 98.19060405165513,
  "A_6": 45.75370301753962,
  "A_7": 55.63422554137997,
  "A_8": 142.45735356713885,
  "A_9": 8.59380157115365,
  "A_10": 1.2076282160399163,
  "A_11": 45.889872209516824,
  "A_12": 4.830512864159665,
  "A_13": 0.0,
  "A_14": 8.980179768433352,
  "A_15": 9.77930040854168,
  "A_16": 0.0,
  "A_17": 21.5653496732316,
  "A_18": 57.32954203459256,
  "A_19": 62.89704740254315,
  "A_20": 20.942422115507206,
  "A_21": 25.73291108926014,
  "A_22": 24.789993470211698,
  "A_23": 63.79654821111898,
  "A_24": 113.19448614045217,
  "A_25": 0.0,
  "A_26": 3.4867154561425533,
  "A_27": 153.19407318641794,
  "A_28": 119.1081447533459,
  "A_29": 63.151491274742696,
  "A_30": 71.08657626466226,
  "A_31": 92.01629377947833,
  "A_32": 79.70769712553151,
  "A_33": 63.125968976024936,
  "A_34": 80.10677992350233,
  "A_35": 37.1862656919349,
  "A_36": 0.0,
  "A_37": 35.64838068977901,
  "A_38": 150.88618382486717,
  "A_39": 22.500639505317128,
  "A_40": 0.0,
  "A_41": 130.53191811959448,
  "A_42": 76.7613984376595,
  "A_43": 1.2076282160399163,
  "A_44": 26.804370113322857,
  "A_45": 101.23302290835639,
  "A_46": 48.664187549160744,
  "A_47": 51.61988588225232,
  "A_48": 132.36992575113308,
  "A_49": 51.405465900459504,
  "A_50": 87.17815312835576,
  "A_51": 1.2076282160399163,
  "A_52": 9.915469600518875,
  "A_53": 70.82366265866862,
  "A_54": 140.4158335635007,
  "A_55": 68.02626289620613,
  "A_56": 147.77642178804356,
  "A_57": 225.2825661801631,
  "A_58": 45.71791399402993,
  "A_59": 22.654703209049174,
  "A_60": 117.00101572873015,
  "A_61": 36.18542967072488,
  "A_62": 25.36019253683824,
  "A_63": 124.37109156308689,
  "A_64": 50.5126378346799,
  "A_65": 0.0,
  "A_66": 118.45392693279177,
  "A_67": 129.30293963988072,
  "A_68": 21.73730788871849,
  "A_69": 25.36019253683824,
  "A_70": 134.08586365852383,
  "A_71": 102.10030354267701,
  "A_72": 3.5088448347944396,
  "A_73": 10.596315560404856,
  "A_74": 69.68062558758652,
  "A_75": 66.30551206887009,
  "A_76": 8.453397512279414,
  "A_77": 28.41372006516261,
  "A_78": 87.07841384478958,
  "A_79": 66.2833826902182,
  "A_80": 50.95693443412118,
  "A_81": 13.28391037643908,
  "A_82": 94.05883165913627,
  "A_83": 95.40092004074984,
  "A_84": 36.70797705998178,
  "A_85": 149.00717212601393,
  "A_86": 108.53247573986043,
  "A_87": 81.1764419565672,
  "A_88": 27.603490753431185,
  "A_89": 135.60918423713767,
  "A_90": 104.16140195173236,
  "A_91": 126.20002627504195,
  "A_92": 23.53810649686801,
  "A_93": 49.358693153904525,
  "A_94": 19.185882264661466,
  "A_95": 47.76045187368788,
  "A_96": 129.53360793887794,
  "A_97": 1.2076282160399163,
  "A_98": 67.37271109329455,
  "A_99": 0.0,
  "A_100": 0.0,
  "A_101": 0.0,
  "A_102": 4.3522242322065425,
  "A_103": 34.68078271884397,
  "A_104": 6.038141080199582,
  "A_105": 1.0714590240627204,
  "A_106": 89.93796687631072,
  "A_107": 30.989826041106234,
  "A_108": 93.51415489122749,
  "A_109": 151.22328928296798,
  "A_110": 16.5646755845829,
  "A_111": 13.28391037643908,
  "A_112": 56.8989302127503,
  "A_113": 119.11348546085702,
  "A_114": 0.0,
  "A_115": 54.34326972179624,
  "A_116": 110.9894148232681,
  "A_117": 22.53642852882682,
  "A_118": 0.0,
  "A_119": 85.74328723249639,
  "A_120": 180.85226535113344,
  "A_121": 96.58714772763352,
  "A_122": 12.076282160399163,
  "A_123": 89.46486815542131,
  "A_124": 111.03021782865292,
  "A_125": 2.142918048125441,
  "A_126": 99.84842249495448,
  "A_127": 42.306056407637115,
  "A_128": 64.08678110682823,
  "A_129": 44.172401204911125,
  "A_130": 59.56439565013264,
  "A_131": 64.21352552084466,
  "A_132": 43.1306993464632,
  "A_133": 3.622884648119749,
  "A_134": 25.38655678238717,
  "A_135": 16.495736475392533,
  "A_136": 2.279087240102637,
  "A_137": 0.0,
  "A_138": 4.830512864159665,
  "A_139": 4.285836096250882,
  "A_140": 10.754614131033938,
  "A_141": 2.142918048125441,
  "A_142": 51.51950571378482,
  "A_143": 12.058387648644317,
  "A_144": 5.467942013573036,
  "A_145": 79.11102071602052,
  "A_146": 0.0,
  "A_147": 10.003987115126423,
  "A_148": 0.0,
  "A_149": 0.0,
  "A_150": 0.0,
  "A_151": 0.0,
  "A_152": 0.0,
  "A_153": 12.076282160399163,
  "A_154": 80.12711231115638,
  "A_155": 40.10617500151678,
  "A_156": 159.73622625921823,
  "A_157": 60.80262297861853,
  "A_158": 165.5775277101145,
  "A_159": 70.17002289116274,
  "A_160": 76.98176231275289,
  "A_161": 51.362891036818056,
  "A_162": 38.49427407644232,
  "A_163": 53.8810786106001,
  "A_164": 139.7136373399409,
  "A_165": 65.82119157902207,
  "A_166": 100.38106067981468,
  "A_167": 3.214377072188161,
  "A_168": 3.5088448347944396,
  "A_169": 10.868653944359247,
  "A_170": 0.0,
  "A_171": 107.72144218040971,
  "A_172": 26.78647560156801,
  "A_173": 21.737307888718494,
  "A_174": 6.7896100429382615,
  "A_175": 0.0,
  "A_176": 0.0,
  "A_177": 0.0,
  "A_178": 50.43015217796725,
  "A_179": 119.16182828861042,
  "A_180": 7.245769296239498,
  "A_181": 72.98447521854891,
  "A_182": 4.830512864159665,
  "A_183": 9.643131216564484,
  "A_184": 161.08765145419827,
  "A_185": 29.10135186518034,
  "A_186": 106.93423445964376,
  "A_187": 97.80750567710577,
  "A_188": 56.740631642121215,
  "A_189": 0.0,
  "A_190": 31.398333617037824,
  "A_191": 60.14814126428146,
  "A_192": 73.77417108069648,
  "A_193": 66.6254769974529,
  "A_194": 1.2076282160399163,
  "A_195": 86.17729197440451,
  "A_196": 130.89694605320037,
  "A_197": 60.463896458708476,
  "A_198": 26.567820752878163,
  "A_199": 0.0,
  "A_200": 4.422005288228077,
  "A_201": 14.729042997090387,
  "A_202": 7.566601304394704,
  "A_203": 81.19433646832205,
  "A_204": 3.280765208143822,
  "A_205": 43.202277393482596,
  "A_206": 4.285836096250882,
  "A_207": 91.15415279073902,
  "A_208": 43.266868538440406,
  "A_209": 41.17763402557951,
  "A_210": 133.74534014761596,
  "A_211": 103.5240607669133,
  "A_212": 76.17162096561576,
  "A_213": 99.87736284647931,
  "A_214": 23.770420990415666,
  "A_215": 57.238498679491514,
  "A_216": 68.03049776310318,
  "A_217": 21.328800312786903,
  "A_218": 175.7409443692253,
  "A_219": 68.75983734718997,
  "A_220": 15.136595528855281,
  "A_221": 115.71937158977167,
  "A_222": 58.974505080753396,
  "A_223": 62.79666723407565,
  "A_224": 108.0626568417014,
  "A_225": 14.491538592478996,
  "A_226": 86.93133704311913,
  "A_227": 38.98103244218952,
  "A_228": 9.66102572831933,
  "A_229": 101.65600694323572,
  "A_230": 54.03514231433215,
  "A_231": 5.6960216402236545,
  "A_232": 11.501999023322954,
  "A_233": 105.98865277002511,
  "A_234": 28.309519720028355,
  "A_235": 0.0,
  "A_236": 35.39393681757947,
  "A_237": 125.01286867673284,
  "A_238": 31.226375401550932,
  "A_239": 113.3560017019585,
  "A_240": 1.2076282160399163,
  "A_241": 0.0,
  "A_242": 0.0,
  "A_243": 10.482275747079546,
  "A_244": 0.0,
  "A_245": 0.0,
  "A_246": 21.99175176091804,
  "A_247": 30.83576233737419,
  "A_248": 25.268357500388507,
  "A_249": 2.4152564320798326,
  "A_250": 114.37914303100905,
  "A_251": 116.17976570996993,
  "A_252": 6.038141080199582,
  "A_253": 86.63366485600619,
  "A_254": 120.54141472013725,
  "A_255": 112.51015929590602,
  "A_256": 89.12095172444754,
  "A_257": 57.82998517793879,
  "A_258": 4.285836096250882,
  "A_259": 33.81359004911766,
  "A_260": 49.87181576520065,
  "A_261": 59.46906716265213,
  "A_262": 111.52382486638496,
  "A_263": 14.495773459376036,
  "A_264": 112.54594831941571,
  "A_265": 91.25029809230948,
  "A_266": 83.42672707522172,
  "A_267": 54.916836575747446,
  "A_268": 145.18419315860174,
  "A_269": 84.51936043376963,
  "A_270": 24.933790449151807,
  "A_271": 117.72287832230141,
  "A_272": 4.830512864159665,
  "A_273": 10.868653944359247,
  "A_274": 3.350546264165357,
  "A_275": 0.0,
  "A_276": 1.2076282160399163,
  "A_277": 5.924101266874272,
  "A_278": 115.18081464435207,
  "A_279": 30.743851902700772,
  "A_280": 11.667774584467576,