{
  "A_1": 232.6856915692356,
  "A_2": 104.38608865831709,
  "A_3": 152.01704408282401,
  "A_4": 118.57892462129277,
  "A_5": 126.2374363603609,
  "A_6": 142.30264897850546,
  "A_7": 165.225455704612,
  "A_8": 166.65763239715992,
  "A_9": 143.34421260687665,
  "A_10": 94.63231054849318,
  "A_11": 114.56542690899629,
  "A_12": 170.16743227612108,
  "A_13": 129.79572986352284,
  "A_14": 101.51139315020568,
  "A_15": 172.50527986521644,
  "A_16": 91.33544781959236,
  "A_17": 87.54069292058003,
  "A_18": 215.53983391010917,
  "A_19": 106.84899676776658,
  "A_20": 72.57596764261733,
  "A_21": 93.33541083560885,
  "A_22": 107.25590841463014,
  "A_23": 30.839997204271235,
  "A_24": 55.40614591472935,
  "A_25": 82.78590500574248,
  "A_26": 121.11764564465867,
  "A_27": 49.93396903425928,
  "A_28": 40.659321503219644,
  "A_29": 135.72911767828114,
  "A_30": 50.07437309313351,
  "A_31": 67.22290738920077,
  "A_32": 2.4152564320798326,
  "A_33": 7.772551552393435,
  "A_34": 39.17088516943126,
  "A_35": 12.080517027296203,
  "A_36": 12.993677480729842,
  "A_37": 144.60384046451878,
  "A_38": 65.58887708547442,
  "A_39": 4.830512864159665,
  "A_40": 63.16596773369045,
  "A_41": 24.270839001020676,
  "A_42": 2.1871768054292144,
  "A_43": 53.27010167132997,
  "A_44": 0.0,
  "A_45": 75.2456428141555,
  "A_46": 65.5454602750018,
  "A_47": 109.41408203668142,
  "A_48": 50.078607960030546,
  "A_49": 0.0,
  "A_50": 58.08442905013833,
  "A_51": 86.68780078061286,
  "A_52": 6.038141080199582,
  "A_53": 6.564923336353519,
  "A_54": 149.52710571018304,
  "A_55": 116.26413632227477,
  "A_56": 22.137421129079698,
  "A_57": 52.1287736266514,
  "A_58": 1.2076282160399163,
  "A_59": 3.4867154561425533,
  "A_60": 36.838114394064085,
  "A_61": 0.0,
  "A_62": 0.0,
  "A_63": 17.725494070084334,
  "A_64": 1.2076282160399163,
  "A_65": 1.0714590240627204,
  "A_66": 5.493464312290798,
  "A_67": 41.36313878858868,
  "A_68": 36.58367052186453,
  "A_69": 99.2272039636336,
  "A_70": 54.7602470315219,
  "A_71": 22.636808697294327,
  "A_72": 73.91976505063444,
  "A_73": 214.03780076331606,
  "A_74": 118.84946601424929,
  "A_75": 59.919219690799686,
  "A_76": 24.152564320798326,
  "A_77": 52.72713392982473,
  "A_78": 59.17801745285294,
  "A_79": 8.453397512279414,
  "A_80": 19.25311234744829,
  "A_81": 93.48260073461483,
  "A_82": 68.67395877041145,
  "A_83": 3.622884648119749,
  "A_84": 57.397639196951765,
  "A_85": 81.65652757951818,
  "A_86": 45.88987220951681,
  "A_87": 1.0935884027146072,
  "A_88": 17.319537467387455,
  "A_89": 14.495773459376036,
  "A_90": 33.81359004911766,
  "A_91": 73.71042188256983,
  "A_92": 102.77935251156514,
  "A_93": 0.0,
  "A_94": 52.88117250081556,
  "A_95": 93.59664054794015,
  "A_96": 50.72038507367648,
  "A_97": 1.2076282160399163,
  "A_98": 47.961212210622875,
  "A_99": 77.3706914832673,
  "A_100": 35.6841697132887,
  "A_101": 78.49583404259457,
  "A_102": 40.74360415093015,
  "A_103": 100.52241978285562,
  "A_104": 22.65470320904917,
  "A_105": 59.080163124878936,
  "A_106": 8.453397512279414,
  "A_107": 3.350546264165357,
  "A_108": 33.91397021758516,
  "A_109": 0.0,
  "A_110": 0.0,
  "A_111": 82.84208924875931,
  "A_112": 43.57499594590449,
  "A_113": 0.0,
  "A_114": 0.0,
  "A_115": 49.305009618639986,
  "A_116": 12.78349236583407,
  "A_117": 1.2076282160399163,
  "A_118": 14.882151656655736,
  "A_119": 114.53151027470815,
  "A_120": 42.48564241008692,
  "A_121": 81.84638030675991,
  "A_122": 92.95158361156386,
  "A_123": 29.540458553557894,
  "A_124": 173.43633483040492,
  "A_125": 178.03595320089636,
  "A_126": 60.3243343466654,
  "A_127": 54.098979477053106,
  "A_128": 84.40627566461103,
  "A_129": 53.887110468494996,
  "A_130": 70.85849663801163,
  "A_131": 26.06740274227315,
  "A_132": 2.4152564320798326,
  "A_133": 72.74703364579062,
  "A_134": 72.23205121164355,
  "A_135": 15.699166808518912,
  "A_136": 1.0714590240627204,
  "A_137": 0.0,
  "A_138": 21.918577784830628,
  "A_139": 1.2076282160399163,
  "A_140": 1.2076282160399163,
  "A_141": 0.0,
  "A_142": 0.0,
  "A_143": 0.0,
  "A_144": 1.0714590240627204,
  "A_145": 0.0,
  "A_146": 1.2076282160399163,
  "A_147": 0.0,
  "A_148": 0.0,
  "A_149": 5.493464312290798,
  "A_150": 4.830512864159665,
  "A_151": 57.8945763228966,
  "A_152": 22.71685647810779,
  "A_153": 57.09545568278827,
  "A_154": 33.096955065721986,
  "A_155": 90.5422459400434,
  "A_156": 99.19216892236079,
  "A_157": 58.36947203478385,
  "A_158": 95.00502910091507,
  "A_159": 154.44526900937788,
  "A_160": 23.880225936843935,
  "A_161": 105.39208945784962,
  "A_162": 1.2076282160399163,
  "A_163": 86.45125142016815,
  "A_164": 20.647954352900925,
  "A_165": 146.42743446896273,
  "A_166": 7.794680931045321,
  "A_167": 61.7200182989492,
  "A_168": 1.2076282160399163,
  "A_169": 3.372675642817244,
  "A_170": 0.0,
  "A_171": 0.0,
  "A_172": 0.0,
  "A_173": 1.2076282160399163,
  "A_174": 0.0,
  "A_175": 48.759578868494344,
  "A_176": 11.667774584467576,
  "A_177": 16.48039293687239,
  "A_178": 72.60825064872563,
  "A_179": 58.575422282782576,
  "A_180": 126.75818675861996,
  "A_181": 146.33230704341204,
  "A_182": 21.310905801032057,
  "A_183": 52.17906424185007,
  "A_184": 156.57623643904904,
  "A_185": 28.236685035947517,
  "A_186": 70.97517538916595,
  "A_187": 41.80479645020094,
  "A_188": 122.07852060731506,
  "A_189": 3.4867154561425533,
  "A_190": 1.2076282160399163,
  "A_191": 21.05306900876664,
  "A_192": 27.661409155592764,
  "A_193": 1.2076282160399163,
  "A_194": 1.2076282160399163,
  "A_195": 0.0,
  "A_196": 0.0,
  "A_197": 3.622884648119749,
  "A_198": 0.0,
  "A_199": 0.0,
  "A_200": 20.074362366208508,
  "A_201": 72.46860057208823,
  "A_202": 51.21137830632073,
  "A_203": 25.132112910187622,
  "A_204": 52.17906424185007,
  "A_205": 0.0,
  "A_206": 0.0,
  "A_207": 54.34326972179623,
  "A_208": 44.237947394035615,
  "A_209": 0.0,
  "A_210": 3.3948050214691308,
  "A_211": 48.168959449619464,
  "A_212": 42.26698756139707,
  "A_213": 5.357295120313602,
  "A_214": 15.272764720832477,
  "A_215": 97.4560745565046,
  "A_216": 46.81150239674454,
  "A_217": 31.498713785505323,
  "A_218": 42.688199738019776,
  "A_219": 0.0,
  "A_220": 7.908720744370631,
  "A_221": 43.81154530634919,
  "A_222": 1.2076282160399163,
  "A_223": 0.0,
  "A_224": 40.78702096140276,
  "A_225": 18.77737468872988,
  "A_226": 0.0,
  "A_227": 1.2076282160399163,
  "A_228": 34.050139409562355,
  "A_229": 26.730354190404277,
  "A_230": 0.0,
  "A_231": 93.24008234812834,
  "A_232": 24.03852450747302,
  "A_233": 121.11764564465867,
  "A_234": 204.39799963496438,
  "A_235": 43.233718452759724,
  "A_236": 5.629633504267994,
  "A_237": 15.334917989891098,
  "A_238": 21.623268075393185,
  "A_239": 4.422005288228077,
  "A_240": 32.68844748979039,
  "A_241": 42.26698756139707,
  "A_242": 0.0,
  "A_243": 2.4152564320798326,
  "A_244": 97.28411634101771,
  "A_245": 15.699166808518912,
  "A_246": 2.142918048125441,
  "A_247": 101.0772501782208,
  "A_248": 128.08850045096787,
  "A_249": 11.803943776444772,
  "A_250": 114.34920993620561,
  "A_251": 53.662423761910254,
  "A_252": 35.02121826515757,
  "A_253": 96.62116489288657,
  "A_254": 86.31508222819096,
  "A_255": 0.0,
  "A_256": 41.940965642178135,
  "A_257": 63.714062554406325,
  "A_258": 42.485642410086925,
  "A_259": 0.0,
  "A_260": 70.10795758669843,
  "A_261": 128.8681306502533,
  "A_262": 61.74391953585773,
  "A_263": 15.290659232587323,
  "A_264": 139.49742036715026,
  "A_265": 92.81190840218527,
  "A_266": 165.93008980407097,
  "A_267": 83.37304353995718,
  "A_268": 120.95595415396372,
  "A_269": 11.189485952514453,
  "A_270": 66.4195518821954,
  "A_271": 2.1871768054292144,
  "A_272": 21.42918048125441,
  "A_273": 24.40700819299787,
  "A_274": 30.306429107985547,
  "A_275": 86.52282946718753,
  "A_276": 39.44322355338565,
  "A_277": 5.357295120313602,
  "A_278": 105.38268981263008,
  "A_279": 93.10564731529593,
  "A_280": 35.02121826515757,
  "A_281": 5.357295120313602,
  "A_282": 9.66102572831933,