{
  "A_1": 244.35011093274915,
  "A_2": 127.6033631470299,
  "A_3": 144.01641290377995,
  "A_4": 156.18312266712002,
  "A_5": 93.56085152443046,
  "A_6": 169.0696090065094,
  "A_7": 93.35066640953468,
  "A_8": 215.49987285155555,
  "A_9": 109.47867318163922,
  "A_10": 171.41169146250184,
  "A_11": 74.97237451877562,
  "A_12": 125.40609554599736,
  "A_13": 45.80219664174044,
  "A_14": 9.798036867127692,
  "A_15": 66.2833826902182,
  "A_16": 65.21192366615549,
  "A_17": 0.0,
  "A_18": 14.491538592478996,
  "A_19": 135.55550070187311,
  "A_20": 57.249519386520305,
  "A_21": 0.0,
  "A_22": 6.038141080199582,
  "A_23": 39.99213518819148,
  "A_24": 83.85312916290817,
  "A_25": 4.830512864159665,
  "A_26": 55.550897937836154,
  "A_27": 113.1749328677762,
  "A_28": 45.889872209516824,
  "A_29": 3.4867154561425533,
  "A_30": 90.57211620299371,
  "A_31": 44.64645496996721,
  "A_32": 3.622884648119749,
  "A_33": 36.61945954537423,
  "A_34": 121.7805970927898,
  "A_35": 118.3475651719118,
  "A_36": 114.28297259669733,
  "A_37": 132.6822880254942,
  "A_38": 115.47614948653072,
  "A_39": 8.181059128325023,
  "A_40": 38.353870017568084,
  "A_41": 87.65644176030887,
  "A_42": 124.04358681213546,
  "A_43": 14.491538592478996,
  "A_44": 19.32205145663866,
  "A_45": 123.97291354380033,
  "A_46": 48.93229106621809,
  "A_47": 9.66102572831933,
  "A_48": 91.79065202872691,
  "A_49": 140.10529341287864,
  "A_50": 4.830512864159665,
  "A_51": 1.0714590240627204,
  "A_52": 169.2985305799912,
  "A_53": 53.23602167422382,
  "A_54": 45.889872209516824,
  "A_55": 0.0,
  "A_56": 148.06082388778773,
  "A_57": 20.529679672678576,
  "A_58": 2.279087240102637,
  "A_59": 10.732484752382051,
  "A_60": 72.34365314906967,
  "A_61": 2.4152564320798326,
  "A_62": 2.4152564320798326,
  "A_63": 21.328800312786907,
  "A_64": 67.49101090625813,
  "A_65": 1.2076282160399163,
  "A_66": 15.699166808518912,
  "A_67": 72.45769296239499,
  "A_68": 31.398333617037828,
  "A_69": 0.0,
  "A_70": 60.38141080199582,
  "A_71": 78.13578239175197,
  "A_72": 7.245769296239498,
  "A_73": 6.038141080199582,
  "A_74": 108.06269454081325,
  "A_75": 33.699550235792344,
  "A_76": 128.29877353045794,
  "A_77": 19.32205145663866,
  "A_78": 0.0,
  "A_79": 44.9187933539216,
  "A_80": 18.114423240598747,
  "A_81": 52.58586279137812,
  "A_82": 0.0,
  "A_83": 0.0,
  "A_84": 42.26698756139707,
  "A_85": 100.61856508442608,
  "A_86": 147.61989507567114,
  "A_87": 19.185882264661466,
  "A_88": 155.55422608335383,
  "A_89": 67.45522188274842,
  "A_90": 100.63466260518307,
  "A_91": 80.50258289874282,
  "A_92": 64.41787983977535,
  "A_93": 131.81274544446302,
  "A_94": 142.04397023940888,
  "A_95": 51.05731460258869,
  "A_96": 7.245769296239498,
  "A_97": 27.639279776940874,
  "A_98": 60.65798405284725,
  "A_99": 47.04256025323076,
  "A_100": 0.0,
  "A_101": 48.30512864159665,
  "A_102": 33.659526345385615,
  "A_103": 35.784549881756206,
  "A_104": 10.986928624581596,
  "A_105": 20.90239822510047,
  "A_106": 11.712033341771349,
  "A_107": 4.716473050834356,
  "A_108": 19.286262433128968,
  "A_109": 3.622884648119749,
  "A_110": 2.4152564320798326,
  "A_111": 4.830512864159665,
  "A_112": 2.4152564320798326,
  "A_113": 0.0,
  "A_114": 1.2076282160399163,
  "A_115": 1.2076282160399163,
  "A_116": 0.0,
  "A_117": 0.0,
  "A_118": 0.0,
  "A_119": 21.855582568940843,
  "A_120": 2.142918048125441,
  "A_121": 16.208054552918,
  "A_122": 48.62084613691181,
  "A_123": 111.50169548773309,
  "A_124": 21.7015188652088,
  "A_125": 17.279513576980726,
  "A_126": 79.47782050788305,
  "A_127": 74.08398238182289,
  "A_128": 68.22119243717607,
  "A_129": 26.18651936932666,
  "A_130": 123.50895057434755,
  "A_131": 54.73388278597297,
  "A_132": 141.81589061275827,
  "A_133": 80.92379507536552,
  "A_134": 2.4152564320798326,
  "A_135": 13.011571992484688,
  "A_136": 84.04971746479922,
  "A_137": 25.435050406587983,
  "A_138": 0.0,
  "A_139": 1.2076282160399163,
  "A_140": 0.0,
  "A_141": 12.076282160399163,
  "A_142": 0.0,
  "A_143": 0.0,
  "A_144": 2.4152564320798326,
  "A_145": 0.0,
  "A_146": 9.524856536342135,
  "A_147": 0.0,
  "A_148": 42.26698756139707,
  "A_149": 1.2076282160399163,
  "A_150": 0.0,
  "A_151": 5.924101266874272,
  "A_152": 0.0,
  "A_153": 1.0714590240627204,
  "A_154": 11.259267008535987,
  "A_155": 0.0,
  "A_156": 0.0,
  "A_157": 3.622884648119749,
  "A_158": 0.0,
  "A_159": 0.0,
  "A_160": 1.2076282160399163,
  "A_161": 4.830512864159665,
  "A_162": 0.0,
  "A_163": 0.0,
  "A_164": 6.038141080199582,
  "A_165": 0.0,
  "A_166": 20.647954352900925,
  "A_167": 56.26826177072746,
  "A_168": 71.21427572284539,
  "A_169": 135.7112231665263,
  "A_170": 42.13081836941988,
  "A_171": 68.72076850094992,
  "A_172": 27.60009783336531,
  "A_173": 35.8203389052659,
  "A_174": 4.488393424183738,
  "A_175": 24.33383421691046,
  "A_176": 2.142918048125441,
  "A_177": 4.830512864159665,
  "A_178": 3.622884648119749,
  "A_179": 102.0321435484647,
  "A_180": 27.75755445716323,
  "A_181": 61.39918629079399,
  "A_182": 55.6691726180585,
  "A_183": 20.30160004602796,
  "A_184": 172.07464291063295,
  "A_185": 169.99130202559022,
  "A_186": 15.699166808518912,
  "A_187": 116.47600533083283,
  "A_188": 16.5646755845829,
  "A_189": 103.85602657943281,
  "A_190": 60.38141080199581,
  "A_191": 0.0,
  "A_192": 35.0884483479444,
  "A_193": 71.70526895548961,
  "A_194": 12.076282160399163,
  "A_195": 11.259267008535987,
  "A_196": 28.983077184957992,
  "A_197": 14.241329587176491,
  "A_198": 2.279087240102637,
  "A_199": 0.0,
  "A_200": 28.983077184957992,
  "A_201": 2.279087240102637,
  "A_202": 1.0714590240627204,
  "A_203": 0.0,
  "A_204": 9.524856536342135,
  "A_205": 0.0,
  "A_206": 2.4152564320798326,
  "A_207": 0.0,
  "A_208": 0.0,
  "A_209": 2.4152564320798326,
  "A_210": 10.868653944359247,
  "A_211": 0.0,
  "A_212": 0.0,
  "A_213": 0.0,
  "A_214": 0.0,
  "A_215": 9.524856536342135,
  "A_216": 3.3948050214691308,
  "A_217": 3.622884648119749,
  "A_218": 1.0935884027146072,
  "A_219": 36.0568882657106,
  "A_220": 0.0,
  "A_221": 36.22884648119749,
  "A_222": 33.35139893792153,
  "A_223": 48.38761429830931,
  "A_224": 44.22005288228078,
  "A_225": 134.81006359702934,
  "A_226": 130.09083851103046,
  "A_227": 61.58903901803573,
  "A_228": 84.53397512279415,
  "A_229": 65.75988025679462,
  "A_230": 35.41183132933431,
  "A_231": 78.290725741427,
  "A_232": 70.06880077586408,
  "A_233": 17.614005229993733,
  "A_234": 34.12932011080344,
  "A_235": 34.068033921317195,
  "A_236": 58.22059824211553,
  "A_237": 14.219200208524605,
  "A_238": 10.868653944359247,
  "A_239": 46.711122228277034,
  "A_240": 73.55128136510959,
  "A_241": 5.357295120313602,
  "A_242": 27.775448968918077,
  "A_243": 94.19500085111348,
  "A_244": 67.35484171428094,
  "A_245": 3.622884648119749,
  "A_246": 44.001398033590924,
  "A_247": 94.19500085111348,
  "A_248": 23.063210784980757,
  "A_249": 35.23987311384742,
  "A_250": 112.33822621316033,
  "A_251": 59.919219690799686,
  "A_252": 52.44113590101254,
  "A_253": 78.01754541064145,
  "A_254": 123.45189925175836,
  "A_255": 173.59802632109987,
  "A_256": 25.10998353153574,
  "A_257": 68.56246993032084,
  "A_258": 165.59397708924874,
  "A_259": 97.54554711527882,
  "A_260": 85.74160333883405,
  "A_261": 52.15090300530329,
  "A_262": 101.86018533297782,
  "A_263": 83.2123070934289,
  "A_264": 9.090826661692784,
  "A_265": 33.81359004911766,
  "A_266": 59.840968900984066,
  "A_267": 39.85173112931724,
  "A_268": 0.0,
  "A_269": 71.11389555437786,
  "A_270": 34.090163299969085,
  "A_271": 4.830512864159665,
  "A_272": 6.038141080199582,
  "A_273": 89.22831879497662,
  "A_274": 37.322434883912095,
  "A_275": 1.2076282160399163,
  "A_276": 22.944936104758412,
  "A_277": 132.2586379729723,
  "A_278": 100.20368635859302,
  "A_279": 21.58324418498645,
  "A_280": 71.33762721679592,
  "A_281": 40.585305580301075,
  "A_282": 73.38779288341678,
  "A_283": 69.67818771168734,
  "A_284": 6.83726172030791,
  "A_285": 88.0206905789367,