{
  "A_1": 240.1340558925198,
  "A_2": 140.34587657829056,
  "A_3": 218.80616035841712,
  "A_4": 141.07776713561205,
  "A_5": 160.6228842370262,
  "A_6": 114.01651527419045,
  "A_7": 102.4517346632782,
  "A_8": 84.76109970527807,
  "A_9": 96.7973579752705,
  "A_10": 126.74727914892668,
  "A_11": 41.99464917744268,
  "A_12": 149.29383617246867,
  "A_13": 121.69535940091262,
  "A_14": 54.40786086675405,
  "A_15": 50.72038507367648,
  "A_16": 21.737307888718497,
  "A_17": 67.49101090625813,
  "A_18": 36.70542608674707,
  "A_19": 0.0,
  "A_20": 13.147741184461884,
  "A_21": 121.2862109400797,
  "A_22": 9.66102572831933,
  "A_23": 67.40153834748388,
  "A_24": 81.520358387541,
  "A_25": 123.2740851075652,
  "A_26": 99.56320358112035,
  "A_27": 63.97697616039994,
  "A_28": 64.50213735474465,
  "A_29": 50.58845074859633,
  "A_30": 45.54688568996852,
  "A_31": 90.38226347575198,
  "A_32": 84.03599498808832,
  "A_33": 0.0,
  "A_34": 9.524856536342135,
  "A_35": 82.35950291805605,
  "A_36": 91.5898916917919,
  "A_37": 41.550352578001394,
  "A_38": 69.99298786194765,
  "A_39": 44.664349481722056,
  "A_40": 54.98493373810665,
  "A_41": 139.48231558967183,
  "A_42": 92.98737263507356,
  "A_43": 37.400685673727715,
  "A_44": 0.0,
  "A_45": 62.52432885012126,
  "A_46": 132.78887598104524,
  "A_47": 49.59524251434922,
  "A_48": 4.830512864159665,
  "A_49": 91.15499473757018,
  "A_50": 43.96560901008123,
  "A_51": 0.0,
  "A_52": 123.79587851458524,
  "A_53": 129.19133770245463,
  "A_54": 114.61644637369061,
  "A_55": 28.284336713317167,
  "A_56": 94.53193038002567,
  "A_57": 26.277587857168925,
  "A_58": 88.91848236110897,
  "A_59": 117.87774627375276,
  "A_60": 99.90709487935291,
  "A_61": 100.89609337944418,
  "A_62": 80.45397617720647,
  "A_63": 7.245769296239498,
  "A_64": 49.515282698130065,
  "A_65": 93.7864932751819,
  "A_66": 60.38141080199581,
  "A_67": 13.129846672707037,
  "A_68": 74.52903296350104,
  "A_69": 74.87294939447482,
  "A_70": 106.17662054167467,
  "A_71": 27.43332952894215,
  "A_72": 2.279087240102637,
  "A_73": 53.13564150575632,
  "A_74": 106.28735539952842,
  "A_75": 0.0,
  "A_76": 77.16819698718754,
  "A_77": 97.69262391694929,
  "A_78": 55.739795620911195,
  "A_79": 23.726162233111893,
  "A_80": 141.41063772681582,
  "A_81": 16.48039293687239,
  "A_82": 89.07762287856923,
  "A_83": 80.40215246479288,
  "A_84": 2.1871768054292144,
  "A_85": 2.4152564320798326,
  "A_86": 15.562997616541717,
  "A_87": 20.52967967267858,
  "A_88": 62.41028903679595,
  "A_89": 31.753157657704868,
  "A_90": 39.58362761225989,
  "A_91": 162.10447189882976,
  "A_92": 87.24283223790786,
  "A_93": 61.69365405340028,
  "A_94": 76.48813014227963,
  "A_95": 109.38948964938913,
  "A_96": 240.3638822446858,
  "A_97": 120.2153928009183,
  "A_98": 47.865066909052416,
  "A_99": 87.01382269983179,
  "A_100": 130.41787830626916,
  "A_101": 62.682627420750336,
  "A_102": 40.37103639495564,
  "A_103": 48.050659636655894,
  "A_104": 30.17281088924306,
  "A_105": 64.59575681582162,
  "A_106": 10.868653944359247,
  "A_107": 0.0,
  "A_108": 146.72892683274245,
  "A_109": 9.546985914994021,
  "A_110": 0.0,
  "A_111": 3.4867154561425533,
  "A_112": 43.34050747024056,
  "A_113": 2.279087240102637,
  "A_114": 0.0,
  "A_115": 30.567658820316844,
  "A_116": 63.196591978877635,
  "A_117": 15.42682842456452,
  "A_118": 2.142918048125441,
  "A_119": 111.07691446185589,
  "A_120": 101.7487593247403,
  "A_121": 40.63719212456776,
  "A_122": 10.714590240627205,
  "A_123": 12.076282160399163,
  "A_124": 0.0,
  "A_125": 0.0,
  "A_126": 2.279087240102637,
  "A_127": 12.87540280050749,
  "A_128": 40.79209777513096,
  "A_129": 13.16987056311377,
  "A_130": 97.42382924950817,
  "A_131": 19.286262433128968,
  "A_132": 2.4152564320798326,
  "A_133": 11.506083093772617,
  "A_134": 45.82516796722349,
  "A_135": 1.2076282160399163,
  "A_136": 0.0,
  "A_137": 111.06598171942142,
  "A_138": 78.44215050733001,
  "A_139": 6.83726172030791,
  "A_140": 21.355164558335833,
  "A_141": 79.39533485117039,
  "A_142": 56.82575623666289,
  "A_143": 100.14874618626703,
  "A_144": 5.78796977400892,
  "A_145": 136.57005919979406,
  "A_146": 132.7913138569444,
  "A_147": 2.142918048125441,
  "A_148": 4.285836096250882,
  "A_149": 0.0,
  "A_150": 0.0,
  "A_151": 8.980179768433352,
  "A_152": 0.0,
  "A_153": 5.673892261571767,
  "A_154": 0.0,
  "A_155": 56.046126037377434,
  "A_156": 23.317654657180306,
  "A_157": 81.84638030675993,
  "A_158": 82.94324853220488,
  "A_159": 33.75312067372137,
  "A_160": 141.08475403767363,
  "A_161": 73.33929925921598,
  "A_162": 7.952979501674404,
  "A_163": 33.541251665163266,
  "A_164": 17.408054981995,
  "A_165": 104.81344579017022,
  "A_166": 68.94365821653682,
  "A_167": 5.901971888222386,
  "A_168": 4.558174480205274,
  "A_169": 45.44557561007554,
  "A_170": 46.002202996438584,
  "A_171": 1.2076282160399163,
  "A_172": 1.2076282160399163,
  "A_173": 174.6123460579791,
  "A_174": 31.170253990387206,
  "A_175": 0.0,
  "A_176": 70.61591541967204,
  "A_177": 26.123524153436875,
  "A_178": 138.25426702138355,
  "A_179": 81.74504509412574,
  "A_180": 20.529679672678576,
  "A_181": 27.165226011884798,
  "A_182": 0.0,
  "A_183": 127.24004423982754,
  "A_184": 5.787932074897077,
  "A_185": 61.589039018035734,
  "A_186": 2.3012166187545233,
  "A_187": 29.764303313311473,
  "A_188": 13.011571992484688,
  "A_189": 100.62279995132312,
  "A_190": 45.327300929853195,
  "A_191": 28.41287811833145,
  "A_192": 169.08069254539126,
  "A_193": 63.89025563679025,
  "A_194": 1.2076282160399163,
  "A_195": 128.07921390308385,
  "A_196": 86.99592818807693,
  "A_197": 44.5682041801516,
  "A_198": 76.14345972906898,
  "A_199": 52.981577802024276,
  "A_200": 100.08998583727427,
  "A_201": 101.55904482757532,
  "A_202": 120.42070216401571,
  "A_203": 13.28391037643908,
  "A_204": 121.68959143680063,
  "A_205": 60.21368745340597,
  "A_206": 29.201732033647843,
  "A_207": 26.431651560900963,
  "A_208": 86.16101852445892,
  "A_209": 20.529679672678576,
  "A_210": 3.214377072188161,
  "A_211": 95.17698731640195,
  "A_212": 144.72812186989484,
  "A_213": 11.786049264689925,
  "A_214": 49.240418473682176,
  "A_215": 22.67004674756931,
  "A_216": 0.0,
  "A_217": 0.0,
  "A_218": 0.0,
  "A_219": 26.27758785716892,
  "A_220": 34.57692166571629,
  "A_221": 14.491538592478996,
  "A_222": 25.292095374479036,
  "A_223": 2.4152564320798326,
  "A_224": 65.21192366615549,
  "A_225": 77.5416946545875,
  "A_226": 86.23683143837533,
  "A_227": 8.752100141782734,
  "A_228": 41.05935934535715,
  "A_229": 6.038141080199582,
  "A_230": 32.315728937368505,
  "A_231": 115.43949338344868,
  "A_232": 11.259267008535987,
  "A_233": 50.939039922366334,
  "A_234": 3.350546264165357,
  "A_235": 6.701092528330714,
  "A_236": 70.08582820804654,
  "A_237": 127.84432330356024,
  "A_238": 163.98125935008434,
  "A_239": 44.10177820205842,
  "A_240": 0.0,
  "A_241": 72.33167739787419,
  "A_242": 58.59331679453742,
  "A_243": 0.0,
  "A_244": 68.63816974690175,
  "A_245": 110.94074526987868,
  "A_246": 98.30887873187746,
  "A_247": 32.996574897254476,
  "A_248": 9.643131216564484,
  "A_249": 34.0680339213172,
  "A_250": 0.0,
  "A_251": 9.116348960410548,
  "A_252": 4.69434367218247,
  "A_253": 7.655118819002251,
  "A_254": 3.2586358294919346,
  "A_255": 32.96850162530201,
  "A_256": 1.0714590240627204,
  "A_257": 0.0,
  "A_258": 31.616988465727676,
  "A_259": 122.62743224212088,
  "A_260": 86.72358980412254,
  "A_261": 1.0714590240627204,
  "A_262": 113.16016738230435,
  "A_263": 70.5334297629594,
  "A_264": 8.317228320302219,
  "A_265": 103.22790911064467,
  "A_266": 15.42682842456452,
  "A_267": 129.147920891982,
  "A_268": 8.111278072303488,
  "A_269": 22.246195633117583,
  "A_270": 114.07864341050787,
  "A_271": 48.050659636655894,
  "A_272": 5.357295120313602,
  "A_273": 1.2076282160399163,
  "A_274": 6.428754144376322,
  "A_275": 2.279087240102637,
  "A_276": 38.626208401522476,
  "A_277": 14.035379339177759,
  "A_278": 63.00345942890554,