{
  "A_1": 122.00316008274075,
  "A_2": 74.32827262656602,
  "A_3": 120.37548836254524,
  "A_4": 113.2419618886332,
  "A_5": 67.26536915550669,
  "A_6": 75.12739326667436,
  "A_7": 51.13312751650511,
  "A_8": 112.08134446506159,
  "A_9": 28.011998329362772,
  "A_10": 113.14758844531937,
  "A_11": 172.36992748732916,
  "A_12": 106.16908071930607,
  "A_13": 71.91301619448619,
  "A_14": 207.10774896239167,
  "A_15": 71.77513797610546,
  "A_16": 85.97815269927875,
  "A_17": 183.0581157832956,
  "A_18": 35.512211497801815,
  "A_19": 49.745913298015395,
  "A_20": 55.97211011445886,
  "A_21": 122.40775951741125,
  "A_22": 78.54253067579752,
  "A_23": 41.02357032184746,
  "A_24": 73.78359585865724,
  "A_25": 86.79516785114193,
  "A_26": 72.10191387756124,
  "A_27": 50.7330896743676,
  "A_28": 28.869037371632682,
  "A_29": 63.49021779465275,
  "A_30": 87.94911253191731,
  "A_31": 46.53492914589311,
  "A_32": 19.370545080839477,
  "A_33": 79.18758761217381,
  "A_34": 31.807683139800577,
  "A_35": 6.947946312679188,
  "A_36": 34.55902715396144,
  "A_37": 18.114423240598747,
  "A_38": 25.36019253683824,
  "A_39": 9.252518152387742,
  "A_40": 63.896928379586484,
  "A_41": 90.2103052602651,
  "A_42": 50.00375009028082,
  "A_43": 98.31488545703114,
  "A_44": 89.32020409690881,
  "A_45": 2.4152564320798326,
  "A_46": 0.0,
  "A_47": 1.0714590240627204,
  "A_48": 0.0,
  "A_49": 2.4152564320798326,
  "A_50": 0.0,
  "A_51": 63.26976595496504,
  "A_52": 123.42912898820514,
  "A_53": 19.89054149686166,
  "A_54": 10.868653944359247,
  "A_55": 1.2076282160399163,
  "A_56": 0.0,
  "A_57": 11.141834275144804,
  "A_58": 4.285836096250882,
  "A_59": 38.89854678547687,
  "A_60": 98.902865938077,
  "A_61": 30.32516556657156,
  "A_62": 83.71695997093097,
  "A_63": 101.44158696144292,
  "A_64": 2.4152564320798326,
  "A_65": 46.90086185818325,
  "A_66": 50.47017606837398,
  "A_67": 24.859774526233235,
  "A_68": 39.75245680146381,
  "A_69": 141.26440287197653,
  "A_70": 81.37052955070598,
  "A_71": 29.426418740232588,
  "A_72": 87.45811929927306,
  "A_73": 132.6422641350875,
  "A_74": 81.13398019026128,
  "A_75": 69.13137466077411,
  "A_76": 54.864862066886445,
  "A_77": 67.02542687499611,
  "A_78": 36.22884648119749,
  "A_79": 110.84292864101651,
  "A_80": 57.46997122620802,
  "A_81": 54.167918586243474,
  "A_82": 91.41114763617327,
  "A_83": 70.45517897314377,
  "A_84": 89.63163645984447,
  "A_85": 10.868653944359247,
  "A_86": 76.08141955734588,
  "A_87": 13.28391037643908,
  "A_88": 3.622884648119749,
  "A_89": 77.15203663457746,
  "A_90": 79.09144231060336,
  "A_91": 0.0,
  "A_92": 34.76360766756322,
  "A_93": 168.65005559080782,
  "A_94": 36.88924695609391,
  "A_95": 0.0,
  "A_96": 52.046287969938746,
  "A_97": 87.42233027576337,
  "A_98": 43.07038076751428,
  "A_99": 9.643131216564484,
  "A_100": 32.49192201975243,
  "A_101": 152.1746766358105,
  "A_102": 53.13564150575632,
  "A_103": 0.0,
  "A_104": 68.59127205176895,
  "A_105": 21.004688481901358,
  "A_106": 41.3707665755516,
  "A_107": 20.529679672678576,
  "A_108": 2.4152564320798326,
  "A_109": 2.4152564320798326,
  "A_110": 47.860832042155366,
  "A_111": 41.70441628173344,
  "A_112": 20.368830128814785,
  "A_113": 24.846114881375424,
  "A_114": 31.398333617037824,
  "A_115": 0.0,
  "A_116": 0.0,
  "A_117": 38.99892695394436,
  "A_118": 0.0,
  "A_119": 0.0,
  "A_120": 12.076282160399163,
  "A_121": 65.21021463975192,
  "A_122": 10.868653944359247,
  "A_123": 0.0,
  "A_124": 58.76527501002432,
  "A_125": 33.95060118792602,
  "A_126": 16.071885360940808,
  "A_127": 7.245769296239498,
  "A_128": 84.24542612074724,
  "A_129": 35.63048617802417,
  "A_130": 88.05381553187615,
  "A_131": 70.92827769403317,
  "A_132": 67.28326366726154,
  "A_133": 92.21969305424237,
  "A_134": 25.06401574782842,
  "A_135": 136.82694094789278,
  "A_136": 60.469061237030985,
  "A_137": 6.038141080199582,
  "A_138": 0.0,
  "A_139": 2.279087240102637,
  "A_140": 4.830512864159665,
  "A_141": 90.10998792365069,
  "A_142": 38.926594924688125,
  "A_143": 4.558174480205274,
  "A_144": 67.59139107472562,
  "A_145": 2.279087240102637,
  "A_146": 2.4152564320798326,
  "A_147": 70.2253023554953,
  "A_148": 48.30512864159665,
  "A_149": 100.98461089405174,
  "A_150": 15.243007555217677,
  "A_151": 0.0,
  "A_152": 28.883802857104563,
  "A_153": 2.142918048125441,
  "A_154": 0.0,
  "A_155": 0.0,
  "A_156": 7.500213168439043,
  "A_157": 27.094603009032095,
  "A_158": 110.68630139767913,
  "A_159": 90.3106854287326,
  "A_160": 30.018747185511018,
  "A_161": 101.71723030086889,
  "A_162": 30.78471773993867,
  "A_163": 97.13608449518057,
  "A_164": 104.32912530032222,
  "A_165": 90.57211620299373,
  "A_166": 173.54434278583534,
  "A_167": 82.2760622171767,
  "A_168": 157.9599949056198,
  "A_169": 24.661452065197416,
  "A_170": 80.09407532281121,
  "A_171": 147.67508657540938,
  "A_172": 18.236932787718136,
  "A_173": 13.28391037643908,
  "A_174": 46.46938295676861,
  "A_175": 0.0,
  "A_176": 66.2833826902182,
  "A_177": 11.461824336468844,
  "A_178": 2.142918048125441,
  "A_179": 118.55847913630322,
  "A_180": 3.622884648119749,
  "A_181": 94.34988136893546,
  "A_182": 47.35617916465332,
  "A_183": 115.10830668590721,
  "A_184": 31.244269913305786,
  "A_185": 168.75791274979082,
  "A_186": 63.65275123217887,
  "A_187": 50.66670153841194,
  "A_188": 92.0468928919243,
  "A_189": 180.9135515406197,
  "A_190": 28.402611393539516,
  "A_191": 14.491538592478996,
  "A_192": 78.10945584531487,
  "A_193": 21.830060270223083,
  "A_194": 0.0,
  "A_195": 46.14431608171637,
  "A_196": 169.85684186001654,
  "A_197": 42.26698756139707,
  "A_198": 6.038141080199582,
  "A_199": 57.28954327692705,
  "A_200": 59.0239537491209,
  "A_201": 51.42504430587668,
  "A_202": 109.63628060188452,
  "A_203": 126.71242003684245,
  "A_204": 44.88300433041191,
  "A_205": 0.0,
  "A_206": 0.0,
  "A_207": 0.0,
  "A_208": 0.0,
  "A_209": 0.0,
  "A_210": 3.622884648119749,
  "A_211": 13.218364187314585,
  "A_212": 1.2076282160399163,
  "A_213": 0.0,
  "A_214": 1.0714590240627204,
  "A_215": 4.488393424183738,
  "A_216": 3.622884648119749,
  "A_217": 54.14578920759159,
  "A_218": 8.844010576456155,
  "A_219": 14.083031016547409,
  "A_220": 3.860389052731139,
  "A_221": 49.60040729267173,
  "A_222": 21.263291822774256,
  "A_223": 0.0,
  "A_224": 36.70542608674707,
  "A_225": 20.529679672678576,
  "A_226": 39.411669396773,
  "A_227": 2.4152564320798326,
  "A_228": 3.622884648119749,
  "A_229": 68.62544001346942,
  "A_230": 79.42515484863827,
  "A_231": 0.0,
  "A_232": 22.602816664782484,
  "A_233": 118.36966941782248,
  "A_234": 21.737307888718494,
  "A_235": 0.0,
  "A_236": 92.33532879663568,
  "A_237": 154.7227093398017,
  "A_238": 47.82504301864568,
  "A_239": 33.018704275906366,
  "A_240": 2.142918048125441,
  "A_241": 10.868653944359247,
  "A_242": 3.622884648119749,
  "A_243": 0.0,
  "A_244": 3.622884648119749,
  "A_245": 8.571672192501763,
  "A_246": 1.0714590240627204,
  "A_247": 13.011571992484688,
  "A_248": 17.56974647268996,
  "A_249": 3.622884648119749,
  "A_250": 3.214377072188161,
  "A_251": 1.2076282160399163,
  "A_252": 0.0,
  "A_253": 0.0,
  "A_254": 3.214377072188161,
  "A_255": 36.447501329887345,
  "A_256": 73.47808225628096,
  "A_257": 34.907178451832266,
  "A_258": 2.4152564320798326,
  "A_259": 0.0,
  "A_260": 4.909680999030129,
  "A_261": 77.60724084371199,
  "A_262": 38.881494220553186,
  "A_263": 4.285836096250882,
  "A_264": 160.92660084840463,
  "A_265": 23.471718360912348,
  "A_266": 25.18060653438844,
  "A_267": 3.350546264165357,
  "A_268": 30.137021865733367,
  "A_269": 0.0,
  "A_270": 3.622884648119749,
  "A_271": 0.0,
  "A_272": 0.0,
  "A_273": 0.0,
  "A_274": 72.91298513612384,
  "A_275": 4.830512864159665,
  "A_276": 0.0,
  "A_277": 0.0,
  "A_278": 0.0,
  "A_279": 31.480819273750477,
  "A_280": 60.309832754976426,
  "A_281": 69.73526416701776,
  "A_282": 93.88771539048055,
  "A_283": 11.281396387187874,
  "A_284": 0.0,
  "A_285": 0.0,
  "A_286": 0.0,
  "A_287": 0.0,