{
  "A_1": 182.9292853517572,
  "A_2": 60.03929136201988,
  "A_3": 48.30512864159665,
  "A_4": 107.10523763096398,
  "A_5": 159.99754393614384,
  "A_6": 35.02121826515757,
  "A_7": 18.487141793020637,
  "A_8": 38.64410291327732,
  "A_9": 72.45769296239499,
  "A_10": 1.2076282160399163,
  "A_11": 1.0714590240627204,
  "A_12": 21.737307888718494,
  "A_13": 19.32205145663866,
  "A_14": 1.2076282160399163,
  "A_15": 0.0,
  "A_16": 44.6822439934769,
  "A_17": 0.0,
  "A_18": 0.0,
  "A_19": 4.69434367218247,
  "A_20": 17.025069704781178,
  "A_21": 13.28391037643908,
  "A_22": 0.0,
  "A_23": 35.39393681757947,
  "A_24": 150.27773272609056,
  "A_25": 62.08003225067997,
  "A_26": 212.61311362765434,
  "A_27": 60.0436770253643,
  "A_28": 86.94827651070729,
  "A_29": 68.56246993032084,
  "A_30": 148.3101909462591,
  "A_31": 19.985002904769793,
  "A_32": 14.491538592478996,
  "A_33": 30.190705400997906,
  "A_34": 60.24524161001862,
  "A_35": 6.038141080199582,
  "A_36": 0.0,
  "A_37": 16.90679502455883,
  "A_38": 45.889872209516824,
  "A_39": 1.0935884027146072,
  "A_40": 4.285836096250882,
  "A_41": 13.28391037643908,
  "A_42": 3.622884648119749,
  "A_43": 1.2076282160399163,
  "A_44": 3.5088448347944396,
  "A_45": 30.05453620902071,
  "A_46": 68.69863912229803,
  "A_47": 0.0,
  "A_48": 8.571672192501763,
  "A_49": 140.0384780203221,
  "A_50": 61.925968546947935,
  "A_51": 34.98542924164788,
  "A_52": 140.14247730352653,
  "A_53": 91.00188607800482,
  "A_54": 51.458194391557356,
  "A_55": 66.19147225554478,
  "A_56": 25.132112910187622,
  "A_57": 24.951684960906654,
  "A_58": 83.87525854156004,
  "A_59": 77.77919905919889,
  "A_60": 114.65055150353795,
  "A_61": 69.56235090736416,
  "A_62": 72.45769296239499,
  "A_63": 45.30940641809835,
  "A_64": 19.422431625106164,
  "A_65": 50.72038507367649,
  "A_66": 78.49583404259457,
  "A_67": 28.983077184957992,
  "A_68": 0.0,
  "A_69": 86.35484222481479,
  "A_70": 70.04243653031514,
  "A_71": 24.79762125717461,
  "A_72": 0.0,
  "A_73": 107.66147545983797,
  "A_74": 102.39818935809038,
  "A_75": 11.259267008535987,
  "A_76": 33.54125166516326,
  "A_77": 105.31809866767226,
  "A_78": 121.54404773234509,
  "A_79": 41.976754665687835,
  "A_80": 166.38538197779982,
  "A_81": 100.37520475110841,
  "A_82": 137.61593309328592,
  "A_83": 182.75605793283827,
  "A_84": 232.7972809402911,
  "A_85": 76.34349121650837,
  "A_86": 58.49293662606992,
  "A_87": 193.13110483946548,
  "A_88": 152.63773482657902,
  "A_89": 45.55515436183277,
  "A_90": 35.88672704122156,
  "A_91": 31.398333617037824,
  "A_92": 41.05935934535715,
  "A_93": 36.22884648119749,
  "A_94": 0.0,
  "A_95": 0.0,
  "A_96": 49.37658766565937,
  "A_97": 1.2076282160399163,
  "A_98": 0.0,
  "A_99": 3.622884648119749,
  "A_100": 15.699166808518912,
  "A_101": 7.245769296239498,
  "A_102": 2.4152564320798326,
  "A_103": 0.0,
  "A_104": 1.2076282160399163,
  "A_105": 0.0,
  "A_106": 0.0,
  "A_107": 7.017689669588879,
  "A_108": 48.579150919213376,
  "A_109": 0.0,
  "A_110": 22.11002644114039,
  "A_111": 110.69146617600165,
  "A_112": 43.829439818104035,
  "A_113": 169.6344422328836,
  "A_114": 19.7126645208154,
  "A_115": 33.015311355840495,
  "A_116": 47.09750042555673,
  "A_117": 127.66647146025521,
  "A_118": 80.9110904746744,
  "A_119": 0.0,
  "A_120": 22.944936104758412,
  "A_121": 56.97798525028526,
  "A_122": 18.114423240598747,
  "A_123": 1.2076282160399163,
  "A_124": 25.36019253683824,
  "A_125": 55.41472874585895,
  "A_126": 1.0714590240627204,
  "A_127": 0.0,
  "A_128": 9.66102572831933,
  "A_129": 4.830512864159665,
  "A_130": 1.2076282160399163,
  "A_131": 3.622884648119749,
  "A_132": 59.05974277263059,
  "A_133": 44.6822439934769,
  "A_134": 2.3012166187545233,
  "A_135": 6.564923336353519,
  "A_136": 90.14571411530727,
  "A_137": 97.50975809176913,
  "A_138": 8.571672192501763,
  "A_139": 227.9267441857247,
  "A_140": 54.66230473895358,
  "A_141": 98.6833942752972,
  "A_142": 20.529679672678576,
  "A_143": 34.17455904501513,
  "A_144": 38.21770082559089,
  "A_145": 131.6960666933087,
  "A_146": 124.05626628008537,
  "A_147": 51.7918440977392,
  "A_148": 44.00563290048796,
  "A_149": 27.52523996361557,
  "A_150": 5.629633504267994,
  "A_151": 26.56782075287816,
  "A_152": 47.624282681710675,
  "A_153": 0.0,
  "A_154": 0.0,
  "A_155": 70.04243653031514,
  "A_156": 74.87294939447482,
  "A_157": 0.0,
  "A_158": 0.0,
  "A_159": 79.70346225863449,
  "A_160": 45.617533825562425,
  "A_161": 1.2076282160399163,
  "A_162": 6.038141080199582,
  "A_163": 54.57981908224093,
  "A_164": 5.810061453548963,
  "A_165": 88.59416946829359,
  "A_166": 149.87508107886526,
  "A_167": 87.40443576400853,
  "A_168": 147.82163558951405,
  "A_169": 95.27736748486946,
  "A_170": 36.09267728922029,
  "A_171": 82.1187186907143,
  "A_172": 34.565059011856334,
  "A_173": 99.21684927424738,
  "A_174": 69.58024541911902,
  "A_175": 0.0,
  "A_176": 2.142918048125441,
  "A_177": 102.65045924817365,
  "A_178": 81.37339468320607,
  "A_179": 0.0,
  "A_180": 19.660891073884244,
  "A_181": 79.45325325333198,
  "A_182": 40.92319015337996,
  "A_183": 0.0,
  "A_184": 51.9280132897164,
  "A_185": 104.51897802756395,
  "A_186": 44.546074801499714,
  "A_187": 7.655118819002251,
  "A_188": 63.45961868220678,
  "A_189": 24.038524507473017,
  "A_190": 10.323977176450462,
  "A_191": 38.89854678547687,
  "A_192": 169.58534542289334,
  "A_193": 162.9480523581717,
  "A_194": 144.25748615764584,
  "A_195": 92.56097054738711,
  "A_196": 161.64848857471713,
  "A_197": 83.58079077895377,
  "A_198": 120.47682357517942,
  "A_199": 103.17422557538015,
  "A_200": 173.52478951315936,
  "A_201": 70.69172833358847,
  "A_202": 130.112327004781,
  "A_203": 129.24830106044953,
  "A_204": 170.03532202185227,
  "A_205": 148.29978599139042,
  "A_206": 69.35216579246841,
  "A_207": 283.3915624848525
}