{
  "A_1": 230.23132859180384,
  "A_2": 98.18202122052551,
  "A_3": 145.19767687427094,
  "A_4": 156.74216279664105,
  "A_5": 130.29614787412785,
  "A_6": 117.25647747694948,
  "A_7": 107.27303637777752,
  "A_8": 22.38236482509478,
  "A_9": 34.69519634593864,
  "A_10": 0.0,
  "A_11": 33.23930691204144,
  "A_12": 81.59446227505387,
  "A_13": 6.038141080199582,
  "A_14": 0.0,
  "A_15": 0.0,
  "A_16": 42.07713483415533,
  "A_17": 0.0,
  "A_18": 0.0,
  "A_19": 78.79622056576021,
  "A_20": 60.61964405610284,
  "A_21": 22.65893807594621,
  "A_22": 94.64933798067565,
  "A_23": 20.12117209674699,
  "A_24": 96.48499570090938,
  "A_25": 18.781609555626915,
  "A_26": 3.622884648119749,
  "A_27": 1.2076282160399163,
  "A_28": 0.0,
  "A_29": 27.77544896891807,
  "A_30": 72.17169493358278,
  "A_31": 21.601138696741298,
  "A_32": 109.20992877968052,
  "A_33": 29.101351865180337,
  "A_34": 1.2076282160399163,
  "A_35": 38.23983020424278,
  "A_36": 76.81658993739775,
  "A_37": 2.279087240102637,
  "A_38": 5.901971888222386,
  "A_39": 151.76794091813557,
  "A_40": 29.915816043808807,
  "A_41": 0.0,
  "A_42": 124.83833435527,
  "A_43": 82.47777759827841,
  "A_44": 77.96206488437905,
  "A_45": 56.977181002565914,
  "A_46": 4.558174480205274,
  "A_47": 110.86774722297989,
  "A_48": 37.853452006963074,
  "A_49": 4.830512864159665,
  "A_50": 8.453397512279414,
  "A_51": 13.928967312815365,
  "A_52": 122.29885934966725,
  "A_53": 72.70619294129393,
  "A_54": 16.071885360940808,
  "A_55": 42.501827895438225,
  "A_56": 5.357295120313602,
  "A_57": 0.0,
  "A_58": 0.0,
  "A_59": 8.571672192501763,
  "A_60": 0.0,
  "A_61": 0.0,
  "A_62": 0.0,
  "A_63": 0.0,
  "A_64": 15.000426336878085,
  "A_65": 0.0,
  "A_66": 1.0714590240627204,
  "A_67": 19.55860081708336,
  "A_68": 51.756055074229515,
  "A_69": 67.30284207267871,
  "A_70": 105.0151360385307,
  "A_71": 17.025069704781178,
  "A_72": 4.716473050834356,
  "A_73": 2.4152564320798326,
  "A_74": 0.0,
  "A_75": 1.2076282160399163,
  "A_76": 0.0,
  "A_77": 16.90679502455883,
  "A_78": 2.279087240102637,
  "A_79": 12.076282160399163,
  "A_80": 61.589039018035734,
  "A_81": 2.1871768054292144,
  "A_82": 0.0,
  "A_83": 84.51608061103929,
  "A_84": 51.02924133063621,
  "A_85": 0.0,
  "A_86": 18.114423240598747,
  "A_87": 58.9235735806534,
  "A_88": 0.0,
  "A_89": 0.0,
  "A_90": 9.524856536342135,
  "A_91": 1.2076282160399163,
  "A_92": 0.0,
  "A_93": 36.074782777465444,
  "A_94": 37.4364746972374,
  "A_95": 11.786049264689925,
  "A_96": 10.323977176450462,
  "A_97": 2.4152564320798326,
  "A_98": 0.0,
  "A_99": 0.0,
  "A_100": 0.0,
  "A_101": 0.0,
  "A_102": 1.2076282160399163,
  "A_103": 0.0,
  "A_104": 0.0,
  "A_105": 3.4867154561425533,
  "A_106": 16.248078443324736,
  "A_107": 66.67304071022825,
  "A_108": 54.24965026071928,
  "A_109": 72.5061865865958,
  "A_110": 59.17378258595589,
  "A_111": 11.259267008535987,
  "A_112": 96.0764881249778,
  "A_113": 120.31852500455034,
  "A_114": 153.9736782529622,
  "A_115": 122.90475947520918,
  "A_116": 58.303083898828184,
  "A_117": 36.83811439406408,
  "A_118": 123.7618236502203,
  "A_119": 40.633799204501884,
  "A_120": 61.40765602458808,
  "A_121": 52.31862635389314,
  "A_122": 44.076255903340666,
  "A_123": 0.0,
  "A_124": 39.59412053172288,
  "A_125": 73.97078451532875,
  "A_126": 34.112292678620975,
  "A_127": 0.0,
  "A_128": 109.85411863648444,
  "A_129": 100.43390226824806,
  "A_130": 108.98767994899498,
  "A_131": 15.000426336878085,
  "A_132": 82.70669917176018,
  "A_133": 19.32205145663866,
  "A_134": 20.468368350451122,
  "A_135": 37.4364746972374,
  "A_136": 37.40152762055888,
  "A_137": 4.830512864159665,
  "A_138": 83.31944796928695,
  "A_139": 88.34657426807888,
  "A_140": 12.076282160399163,
  "A_141": 75.08310937662937,
  "A_142": 67.65598221968344,
  "A_143": 0.0,
  "A_144": 1.0714590240627204,
  "A_145": 82.1187186907143,
  "A_146": 12.076282160399163,
  "A_147": 0.0,
  "A_148": 3.622884648119749,
  "A_149": 141.78353220842635,
  "A_150": 0.0,
  "A_151": 12.076282160399163,
  "A_152": 96.83236788380212,
  "A_153": 37.43647469723741,
  "A_154": 0.0,
  "A_155": 8.181059128325023,
  "A_156": 39.27126533789876,
  "A_157": 37.23136639606984,
  "A_158": 65.48339497053749,
  "A_159": 13.147741184461884,
  "A_160": 0.0,
  "A_161": 0.0,
  "A_162": 0.0,
  "A_163": 0.0,
  "A_164": 0.0,
  "A_165": 0.0,
  "A_166": 3.622884648119749,
  "A_167": 1.2076282160399163,
  "A_168": 37.690918569436946,
  "A_169": 97.45445349469536,
  "A_170": 2.4152564320798326,
  "A_171": 0.0,
  "A_172": 68.79901929076553,
  "A_173": 28.983077184957992,
  "A_174": 88.41034859894675,
  "A_175": 16.90679502455883,
  "A_176": 48.44976756736792,
  "A_177": 76.57757756831265,
  "A_178": 116.20189508862182,
  "A_179": 103.93755719197875,
  "A_180": 1.2076282160399163,
  "A_181": 72.30362925866294,
  "A_182": 109.66852590888097,
  "A_183": 30.581318465174647,
  "A_184": 20.493890649168883,
  "A_185": 48.30512864159665,
  "A_186": 113.29063144202263,
  "A_187": 18.48714179302064,
  "A_188": 121.86731761639952,
  "A_189": 90.94141670260852,
  "A_190": 48.16895944961946,
  "A_191": 52.81385445343443,
  "A_192": 74.58271649876558,
  "A_193": 81.44718441145358,
  "A_194": 74.87294939447482,
  "A_195": 127.6306824367455,
  "A_196": 15.408933912809674,
  "A_197": 67.05164032409769,
  "A_198": 95.2664598751762,
  "A_199": 155.75594146445553,
  "A_200": 26.145653532088765,
  "A_201": 9.66102572831933,
  "A_202": 61.82558837848043,
  "A_203": 56.55077891487949,
  "A_204": 0.0,
  "A_205": 4.830512864159665,
  "A_206": 51.73816056247466,
  "A_207": 30.076665587672597,
  "A_208": 1.0714590240627204,
  "A_209": 53.88107861060011,
  "A_210": 153.99252780888372,
  "A_211": 7.636382360416238,
  "A_212": 110.1595191415252,
  "A_213": 77.85243586713939,
  "A_214": 0.0,
  "A_215": 0.0,
  "A_216": 1.2076282160399163,
  "A_217": 0.0,
  "A_218": 0.0,
  "A_219": 2.4152564320798326,
  "A_220": 35.70374811870589,
  "A_221": 22.55855790747871,
  "A_222": 0.0,
  "A_223": 0.0,
  "A_224": 29.78219782506632,
  "A_225": 23.589993041134697,
  "A_226": 76.80301825713426,
  "A_227": 2.4152564320798326,
  "A_228": 22.654703209049174,
  "A_229": 129.66199854744482,
  "A_230": 66.68931416017386,
  "A_231": 2.4152564320798326,
  "A_232": 56.96021640223654,
  "A_233": 73.18523555548393,
  "A_234": 1.2076282160399163,
  "A_235": 2.4152564320798326,
  "A_236": 70.88825380362644,
  "A_237": 56.55077891487948,
  "A_238": 0.0,
  "A_239": 51.09139459969484,
  "A_240": 1.2076282160399163,
  "A_241": 3.622884648119749,
  "A_242": 1.2076282160399163,
  "A_243": 8.453397512279414,
  "A_244": 25.052065129374157,
  "A_245": 39.11911172250011,
  "A_246": 25.769542059600994,
  "A_247": 6.903649856263571,
  "A_248": 0.0,
  "A_249": 16.08638695262978,
  "A_250": 1.0714590240627204,
  "A_251": 7.500213168439043,
  "A_252": 1.0714590240627204,
  "A_253": 45.97235786622947,
  "A_254": 17.551851960935114,
  "A_255": 79.63188421161509,
  "A_256": 18.251434379407108,
  "A_257": 89.75510105113055,
  "A_258": 16.498287448627238,
  "A_259": 6.564923336353518,
  "A_260": 0.0,
  "A_261": 48.677847194018554,
  "A_262": 49.28891209788299,
  "A_263": 2.4152564320798326,
  "A_264": 91.25038605690378,
  "A_265": 90.9175154657,
  "A_266": 56.41640671390014,
  "A_267": 0.0,
  "A_268": 4.830512864159665,
  "A_269": 43.98350352183608,
  "A_270": 58.49198158190323,
  "A_271": 1.0714590240627204,
  "A_272": 27.48521607320884,
  "A_273": 3.622884648119749,
  "A_274": 0.0,
  "A_275": 2.4152564320798326,
  "A_276": 0.0,
  "A_277": 0.0,
  "A_278": 17.960359536866704,
  "A_279": 3.622884648119749,
  "A_280": 57.509128037042366,
  "A_281": 4.830512864159665,
  "A_282": 25.883581872926307,
  "A_283": 114.7774090148899,
  "A_284": 63.441724170451934,
  "A_285": 4.830512864159665,
  "A_286": 20.12117209674699,
  "A_287": 69.31138791982481,
  "A_288": 1.0714590240627204,
  "A_289": 119.94323034615252,
  "A_290": 157.74395386201775,
  "A_291": 46.73409355376009,
  "A_292": 28.99578178564911,