{
  "A_1": 233.5648599901574,
  "A_2": 99.94798584933201,
  "A_3": 105.57582236260217,
  "A_4": 182.04457516139448,
  "A_5": 110.78000882335041,
  "A_6": 143.7119925756471,
  "A_7": 98.37346987683526,
  "A_8": 165.7854508782997,
  "A_9": 66.66033610953713,
  "A_10": 165.91816431835795,
  "A_11": 189.15333331882562,
  "A_12": 75.70087215603127,
  "A_13": 65.22886313374364,
  "A_14": 151.5747204035692,
  "A_15": 213.0283693446058,
  "A_16": 164.73354512691296,
  "A_17": 134.15639869678225,
  "A_18": 83.05908533652803,
  "A_19": 86.6980675054048,
  "A_20": 86.58742061214535,
  "A_21": 55.01045603682441,
  "A_22": 70.43304959449189,
  "A_23": 45.68815682841513,
  "A_24": 102.93086524206247,
  "A_25": 99.02551371527314,
  "A_26": 51.93224815661345,
  "A_27": 144.04892210455927,
  "A_28": 54.73388278597297,
  "A_29": 104.38280883558674,
  "A_30": 61.47499920471042,
  "A_31": 45.889872209516824,
  "A_32": 107.47891122755254,
  "A_33": 119.44115357462641,
  "A_34": 46.67094754142295,
  "A_35": 154.96702471728605,
  "A_36": 159.01799534675453,
  "A_37": 24.40700819299787,
  "A_38": 30.989826041106237,
  "A_39": 48.83191089775059,
  "A_40": 97.01610078855467,
  "A_41": 69.92839671698985,
  "A_42": 108.68653944359245,
  "A_43": 82.676074926573,
  "A_44": 119.01051662004292,
  "A_45": 91.3533423313472,
  "A_46": 105.57254253987182,
  "A_47": 134.7402574082666,
  "A_48": 24.152564320798326,
  "A_49": 71.13602493302976,
  "A_50": 55.71766624225931,
  "A_51": 87.92878014426327,
  "A_52": 92.67924522760947,
  "A_53": 119.56610099764498,
  "A_54": 185.4181304501547,
  "A_55": 95.26645987517618,
  "A_56": 129.3069106129949,
  "A_57": 156.53960546870817,
  "A_58": 96.06558051528452,
  "A_59": 74.90946726748015,
  "A_60": 161.21683374411387,
  "A_61": 111.96550766073842,
  "A_62": 52.757733042270694,
  "A_63": 229.5173576789784,
  "A_64": 107.98779897195163,
  "A_65": 220.26060465969366,
  "A_66": 100.90456311323825,
  "A_67": 139.79188812975653,
  "A_68": 130.30980751898565,
  "A_69": 40.4755006338728,
  "A_70": 111.9451752730844,
  "A_71": 20.529679672678576,
  "A_72": 73.5291519864577,
  "A_73": 27.52523996361557,
  "A_74": 45.46347012183038,
  "A_75": 97.93616017945557,
  "A_76": 160.0340869418904,
  "A_77": 29.509859441111928,
  "A_78": 67.62718009823531,
  "A_79": 92.85120344309637,
  "A_80": 71.89512168273134,
  "A_81": 46.84729142025424,
  "A_82": 99.68846516340426,
  "A_83": 72.45769296239499,
  "A_84": 36.891797929328625,
  "A_85": 16.015839348000767,
  "A_86": 115.81826892650666,
  "A_87": 100.09697273933585,
  "A_88": 133.93269216710542,
  "A_89": 43.202277393482596,
  "A_90": 86.81306236289679,
  "A_91": 70.04243653031514,
  "A_92": 53.11774699400148,
  "A_93": 95.40262906715338,
  "A_94": 175.1265116780362,
  "A_95": 101.69521401955251,
  "A_96": 86.51349265382109,
  "A_97": 151.63605685853784,
  "A_98": 163.20169198265194,
  "A_99": 115.36208454046422,
  "A_100": 186.3933562080527,
  "A_101": 209.9986927877075,
  "A_102": 197.50525738839409
}