{
  "A_1": 238.37751604167408,
  "A_2": 90.89199316698225,
  "A_3": 158.39391168293363,
  "A_4": 94.1234228040941,
  "A_5": 147.46507738970223,
  "A_6": 146.21571625685203,
  "A_7": 77.8600636541023,
  "A_8": 83.25476885973485,
  "A_9": 33.81359004911766,
  "A_10": 31.693643326475268,
  "A_11": 118.9126371593277,
  "A_12": 158.95076526396772,
  "A_13": 29.46220776374228,
  "A_14": 0.0,
  "A_15": 37.43647469723741,
  "A_16": 52.028393458183906,
  "A_17": 73.14277378917801,
  "A_18": 0.0,
  "A_19": 28.98307718495799,
  "A_20": 77.2345222912901,
  "A_21": 43.69327062612684,
  "A_22": 4.422005288228077,
  "A_23": 24.116775297288633,
  "A_24": 37.53685486570491,
  "A_25": 19.959480606052033,
  "A_26": 18.844604771516703,
  "A_27": 22.677674534532223,
  "A_28": 0.0,
  "A_29": 2.4152564320798326,
  "A_30": 4.488393424183738,
  "A_31": 1.0935884027146072,
  "A_32": 0.0,
  "A_33": 40.206555169984284,
  "A_34": 73.13155202021939,
  "A_35": 30.699593145396996,
  "A_36": 14.149419152503068,
  "A_37": 12.941790936463153,
  "A_38": 9.66102572831933,
  "A_39": 0.0,
  "A_40": 4.830512864159665,
  "A_41": 44.5460748014997,
  "A_42": 23.1824405093698,
  "A_43": 3.622884648119749,
  "A_44": 82.1187186907143,
  "A_45": 73.6653211784349,
  "A_46": 5.924101266874272,
  "A_47": 3.4867154561425533,
  "A_48": 41.58614160151109,
  "A_49": 130.8144603964877,
  "A_50": 7.636382360416238,
  "A_51": 0.0,
  "A_52": 19.32205145663866,
  "A_53": 18.114423240598747,
  "A_54": 0.0,
  "A_55": 0.0,
  "A_56": 20.529679672678576,
  "A_57": 0.0,
  "A_58": 0.0,
  "A_59": 0.0,
  "A_60": 0.0,
  "A_61": 0.0,
  "A_62": 14.3553694005018,
  "A_63": 4.285836096250882,
  "A_64": 43.42093224217245,
  "A_65": 28.402611393539516,
  "A_66": 67.1292879281238,
  "A_67": 153.18905920454281,
  "A_68": 56.32269928822886,
  "A_69": 190.89346148964896,
  "A_70": 23.493847739564234,
  "A_71": 17.77230380062282,
  "A_72": 16.90679502455883,
  "A_73": 13.28391037643908,
  "A_74": 10.732484752382051,
  "A_75": 12.713711309812535,
  "A_76": 1.2076282160399163,
  "A_77": 38.1411339294376,
  "A_78": 3.622884648119749,
  "A_79": 3.214377072188161,
  "A_80": 42.36736772986457,
  "A_81": 0.0,
  "A_82": 1.0935884027146072,
  "A_83": 72.04237441359042,
  "A_84": 95.53708923272704,
  "A_85": 0.0,
  "A_86": 1.2076282160399163,
  "A_87": 9.66102572831933,
  "A_88": 1.0714590240627204,
  "A_89": 6.973430912285107,
  "A_90": 4.285836096250882,
  "A_91": 0.0,
  "A_92": 60.24524161001861,
  "A_93": 27.54736934226746,
  "A_94": 0.0,
  "A_95": 20.529679672678576,
  "A_96": 23.881909830506267,
  "A_97": 0.0,
  "A_98": 4.830512864159665,
  "A_99": 67.62718009823531,
  "A_100": 0.0,
  "A_101": 0.0,
  "A_102": 5.493464312290798,
  "A_103": 2.4152564320798326,
  "A_104": 1.2076282160399163,
  "A_105": 3.214377072188161,
  "A_106": 14.216649235289895,
  "A_107": 1.2076282160399163,
  "A_108": 20.393510480701384,
  "A_109": 8.225317885628796,
  "A_110": 2.142918048125441,
  "A_111": 19.32205145663866,
  "A_112": 15.408933912809674,
  "A_113": 16.752731320826786,
  "A_114": 17.143344385003527,
  "A_115": 134.53772521307496,
  "A_116": 79.14089097897084,
  "A_117": 12.466895224575904,
  "A_118": 119.61978453290952,
  "A_119": 26.989032929500866,
  "A_120": 128.03739302167924,
  "A_121": 118.51856834323202,
  "A_122": 35.78222510319256,
  "A_123": 81.62253554700634,
  "A_124": 13.28391037643908,
  "A_125": 73.6653211784349,
  "A_126": 33.81359004911766,
  "A_127": 5.76580269624519,
  "A_128": 1.2076282160399163,
  "A_129": 94.05883165913627,
  "A_130": 72.45769296239497,
  "A_131": 0.0,
  "A_132": 41.37603188483901,
  "A_133": 98.61700613934156,
  "A_134": 28.983077184957992,
  "A_135": 0.0,
  "A_136": 24.01639512882113,
  "A_137": 95.17454944050277,
  "A_138": 0.0,
  "A_139": 0.0,
  "A_140": 132.1080551539005,
  "A_141": 28.8469079929808,
  "A_142": 9.77930040854168,
  "A_143": 5.629633504267994,
  "A_144": 95.00587104774624,
  "A_145": 34.03224489780751,
  "A_146": 36.05349534564473,
  "A_147": 188.78311547415595,
  "A_148": 159.4205087639031,
  "A_149": 31.398333617037828,
  "A_150": 40.85764396425546,
  "A_151": 85.35522514155436,
  "A_152": 80.77492128269719,
  "A_153": 24.40700819299787,
  "A_154": 62.62470901858876,
  "A_155": 83.32634690675422,
  "A_156": 11.940112968421968,
  "A_157": 70.4976407394497,
  "A_158": 78.30598131535282,
  "A_159": 63.73195706616117,
  "A_160": 49.40081562820387,
  "A_161": 55.550897937836154,
  "A_162": 99.68846516340427,
  "A_163": 12.076282160399163,
  "A_164": 5.357295120313602,
  "A_165": 77.81498808270858,
  "A_166": 38.78450697215156,
  "A_167": 2.4152564320798326,
  "A_168": 30.989826041106237,
  "A_169": 119.28285500399734,
  "A_170": 60.38141080199581,
  "A_171": 0.0,
  "A_172": 24.951684960906654,
  "A_173": 75.13162813357141,
  "A_174": 3.622884648119749,
  "A_175": 50.95693443412118,
  "A_176": 130.1199547917439,
  "A_177": 62.61104937373096,
  "A_178": 50.00375009028081,
  "A_179": 29.259650435809423,
  "A_180": 156.35070778563315,
  "A_181": 27.212877689254448,
  "A_182": 55.3831745892463,
  "A_183": 24.933790449151807,
  "A_184": 65.21276561298664,
  "A_185": 68.16666695508037,
  "A_186": 60.49968548221817,
  "A_187": 108.23038019029124,
  "A_188": 125.55055854258002,
  "A_189": 38.51216858819717,
  "A_190": 49.932825494533375,
  "A_191": 99.14378839549549,
  "A_192": 22.264090144872434,
  "A_193": 118.36192853352404,
  "A_194": 158.53706777697238,
  "A_195": 74.46018181890497,
  "A_196": 107.52401193168748,
  "A_197": 34.634840067877875,
  "A_198": 11.848202533748545,
  "A_199": 61.316700634081336,
  "A_200": 7.245769296239498,
  "A_201": 19.32205145663866,
  "A_202": 9.524856536342135,
  "A_203": 0.0,
  "A_204": 4.830512864159665,
  "A_205": 1.2076282160399163,
  "A_206": 32.19745425714615,
  "A_207": 47.70772338259002,
  "A_208": 1.0714590240627204,
  "A_209": 2.4152564320798326,
  "A_210": 18.77737468872988,
  "A_211": 21.05306900876664,
  "A_212": 1.2076282160399163,
  "A_213": 24.661452065197416,
  "A_214": 69.68062558758652,
  "A_215": 1.2076282160399163,
  "A_216": 0.0,
  "A_217": 56.60446245014403,
  "A_218": 65.80329706726722,
  "A_219": 2.279087240102637,
  "A_220": 42.34608029804385,
  "A_221": 43.4030377304176,
  "A_222": 0.0,
  "A_223": 111.16560790565205,
  "A_224": 62.87236705065655,
  "A_225": 23.8104448808224,
  "A_226": 33.16334320167765,
  "A_227": 161.31579391270196,
  "A_228": 17.415682768957918,
  "A_229": 0.0,
  "A_230": 30.19070540099791,
  "A_231": 150.95179284584475,
  "A_232": 9.524856536342135,
  "A_233": 0.0,
  "A_234": 70.04243653031514,
  "A_235": 102.6483983633929,
  "A_236": 0.0,
  "A_237": 0.0,
  "A_238": 76.08057761051472,
  "A_239": 110.9656266836951,
  "A_240": 1.2076282160399163,
  "A_241": 0.0,
  "A_242": 68.83480831427522,
  "A_243": 19.32205145663866,
  "A_244": 1.2076282160399163,
  "A_245": 18.114423240598747,
  "A_246": 62.796667234075656,
  "A_247": 2.4152564320798326,
  "A_248": 0.0,
  "A_249": 25.36019253683824,
  "A_250": 14.491538592478996,
  "A_251": 0.0,
  "A_252": 1.2076282160399163,
  "A_253": 3.214377072188161,
  "A_254": 33.89607570583031,
  "A_255": 13.28391037643908,
  "A_256": 20.670083731552815,
  "A_257": 16.208054552918,
  "A_258": 186.3057057730175,
  "A_259": 119.3941427821581,
  "A_260": 8.571672192501763,
  "A_261": 46.93665088169294,
  "A_262": 10.460146368427658,
  "A_263": 5.901971888222386,
  "A_264": 0.0,
  "A_265": 1.0935884027146072,
  "A_266": 7.131729482914189,
  "A_267": 0.0,
  "A_268": 30.781324819872793,
  "A_269": 0.0,
  "A_270": 3.622884648119749,
  "A_271": 67.30548101050772,
  "A_272": 10.460146368427658,
  "A_273": 4.830512864159665,
  "A_274": 0.0,
  "A_275": 54.834262954440476,
  "A_276": 97.47820393515649,
  "A_277": 86.09642737950111,
  "A_278": 64.34122497902777,
  "A_279": 77.8149880827086,
  "A_280": 79.43112387468008,
  "A_281": 77.11529256690106,
  "A_282": 58.831663145979974,
  "A_283": 117.66671921202581,
  "A_284": 27.784873746878848,
  "A_285": 10.935884027146072,