{
  "A_1": 224.28597759222075,
  "A_2": 192.96172272995452,
  "A_3": 96.70968240749411,
  "A_4": 80.7799980964254,
  "A_5": 160.0612931342705,
  "A_6": 199.4832669549473,
  "A_7": 164.38628604135573,
  "A_8": 216.46407790242472,
  "A_9": 134.39636611003402,
  "A_10": 102.20494371078277,
  "A_11": 98.65184011868456,
  "A_12": 158.21200090192016,
  "A_13": 100.81688754546188,
  "A_14": 154.9754944510801,
  "A_15": 69.32664349375064,
  "A_16": 102.9555707266903,
  "A_17": 113.65516928717459,
  "A_18": 171.47378189970735,
  "A_19": 154.8393252591029,
  "A_20": 137.97255412495082,
  "A_21": 91.4895115233244,
  "A_22": 134.2177351517509,
  "A_23": 151.5985588086246,
  "A_24": 92.88603742243936,
  "A_25": 88.31420329737628,
  "A_26": 93.92594228988943,
  "A_27": 83.98929835488536,
  "A_28": 124.37973722606958,
  "A_29": 54.20710052981904,
  "A_30": 2.279087240102637,
  "A_31": 58.693696963004925,
  "A_32": 57.966154369915984,
  "A_33": 0.0,
  "A_34": 26.47420129180119,
  "A_35": 79.78594791534712,
  "A_36": 12.143512243185988,
  "A_37": 0.0,
  "A_38": 51.88120355917792,
  "A_39": 54.59176970069519,
  "A_40": 0.0,
  "A_41": 0.0,
  "A_42": 63.01532208276551,
  "A_43": 135.3368458531833,
  "A_44": 21.737307888718494,
  "A_45": 35.6841697132887,
  "A_46": 0.0,
  "A_47": 0.0,
  "A_48": 23.499113048851655,
  "A_49": 11.786049264689925,
  "A_50": 30.545529441664954,
  "A_51": 21.737307888718494,
  "A_52": 97.54554711527882,
  "A_53": 23.810444880822402,
  "A_54": 0.0,
  "A_55": 96.8244887694269,
  "A_56": 99.82463435538146,
  "A_57": 0.0,
  "A_58": 0.0,
  "A_59": 43.557101434149644,
  "A_60": 28.02989284111762,
  "A_61": 1.2076282160399163,
  "A_62": 72.17683457916408,
  "A_63": 77.32556564639114,
  "A_64": 20.556885865058668,
  "A_65": 0.0,
  "A_66": 91.13965119905004,
  "A_67": 138.62944858244586,
  "A_68": 36.87390341757378,
  "A_69": 64.06888659507338,
  "A_70": 19.44032613686101,
  "A_71": 204.42019184546933,
  "A_72": 28.513258286798948,
  "A_73": 78.81910392664895,
  "A_74": 50.162048660909896,
  "A_75": 127.1107237198352,
  "A_76": 81.57308687863885,
  "A_77": 4.830512864159665,
  "A_78": 131.18967965666187,
  "A_79": 32.161665233636455,
  "A_80": 120.91851893590356,
  "A_81": 28.53878058551671,
  "A_82": 75.72056365878395,
  "A_83": 49.086354769950134,
  "A_84": 34.05013940956236,
  "A_85": 22.53642852882682,
  "A_86": 163.81014308142858,
  "A_87": 90.77711140682577,
  "A_88": 119.16783501376409,
  "A_89": 157.34908079820278,
  "A_90": 157.84601792414756,
  "A_91": 50.02164460203566,
  "A_92": 143.53493241369077,
  "A_93": 64.1387556156892,
  "A_94": 121.7124747976894,
  "A_95": 13.147741184461884,
  "A_96": 60.16603577603632,
  "A_97": 0.0,
  "A_98": 9.643131216564484,
  "A_99": 6.83726172030791,
  "A_100": 0.0,
  "A_101": 35.820338905265906,
  "A_102": 0.0,
  "A_103": 26.27758785716892,
  "A_104": 14.149419152503068,
  "A_105": 119.54057869892722,
  "A_106": 24.80185612407165,
  "A_107": 147.91775575834328,
  "A_108": 24.40700819299787,
  "A_109": 89.7372065393757,
  "A_110": 56.14065027713866,
  "A_111": 23.1083114891157,
  "A_112": 2.4152564320798326,
  "A_113": 8.453397512279414,
  "A_114": 0.0,
  "A_115": 0.0,
  "A_116": 0.0,
  "A_117": 2.4152564320798326,
  "A_118": 0.0,
  "A_119": 0.0,
  "A_120": 0.0,
  "A_121": 18.895649368952228,
  "A_122": 3.622884648119749,
  "A_123": 24.81551576892946,
  "A_124": 49.10424928170499,
  "A_125": 19.576495328838206,
  "A_126": 46.34507641865137,
  "A_127": 60.70224281015102,
  "A_128": 24.64355755344257,
  "A_129": 49.88547541005846,
  "A_130": 88.03159818862996,
  "A_131": 41.74444017214018,
  "A_132": 65.3003280834275,
  "A_133": 45.617533825562425,
  "A_134": 6.428754144376322,
  "A_135": 14.491538592478996,
  "A_136": 135.48751663684945,
  "A_137": 95.21277633991166,
  "A_138": 1.2076282160399163,
  "A_139": 31.942143305374227,
  "A_140": 0.0,
  "A_141": 0.0,
  "A_142": 0.0,
  "A_143": 9.77930040854168,
  "A_144": 0.0,
  "A_145": 0.0,
  "A_146": 0.0,
  "A_147": 0.0,
  "A_148": 1.2076282160399163,
  "A_149": 0.0,
  "A_150": 0.0,
  "A_151": 1.2867963509103797,
  "A_152": 0.0,
  "A_153": 0.0,
  "A_154": 0.0,
  "A_155": 0.0,
  "A_156": 49.57734800259438,
  "A_157": 67.70117088841268,
  "A_158": 0.0,
  "A_159": 83.03948179836965,
  "A_160": 133.45681627831027,
  "A_161": 28.556675097271558,
  "A_162": 66.41955188219539,
  "A_163": 4.444134666879965,
  "A_164": 63.11993711813004,
  "A_165": 41.278014194047,
  "A_166": 1.2076282160399163,
  "A_167": 0.0,
  "A_168": 51.2173850314744,
  "A_169": 0.0,
  "A_170": 3.622884648119749,
  "A_171": 0.0,
  "A_172": 0.0,
  "A_173": 0.0,
  "A_174": 0.0,
  "A_175": 25.851185769482488,
  "A_176": 20.493890649168883,
  "A_177": 19.55860081708336,
  "A_178": 35.98287234279202,
  "A_179": 33.08254143862732,
  "A_180": 22.40025933684963,
  "A_181": 0.0,
  "A_182": 0.0,
  "A_183": 65.64923336353519,
  "A_184": 33.99654383889212,
  "A_185": 21.623268075393185,
  "A_186": 22.944936104758412,
  "A_187": 148.61988915004997,
  "A_188": 135.39810690992832,
  "A_189": 17.37657622360603,
  "A_190": 52.04628796993875,
  "A_191": 115.19682420051477,
  "A_192": 93.30640765223092,
  "A_193": 77.86168471591155,
  "A_194": 67.85523459214471,
  "A_195": 170.98528937481538,
  "A_196": 30.40257440955601,
  "A_197": 8.571672192501763,
  "A_198": 63.85023174638352,
  "A_199": 4.830512864159665,
  "A_200": 0.0,
  "A_201": 0.0,
  "A_202": 1.0714590240627204,
  "A_203": 0.0,
  "A_204": 10.714590240627205,
  "A_205": 12.029472429860679,
  "A_206": 0.0,
  "A_207": 0.0,
  "A_208": 2.142918048125441,
  "A_209": 0.0,
  "A_210": 66.8568615795751,
  "A_211": 66.55401204776905,
  "A_212": 0.0,
  "A_213": 2.279087240102637,
  "A_214": 0.0,
  "A_215": 3.280765208143822,
  "A_216": 4.422005288228077,
  "A_217": 7.245769296239498,
  "A_218": 90.80866556343841,
  "A_219": 119.2206766021975,
  "A_220": 4.422005288228077,
  "A_221": 66.4195518821954,
  "A_222": 120.38819296323635,
  "A_223": 67.8561016717171,
  "A_224": 37.43647469723741,
  "A_225": 49.89571700210917,
  "A_226": 113.85998856181801,
  "A_227": 112.97237553984336,
  "A_228": 3.622884648119749,
  "A_229": 33.26381133473945,
  "A_230": 50.802870730389145,
  "A_231": 94.4843415345091,
  "A_232": 0.0,
  "A_233": 24.01639512882113,
  "A_234": 31.65277748923737,
  "A_235": 9.66102572831933,
  "A_236": 2.4152564320798326,
  "A_237": 171.6899486070156,
  "A_238": 89.16097561485425,
  "A_239": 74.47036057910259,
  "A_240": 69.74277885664515,
  "A_241": 12.330726032598708,
  "A_242": 80.7093750935727,
  "A_243": 26.944774172197093,
  "A_244": 55.88782746674835,
  "A_245": 30.97616639624843,
  "A_246": 1.0714590240627204,
  "A_247": 48.26933961808696,
  "A_248": 33.35139893792153,
  "A_249": 106.88055092437924,
  "A_250": 23.288739438396664,
  "A_251": 183.11006515941534,
  "A_252": 104.64993217573618,
  "A_253": 49.459073322372035,
  "A_254": 57.966154369915984,
  "A_255": 155.17208275297116,
  "A_256": 2.4152564320798326,
  "A_257": 5.901971888222386,
  "A_258": 27.511580318757765,
  "A_259": 22.33055367905178,
  "A_260": 35.3642927493002,
  "A_261": 5.401553877617376,
  "A_262": 1.0714590240627204,
  "A_263": 3.622884648119749,
  "A_264": 61.697888920297316,
  "A_265": 21.328800312786903,
  "A_266": 0.0,
  "A_267": 16.480392936872395,
  "A_268": 122.02231123155703,
  "A_269": 57.50396325871986,
  "A_270": 57.11758506144015,
  "A_271": 9.66102572831933,
  "A_272": 9.204866475018093,
  "A_273": 3.622884648119749,
  "A_274": 0.0,
  "A_275": 12.058387648644317,
  "A_276": 1.0714590240627204,
  "A_277": 20.902398225100473,
  "A_278": 0.0,
  "A_279": 0.0,
  "A_280": 13.1009314539234,
  "A_281": 1.2076282160399163,
  "A_282": 65.58377513900498,
  "A_283": 39.85173112931724,
  "A_284": 42.20567623916962,
  "A_285": 124.34130926473088,
  "A_286": 57.32701619409907,
  "A_287": 25.052065129374157,
  "A_288": 4.558174480205274,
  "A_289": 118.54832550884682,
  "A_290": 29.787274638794525,
  "A_291": 0.0,
  "A_292": 26.246121665150575,
  "A_293": 44.6822439934769,