{
  "A_1": 123.56984720634475,
  "A_2": 38.64410291327732,
  "A_3": 7.500213168439043,
  "A_4": 1.2076282160399163,
  "A_5": 0.0,
  "A_6": 0.0,
  "A_7": 3.622884648119749,
  "A_8": 3.214377072188161,
  "A_9": 96.73943957310891,
  "A_10": 18.232697920821096,
  "A_11": 77.79190365989001,
  "A_12": 42.99632714548387,
  "A_13": 102.7776686179028,
  "A_14": 46.10852705820667,
  "A_15": 0.0,
  "A_16": 84.52800609675234,
  "A_17": 40.66016345005082,
  "A_18": 0.0,
  "A_19": 7.245769296239498,
  "A_20": 69.93506945978606,
  "A_21": 53.853005338647634,
  "A_22": 0.0,
  "A_23": 35.393936817579466,
  "A_24": 152.22494211826796,
  "A_25": 56.82311729883388,
  "A_26": 17.56974647268996,
  "A_27": 148.34143094360638,
  "A_28": 97.57434923672693,
  "A_29": 72.02024503493854,
  "A_30": 172.64741808323544,
  "A_31": 76.96641877423275,
  "A_32": 12.058387648644317,
  "A_33": 163.8935586495667,
  "A_34": 142.84634556950635,
  "A_35": 35.25776762560227,
  "A_36": 75.37241236091315,
  "A_37": 34.7615844818943,
  "A_38": 51.89222426620671,
  "A_39": 24.82398550272354,
  "A_40": 119.66648116611248,
  "A_41": 24.069123619918987,
  "A_42": 69.28839146160054,
  "A_43": 69.87894804862233,
  "A_44": 95.25703509721544,
  "A_45": 59.959243581206415,
  "A_46": 70.881555928089,
  "A_47": 20.78412354487812,
  "A_48": 0.0,
  "A_49": 67.50972223210292,
  "A_50": 0.0,
  "A_51": 20.52967967267858,
  "A_52": 0.0,
  "A_53": 68.59127205176895,
  "A_54": 26.023143984969376,
  "A_55": 81.44878034052158,
  "A_56": 133.91056278845352,
  "A_57": 30.05282718261717,
  "A_58": 0.0,
  "A_59": 74.63712888352576,
  "A_60": 47.37236465000462,
  "A_61": 0.0,
  "A_62": 3.622884648119749,
  "A_63": 91.92682122070411,
  "A_64": 11.940112968421968,
  "A_65": 0.0,
  "A_66": 81.72892244062751,
  "A_67": 52.47692492452222,
  "A_68": 33.35572176941288,
  "A_69": 0.0,
  "A_70": 110.67539378798585,
  "A_71": 163.47396753475326,
  "A_72": 86.28878081449511,
  "A_73": 65.43481338174237,
  "A_74": 10.868653944359247,
  "A_75": 96.62539975978362,
  "A_76": 33.22210355067039,
  "A_77": 46.73748647382597,
  "A_78": 3.214377072188161,
  "A_79": 14.06513650479256,
  "A_80": 82.24790098062994,
  "A_81": 39.20148428187723,
  "A_82": 62.11582127418967,
  "A_83": 181.82137128654222,
  "A_84": 124.17538290713887,
  "A_85": 45.94683556751171,
  "A_86": 70.04243653031514,
  "A_87": 104.73253092978436,
  "A_88": 66.72069238759791,
  "A_89": 74.28993262982162,
  "A_90": 122.97126070850037,
  "A_91": 16.61656212884959,
  "A_92": 66.03062271168099,
  "A_93": 41.05935934535715,
  "A_94": 3.622884648119749,
  "A_95": 97.2185701518932,
  "A_96": 0.0,
  "A_97": 95.03412024888732,
  "A_98": 2.142918048125441,
  "A_99": 45.43200392981204,
  "A_100": 52.76620277606477,
  "A_101": 5.651762882919881,
  "A_102": 6.701092528330714,
  "A_103": 120.75583470193004,
  "A_104": 61.84855970396349,
  "A_105": 76.95032125347576,
  "A_106": 21.5653496732316,
  "A_107": 6.428754144376322,
  "A_108": 126.89029701288871,
  "A_109": 109.93755933736378,
  "A_110": 0.0,
  "A_111": 44.54607480149971,
  "A_112": 130.41787830626916,
  "A_113": 51.3504880290217,
  "A_114": 4.69434367218247,
  "A_115": 161.2093818863396,
  "A_116": 101.70612162924579,
  "A_117": 44.78685902884145,
  "A_118": 178.00637196447013,
  "A_119": 44.392011097767664,
  "A_120": 175.88134842809956,
  "A_121": 31.616988465727676,
  "A_122": 120.39335774155887,
  "A_123": 31.477426353684606,
  "A_124": 99.2407505111559,
  "A_125": 70.50790746424163,
  "A_126": 63.2629801148333,
  "A_127": 65.46805143201735,
  "A_128": 86.06910808978549,
  "A_129": 38.18191180208119,
  "A_130": 0.0,
  "A_131": 44.8618048631855,
  "A_132": 0.0,
  "A_133": 37.53685486570491,
  "A_134": 1.2076282160399163,
  "A_135": 170.12401546564843,
  "A_136": 37.16837118018005,
  "A_137": 187.03426624212625,
  "A_138": 123.42976987310647,
  "A_139": 32.27993991385881,
  "A_140": 9.66102572831933,
  "A_141": 92.77791636967342,
  "A_142": 36.77775811600331,
  "A_143": 0.0,
  "A_144": 6.275645484810972,
  "A_145": 62.3923945250411,
  "A_146": 51.6429703050709,
  "A_147": 2.142918048125441,
  "A_148": 153.83336215868226,
  "A_149": 71.06444688601037,
  "A_150": 21.310905801032057,
  "A_151": 128.8458253424128,
  "A_152": 13.424314435313315,
  "A_153": 43.250771017683405,
  "A_154": 17.437812147609804,
  "A_155": 13.28391037643908,
  "A_156": 26.07587247606723,
  "A_157": 64.59491486899046,
  "A_158": 28.218790524192674,
  "A_159": 58.10061453548964,
  "A_160": 74.27288006489795,
  "A_161": 123.73969427156841,
  "A_162": 136.34111249357105,
  "A_163": 172.4369188090743
}