{
  "A_1": 125.10418849198739,
  "A_2": 7.017689669588879,
  "A_3": 6.428754144376322,
  "A_4": 67.30115817901638,
  "A_5": 51.211378306320725,
  "A_6": 76.58604730210672,
  "A_7": 43.59289045765934,
  "A_8": 85.54232583363157,
  "A_9": 70.80321717367907,
  "A_10": 228.9862148922213,
  "A_11": 120.21809457060041,
  "A_12": 203.81735791435727,
  "A_13": 116.0878552752965,
  "A_14": 147.06253883981245,
  "A_15": 160.92595996350332,
  "A_16": 88.26147480627843,
  "A_17": 84.38667212645264,
  "A_18": 104.17514956118445,
  "A_19": 45.97235786622947,
  "A_20": 54.34326972179623,
  "A_21": 96.80762470006243,
  "A_22": 71.72664435190464,
  "A_23": 133.75986687204613,
  "A_24": 38.06363712185885,
  "A_25": 37.61858654018071,
  "A_26": 3.622884648119749,
  "A_27": 0.0,
  "A_28": 0.0,
  "A_29": 32.60596183307774,
  "A_30": 9.937598979170762,
  "A_31": 32.60596183307774,
  "A_32": 95.78625522926855,
  "A_33": 46.907647698315,
  "A_34": 14.3553694005018,
  "A_35": 79.58942244530917,
  "A_36": 59.617966088061664,
  "A_37": 57.39839317918862,
  "A_38": 171.2678316517086,
  "A_39": 30.875786227780928,
  "A_40": 113.91190023882592,
  "A_41": 9.912076680453001,
  "A_42": 28.402611393539516,
  "A_43": 114.3091860457989,
  "A_44": 95.62549364999907,
  "A_45": 24.64355755344257,
  "A_46": 26.922644793545203,
  "A_47": 1.2076282160399163,
  "A_48": 2.142918048125441,
  "A_49": 63.033216594520354,
  "A_50": 12.993677480729842,
  "A_51": 0.0,
  "A_52": 32.72423651330009,
  "A_53": 87.04961172334149,
  "A_54": 176.38600130560158,
  "A_55": 18.114423240598747,
  "A_56": 24.52528287322022,
  "A_57": 4.422005288228077,
  "A_58": 65.29440932286813,
  "A_59": 4.830512864159665,
  "A_60": 22.944936104758412,
  "A_61": 0.0,
  "A_62": 17.415682768957918,
  "A_63": 0.0,
  "A_64": 0.0,
  "A_65": 18.0965287288439,
  "A_66": 0.0,
  "A_67": 59.35505248206803,
  "A_68": 109.39276947211948,
  "A_69": 105.51883387186606,
  "A_70": 0.0,
  "A_71": 4.444134666879965,
  "A_72": 3.280765208143822,
  "A_73": 116.75683858132254,
  "A_74": 123.18388369929531,
  "A_75": 22.500639505317128,
  "A_76": 12.076282160399163,
  "A_77": 29.154080356278197,
  "A_78": 3.4867154561425533,
  "A_79": 169.12216156841865,
  "A_80": 28.298838305006136,
  "A_81": 31.398333617037824,
  "A_82": 1.2076282160399163,
  "A_83": 1.2076282160399163,
  "A_84": 0.0,
  "A_85": 0.0,
  "A_86": 16.071885360940808,
  "A_87": 0.0,
  "A_88": 26.413757049146117,
  "A_89": 41.02357032184746,
  "A_90": 19.345022782121713,
  "A_91": 64.3540175443132,
  "A_92": 3.214377072188161,
  "A_93": 40.206555169984284,
  "A_94": 0.0,
  "A_95": 101.6407513693099,
  "A_96": 4.716473050834356,
  "A_97": 97.45691650333576,
  "A_98": 88.03847199335601,
  "A_99": 110.0047894201506,
  "A_100": 94.22041005249571,
  "A_101": 35.02121826515757,
  "A_102": 95.66638461997819,
  "A_103": 10.868653944359247,
  "A_104": 51.30413068782532,
  "A_105": 122.06384308643749,
  "A_106": 4.830512864159665,
  "A_107": 1.2076282160399163,
  "A_108": 11.786049264689925,
  "A_109": 0.0,
  "A_110": 0.0,
  "A_111": 0.0,
  "A_112": 13.28391037643908,
  "A_113": 20.257341288724184,
  "A_114": 68.71557858988619,
  "A_115": 16.61656212884959,
  "A_116": 93.72094708605738,
  "A_117": 0.0,
  "A_118": 25.75080560101498,
  "A_119": 0.0,
  "A_120": 39.85173112931724,
  "A_121": 9.643131216564484,
  "A_122": 61.12684790683961,
  "A_123": 48.72634081821936,
  "A_124": 71.82618257354099,
  "A_125": 131.47042494255726,
  "A_126": 81.4190231749068,
  "A_127": 1.2076282160399163,
  "A_128": 29.831533396098298,
  "A_129": 0.0,
  "A_130": 0.0,
  "A_131": 0.0,
  "A_132": 2.279087240102637,
  "A_133": 58.41889557041013,
  "A_134": 25.608692515737204,
  "A_135": 140.08058792825082,
  "A_136": 26.41375704914612,
  "A_137": 42.26698756139707,
  "A_138": 103.41172997999152,
  "A_139": 56.21384938596728,
  "A_140": 167.00137289894508,
  "A_141": 77.78427587292708,
  "A_142": 106.84476190086953,
  "A_143": 64.48766089579689,
  "A_144": 19.83093920103775,
  "A_145": 105.88235384099823,
  "A_146": 28.67494977749391,
  "A_147": 18.114423240598747,
  "A_148": 49.25735794127034,
  "A_149": 20.257341288724188,
  "A_150": 24.039366454304183,
  "A_151": 16.22594906467285,
  "A_152": 100.03386442611054,
  "A_153": 146.7252951516349,
  "A_154": 34.86715456142554,
  "A_155": 139.96892315897162,
  "A_156": 166.83475539096932,
  "A_157": 47.09750042555673,
  "A_158": 97.1591437852579,
  "A_159": 34.18630860153955,
  "A_160": 93.67149841768989,
  "A_161": 69.69512717927549,
  "A_162": 44.89964220510532,
  "A_163": 121.26895731322618,
  "A_164": 64.05099208331853,
  "A_165": 0.0,
  "A_166": 24.152564320798326,
  "A_167": 19.32205145663866,
  "A_168": 14.491538592478996,
  "A_169": 24.569541630523993,
  "A_170": 6.428754144376322,
  "A_171": 8.980179768433352,
  "A_172": 35.97863747589498,
  "A_173": 139.86523803503255,
  "A_174": 100.51638792496071,
  "A_175": 79.13326319200793,
  "A_176": 2.3012166187545233,
  "A_177": 0.0,
  "A_178": 2.142918048125441,
  "A_179": 1.2076282160399163,
  "A_180": 6.7896100429382615,
  "A_181": 0.0,
  "A_182": 17.65826398729751,
  "A_183": 8.453397512279414,
  "A_184": 3.622884648119749,
  "A_185": 26.532031729368466,
  "A_186": 1.0714590240627204,
  "A_187": 37.20839507058679,
  "A_188": 73.47546845119317,
  "A_189": 62.53703345081237,
  "A_190": 4.716473050834356,
  "A_191": 24.960154694700734,
  "A_192": 20.626666921080204,
  "A_193": 53.999353290822455,
  "A_194": 129.55314864518326,
  "A_195": 76.7043471150703,
  "A_196": 19.967108393014946,
  "A_197": 86.87426058778873,
  "A_198": 35.02121826515757,
  "A_199": 50.21996706307148,
  "A_200": 43.72819257006415,
  "A_201": 26.259693345414075,
  "A_202": 5.581981826898345,
  "A_203": 0.0,
  "A_204": 2.4152564320798326,
  "A_205": 12.058387648644317,
  "A_206": 2.4152564320798326,
  "A_207": 30.308980081220255,
  "A_208": 20.78412354487812,
  "A_209": 9.002309147085239,
  "A_210": 88.07762880419037,
  "A_211": 1.0714590240627204,
  "A_212": 43.47461577743699,
  "A_213": 7.772551552393435,
  "A_214": 1.0935884027146072,
  "A_215": 0.0,
  "A_216": 58.93024632344962,
  "A_217": 95.34892039914764,
  "A_218": 59.514946981765135,
  "A_219": 118.33643136754749,
  "A_220": 21.73730788871849,
  "A_221": 86.5407239789424,
  "A_222": 4.422005288228077,
  "A_223": 95.5106998544369,
  "A_224": 119.01133343413288,
  "A_225": 7.245769296239498,
  "A_226": 0.0,
  "A_227": 1.2076282160399163,
  "A_228": 2.4152564320798326,
  "A_229": 0.0,
  "A_230": 1.2076282160399163,
  "A_231": 1.2076282160399163,
  "A_232": 42.13928810321396,
  "A_233": 137.17163649384463,
  "A_234": 4.69434367218247,
  "A_235": 43.47461577743698,
  "A_236": 7.772551552393435,
  "A_237": 6.038141080199582,
  "A_238": 1.2076282160399163,
  "A_239": 110.73998493294367,
  "A_240": 3.350546264165357,
  "A_241": 51.51950571378482,
  "A_242": 41.999725991170884,
  "A_243": 225.55490456411746,
  "A_244": 91.18646092958852,
  "A_245": 89.39329010840193,
  "A_246": 38.93941262271476,
  "A_247": 0.0,
  "A_248": 10.051638792496071,
  "A_249": 7.109600104262302,
  "A_250": 0.0,
  "A_251": 23.4538238491575,
  "A_252": 0.0,
  "A_253": 50.808035508711654,
  "A_254": 36.355590895213915,
  "A_255": 36.43151690646588,
  "A_256": 64.66289893401414,
  "A_257": 58.597551661434466,
  "A_258": 139.95102864721676,
  "A_259": 104.50108351580909,
  "A_260": 153.2604613223736,
  "A_261": 222.65784091631247
}