{
  "A_1": 127.61658296891622,
  "A_2": 107.75537138106846,
  "A_3": 32.60596183307774,
  "A_4": 80.44896219533135,
  "A_5": 71.41503605978038,
  "A_6": 90.40529763308813,
  "A_7": 0.0,
  "A_8": 37.909573418126804,
  "A_9": 112.30243718965063,
  "A_10": 60.382252748826986,
  "A_11": 0.0,
  "A_12": 128.1881266371985,
  "A_13": 75.90861939502784,
  "A_14": 38.26195958289466,
  "A_15": 7.109600104262302,
  "A_16": 132.29683973963998,
  "A_17": 27.1949831774996,
  "A_18": 97.61013826023664,
  "A_19": 73.6653211784349,
  "A_20": 29.198339113581973,
  "A_21": 74.49324393999134,
  "A_22": 12.879637667404532,
  "A_23": 55.55089793783615,
  "A_24": 51.28200130917343,
  "A_25": 22.636808697294327,
  "A_26": 2.4152564320798326,
  "A_27": 169.1452459912372,
  "A_28": 56.2538481436328,
  "A_29": 56.624882802392364,
  "A_30": 135.82949784674864,
  "A_31": 51.61988588225232,
  "A_32": 97.54554711527882,
  "A_33": 110.15792321245718,
  "A_34": 77.1179315047301,
  "A_35": 25.86908028123733,
  "A_36": 28.78559667075334,
  "A_37": 15.699166808518912,
  "A_38": 26.749090648990293,
  "A_39": 3.214377072188161,
  "A_40": 21.34837871820408,
  "A_41": 0.0,
  "A_42": 1.2076282160399163,
  "A_43": 0.0,
  "A_44": 0.0,
  "A_45": 1.0714590240627204,
  "A_46": 94.43059516739149,
  "A_47": 129.8944638374399,
  "A_48": 0.0,
  "A_49": 92.25284313992303,
  "A_50": 84.96026411314506,
  "A_51": 62.55313097156937,
  "A_52": 192.86645707432706,
  "A_53": 128.30390060966857,
  "A_54": 110.75967643569638,
  "A_55": 71.16999183280038,
  "A_56": 20.140750502164167,
  "A_57": 30.895364633198103,
  "A_58": 143.31115048579028,
  "A_59": 59.05978047174243,
  "A_60": 0.0,
  "A_61": 97.35569438803708,
  "A_62": 86.72782467101959,
  "A_63": 39.157225524573455,
  "A_64": 0.0,
  "A_65": 53.412214756607746,
  "A_66": 102.06274266091069,
  "A_67": 8.317228320302219,
  "A_68": 52.14666813840625,
  "A_69": 89.93796687631072,
  "A_70": 103.90272321263578,
  "A_71": 69.17173784318743,
  "A_72": 11.123097816558792,
  "A_73": 143.48896462998343,
  "A_74": 37.30030550526021,
  "A_75": 20.560278785124545,
  "A_76": 34.907178451832266,
  "A_77": 21.812165758468232,
  "A_78": 39.46280195880283,
  "A_79": 7.544471925742817,
  "A_80": 36.87390341757378,
  "A_81": 16.08977987269565,
  "A_82": 53.13564150575632,
  "A_83": 165.1931224330213,
  "A_84": 77.21662777953526,
  "A_85": 21.167108822091947,
  "A_86": 127.30286352652874,
  "A_87": 64.63569274163405,
  "A_88": 66.40165737044055,
  "A_89": 157.1540632926385,
  "A_90": 101.68822711749094,
  "A_91": 91.31755330783751,
  "A_92": 38.95127527657472,
  "A_93": 158.0631271092518,
  "A_94": 87.59513043808143,
  "A_95": 22.85726053698203,
  "A_96": 101.83138321152971,
  "A_97": 108.65075042008277,
  "A_98": 55.2763101735418,
  "A_99": 246.04116742632345,
  "A_100": 59.61712414123049,
  "A_101": 59.00605923736605,
  "A_102": 54.3738688342422,
  "A_103": 107.82854535715587,
  "A_104": 161.12767534460502,
  "A_105": 159.997342874214
}