{
  "A_1": 145.11173546563936,
  "A_2": 58.361844247820926,
  "A_3": 6.038141080199582,
  "A_4": 46.63530931436061,
  "A_5": 17.165473763655417,
  "A_6": 68.5386315252654,
  "A_7": 0.0,
  "A_8": 3.214377072188161,
  "A_9": 40.13422314072804,
  "A_10": 20.35772145719169,
  "A_11": 13.28391037643908,
  "A_12": 32.526755999095435,
  "A_13": 35.02121826515757,
  "A_14": 115.93988626131245,
  "A_15": 144.63707851479379,
  "A_16": 94.71743514303485,
  "A_17": 130.67052518747087,
  "A_18": 103.61933898891135,
  "A_19": 37.4934380552323,
  "A_20": 94.43155021155816,
  "A_21": 9.66102572831933,
  "A_22": 0.0,
  "A_23": 0.0,
  "A_24": 1.2076282160399163,
  "A_25": 10.298454877732702,
  "A_26": 1.2076282160399163,
  "A_27": 36.31649691623265,
  "A_28": 10.714590240627205,
  "A_29": 69.22542137845197,
  "A_30": 236.62695778324075,
  "A_31": 91.7635086681999,
  "A_32": 76.6039669466028,
  "A_33": 82.35431300699233,
  "A_34": 14.337474888746954,
  "A_35": 31.5132153771943,
  "A_36": 10.868653944359247,
  "A_37": 10.868653944359247,
  "A_38": 1.2076282160399163,
  "A_39": 39.44745842028269,
  "A_40": 56.50831714857356,
  "A_41": 109.37894646444369,
  "A_42": 20.493890649168883,
  "A_43": 0.0,
  "A_44": 33.94805021469131,
  "A_45": 20.357721457191687,
  "A_46": 0.0,
  "A_47": 7.109600104262302,
  "A_48": 1.2076282160399163,
  "A_49": 1.0714590240627204,
  "A_50": 1.2076282160399163,
  "A_51": 44.554544535293786,
  "A_52": 3.214377072188161,
  "A_53": 8.339357698954105,
  "A_54": 41.05935934535716,
  "A_55": 40.21427092154151,
  "A_56": 88.71337405994142,
  "A_57": 34.8135589907553,
  "A_58": 136.4516965549774,
  "A_59": 119.68362169563046,
  "A_60": 64.24084481056028,
  "A_61": 95.12933563903232,
  "A_62": 87.24877613120846,
  "A_63": 64.59746584222516,
  "A_64": 31.81107605986645,
  "A_65": 46.822611068367635,
  "A_66": 91.77974441903365,
  "A_67": 128.75568676599605,
  "A_68": 21.373059070090676,
  "A_69": 59.88343066728999,
  "A_70": 118.79850938140808,
  "A_71": 37.16413631328301,
  "A_72": 25.152533262435966,
  "A_73": 78.93314373997427,
  "A_74": 134.86201297314912,
  "A_75": 37.43647469723741,
  "A_76": 35.02121826515757,
  "A_77": 133.6765141357611,
  "A_78": 106.9274234867708,
  "A_79": 4.830512864159665,
  "A_80": 53.50836005817821,
  "A_81": 128.25604787036912,
  "A_82": 24.953368854568986,
  "A_83": 84.752629971484,
  "A_84": 2.279087240102637,
  "A_85": 125.45102032094368,
  "A_86": 34.485011231042876,
  "A_87": 79.70346225863447,
  "A_88": 96.26813784321737,
  "A_89": 98.83047107696767,
  "A_90": 49.867580898303615,
  "A_91": 55.124495850149714,
  "A_92": 155.97798923321125,
  "A_93": 104.47544811975581,
  "A_94": 41.32227295135078,
  "A_95": 65.88757971497773,
  "A_96": 95.17454944050276,
  "A_97": 60.56944140549848,
  "A_98": 111.29751709799099,
  "A_99": 95.16858041446096,
  "A_100": 3.214377072188161,
  "A_101": 60.93708314419217,
  "A_102": 56.213849385967286,
  "A_103": 7.544471925742817,
  "A_104": 92.98038573301199,
  "A_105": 16.48039293687239,
  "A_106": 83.64538192391159,
  "A_107": 57.48606874696501,
  "A_108": 45.59793028740404,
  "A_109": 144.59441568655802,
  "A_110": 56.829991103559934,
  "A_111": 116.72528442470988,
  "A_112": 58.397608138589405,
  "A_113": 1.2076282160399163,
  "A_114": 21.58324418498645,
  "A_115": 0.0,
  "A_116": 27.775448968918077,
  "A_117": 1.2076282160399163,
  "A_118": 28.166062033094818,
  "A_119": 5.76580269624519,
  "A_120": 73.96994256849759,
  "A_121": 84.95339030841899,
  "A_122": 47.860832042155366,
  "A_123": 43.751189028288415,
  "A_124": 146.1518790941311,
  "A_125": 12.076282160399163,
  "A_126": 80.37732131645888,
  "A_127": 1.2076282160399163,
  "A_128": 34.74887988120318,
  "A_129": 0.0,
  "A_130": 32.99402392401977,
  "A_131": 22.636808697294327,
  "A_132": 35.02121826515757,
  "A_133": 20.825831328947185,
  "A_134": 0.0,
  "A_135": 26.66820092134566,
  "A_136": 27.58227871983415,
  "A_137": 2.4152564320798326,
  "A_138": 19.32205145663866,
  "A_139": 144.49920029641302,
  "A_140": 24.859774526233235,
  "A_141": 0.0,
  "A_142": 42.26698756139707,
  "A_143": 107.22444222261178,
  "A_144": 10.460146368427658,
  "A_145": 0.0,
  "A_146": 67.93264343512917,
  "A_147": 103.54100023450145,
  "A_148": 14.241329587176491,
  "A_149": 150.8749620559086,
  "A_150": 10.94782207922971,
  "A_151": 169.85429088678183,
  "A_152": 152.27667786608725,
  "A_153": 34.67909882518164,
  "A_154": 8.453397512279414,
  "A_155": 104.38280883558676,
  "A_156": 162.49448177721706,
  "A_157": 8.453397512279414,
  "A_158": 58.32097841058303,
  "A_159": 28.284336713317167,
  "A_160": 14.491538592478996,
  "A_161": 18.114423240598747,
  "A_162": 46.7714785063378,
  "A_163": 2.279087240102637,
  "A_164": 0.0,
  "A_165": 12.076282160399163,
  "A_166": 8.453397512279414,
  "A_167": 24.779726745419765,
  "A_168": 2.279087240102637,
  "A_169": 0.0,
  "A_170": 26.27758785716892,
  "A_171": 12.001386591537585,
  "A_172": 64.30552392011238,
  "A_173": 110.2522715230298,
  "A_174": 102.59384774855597,
  "A_175": 28.029892841117622,
  "A_176": 84.59430626811368,
  "A_177": 38.15215463646639,
  "A_178": 84.56277724424226,
  "A_179": 91.69450672715645,
  "A_180": 70.61591541967205,
  "A_181": 87.12870445998827,
  "A_182": 58.35676743409272,
  "A_183": 107.16982877592179,
  "A_184": 37.08153755923483,
  "A_185": 53.13564150575632,
  "A_186": 137.4174975349146,
  "A_187": 22.580687286130598,
  "A_188": 14.330689048615204,
  "A_189": 41.12658942814398,
  "A_190": 102.76400897304501,
  "A_191": 7.908720744370631,
  "A_192": 3.214377072188161,
  "A_193": 108.9161019019756,
  "A_194": 58.966123311553616,
  "A_195": 10.460146368427658,
  "A_196": 1.2076282160399163,
  "A_197": 0.0,
  "A_198": 0.0,
  "A_199": 0.0,
  "A_200": 1.2076282160399163,
  "A_201": 45.4328458766432,
  "A_202": 24.152564320798326,
  "A_203": 134.52752132013612,
  "A_204": 51.483716690275116,
  "A_205": 201.19530928744754,
  "A_206": 111.21308365383307,
  "A_207": 38.63044326841951,
  "A_208": 84.21227603506657,
  "A_209": 86.52187442302085,
  "A_210": 36.66879511640621,
  "A_211": 14.083031016547409,
  "A_212": 0.0,
  "A_213": 0.0,
  "A_214": 2.4152564320798326,
  "A_215": 0.0,
  "A_216": 1.2076282160399163,
  "A_217": 16.403826040719107,
  "A_218": 1.2076282160399163,
  "A_219": 11.575864149794153,
  "A_220": 55.50144926946865,
  "A_221": 37.07646074550664,
  "A_222": 100.27983856451601,
  "A_223": 101.93176337999722,
  "A_224": 27.43332952894215,
  "A_225": 179.47871077750153,
  "A_226": 120.68181877901148,
  "A_227": 7.245769296239498,
  "A_228": 107.60809351746818,
  "A_229": 42.016778556094565,
  "A_230": 7.245769296239498,
  "A_231": 7.500213168439043,
  "A_232": 165.27737994799057,
  "A_233": 58.170395591511166,
  "A_234": 9.524856536342135,
  "A_235": 27.775448968918074,
  "A_236": 116.57037877414668,
  "A_237": 70.27898589075984,
  "A_238": 6.038141080199582,
  "A_239": 103.13939159603713,
  "A_240": 35.22545948675276,
  "A_241": 0.0,
  "A_242": 131.83569163720486,
  "A_243": 106.27804371890318,
  "A_244": 2.279087240102637,
  "A_245": 60.600065650685664,
  "A_246": 87.01127172659707,
  "A_247": 49.086354769950134,
  "A_248": 111.61068362007138,
  "A_249": 40.593775314095154,
  "A_250": 91.95759626233868,
  "A_251": 66.86712830436703,
  "A_252": 61.96175757045762,
  "A_253": 52.898137101144926,
  "A_254": 92.06908510242927,
  "A_255": 53.3287740557284,
  "A_256": 22.264090144872434,
  "A_257": 75.31205608285237,
  "A_258": 48.47613181291686,
  "A_259": 140.44643267594665,
  "A_260": 125.19919025383196,
  "A_261": 106.06014285245018,
  "A_262": 129.73523535538533,
  "A_263": 94.70388859551257,
  "A_264": 24.52528287322022,
  "A_265": 69.36159057042917,
  "A_266": 73.33419731274654,
  "A_267": 71.84143814746682,
  "A_268": 81.66337625150302,
  "A_269": 1.2867963509103797,
  "A_270": 24.01639512882113,
  "A_271": 144.24559837104465,
  "A_272": 13.16987056311377,
  "A_273": 0.0,
  "A_274": 73.3436220907073,
  "A_275": 94.66987143025952,
  "A_276": 9.66102572831933,