{
  "A_1": 233.16062498023467,
  "A_2": 95.83315292440133,
  "A_3": 133.00587206881397,
  "A_4": 153.61884164592453,
  "A_5": 59.09034188507656,
  "A_6": 67.62622505406863,
  "A_7": 33.25101876945402,
  "A_8": 137.06426942331558,
  "A_9": 92.91579458805417,
  "A_10": 32.04339055341411,
  "A_11": 139.14015845058398,
  "A_12": 43.891593087162654,
  "A_13": 100.07907822758102,
  "A_14": 87.44106673434939,
  "A_15": 25.069959641129003,
  "A_16": 111.24219993454655,
  "A_17": 187.3916663887692,
  "A_18": 67.9998986506572,
  "A_19": 119.14996563475049,
  "A_20": 117.1041479323622,
  "A_21": 41.08995845780313,
  "A_22": 53.02583655932805,
  "A_23": 148.7893215250434,
  "A_24": 122.06384308643747,
  "A_25": 83.21897983622516,
  "A_26": 63.6357866318495,
  "A_27": 50.58421588169929,
  "A_28": 132.5173167120689,
  "A_29": 36.03899375395575,
  "A_30": 30.486015110435353,
  "A_31": 108.57917237306339,
  "A_32": 23.5355555236333,
  "A_33": 0.0,
  "A_34": 49.48891845258114,
  "A_35": 133.28758496524668,
  "A_36": 18.114423240598747,
  "A_37": 8.181059128325023,
  "A_38": 169.9614820281223,
  "A_39": 128.2560478703691,
  "A_40": 75.53248278979885,
  "A_41": 76.93834550228028,
  "A_42": 17.143344385003527,
  "A_43": 4.830512864159665,
  "A_44": 1.0935884027146072,
  "A_45": 2.4152564320798326,
  "A_46": 0.0,
  "A_47": 10.184415064407393,
  "A_48": 28.13027300958512,
  "A_49": 20.39351048070138,
  "A_50": 0.0,
  "A_51": 59.927689424593765,
  "A_52": 62.79666723407564,
  "A_53": 57.50396325871986,
  "A_54": 2.4152564320798326,
  "A_55": 0.0,
  "A_56": 67.70540575530971,
  "A_57": 0.0,
  "A_58": 0.0,
  "A_59": 84.42660805226507,
  "A_60": 90.87325670839623,
  "A_61": 43.28476305019525,
  "A_62": 46.969800967373615,
  "A_63": 19.286262433128968,
  "A_64": 22.845661776904983,
  "A_65": 18.43949011565099,
  "A_66": 2.4152564320798326,
  "A_67": 21.214760499461597,
  "A_68": 24.841880014478384,
  "A_69": 31.39833361703782,
  "A_70": 54.97043214641768,
  "A_71": 10.596315560404856,
  "A_72": 9.27464753103963,
  "A_73": 80.56300200865665,
  "A_74": 45.889872209516824,
  "A_75": 3.4867154561425533,
  "A_76": 43.96560901008123,
  "A_77": 152.12618301160973,
  "A_78": 49.922948327230486,
  "A_79": 116.28713278049901,
  "A_80": 4.58030385885716,
  "A_81": 54.71598827421813,
  "A_82": 9.77930040854168,
  "A_83": 2.4152564320798326,
  "A_84": 1.2076282160399163,
  "A_85": 3.622884648119749,
  "A_86": 0.0,
  "A_87": 0.0,
  "A_88": 3.622884648119749,
  "A_89": 100.97693284160638,
  "A_90": 4.830512864159665,
  "A_91": 16.225949064672847,
  "A_92": 0.0,
  "A_93": 23.98060610531143,
  "A_94": 8.317228320302219,
  "A_95": 8.453397512279414,
  "A_96": 24.33383421691046,
  "A_97": 1.0714590240627204,
  "A_98": 32.02549604165927,
  "A_99": 2.142918048125441,
  "A_100": 55.51510891432646,
  "A_101": 133.25851895001566,
  "A_102": 18.02335475275649,
  "A_103": 48.25567997322916,
  "A_104": 0.0,
  "A_105": 3.622884648119749,
  "A_106": 1.2867963509103797,
  "A_107": 1.0714590240627204,
  "A_108": 27.212877689254444,
  "A_109": 54.91431073525395,
  "A_110": 124.85622886702484,
  "A_111": 0.0,
  "A_112": 35.78454988175621,
  "A_113": 14.154759860014178,
  "A_114": 0.0,
  "A_115": 1.2076282160399163,
  "A_116": 17.551851960935117,
  "A_117": 69.61603444262872,
  "A_118": 0.0,
  "A_119": 2.142918048125441,
  "A_120": 41.05935934535715,
  "A_121": 44.11204492685036,
  "A_122": 120.89200389390726,
  "A_123": 80.14077195601416,
  "A_124": 1.2076282160399163,
  "A_125": 41.60656195375943,
  "A_126": 62.80090210097269,
  "A_127": 43.360575964111675,
  "A_128": 3.214377072188161,
  "A_129": 94.73269071696069,
  "A_130": 65.31653870152002,
  "A_131": 55.32110928478198,
  "A_132": 119.89212291686391,
  "A_133": 97.34203474317928,
  "A_134": 46.07366794612245,
  "A_135": 18.48714179302064,
  "A_136": 4.830512864159665,
  "A_137": 0.0,
  "A_138": 0.0,
  "A_139": 11.922218456667121,
  "A_140": 7.109600104262302,
  "A_141": 15.288108259352615,
  "A_142": 1.2076282160399163,
  "A_143": 21.056461928832515,
  "A_144": 6.038141080199582,
  "A_145": 29.395819627786622,
  "A_146": 0.0,
  "A_147": 2.3012166187545233,
  "A_148": 10.8507594326044,
  "A_149": 71.40918013107411,
  "A_150": 13.928967312815365,
  "A_151": 49.695622682816726,
  "A_152": 43.88396530019974,
  "A_153": 0.0,
  "A_154": 0.0,
  "A_155": 6.038141080199582,
  "A_156": 19.286262433128968,
  "A_157": 22.518534017071975,
  "A_158": 10.868653944359247,
  "A_159": 1.2076282160399163,
  "A_160": 43.47461577743699,
  "A_161": 73.98435619559224,
  "A_162": 1.2076282160399163,
  "A_163": 0.0,
  "A_164": 85.46227805281809,
  "A_165": 72.43130358410482,
  "A_166": 6.038141080199582,
  "A_167": 59.08854489407871,
  "A_168": 86.58742061214537,
  "A_169": 111.8472329805161,
  "A_170": 62.2425656882061,
  "A_171": 64.69604901969483,
  "A_172": 82.72975846183755,
  "A_173": 2.4152564320798326,
  "A_174": 1.2076282160399163,
  "A_175": 0.0,
  "A_176": 0.0,
  "A_177": 0.0,
  "A_178": 0.0,
  "A_179": 34.58547936410468,
  "A_180": 14.105160395199295,
  "A_181": 0.0,
  "A_182": 0.0,
  "A_183": 90.36358984901906,
  "A_184": 33.23312425769918,
  "A_185": 0.0,
  "A_186": 61.964283410951126,
  "A_187": 119.5440595835874,
  "A_188": 96.05264971992236,
  "A_189": 24.779726745419765,
  "A_190": 62.88338775768534,
  "A_191": 5.629633504267994,
  "A_192": 65.45694276039426,
  "A_193": 16.071885360940808,
  "A_194": 45.889872209516824,
  "A_195": 23.037763884486683,
  "A_196": 18.114423240598747,
  "A_197": 74.17249989643044,
  "A_198": 1.2076282160399163,
  "A_199": 18.457384627405837,
  "A_200": 14.154759860014178,
  "A_201": 29.918367017043515,
  "A_202": 3.622884648119749,
  "A_203": 6.038141080199582,
  "A_204": 51.70237153896497,
  "A_205": 25.75080560101498,
  "A_206": 5.629633504267994,
  "A_207": 86.49136327516919,
  "A_208": 59.65714803163723,
  "A_209": 120.30144730688545,
  "A_210": 27.138861766335868,
  "A_211": 4.830512864159665,
  "A_212": 49.086354769950134,
  "A_213": 146.2080884698891,
  "A_214": 30.0766655876726,
  "A_215": 67.47648418182793,
  "A_216": 131.33425575058004,
  "A_217": 126.78031613727184,
  "A_218": 52.2649428186286,
  "A_219": 106.47204334844764,
  "A_220": 65.15824013089095,
  "A_221": 7.500213168439043,
  "A_222": 0.0,
  "A_223": 0.0,
  "A_224": 0.0,
  "A_225": 0.0,
  "A_226": 4.602433237509047,
  "A_227": 1.2076282160399163,
  "A_228": 5.3572951203136014,
  "A_229": 2.142918048125441,
  "A_230": 27.775448968918074,
  "A_231": 60.47500513033157,
  "A_232": 54.550061916626134,
  "A_233": 1.2076282160399163,
  "A_234": 14.74598246467854,
  "A_235": 96.07648812497779,
  "A_236": 31.65277748923737,
  "A_237": 28.929393649693452,
  "A_238": 84.11848064480097,
  "A_239": 16.90679502455883,
  "A_240": 45.81066637553452,
  "A_241": 3.622884648119749,
  "A_242": 0.0,
  "A_243": 3.214377072188161,
  "A_244": 41.822690961955786,
  "A_245": 67.30971587740477,
  "A_246": 0.0,
  "A_247": 20.529679672678576,
  "A_248": 50.334006876396785,
  "A_249": 16.79275521123352,
  "A_250": 0.0,
  "A_251": 132.48498344047817,
  "A_252": 113.2914105570007,
  "A_253": 32.06128506516896,
  "A_254": 109.17753267623671,
  "A_255": 62.360928333022756,
  "A_256": 114.01912907927824,
  "A_257": 78.32901547268898,
  "A_258": 0.0,
  "A_259": 0.0,
  "A_260": 0.0,
  "A_261": 0.0,
  "A_262": 0.0,
  "A_263": 3.4867154561425533,
  "A_264": 140.48483550454415,
  "A_265": 10.504405125731433,
  "A_266": 0.0,
  "A_267": 37.16413631328301,
  "A_268": 45.64389807111135,
  "A_269": 34.79398058533812,
  "A_270": 0.0,
  "A_271": 71.46532667497904,
  "A_272": 103.09765867922685,
  "A_273": 36.35135602831688,
  "A_274": 9.66102572831933,
  "A_275": 95.62128391584325,
  "A_276": 129.7223548255056,
  "A_277": 31.92511587319176,
  "A_278": 77.10682283310699,
  "A_279": 24.687816310746342,
  "A_280": 22.94493610475841,
  "A_281": 69.67723266752064,
  "A_282": 1.0714590240627204,
  "A_283": 19.32205145663866,
  "A_284": 16.138273496896467,
  "A_285": 41.313803217556696,