{
  "A_1": 234.48656557560878,
  "A_2": 80.16128027285683,
  "A_3": 127.83913339249652,
  "A_4": 107.27885460737197,
  "A_5": 105.47639723830135,
  "A_6": 71.2865826193604,
  "A_7": 163.99997067592915,
  "A_8": 88.71244414851594,
  "A_9": 19.870963091444484,
  "A_10": 15.699166808518912,
  "A_11": 46.961331233579536,
  "A_12": 54.87005197795017,
  "A_13": 8.339357698954105,
  "A_14": 30.190705400997906,
  "A_15": 89.902177852801,
  "A_16": 14.491538592478996,
  "A_17": 1.0714590240627204,
  "A_18": 105.15713602647295,
  "A_19": 98.10113149288087,
  "A_20": 69.27211801165492,
  "A_21": 95.73877948108752,
  "A_22": 13.626871763246172,
  "A_23": 2.4152564320798326,
  "A_24": 0.0,
  "A_25": 0.0,
  "A_26": 1.0714590240627204,
  "A_27": 8.844010576456155,
  "A_28": 8.453397512279414,
  "A_29": 10.754614131033938,
  "A_30": 28.983077184957992,
  "A_31": 1.2076282160399163,
  "A_32": 2.4152564320798326,
  "A_33": 0.0,
  "A_34": 0.0,
  "A_35": 0.0,
  "A_36": 17.143344385003527,
  "A_37": 0.0,
  "A_38": 74.2388000677918,
  "A_39": 4.830512864159665,
  "A_40": 89.83239679677949,
  "A_41": 57.389923445394544,
  "A_42": 0.0,
  "A_43": 0.0,
  "A_44": 80.68514713102823,
  "A_45": 108.52311379375276,
  "A_46": 1.2076282160399163,
  "A_47": 10.732484752382051,
  "A_48": 146.1023675939105,
  "A_49": 48.71787108442528,
  "A_50": 18.185046243451445,
  "A_51": 150.4751001429597,
  "A_52": 84.64628077697469,
  "A_53": 62.682627420750336,
  "A_54": 62.204338788797216,
  "A_55": 53.89897312235496,
  "A_56": 112.99616367941636,
  "A_57": 5.901971888222386,
  "A_58": 11.395436200513185,
  "A_59": 39.73769131599193,
  "A_60": 1.2076282160399163,
  "A_61": 0.0,
  "A_62": 0.0,
  "A_63": 15.000426336878085,
  "A_64": 57.55593776758084,
  "A_65": 32.0357627664512,
  "A_66": 111.72376838923002,
  "A_67": 24.267446080954798,
  "A_68": 0.0,
  "A_69": 86.24623108359489,
  "A_70": 79.27706017094805,
  "A_71": 15.953610680718457,
  "A_72": 8.571672192501763,
  "A_73": 51.44792766676543,
  "A_74": 29.087692220322534,
  "A_75": 105.65502819658447,
  "A_76": 132.02098277191357,
  "A_77": 21.837688057185993,
  "A_78": 70.43304959449189,
  "A_79": 126.84670427322749,
  "A_80": 104.94961498214741,
  "A_81": 42.26527853499353,
  "A_82": 70.01604715202501,
  "A_83": 131.22021593725475,
  "A_84": 64.63145787473701,
  "A_85": 3.622884648119749,
  "A_86": 85.04286286719324,
  "A_87": 89.80179768433352,
  "A_88": 83.30164142212641,
  "A_89": 23.18148546520311,
  "A_90": 84.49818609928445,
  "A_91": 0.0,
  "A_92": 20.39351048070138,
  "A_93": 18.114423240598747,
  "A_94": 1.0714590240627204,
  "A_95": 6.038141080199582,
  "A_96": 17.97825404862155,
  "A_97": 0.0,
  "A_98": 35.02121826515757,
  "A_99": 22.636808697294327,
  "A_100": 37.16413631328302,
  "A_101": 112.39275169525604,
  "A_102": 107.95200994844194,
  "A_103": 9.77930040854168,
  "A_104": 28.983077184957992,
  "A_105": 142.38096260017417,
  "A_106": 51.58589384974047,
  "A_107": 0.0,
  "A_108": 2.4152564320798326,
  "A_109": 15.408933912809674,
  "A_110": 159.87150323888184,
  "A_111": 80.91109047467438,
  "A_112": 103.04652611719702,
  "A_113": 37.518960353950064,
  "A_114": 1.2076282160399163,
  "A_115": 15.471087181868294,
  "A_116": 0.0,
  "A_117": 25.152533262435966,
  "A_118": 8.453397512279414,
  "A_119": 1.0714590240627204,
  "A_120": 77.18083875602557,
  "A_121": 16.45063577125759,
  "A_122": 95.79324213133013,
  "A_123": 14.377498779153687,
  "A_124": 0.0,
  "A_125": 30.19070540099791,
  "A_126": 32.06128506516895,
  "A_127": 3.622884648119749,
  "A_128": 0.0,
  "A_129": 116.50152762955062,
  "A_130": 59.14222842934325,
  "A_131": 28.538780585516708,
  "A_132": 52.67345039456019,
  "A_133": 46.59453144171701,
  "A_134": 2.4152564320798326,
  "A_135": 1.2076282160399163,
  "A_136": 0.0,
  "A_137": 9.77930040854168,
  "A_138": 20.239446776969338,
  "A_139": 41.43291984461021,
  "A_140": 0.0,
  "A_141": 20.75605027292565,
  "A_142": 54.34326972179623,
  "A_143": 62.08426711757701,
  "A_144": 83.48029751315073,
  "A_145": 81.16553434687394,
  "A_146": 95.15242006185088,
  "A_147": 54.73388278597298,
  "A_148": 0.0,
  "A_149": 91.1652614623621,
  "A_150": 58.49293662606992,
  "A_151": 23.924484694147708,
  "A_152": 108.1348757736221,
  "A_153": 71.84143814746682,
  "A_154": 1.2076282160399163,
  "A_155": 107.06611851924148,
  "A_156": 84.89303403035822,
  "A_157": 39.084051548486045,
  "A_158": 31.889326849682064,
  "A_159": 28.754997558307373,
  "A_160": 89.57974991557778,
  "A_161": 96.89530026783882,
  "A_162": 31.81107605986645,
  "A_163": 25.36019253683824,
  "A_164": 33.207601958981414,
  "A_165": 3.622884648119749,
  "A_166": 76.72563454689102,
  "A_167": 34.525035121449605,
  "A_168": 149.40949704760322,
  "A_169": 35.56070512200263,
  "A_170": 61.653630162993544,
  "A_171": 55.769552786526006,
  "A_172": 106.10446444160704,
  "A_173": 131.79824385277405,
  "A_174": 81.22163062529646,
  "A_175": 75.96653779718942,
  "A_176": 15.427670371395685,
  "A_177": 33.096955065721986,
  "A_178": 26.567820752878163,
  "A_179": 47.36642075670404,
  "A_180": 28.92939364969345,
  "A_181": 3.214377072188161,
  "A_182": 62.370265146389215,
  "A_183": 101.64153048428798,
  "A_184": 35.98287234279202,
  "A_185": 102.40909696778365,
  "A_186": 75.04395256579501,
  "A_187": 109.95875880459022,
  "A_188": 87.5602713259972,
  "A_189": 145.18842802549878,
  "A_190": 51.78665418667548
}