{
  "A_1": 189.49081576804485,
  "A_2": 100.25950617686199,
  "A_3": 95.6391784275981,
  "A_4": 77.26010742186097,
  "A_5": 174.85157205536467,
  "A_6": 28.83324834812299,
  "A_7": 70.56580073366199,
  "A_8": 61.84348289023528,
  "A_9": 109.07016560570763,
  "A_10": 69.34793092557136,
  "A_11": 21.690498158180013,
  "A_12": 132.988015256171,
  "A_13": 98.21940617310324,
  "A_14": 85.12958339080292,
  "A_15": 2.4152564320798326,
  "A_16": 66.4195518821954,
  "A_17": 133.912045620186,
  "A_18": 125.78905569046997,
  "A_19": 7.245769296239498,
  "A_20": 94.25533199643303,
  "A_21": 128.63575332485257,
  "A_22": 59.76515598706765,
  "A_23": 6.038141080199582,
  "A_24": 48.03279025764226,
  "A_25": 47.00982485778036,
  "A_26": 28.1881914117467,
  "A_27": 0.0,
  "A_28": 12.076282160399163,
  "A_29": 99.33181899899816,
  "A_30": 21.328800312786907,
  "A_31": 2.4152564320798326,
  "A_32": 101.29692290293043,
  "A_33": 147.01976291424117,
  "A_34": 93.23482960521152,
  "A_35": 16.634456640604437,
  "A_36": 76.87450833955933,
  "A_37": 48.840380631544676,
  "A_38": 71.50450861855461,
  "A_39": 59.23498081084783,
  "A_40": 57.34989955498781,
  "A_41": 31.06044904395894,
  "A_42": 93.069833159045,
  "A_43": 72.3911917291038,
  "A_44": 34.440752473739096,
  "A_45": 136.85683634358432,
  "A_46": 90.22819977201993,
  "A_47": 2.3012166187545233,
  "A_48": 103.45172873765705,
  "A_49": 143.10939740557671,
  "A_50": 60.24524161001862,
  "A_51": 86.94923155487399,
  "A_52": 142.5322114368886,
  "A_53": 153.5975667804744,
  "A_54": 29.9404963956954,
  "A_55": 133.9896303923591,
  "A_56": 28.674949777493907,
  "A_57": 49.35190731377278,
  "A_58": 0.0,
  "A_59": 9.66102572831933,
  "A_60": 1.2076282160399163,
  "A_61": 19.32205145663866,
  "A_62": 0.0,
  "A_63": 119.65128842403973,
  "A_64": 64.59566885122732,
  "A_65": 104.54700103403398,
  "A_66": 13.85495138989679,
  "A_67": 1.2076282160399163,
  "A_68": 0.0,
  "A_69": 0.0,
  "A_70": 0.0,
  "A_71": 41.649978764232046,
  "A_72": 97.8587262037299,
  "A_73": 8.111278072303488,
  "A_74": 0.0,
  "A_75": 41.00567581009261,
  "A_76": 18.21480340906625,
  "A_77": 0.0,
  "A_78": 3.622884648119749,
  "A_79": 84.6522498030165,
  "A_80": 53.01217691447024,
  "A_81": 25.987354961459683,
  "A_82": 31.771052169459722,
  "A_83": 27.98224116374797,
  "A_84": 151.69281915460292,
  "A_85": 64.0952508406223,
  "A_86": 19.286262433128968,
  "A_87": 72.65845329932998,
  "A_88": 40.022734300637445,
  "A_89": 80.9110904746744,
  "A_90": 52.62579871719054,
  "A_91": 91.97456086266806,
  "A_92": 4.58030385885716,
  "A_93": 81.46667485227644,
  "A_94": 38.06787198875589,
  "A_95": 22.38236482509478,
  "A_96": 61.09105888332991,
  "A_97": 97.59827560637669,
  "A_98": 1.0714590240627204,
  "A_99": 86.64447193473454,
  "A_100": 45.74004337268182,
  "A_101": 111.55697495206564,
  "A_102": 54.890472330198506,
  "A_103": 36.18542967072488,
  "A_104": 0.0,
  "A_105": 1.2076282160399163,
  "A_106": 32.5522782978132,
  "A_107": 2.4152564320798326,
  "A_108": 98.33768085332557,
  "A_109": 0.0,
  "A_110": 18.114423240598747,
  "A_111": 4.422005288228077,
  "A_112": 52.062473455290046,
  "A_113": 16.90679502455883,
  "A_114": 0.0,
  "A_115": 68.2722370346116,
  "A_116": 10.187807984473267,
  "A_117": 0.0,
  "A_118": 37.9095734181268,
  "A_119": 114.10170270058522,
  "A_120": 7.794680931045321,
  "A_121": 3.622884648119749,
  "A_122": 4.830512864159665,
  "A_123": 71.73256311246402,
  "A_124": 21.6011386967413,
  "A_125": 0.0,
  "A_126": 34.79905739906633,
  "A_127": 29.61023960957943,
  "A_128": 3.622884648119749,
  "A_129": 0.0,
  "A_130": 6.564923336353519,
  "A_131": 3.622884648119749,
  "A_132": 0.0,
  "A_133": 25.342298025083394,
  "A_134": 82.09232931242417,
  "A_135": 0.0,
  "A_136": 64.79660511735092,
  "A_137": 83.21059806702537,
  "A_138": 12.857508288752644,
  "A_139": 36.75562873735142,
  "A_140": 107.21748045329143,
  "A_141": 56.35001857794448,
  "A_142": 10.596315560404856,
  "A_143": 145.39939225537262,
  "A_144": 80.97652356646336,
  "A_145": 34.3045832817619,
  "A_146": 151.6614409271789,
  "A_147": 10.714590240627205,
  "A_148": 84.07863268358285,
  "A_149": 5.467942013573036,
  "A_150": 3.622884648119749,
  "A_151": 1.0714590240627204,
  "A_152": 19.32205145663866,
  "A_153": 113.90761510644644,
  "A_154": 124.94993629269612,
  "A_155": 27.99410381760792,
  "A_156": 56.622356961898866,
  "A_157": 124.21374803662448,
  "A_158": 76.86772249942757,
  "A_159": 37.43647469723741,
  "A_160": 97.19490767602639,
  "A_161": 12.260944976577173,
  "A_162": 7.245769296239498,
  "A_163": 0.0,
  "A_164": 2.4152564320798326,
  "A_165": 40.34272436196149,
  "A_166": 0.0,
  "A_167": 1.2076282160399163,
  "A_168": 50.95693443412119,
  "A_169": 16.91629520074329,
  "A_170": 0.0,
  "A_171": 40.206555169984284,
  "A_172": 8.571672192501763,
  "A_173": 15.471087181868294,
  "A_174": 5.559852448246459,
  "A_175": 13.92133952585245,
  "A_176": 20.77817965157754,
  "A_177": 28.983077184957992,
  "A_178": 6.038141080199582,
  "A_179": 130.6212147491801,
  "A_180": 107.7842865998521,
  "A_181": 32.17955974539131,
  "A_182": 10.460146368427658,
  "A_183": 53.13564150575631,
  "A_184": 26.071637609170192,
  "A_185": 8.453397512279414,
  "A_186": 73.229582277382,
  "A_187": 107.26597407749225,
  "A_188": 114.94499413340303,
  "A_189": 88.67854008059841,
  "A_190": 32.60596183307774,
  "A_191": 115.76035052434509,
  "A_192": 90.11415995869464,
  "A_193": 43.81154530634919,
  "A_194": 60.33196213362832,
  "A_195": 32.99657489725448,
  "A_196": 7.245769296239498,
  "A_197": 155.29552221151602,
  "A_198": 94.10474917736117,
  "A_199": 7.772551552393435,
  "A_200": 2.4152564320798326,
  "A_201": 94.22380297256159,
  "A_202": 125.47332562878418,
  "A_203": 4.716473050834356,
  "A_204": 28.556675097271558,
  "A_205": 185.11260428140778,
  "A_206": 89.05636057948972,
  "A_207": 112.00814535623297,
  "A_208": 55.94151100201289,
  "A_209": 106.80897287735985,
  "A_210": 16.67871539790821,
  "A_211": 16.90679502455883,
  "A_212": 0.0,
  "A_213": 2.279087240102637,
  "A_214": 0.0,
  "A_215": 25.71501657750529,
  "A_216": 2.4152564320798326,
  "A_217": 113.21983250998133,
  "A_218": 45.63795417781077,
  "A_219": 24.152564320798326,
  "A_220": 121.1822367896165,
  "A_221": 55.77378765342305,
  "A_222": 0.0,
  "A_223": 49.305009618639986,
  "A_224": 97.01177795706332,
  "A_225": 0.0,
  "A_226": 34.71309085769349,
  "A_227": 171.860976911077,
  "A_228": 22.90914708124872,
  "A_229": 30.853656849129038,
  "A_230": 5.357295120313602,
  "A_231": 27.331152369476793,
  "A_232": 8.453397512279414,
  "A_233": 0.0,
  "A_234": 9.819361998060257,
  "A_235": 0.0,
  "A_236": 39.64398389032065,
  "A_237": 81.49312706241969,
  "A_238": 11.966477213970894,
  "A_239": 125.70462224631207,
  "A_240": 19.16798775290662,
  "A_241": 123.64175197900008,
  "A_242": 66.60334761880102,
  "A_243": 1.2076282160399163,
  "A_244": 98.11317007592945,
  "A_245": 61.403421157691035,
  "A_246": 0.0,
  "A_247": 39.970005809539586,
  "A_248": 147.67442055776684,
  "A_249": 79.66002031542064,
  "A_250": 3.622884648119749,
  "A_251": 121.49541587806756,
  "A_252": 76.30430927293278,
  "A_253": 143.21662624602908,
  "A_254": 15.018320848632932,
  "A_255": 55.43685812451085,
  "A_256": 2.4152564320798326,
  "A_257": 1.0714590240627204,
  "A_258": 3.622884648119749,
  "A_259": 19.286262433128968,
  "A_260": 19.528843651468556,
  "A_261": 120.9422693763647,
  "A_262": 21.745777622512573,
  "A_263": 54.73388278597297,
  "A_264": 68.04659528386016,
  "A_265": 175.13834919915496,
  "A_266": 35.02121826515757,
  "A_267": 0.0,
  "A_268": 82.61571864851223,
  "A_269": 80.8479821614491,
  "A_270": 18.114423240598747,
  "A_271": 5.357295120313602,
  "A_272": 119.1218043982037,
  "A_273": 12.857508288752644,
  "A_274": 39.95211129778474,
  "A_275": 2.142918048125441,
  "A_276": 51.83854073094217,
  "A_277": 10.868653944359247,
  "A_278": 0.0,
  "A_279": 9.643131216564484,
  "A_280": 3.622884648119749,