{
  "A_1": 154.50126475683547,
  "A_2": 78.22773052553721,
  "A_3": 103.33347919017592,
  "A_4": 110.73998493294368,
  "A_5": 38.92067616412875,
  "A_6": 77.81498808270858,
  "A_7": 130.26963283213158,
  "A_8": 127.48066510435132,
  "A_9": 81.02188816438121,
  "A_10": 33.563381043815156,
  "A_11": 67.33694720252608,
  "A_12": 80.95778710787735,
  "A_13": 39.17088516943126,
  "A_14": 133.51884388366273,
  "A_15": 121.97042468729033,
  "A_16": 24.152564320798326,
  "A_17": 53.82072233253934,
  "A_18": 119.55519338795172,
  "A_19": 28.710738801003597,
  "A_20": 34.885049073180376,
  "A_21": 35.02121826515757,
  "A_22": 31.398333617037828,
  "A_23": 34.885049073180376,
  "A_24": 48.03279025764226,
  "A_25": 111.49240893984904,
  "A_26": 105.06365479547271,
  "A_27": 44.54607480149971,
  "A_28": 24.95168496090665,
  "A_29": 117.8250177826549,
  "A_30": 81.98254949873711,
  "A_31": 30.190705400997906,
  "A_32": 9.66102572831933,
  "A_33": 106.04320338486203,
  "A_34": 90.57211620299373,
  "A_35": 22.944936104758412,
  "A_36": 65.66712787529002,
  "A_37": 103.58368819547843,
  "A_38": 99.02551371527315,
  "A_39": 33.36929344967638,
  "A_40": 74.70099117898792,
  "A_41": 84.75686483838103,
  "A_42": 80.99357613138704,
  "A_43": 169.9417905253696,
  "A_44": 74.60061101052042,
  "A_45": 139.60305327853456,
  "A_46": 113.9006784698673,
  "A_47": 163.96590324519357,
  "A_48": 91.19927862761517,
  "A_49": 76.08057761051472,
  "A_50": 37.791298737904455,
  "A_51": 130.42384733231097,
  "A_52": 106.27128301151264,
  "A_53": 44.001398033590924,
  "A_54": 72.15641422691573,
  "A_55": 87.88452138695949,
  "A_56": 91.77974441903365,
  "A_57": 15.42682842456452,
  "A_58": 38.64410291327732,
  "A_59": 136.46198841251055,
  "A_60": 82.11871869071432,
  "A_61": 9.524856536342135,
  "A_62": 86.5407239789424,
  "A_63": 106.64400156393452,
  "A_64": 132.2586379729723,
  "A_65": 16.90679502455883,
  "A_66": 24.543177384975067,
  "A_67": 80.3885430854175,
  "A_68": 120.07687369763624,
  "A_69": 32.62812891084147,
  "A_70": 103.7419867661075,
  "A_71": 89.5167295669468,
  "A_72": 43.47461577743698,
  "A_73": 76.08057761051474,
  "A_74": 69.90626733833794,
  "A_75": 80.66755421216813,
  "A_76": 51.818208343288134,
  "A_77": 53.13564150575632,
  "A_78": 154.06576461682423,
  "A_79": 73.74780683514754,
  "A_80": 72.7342662132464,
  "A_81": 146.76807107720617,
  "A_82": 91.31755330783751,
  "A_83": 64.74463060848993,
  "A_84": 85.60543414685685,
  "A_85": 85.04286286719324,
  "A_86": 179.13049664777762,
  "A_87": 65.85698060253176,
  "A_88": 139.48651275745698,
  "A_89": 118.09036926454772
}