{
  "A_1": 128.11173567023383,
  "A_2": 98.95399850010685,
  "A_3": 31.921722953125887,
  "A_4": 70.9955957414143,
  "A_5": 85.51352371218346,
  "A_6": 5.379424498965489,
  "A_7": 1.0714590240627204,
  "A_8": 60.194171879841875,
  "A_9": 57.966154369915984,
  "A_10": 0.0,
  "A_11": 8.844010576456155,
  "A_12": 53.13564150575632,
  "A_13": 20.529679672678576,
  "A_14": 0.0,
  "A_15": 53.13564150575631,
  "A_16": 15.441556210924556,
  "A_17": 3.622884648119749,
  "A_18": 48.30512864159665,
  "A_19": 2.142918048125441,
  "A_20": 0.0,
  "A_21": 1.2076282160399163,
  "A_22": 9.66102572831933,
  "A_23": 9.524856536342135,
  "A_24": 1.2076282160399163,
  "A_25": 1.2076282160399163,
  "A_26": 0.0,
  "A_27": 0.0,
  "A_28": 9.915469600518875,
  "A_29": 0.0,
  "A_30": 31.652777489237373,
  "A_31": 41.586141601511095,
  "A_32": 65.15824013089095,
  "A_33": 34.050139409562355,
  "A_34": 146.8863206246873,
  "A_35": 13.810692632593017,
  "A_36": 67.21348261124,
  "A_37": 3.280765208143822,
  "A_38": 36.21095196944265,
  "A_39": 21.973857249163192,
  "A_40": 1.2076282160399163,
  "A_41": 0.0,
  "A_42": 31.39833361703782,
  "A_43": 0.0,
  "A_44": 6.038141080199582,
  "A_45": 6.428754144376322,
  "A_46": 0.0,
  "A_47": 7.245769296239498,
  "A_48": 0.0,
  "A_49": 50.72038507367649,
  "A_50": 0.0,
  "A_51": 18.895649368952228,
  "A_52": 26.822264625077704,
  "A_53": 70.04243653031514,
  "A_54": 30.824050479961613,
  "A_55": 49.08635476995014,
  "A_56": 31.855334817170224,
  "A_57": 58.901444202001514,
  "A_58": 33.81359004911766,
  "A_59": 19.32205145663866,
  "A_60": 6.038141080199582,
  "A_61": 43.47461577743699,
  "A_62": 7.636382360416238,
  "A_63": 52.90999975500488,
  "A_64": 45.87705451149018,
  "A_65": 144.4514857871903,
  "A_66": 56.758526153876076,
  "A_67": 2.1871768054292144,
  "A_68": 2.4152564320798326,
  "A_69": 14.216649235289895,
  "A_70": 101.5080002301398,
  "A_71": 8.453397512279414,
  "A_72": 0.0,
  "A_73": 8.453397512279414,
  "A_74": 86.94923155487399,
  "A_75": 8.497731667806876,
  "A_76": 2.1871768054292144,
  "A_77": 62.097926762434824,
  "A_78": 65.21192366615549,
  "A_79": 6.038141080199582,
  "A_80": 20.12117209674699,
  "A_81": 92.98737263507354,
  "A_82": 8.453397512279414,
  "A_83": 1.2076282160399163,
  "A_84": 106.27128301151264,
  "A_85": 95.34768889482741,
  "A_86": 0.0,
  "A_87": 7.500213168439043,
  "A_88": 116.1508504911863,
  "A_89": 19.32205145663866,
  "A_90": 93.8995780443405,
  "A_91": 62.23409595441202,
  "A_92": 37.16413631328302,
  "A_93": 129.3632959179415,
  "A_94": 37.322434883912095,
  "A_95": 0.0,
  "A_96": 60.38141080199582,
  "A_97": 90.57211620299373,
  "A_98": 14.491538592478996,
  "A_99": 3.622884648119749,
  "A_100": 26.56782075287816,
  "A_101": 72.32152377041778,
  "A_102": 4.330094853554655,
  "A_103": 0.0,
  "A_104": 55.550897937836154,
  "A_105": 4.830512864159665,
  "A_106": 8.453397512279414,
  "A_107": 21.90514433464388,
  "A_108": 3.350546264165357,
  "A_109": 0.0,
  "A_110": 41.4499724095339,
  "A_111": 37.915605276021694,
  "A_112": 7.131729482914189,
  "A_113": 8.453397512279414,
  "A_114": 53.776438442494346,
  "A_115": 59.78305049882249,
  "A_116": 0.0,
  "A_117": 2.142918048125441,
  "A_118": 77.50686067524451,
  "A_119": 61.68941918650323,
  "A_120": 33.46976158273819,
  "A_121": 0.0,
  "A_122": 105.94947082644954,
  "A_123": 105.84560977332185,
  "A_124": 53.08195797049178,
  "A_125": 74.14265476622134,
  "A_126": 59.019718882223856,
  "A_127": 69.14621554446967,
  "A_128": 39.48748231068942,
  "A_129": 79.41322936292525,
  "A_130": 85.16113754741558,
  "A_131": 34.28668877000705,
  "A_132": 24.152564320798326,
  "A_133": 63.595787874183976,
  "A_134": 66.96846351700123,
  "A_135": 3.622884648119749,
  "A_136": 120.07090467159443,
  "A_137": 89.3644879869538,
  "A_138": 100.52845164075049,
  "A_139": 0.0,
  "A_140": 33.255253636351064,
  "A_141": 66.30551206887009,
  "A_142": 0.0,
  "A_143": 12.076282160399163,
  "A_144": 20.529679672678576,
  "A_145": 83.70208138812357,
  "A_146": 4.830512864159665,
  "A_147": 1.2076282160399163,
  "A_148": 96.6102572831933,
  "A_149": 72.45769296239499,
  "A_150": 2.4152564320798326,
  "A_151": 1.0714590240627204,
  "A_152": 117.4768664847841,
  "A_153": 54.93464312290798,
  "A_154": 57.912470834651444,
  "A_155": 61.589039018035734,
  "A_156": 3.622884648119749,
  "A_157": 57.69805085285863,
  "A_158": 27.212877689254444,
  "A_159": 70.70028603197687,
  "A_160": 67.6862420401228,
  "A_161": 0.0,
  "A_162": 0.0,
  "A_163": 68.91729397098788,
  "A_164": 44.432034988174394,
  "A_165": 0.0,
  "A_166": 8.181059128325023,
  "A_167": 53.84285171119122,
  "A_168": 24.152564320798323,
  "A_169": 1.0714590240627204,
  "A_170": 41.99464917744268,
  "A_171": 78.49583404259457,
  "A_172": 0.0,
  "A_173": 36.22884648119749,
  "A_174": 119.67346806817406,
  "A_175": 28.869037371632682,
  "A_176": 0.0,
  "A_177": 109.17753267623671,
  "A_178": 68.66285009878834,
  "A_179": 7.772551552393435,
  "A_180": 45.88987220951682,
  "A_181": 120.65214957799098,
  "A_182": 14.3553694005018,
  "A_183": 72.96658070679408,
  "A_184": 49.38082253255641,
  "A_185": 41.74444017214018,
  "A_186": 185.0904497700147,
  "A_187": 184.04695092056892,
  "A_188": 57.98825861582665,
  "A_189": 69.48410011754855,
  "A_190": 156.63151590338163,
  "A_191": 85.92708296910202,
  "A_192": 52.02076567122099,
  "A_193": 137.11983791417225,
  "A_194": 70.41515508273704,
  "A_195": 58.45714760256023,
  "A_196": 31.226375401550936,
  "A_197": 53.11774699400148,
  "A_198": 9.38868734436494,
  "A_199": 83.30845239499938,
  "A_200": 73.30351023570627,
  "A_201": 7.131729482914189,
  "A_202": 83.30845239499939,
  "A_203": 55.190883986105376,
  "A_204": 19.32205145663866,
  "A_205": 71.35044491482256,
  "A_206": 179.53822510873113,
  "A_207": 58.78653730910382,
  "A_208": 150.5833091603199,
  "A_209": 109.31799956696403,
  "A_210": 3.622884648119749,
  "A_211": 14.491538592478996,
  "A_212": 28.983077184957992,
  "A_213": 1.2076282160399163,
  "A_214": 0.0,
  "A_215": 77.28820582655464,
  "A_216": 8.453397512279414,
  "A_217": 0.0,
  "A_218": 47.15656236744424,
  "A_219": 32.60596183307774,
  "A_220": 6.83726172030791,
  "A_221": 2.142918048125441,
  "A_222": 3.622884648119749,
  "A_223": 0.0,
  "A_224": 19.32205145663866,
  "A_225": 11.786049264689925,
  "A_226": 8.453397512279414,
  "A_227": 4.69434367218247,
  "A_228": 30.62726111614075,
  "A_229": 0.0,
  "A_230": 0.0,
  "A_231": 1.2076282160399163,
  "A_232": 1.0935884027146072,
  "A_233": 1.0714590240627204,
  "A_234": 7.245769296239498,
  "A_235": 0.0,
  "A_236": 16.841248835434335,
  "A_237": 26.00524947321453,
  "A_238": 35.02121826515757,
  "A_239": 82.65640855656152,
  "A_240": 115.08034651129027,
  "A_241": 57.7584071309194,
  "A_242": 118.99685697518512,
  "A_243": 128.2016857510914,
  "A_244": 21.73730788871849,
  "A_245": 28.16606203309481,
  "A_246": 90.89538608704811,
  "A_247": 22.8308962914331,
  "A_248": 118.41479525469862,
  "A_249": 13.28391037643908,
  "A_250": 8.181059128325023,
  "A_251": 99.99900531402633,
  "A_252": 36.59138627342176,
  "A_253": 0.0,
  "A_254": 0.0,
  "A_255": 28.7107388010036,
  "A_256": 16.90679502455883,
  "A_257": 10.596315560404856,
  "A_258": 1.0714590240627204,
  "A_259": 44.54607480149971,
  "A_260": 3.622884648119749,
  "A_261": 29.21707557216798,
  "A_262": 72.45769296239497,
  "A_263": 8.044889936347825,
  "A_264": 32.5522782978132,
  "A_265": 51.91011877796155,
  "A_266": 103.31134981152401,
  "A_267": 47.09750042555674,
  "A_268": 63.18728029825239,
  "A_269": 134.26538682912056,
  "A_270": 41.05935934535716,
  "A_271": 8.453397512279414,
  "A_272": 89.61893185915334,
  "A_273": 108.45845981694185,
  "A_274": 51.928013289716404,
  "A_275": 36.347121161419835,
  "A_276": 53.37642573309805,
  "A_277": 140.85587016330373,
  "A_278": 84.73473545972915,
  "A_279": 3.622884648119749,
  "A_280": 10.754614131033938,
  "A_281": 45.68221293511455,
  "A_282": 72.69761011016435,
  "A_283": 2.4152564320798326,