{
  "A_1": 155.39958432657352,
  "A_2": 67.88162397043486,
  "A_3": 58.9235735806534,
  "A_4": 51.81397347639109,
  "A_5": 96.09438263673263,
  "A_6": 125.0154573490794,
  "A_7": 3.622884648119749,
  "A_8": 52.84540861004707,
  "A_9": 113.50760239705015,
  "A_10": 51.65567490576201,
  "A_11": 0.0,
  "A_12": 62.604263533599195,
  "A_13": 120.5729688767499,
  "A_14": 58.834101021879164,
  "A_15": 25.132112910187622,
  "A_16": 87.84014953232021,
  "A_17": 7.500213168439043,
  "A_18": 64.74718158172465,
  "A_19": 62.321746389447185,
  "A_20": 116.58160054310528,
  "A_21": 136.65576184738396,
  "A_22": 10.714590240627203,
  "A_23": 48.30512864159665,
  "A_24": 59.62397281321533,
  "A_25": 2.4152564320798326,
  "A_26": 10.714590240627205,
  "A_27": 3.622884648119749,
  "A_28": 27.915853027792313,
  "A_29": 0.0,
  "A_30": 67.43732737099359,
  "A_31": 28.266442201562317,
  "A_32": 0.0,
  "A_33": 7.500213168439043,
  "A_34": 87.74835219498232,
  "A_35": 89.62644654878073,
  "A_36": 0.0,
  "A_37": 106.7477495197267,
  "A_38": 49.51275685763656,
  "A_39": 105.68571527362474,
  "A_40": 31.973609497392577,
  "A_41": 5.901971888222386,
  "A_42": 5.357295120313602,
  "A_43": 12.194556840621512,
  "A_44": 16.634456640604437,
  "A_45": 115.98237316035957,
  "A_46": 30.445149273197455,
  "A_47": 157.03073693142917,
  "A_48": 76.08057761051472,
  "A_49": 97.41689261292902,
  "A_50": 51.831754890810416,
  "A_51": 37.08069561240367,
  "A_52": 6.038141080199582,
  "A_53": 89.21550109694996,
  "A_54": 35.02121826515757,
  "A_55": 7.245769296239498,
  "A_56": 43.320552073704945,
  "A_57": 97.15406697152972,
  "A_58": 51.971404967447796,
  "A_59": 0.0,
  "A_60": 39.71556193734004,
  "A_61": 96.17875324903744,
  "A_62": 4.830512864159665,
  "A_63": 61.500496370686975,
  "A_64": 141.77650760725288,
  "A_65": 95.82898088935738,
  "A_66": 161.57691052769775,
  "A_67": 39.831285644327686,
  "A_68": 12.857508288752644,
  "A_69": 54.253797163022,
  "A_70": 46.88975318656015,
  "A_71": 1.2076282160399163,
  "A_72": 1.2076282160399163,
  "A_73": 0.0,
  "A_74": 2.142918048125441,
  "A_75": 0.0,
  "A_76": 15.953610680718457,
  "A_77": 70.97234795577775,
  "A_78": 33.91397021758516,
  "A_79": 110.57226158435381,
  "A_80": 63.318259579165854,
  "A_81": 103.15728610779199,
  "A_82": 84.25464983677819,
  "A_83": 13.810692632593017,
  "A_84": 0.0,
  "A_85": 47.09750042555674,
  "A_86": 0.0,
  "A_87": 51.56620234698778,
  "A_88": 5.629633504267994,
  "A_89": 1.2076282160399163,
  "A_90": 0.0,
  "A_91": 0.0,
  "A_92": 1.2076282160399163,
  "A_93": 0.0,
  "A_94": 77.3349024597576,
  "A_95": 2.4152564320798326,
  "A_96": 46.32897889789437,
  "A_97": 21.737307888718494,
  "A_98": 132.59980236878155,
  "A_99": 76.81235507050071,
  "A_100": 0.0,
  "A_101": 62.24340763503727,
  "A_102": 84.4666319426718,
  "A_103": 37.515567433884186,
  "A_104": 21.5653496732316,
  "A_105": 47.09750042555674,
  "A_106": 162.56147309896215,
  "A_107": 92.74383637256727,
  "A_108": 3.622884648119749,
  "A_109": 33.659526345385615,
  "A_110": 7.500213168439043,
  "A_111": 100.34442970947383,
  "A_112": 96.33093199717734,
  "A_113": 18.236932787718136,
  "A_114": 85.0573644588822,
  "A_115": 122.27063528126736,
  "A_116": 18.114423240598747,
  "A_117": 64.46721541080734,
  "A_118": 20.920292736855316,
  "A_119": 193.629549929884,
  "A_120": 78.50674165228784,
  "A_121": 13.928967312815365,
  "A_122": 65.37689497958078,
  "A_123": 70.90623627997559,
  "A_124": 74.14265476622134,
  "A_125": 148.00290548562617,
  "A_126": 25.188234321351352,
  "A_127": 150.98137408227095,
  "A_128": 54.15002407448863,
  "A_129": 44.54607480149971,
  "A_130": 156.48182529662336,
  "A_131": 58.31758549051715,
  "A_132": 46.92554221006985,
  "A_133": 33.99485994522979,
  "A_134": 13.28391037643908,
  "A_135": 0.0,
  "A_136": 1.2076282160399163,
  "A_137": 0.0,
  "A_138": 74.30275032784827,
  "A_139": 0.0,
  "A_140": 114.80017927844312
}