{
  "A_1": 219.85202168553838,
  "A_2": 105.35197760284859,
  "A_3": 164.76082671751666,
  "A_4": 58.61544617318931,
  "A_5": 118.2113959799346,
  "A_6": 139.62337309981797,
  "A_7": 60.24524161001862,
  "A_8": 165.33769852693948,
  "A_9": 49.12637866035686,
  "A_10": 80.9110904746744,
  "A_11": 103.17518061954682,
  "A_12": 57.5576467939844,
  "A_13": 124.91248850826531,
  "A_14": 76.08057761051472,
  "A_15": 40.51891744434542,
  "A_16": 99.82463435538146,
  "A_17": 50.606345260351176,
  "A_18": 101.30460095537578,
  "A_19": 38.626208401522476,
  "A_20": 187.59001398254625,
  "A_21": 102.10372159548409,
  "A_22": 130.30980751898565,
  "A_23": 55.669172618058504,
  "A_24": 49.22675882882437,
  "A_25": 141.47536710185037,
  "A_26": 87.53211008945043,
  "A_27": 95.42304941940174,
  "A_28": 57.97038923681302,
  "A_29": 89.23676339602946,
  "A_30": 106.8260882741366,
  "A_31": 107.49762255339735,
  "A_32": 57.01297002607561,
  "A_33": 116.72444247787871,
  "A_34": 121.2333442189051,
  "A_35": 98.88934452329595,
  "A_36": 52.34075573254503,
  "A_37": 121.80939921423791,
  "A_38": 188.9933634209048,
  "A_39": 122.51237455277578,
  "A_40": 119.41627216081,
  "A_41": 140.9894129838225,
  "A_42": 97.68171630725602,
  "A_43": 52.613094116499425,
  "A_44": 115.26660525653631,
  "A_45": 94.08096103778817,
  "A_46": 63.83657210152572,
  "A_47": 47.896621065665066,
  "A_48": 42.952068388180095,
  "A_49": 119.3458250871459,
  "A_50": 106.85500349292025,
  "A_51": 128.98376639264666,
  "A_52": 101.30460095537576,
  "A_53": 83.81734013939845,
  "A_54": 99.49435243652428,
  "A_55": 47.33828465289847,
  "A_56": 105.32900627736554,
  "A_57": 113.3323643588329,
  "A_58": 154.93895144533357,
  "A_59": 173.00227982301436,
  "A_60": 51.54163509243669,
  "A_61": 84.17216418006552,
  "A_62": 87.24465436164698,
  "A_63": 121.42302101695823,
  "A_64": 121.31173323879746,
  "A_65": 112.08134446506159,
  "A_66": 70.73851293138574,
  "A_67": 75.99966275012888,
  "A_68": 110.57226158435384,
  "A_69": 67.62718009823531,
  "A_70": 137.68830282165402,
  "A_71": 60.19579294165112,
  "A_72": 104.79131641151834,
  "A_73": 110.31535470351388,
  "A_74": 71.98184220634104,
  "A_75": 88.1568597709139,
  "A_76": 87.06916499601743,
  "A_77": 85.9823875661758,
  "A_78": 62.74721856570815,
  "A_79": 99.96080354735867,
  "A_80": 90.44685462070979,
  "A_81": 50.039539113790504,
  "A_82": 75.17408989987732,
  "A_83": 113.40301249442682,
  "A_84": 165.77779795859556,
  "A_85": 80.29907052664328,
  "A_86": 97.68171630725604,
  "A_87": 59.528606626622945,
  "A_88": 81.81059128325023,
  "A_89": 160.92854863584992,
  "A_90": 107.66349864550689,
  "A_91": 92.45360347685804,
  "A_92": 38.53006309995202,
  "A_93": 62.68686228764738,
  "A_94": 106.37587291413595,
  "A_95": 120.34570606418923,
  "A_96": 131.28593805556787,
  "A_97": 43.224406772134486,
  "A_98": 89.76600866082381,
  "A_99": 80.12287744425933,
  "A_100": 139.8065656506341,
  "A_101": 67.62718009823531,
  "A_102": 165.11568845729562,
  "A_103": 124.99239805900206,
  "A_104": 111.6231997252033,
  "A_105": 77.28820582655464,
  "A_106": 92.95579334571968,
  "A_107": 51.75605507422951,
  "A_108": 78.81486905975191,
  "A_109": 102.9112868366453,
  "A_110": 152.31006671280966,
  "A_111": 112.83620634786617,
  "A_112": 74.39709863842089,
  "A_113": 90.99153138861858,
  "A_114": 98.76840577250337,
  "A_115": 67.51314028491,
  "A_116": 111.62159122976465,
  "A_117": 96.28760315129904,
  "A_118": 95.28858925382808,
  "A_119": 30.581318465174647,
  "A_120": 89.0154696095106,
  "A_121": 174.32139687914486,
  "A_122": 70.86368654907537,
  "A_123": 121.69811143607714,
  "A_124": 131.861038006734,
  "A_125": 138.8295680344795,
  "A_126": 32.88676995082621,
  "A_127": 94.0247013965477,
  "A_128": 207.716212627539,
  "A_129": 179.78849694588672,
  "A_130": 120.71940479351903,
  "A_131": 119.1924274010564,
  "A_132": 102.54103129286382,
  "A_133": 160.51911114849284,
  "A_134": 76.91705807045957,
  "A_135": 83.5059077764628,
  "A_136": 130.6475538619878,
  "A_137": 61.78979935497073,
  "A_138": 50.72038507367648,
  "A_139": 103.78103047960633,
  "A_140": 67.32328755766827,
  "A_141": 123.82313497244775,
  "A_142": 66.28338269021819,
  "A_143": 66.46624851539836,
  "A_144": 67.2408019009556,
  "A_145": 64.00429545011556,
  "A_146": 170.69767028419395,
  "A_147": 144.78069956454524,
  "A_148": 131.3735005260087,
  "A_149": 82.64550094686824,
  "A_150": 64.9683874036492,
  "A_151": 32.88253508392917,
  "A_152": 124.15762662546076,
  "A_153": 139.71123716315358,
  "A_154": 157.14057957696932,
  "A_155": 128.52337227244837,
  "A_156": 45.75370301753962,
  "A_157": 127.29361467775657,
  "A_158": 96.85771425333127,
  "A_159": 69.7027549662384,
  "A_160": 83.71695997093097,
  "A_161": 44.16393147111704,
  "A_162": 138.84914643989669,
  "A_163": 88.20779127101389,
  "A_164": 60.407775047544746,
  "A_165": 109.56472768760636,
  "A_166": 132.26954558266556,
  "A_167": 151.58327810195755,
  "A_168": 122.12533033785354,
  "A_169": 64.37701400253746,
  "A_170": 100.23314193131306,
  "A_171": 57.912470834651444,
  "A_172": 103.60155757449205,
  "A_173": 66.05774093946678,
  "A_174": 86.81306236289679,
  "A_175": 140.30611658166674,
  "A_176": 68.61348939501515,
  "A_177": 50.3118774977449,
  "A_178": 121.04868140272708,
  "A_179": 103.02532664997061,
  "A_180": 50.606345260351176,
  "A_181": 60.9745560613642,
  "A_182": 60.49968548221817,
  "A_183": 100.67561640701527,
  "A_184": 40.60335088850329,
  "A_185": 37.322434883912095,
  "A_186": 93.27833438027844,
  "A_187": 90.21454012716214,
  "A_188": 3.622884648119749,
  "A_189": 65.21192366615549,
  "A_190": 88.19082667068452,
  "A_191": 31.284293803712515,
  "A_192": 14.882151656655736,
  "A_193": 166.8134679591486,
  "A_194": 76.68984552338134,
  "A_195": 21.737307888718494,
  "A_196": 169.14446687625914,
  "A_197": 65.1403456191361,
  "A_198": 67.69600611009017,
  "A_199": 95.17620820142389,
  "A_200": 143.42945029875384,
  "A_201": 66.26548817846336,
  "A_202": 12.238815597925287,
  "A_203": 36.77775811600332,
  "A_204": 81.01144551040068,
  "A_205": 50.21741608983677,
  "A_206": 3.622884648119749,
  "A_207": 92.86211105278963,
  "A_208": 72.07131476511529,
  "A_209": 14.491538592478996,
  "A_210": 4.830512864159665,
  "A_211": 61.943863058702775,
  "A_212": 129.1898046052397,
  "A_213": 0.0,
  "A_214": 1.2076282160399163,
  "A_215": 122.20001227841468,
  "A_216": 42.389497108516466,
  "A_217": 8.571672192501763,
  "A_218": 56.70484261861153,
  "A_219": 11.922218456667121,
  "A_220": 112.41749487899574,
  "A_221": 105.80813685614982,
  "A_222": 54.0172478025773,
  "A_223": 159.94461438311615,
  "A_224": 12.330726032598708,
  "A_225": 14.06513650479256,
  "A_226": 54.40786086675405,
  "A_227": 58.18904408550287,
  "A_228": 128.7216067688899,
  "A_229": 34.907178451832266,
  "A_230": 54.6104181946869,
  "A_231": 15.699166808518912,
  "A_232": 147.2044257304192,
  "A_233": 22.150892278378286,
  "A_234": 160.69852122175405,
  "A_235": 82.47354273138136,
  "A_236": 217.3295866784887,
  "A_237": 56.19595487421244,
  "A_238": 165.56497390587077,
  "A_239": 30.744882345091156,
  "A_240": 81.11098373203703,
  "A_241": 2.142918048125441,
  "A_242": 26.00524947321453,
  "A_243": 3.622884648119749,
  "A_244": 1.2076282160399163,
  "A_245": 0.0,
  "A_246": 36.02118720679522,
  "A_247": 22.944936104758412,
  "A_248": 19.7126645208154,
  "A_249": 163.37686718901608,
  "A_250": 28.122645222622207,
  "A_251": 63.34047692241205,
  "A_252": 0.0,
  "A_253": 13.28391037643908,
  "A_254": 0.0,
  "A_255": 0.0,
  "A_256": 1.0714590240627204,
  "A_257": 13.266015864684233,
  "A_258": 113.77318007361401,
  "A_259": 14.201305696769758,
  "A_260": 74.06440397640571,
  "A_261": 9.66102572831933,
  "A_262": 57.715945364613475,
  "A_263": 10.640574317708628,
  "A_264": 12.330726032598708,
  "A_265": 28.9472881614483,
  "A_266": 104.21685734525353,
  "A_267": 50.80287073038914,
  "A_268": 89.71931202762084,
  "A_269": 86.9746407562562,