{
  "A_1": 172.9221692103478,
  "A_2": 120.20869492538087,
  "A_3": 121.44790243077465,
  "A_4": 9.546985914994021,
  "A_5": 46.711122228277034,
  "A_6": 72.23205121164355,
  "A_7": 25.246152723512935,
  "A_8": 23.335549168935152,
  "A_9": 126.17441601172989,
  "A_10": 92.52518152387742,
  "A_11": 17.143344385003527,
  "A_12": 37.16413631328302,
  "A_13": 81.09659523768356,
  "A_14": 65.24252277860145,
  "A_15": 58.966035346959316,
  "A_16": 78.83699843840381,
  "A_17": 80.17656097952388,
  "A_18": 0.0,
  "A_19": 47.49334109990906,
  "A_20": 51.8785646213489,
  "A_21": 120.03174786076008,
  "A_22": 0.0,
  "A_23": 67.7547664590829,
  "A_24": 157.1975680677054,
  "A_25": 59.14994418090047,
  "A_26": 1.2076282160399163,
  "A_27": 37.65512954592725,
  "A_28": 21.601138696741295,
  "A_29": 0.0,
  "A_30": 83.01821949929014,
  "A_31": 11.848202533748545,
  "A_32": 78.49583404259457,
  "A_33": 78.39449882996037,
  "A_34": 38.88065227372202,
  "A_35": 67.14709447528435,
  "A_36": 56.740631642121215,
  "A_37": 29.78219782506632,
  "A_38": 88.38323037116098,
  "A_39": 42.26698756139707,
  "A_40": 8.044889936347825,
  "A_41": 92.71503425111916,
  "A_42": 1.0935884027146072,
  "A_43": 0.0,
  "A_44": 16.90679502455883,
  "A_45": 45.73665045261595,
  "A_46": 1.2076282160399163,
  "A_47": 1.0714590240627204,
  "A_48": 0.0,
  "A_49": 1.0714590240627204,
  "A_50": 50.430152177967244,
  "A_51": 25.59674189728294,
  "A_52": 0.0,
  "A_53": 127.6467548247613,
  "A_54": 13.446443813965201,
  "A_55": 89.3644879869538,
  "A_56": 0.0,
  "A_57": 67.98971989045958,
  "A_58": 37.99809093273435,
  "A_59": 37.14624180152816,
  "A_60": 120.05219334574963,
  "A_61": 17.65910593412867,
  "A_62": 1.2076282160399163,
  "A_63": 0.0,
  "A_64": 0.0,
  "A_65": 0.0,
  "A_66": 0.0,
  "A_67": 0.0,
  "A_68": 0.0,
  "A_69": 4.285836096250882,
  "A_70": 3.2586358294919346,
  "A_71": 10.732484752382051,
  "A_72": 1.2076282160399163,
  "A_73": 75.53590084260594,
  "A_74": 136.9281002313384,
  "A_75": 45.81829416249743,
  "A_76": 30.85365684912904,
  "A_77": 3.214377072188161,
  "A_78": 29.355795737379886,
  "A_79": 91.11160305983879,
  "A_80": 31.639117844379562,
  "A_81": 66.41955188219539,
  "A_82": 51.92630426331286,
  "A_83": 97.54035720421511,
  "A_84": 39.85173112931724,
  "A_85": 0.0,
  "A_86": 20.529679672678576,
  "A_87": 78.49583404259457,
  "A_88": 57.09806948787607,
  "A_89": 0.0,
  "A_90": 78.50674165228784,
  "A_91": 33.66121023904794,
  "A_92": 10.714590240627205,
  "A_93": 68.47299737154661,
  "A_94": 129.04423576804297,
  "A_95": 36.487525220294074,
  "A_96": 88.49378929982609,
  "A_97": 8.453397512279414,
  "A_98": 30.21367672648096,
  "A_99": 0.0,
  "A_100": 12.840568821164492,
  "A_101": 80.63875209072,
  "A_102": 51.51950571378482,
  "A_103": 0.0,
  "A_104": 145.94830389017844,
  "A_105": 156.9072472074019,
  "A_106": 9.252518152387744,
  "A_107": 51.36967687694981,
  "A_108": 11.922218456667121,
  "A_109": 93.36853578854831,
  "A_110": 45.17407917295231,
  "A_111": 35.31652797459502,
  "A_112": 12.941790936463153,
  "A_113": 1.2076282160399163,
  "A_114": 3.4867154561425533,
  "A_115": 0.0,
  "A_116": 0.0,
  "A_117": 0.0,
  "A_118": 49.28711510688514,
  "A_119": 24.152564320798326,
  "A_120": 66.49440975194514,
  "A_121": 133.40315787578692,
  "A_122": 59.54650113837779,
  "A_123": 25.886974792992177,
  "A_124": 110.94773217194026,
  "A_125": 74.02182911276427,
  "A_126": 24.91589593739696,
  "A_127": 45.889872209516824,
  "A_128": 94.52767038038742,
  "A_129": 34.612710689225985,
  "A_130": 67.43306737135532,
  "A_131": 50.80287073038914,
  "A_132": 37.43647469723741,
  "A_133": 123.84353019195487,
  "A_134": 10.986928624581596,
  "A_135": 11.922218456667121,
  "A_136": 24.767864091559808,
  "A_137": 19.161201912774867,
  "A_138": 2.4152564320798326,
  "A_139": 8.571672192501763,
  "A_140": 79.47782050788305,
  "A_141": 39.85173112931724,
  "A_142": 62.7787727223208,
  "A_143": 4.285836096250882,
  "A_144": 17.29740808873557,
  "A_145": 55.213013364757266,
  "A_146": 103.78282747060419,
  "A_147": 204.3504107894478,
  "A_148": 67.76671707753717,
  "A_149": 0.0,
  "A_150": 27.331152369476797,
  "A_151": 110.89413660127002,
  "A_152": 1.2076282160399163,
  "A_153": 0.0,
  "A_154": 36.228846481197486,
  "A_155": 49.967961066771124,
  "A_156": 0.0,
  "A_157": 1.2076282160399163,
  "A_158": 74.29756041678456,
  "A_159": 39.58362761225989,
  "A_160": 0.0,
  "A_161": 45.19281563153832,
  "A_162": 110.84459996830822,
  "A_163": 16.90679502455883,
  "A_164": 21.17473660905486,
  "A_165": 169.01169060434782,
  "A_166": 91.96090121781026,
  "A_167": 29.531988819763818,
  "A_168": 10.732484752382051,
  "A_169": 17.84208485664435,
  "A_170": 1.2076282160399163,
  "A_171": 0.0,
  "A_172": 0.0,
  "A_173": 0.0,
  "A_174": 2.4152564320798326,
  "A_175": 18.48714179302064,
  "A_176": 10.868653944359247,
  "A_177": 6.450883523028209,
  "A_178": 28.11428858616366,
  "A_179": 5.581981826898345,
  "A_180": 11.786049264689925,
  "A_181": 21.719413376963647,
  "A_182": 0.0,
  "A_183": 1.2076282160399163,
  "A_184": 0.0,
  "A_185": 0.0,
  "A_186": 0.0,
  "A_187": 0.0,
  "A_188": 0.0,
  "A_189": 9.643131216564484,
  "A_190": 22.518534017071975,
  "A_191": 21.973857249163192,
  "A_192": 27.1949831774996,
  "A_193": 66.347973835176,
  "A_194": 110.41072089010626,
  "A_195": 58.777979610715434,
  "A_196": 9.66102572831933,
  "A_197": 109.32460947790717,
  "A_198": 66.48414302715321,
  "A_199": 0.0,
  "A_200": 1.0714590240627204,
  "A_201": 8.225317885628796,
  "A_202": 67.012722274305,
  "A_203": 4.830512864159665,
  "A_204": 69.56498984519318,
  "A_205": 90.80608945746249,
  "A_206": 9.77930040854168,
  "A_207": 49.51275685763657,
  "A_208": 119.55847321068207,
  "A_209": 122.5123745527758,
  "A_210": 87.21815188602127,
  "A_211": 39.851731129317244,
  "A_212": 68.88330193847605,
  "A_213": 64.10975243231127,
  "A_214": 1.2076282160399163,
  "A_215": 25.36019253683824,
  "A_216": 68.33682817956941,
  "A_217": 0.0,
  "A_218": 0.0,
  "A_219": 96.99321742766591,
  "A_220": 91.32016711292533,
  "A_221": 0.0,
  "A_222": 40.51468257744837,
  "A_223": 90.65460185970637,
  "A_224": 96.85104151053504,
  "A_225": 16.208054552918,
  "A_226": 136.4839795610857,
  "A_227": 12.993677480729842,
  "A_228": 69.49773462966516,
  "A_229": 44.54607480149971,
  "A_230": 127.91146542175275,
  "A_231": 36.31133213791014,
  "A_232": 1.0935884027146072,
  "A_233": 9.66102572831933,
  "A_234": 30.545529441664954,
  "A_235": 0.0,
  "A_236": 1.2076282160399163,
  "A_237": 6.038141080199582,
  "A_238": 46.3664518150664,
  "A_239": 0.0,
  "A_240": 0.0,
  "A_241": 0.0,
  "A_242": 2.4152564320798326,
  "A_243": 0.0,
  "A_244": 0.0,
  "A_245": 0.0,
  "A_246": 0.0,
  "A_247": 1.2076282160399163,
  "A_248": 0.0,
  "A_249": 0.0,
  "A_250": 1.2076282160399163,
  "A_251": 0.0,
  "A_252": 0.0,
  "A_253": 0.0,
  "A_254": 0.0,
  "A_255": 0.0,
  "A_256": 22.636808697294327,
  "A_257": 39.16771844403645,
  "A_258": 0.0,
  "A_259": 7.245769296239498,
  "A_260": 1.2076282160399163,
  "A_261": 0.0,
  "A_262": 1.2076282160399163,
  "A_263": 0.0,
  "A_264": 6.564923336353519,
  "A_265": 6.038141080199582,
  "A_266": 5.810061453548963,
  "A_267": 10.868653944359247,
  "A_268": 7.017689669588879,
  "A_269": 0.0,
  "A_270": 0.0,
  "A_271": 0.0,
  "A_272": 0.0,
  "A_273": 5.629633504267994,
  "A_274": 0.0,
  "A_275": 0.0,
  "A_276": 23.709222765523737,
  "A_277": 53.97467293893586,
  "A_278": 34.168414089784704,
  "A_279": 7.500213168439043,
  "A_280": 98.73528081956388,
  "A_281": 42.83802857485478,
  "A_282": 1.2076282160399163,
  "A_283": 85.28457700596044,
  "A_284": 42.26698756139707,
  "A_285": 0.0,
  "A_286": 1.0714590240627204,
  "A_287": 1.2076282160399163,
  "A_288": 7.245769296239498,
  "A_289": 0.0,
  "A_290": 4.602433237509047,
  "A_291": 29.918367017043515,
  "A_292": 9.643131216564484,
  "A_293": 53.35429635444617,
  "A_294": 14.882151656655738,
  "A_295": 108.00906127103114,
  "A_296": 0.0,
  "A_297": 1.2076282160399163,