{
  "A_1": 233.40232655263125,
  "A_2": 121.11001785769577,
  "A_3": 45.77583239619152,
  "A_4": 123.81550718548485,
  "A_5": 69.97689034119065,
  "A_6": 86.68780078061285,
  "A_7": 103.03901142756963,
  "A_8": 110.5571191077635,
  "A_9": 98.46799411659651,
  "A_10": 59.31418664483013,
  "A_11": 30.0766655876726,
  "A_12": 119.55244135278718,
  "A_13": 125.68182685001763,
  "A_14": 67.51314028491001,
  "A_15": 56.97718100256592,
  "A_16": 79.51360953139275,
  "A_17": 123.39673288476132,
  "A_18": 12.076282160399163,
  "A_19": 53.934762145864646,
  "A_20": 15.699166808518912,
  "A_21": 9.915469600518875,
  "A_22": 69.9887529950506,
  "A_23": 18.114423240598747,
  "A_24": 23.616357286683623,
  "A_25": 139.02429651351963,
  "A_26": 66.37103312525338,
  "A_27": 129.81087234011315,
  "A_28": 126.065478144874,
  "A_29": 26.816320731777118,
  "A_30": 31.108100721328587,
  "A_31": 67.18288349879403,
  "A_32": 66.01441209358848,
  "A_33": 0.0,
  "A_34": 75.26356245865155,
  "A_35": 123.44766438486133,
  "A_36": 45.6617925828662,
  "A_37": 20.529679672678576,
  "A_38": 91.10980606884092,
  "A_39": 101.82373029182558,
  "A_40": 8.453397512279414,
  "A_41": 103.82023755592311,
  "A_42": 128.20935123716615,
  "A_43": 101.29845600014535,
  "A_44": 68.4729973715466,
  "A_45": 69.20752686669712,
  "A_46": 160.28154391202835,
  "A_47": 33.86037464691492,
  "A_48": 108.39630654788323,
  "A_49": 50.72038507367649,
  "A_50": 19.32205145663866,
  "A_51": 121.92767389446027,
  "A_52": 66.30551206887009,
  "A_53": 0.0,
  "A_54": 50.12599574361731,
  "A_55": 57.56188166088144,
  "A_56": 54.431762103662564,
  "A_57": 15.699166808518912,
  "A_58": 66.36586834693085,
  "A_59": 47.624282681710675,
  "A_60": 37.20839507058679,
  "A_61": 58.14902019509614,
  "A_62": 135.1936897591445,
  "A_63": 87.79504882818527,
  "A_64": 1.2076282160399163,
  "A_65": 114.82506069225954,
  "A_66": 104.45586971433862,
  "A_67": 48.30512864159665,
  "A_68": 54.59771359399578,
  "A_69": 156.19826514371033,
  "A_70": 124.15762662546075,
  "A_71": 39.815942105807544,
  "A_72": 58.22059824211553,
  "A_73": 108.81412580444008,
  "A_74": 56.05978568223524,
  "A_75": 163.46877762368953,
  "A_76": 83.15862355816438,
  "A_77": 77.65348508757283,
  "A_78": 50.72038507367648,
  "A_79": 29.6902873903929,
  "A_80": 0.0,
  "A_81": 16.90679502455883,
  "A_82": 31.262164425060625,
  "A_83": 32.46979264110055,
  "A_84": 3.622884648119749,
  "A_85": 113.96892642867391,
  "A_86": 67.30115817901638,
  "A_87": 13.28391037643908,
  "A_88": 31.148162310847162,
  "A_89": 126.7402922468651,
  "A_90": 132.66193050509898,
  "A_91": 131.91472154199855,
  "A_92": 61.1489772854915,
  "A_93": 32.1795597453913,
  "A_94": 71.50450861855461,
  "A_95": 49.398717044311255,
  "A_96": 75.58259747580891,
  "A_97": 56.80522278707904,
  "A_98": 2.4152564320798326,
  "A_99": 93.75070425167219,
  "A_100": 31.384673972180014,
  "A_101": 10.8507594326044,
  "A_102": 28.166062033094818,
  "A_103": 61.80006607976266,
  "A_104": 123.55932915414053,
  "A_105": 72.45250305133126,
  "A_106": 30.17059920801494,
  "A_107": 0.0,
  "A_108": 51.17558928281104,
  "A_109": 106.44658388158297,
  "A_110": 1.2076282160399163,
  "A_111": 19.44032613686101,
  "A_112": 62.628943885485796,
  "A_113": 47.865066909052416,
  "A_114": 159.71575564148745,
  "A_115": 107.31293460447812,
  "A_116": 176.35624413998679,
  "A_117": 40.70781512742046,
  "A_118": 59.972903226064226,
  "A_119": 93.282682344511,
  "A_120": 107.8327802240529,
  "A_121": 27.044400358427737,
  "A_122": 1.2076282160399163,
  "A_123": 112.12218516955828,
  "A_124": 96.1532309503197,
  "A_125": 0.0,
  "A_126": 8.181059128325023,
  "A_127": 118.64870567731433,
  "A_128": 106.78438049006755,
  "A_129": 23.317654657180306,
  "A_130": 72.13590591007309,
  "A_131": 52.04628796993876,
  "A_132": 60.4605035386426,
  "A_133": 55.550897937836154,
  "A_134": 62.528563717018294,
  "A_135": 87.33984461905072,
  "A_136": 9.643131216564484,
  "A_137": 97.50975809176913,
  "A_138": 147.06825653844197
}