{
  "A_1": 245.6496495834625,
  "A_2": 79.3051083101593,
  "A_3": 135.38360531823935,
  "A_4": 104.61840315186475,
  "A_5": 147.99931150363045,
  "A_6": 215.45900701431762,
  "A_7": 168.70620213471273,
  "A_8": 70.56921878646908,
  "A_9": 46.07114210562895,
  "A_10": 136.5070891166455,
  "A_11": 143.43541932479565,
  "A_12": 136.86876182929737,
  "A_13": 144.26941164335884,
  "A_14": 106.02107400621014,
  "A_15": 148.78677055180867,
  "A_16": 150.69734897364523,
  "A_17": 112.90004351058711,
  "A_18": 149.54586730151027,
  "A_19": 167.79640946860377,
  "A_20": 67.20077801054887,
  "A_21": 137.22955489600622,
  "A_22": 43.0661082015054,
  "A_23": 228.85017136395027,
  "A_24": 135.00415119116812,
  "A_25": 5.76580269624519,
  "A_26": 103.7419867661075,
  "A_27": 36.23308134809453,
  "A_28": 51.34754749829793,
  "A_29": 68.83904318117226,
  "A_30": 117.53055002004862,
  "A_31": 115.81826892650666,
  "A_32": 96.06558051528454,
  "A_33": 50.97906381277308,
  "A_34": 146.9442641595901,
  "A_35": 79.70346225863449,
  "A_36": 37.57687875611164,
  "A_37": 33.01870427590637,
  "A_38": 99.68846516340427,
  "A_39": 101.69521401955252,
  "A_40": 136.21177940720804,
  "A_41": 158.447796280128,
  "A_42": 32.46979264110054,
  "A_43": 45.507728879134156,
  "A_44": 76.65161862397244,
  "A_45": 62.72508918705627,
  "A_46": 91.20351349451221,
  "A_47": 44.686478860373946,
  "A_48": 35.06551472157319,
  "A_49": 108.15277028537696,
  "A_50": 147.21063351750266,
  "A_51": 23.493847739564238,
  "A_52": 16.638691507501477,
  "A_53": 47.896621065665066,
  "A_54": 33.479940342935805,
  "A_55": 147.65295719675748,
  "A_56": 100.09697273933585,
  "A_57": 39.73978989988454,
  "A_58": 30.190705400997906,
  "A_59": 72.91289717152952,
  "A_60": 46.007996093291815,
  "A_61": 72.06876379188057,
  "A_62": 12.739233608530297,
  "A_63": 63.805746794408705,
  "A_64": 115.08125128997452,
  "A_65": 93.89447609787108,
  "A_66": 22.67259772080402,
  "A_67": 32.46979264110055,
  "A_68": 37.26451648175052,
  "A_69": 81.97480861443867,
  "A_70": 23.453823849157498,
  "A_71": 13.28391037643908,
  "A_72": 58.72727430528651,
  "A_73": 136.79193103936117,
  "A_74": 10.732484752382051,
  "A_75": 100.53184456081638,
  "A_76": 48.37235872438348,
  "A_77": 69.29001252340979,
  "A_78": 114.15010836019172,
  "A_79": 49.51783367136477,
  "A_80": 251.19251229863832,
  "A_81": 83.3730435399572,
  "A_82": 56.45463361330902,
  "A_83": 106.25338849975779,
  "A_84": 104.70785057789779,
  "A_85": 21.236889878113484,
  "A_86": 34.730985369448334,
  "A_87": 27.676174641064648,
  "A_88": 15.42682842456452,
  "A_89": 52.79172507478254,
  "A_90": 48.18574812076026,
  "A_91": 62.49964849823466,
  "A_92": 16.770625832581633,
  "A_93": 4.830512864159665,
  "A_94": 100.67393251335295,
  "A_95": 76.16306326722739,
  "A_96": 134.22800187654283,
  "A_97": 93.69458284050847,
  "A_98": 46.68899284962515,
  "A_99": 38.84579316163779,
  "A_100": 54.4224378566667,
  "A_101": 83.19017771477702,
  "A_102": 45.56817312178924,
  "A_103": 56.535523340953645,
  "A_104": 125.71160914837365,
  "A_105": 137.16662251196954,
  "A_106": 25.75080560101498,
  "A_107": 72.68058267798187,
  "A_108": 155.87421614467786,
  "A_109": 104.15716708483532,
  "A_110": 109.66608803298176,
  "A_111": 138.2831194083141,
  "A_112": 9.66102572831933,
  "A_113": 72.66872002412191,
  "A_114": 120.4367996847727,
  "A_115": 135.3368458531833,
  "A_116": 6.859391098959797,
  "A_117": 52.72713392982473,
  "A_118": 33.40508247318607,
  "A_119": 54.389966354999196,
  "A_120": 50.039539113790504,
  "A_121": 91.09889845914768,
  "A_122": 132.47990662675,
  "A_123": 83.23272744567726,
  "A_124": 8.453397512279414,
  "A_125": 90.61881283619668,
  "A_126": 75.64051587797049,
  "A_127": 61.95157881026,
  "A_128": 25.814642763735932,
  "A_129": 32.60596183307774,
  "A_130": 74.16054927797617,
  "A_131": 60.55874742410566,
  "A_132": 18.114423240598747,
  "A_133": 76.59622606230435,
  "A_134": 72.44655915803067,
  "A_135": 32.04339055341411,
  "A_136": 37.25349577472173,
  "A_137": 137.34194851478108,
  "A_138": 39.601522124014735,
  "A_139": 20.925520347030893,
  "A_140": 110.60135273232608,
  "A_141": 125.14205096664843,
  "A_142": 43.93585184446643,
  "A_143": 70.10879953352959,
  "A_144": 0.0,
  "A_145": 45.552829583269094,
  "A_146": 7.772551552393435,
  "A_147": 31.45739555892532,
  "A_148": 48.01234477265271,
  "A_149": 67.38364383572903,
  "A_150": 106.01588409514642,
  "A_151": 94.8307209741233,
  "A_152": 45.91536937549337,
  "A_153": 47.470218977978625,
  "A_154": 138.356180287066,
  "A_155": 164.3845141830991,
  "A_156": 62.04092570532809,
  "A_157": 84.14664188134776,
  "A_158": 65.02630580581078,
  "A_159": 123.47921854147397,
  "A_160": 84.73473545972914,
  "A_161": 47.94934955676291,
  "A_162": 166.30460534749074,
  "A_163": 94.10213537227335,
  "A_164": 105.06365479547273,
  "A_165": 38.27985409464951,
  "A_166": 18.913543880707074,
  "A_167": 136.22793975981813,
  "A_168": 104.95377445082077,
  "A_169": 43.65588567354912,
  "A_170": 73.98859106248929,
  "A_171": 78.07958558236453,
  "A_172": 8.453397512279414,
  "A_173": 82.355268051159,
  "A_174": 140.39541321125233,
  "A_175": 87.35075222874399,
  "A_176": 57.64013245069705,
  "A_177": 64.18893313355235,
  "A_178": 13.946861824570213,
  "A_179": 18.51026391495106,
  "A_180": 9.38868734436494,
  "A_181": 31.09020620957374,
  "A_182": 61.95115155365912,
  "A_183": 90.88784626467951,
  "A_184": 64.85443555491821,
  "A_185": 34.94201243117527,
  "A_186": 86.57132309138835,
  "A_187": 23.788315502170512,
  "A_188": 66.30635401570125,
  "A_189": 133.33778761585103,
  "A_190": 93.45284356900004,
  "A_191": 12.194556840621512,
  "A_192": 75.43456562997176,
  "A_193": 61.52349282891124,
  "A_194": 206.87877712342748,
  "A_195": 157.84839296819368,
  "A_196": 25.342298025083394,
  "A_197": 171.40124880852127,
  "A_198": 116.55947116445341,
  "A_199": 32.290206638650744,
  "A_200": 210.32372196364787
}