{
  "A_1": 211.3262921440027,
  "A_2": 175.30691449457595,
  "A_3": 179.4361861793425,
  "A_4": 110.9656266836951,
  "A_5": 41.0635942122542,
  "A_6": 122.07852060731506,
  "A_7": 97.70384568590791,
  "A_8": 111.49240893984904,
  "A_9": 91.77974441903365,
  "A_10": 159.84423421464868,
  "A_11": 91.50740603507926,
  "A_12": 89.3644879869538,
  "A_13": 77.28820582655464,
  "A_14": 60.38564566889286,
  "A_15": 97.81788549923323,
  "A_16": 99.68846516340427,
  "A_17": 93.51415489122749,
  "A_18": 52.61309411649942,
  "A_19": 92.71503425111916,
  "A_20": 37.43647469723741,
  "A_21": 29.9404963956954,
  "A_22": 103.7419867661075,
  "A_23": 50.47017606837397,
  "A_24": 131.0867987804421,
  "A_25": 71.25006474635506,
  "A_26": 68.83480831427524,
  "A_27": 60.04172923791908,
  "A_28": 56.48618776992167,
  "A_29": 185.25643895945976,
  "A_30": 131.87997552724985,
  "A_31": 3.4867154561425533,
  "A_32": 0.0,
  "A_33": 115.24447587788441,
  "A_34": 99.30037793972102,
  "A_35": 44.6822439934769,
  "A_36": 8.453397512279414,
  "A_37": 43.24653615078637,
  "A_38": 160.97709252553315,
  "A_39": 36.22884648119749,
  "A_40": 23.726162233111893,
  "A_41": 145.38149774361779,
  "A_42": 100.61337517336234,
  "A_43": 38.626208401522476,
  "A_44": 127.21518795875232,
  "A_45": 42.63970611381896,
  "A_46": 82.13913904296265,
  "A_47": 27.503110584963682,
  "A_48": 33.81359004911766,
  "A_49": 14.35960426739884,
  "A_50": 27.23077220100929,
  "A_51": 25.36019253683824,
  "A_52": 34.196763821890706,
  "A_53": 41.278014194047,
  "A_54": 40.629564337604855,
  "A_55": 149.7135403846177,
  "A_56": 160.23664426982327,
  "A_57": 110.12976197591038,
  "A_58": 37.43647469723741,
  "A_59": 83.29055788324455,
  "A_60": 41.6865217699786,
  "A_61": 61.5652006129803,
  "A_62": 44.6822439934769,
  "A_63": 37.4364746972374,
  "A_64": 16.90679502455883,
  "A_65": 83.86403677260142,
  "A_66": 98.76924771933452,
  "A_67": 5.901971888222386,
  "A_68": 40.75123193789307,
  "A_69": 33.81359004911766,
  "A_70": 1.2076282160399163,
  "A_71": 95.73962142791868,
  "A_72": 100.73504277365056,
  "A_73": 73.79630045934837,
  "A_74": 116.79683733898807,
  "A_75": 102.78880242226712,
  "A_76": 24.56191384356108,
  "A_77": 21.038567417077665,
  "A_78": 16.90679502455883,
  "A_79": 69.63392895438355,
  "A_80": 3.4867154561425533,
  "A_81": 131.26465062374712,
  "A_82": 20.920292736855316,
  "A_83": 9.66102572831933,
  "A_84": 30.409360249687758,
  "A_85": 44.6822439934769,
  "A_86": 7.245769296239498,
  "A_87": 65.72081141055457,
  "A_88": 49.34079864214968,
  "A_89": 92.07749200437027,
  "A_90": 87.3994217821334,
  "A_91": 31.65277748923737,
  "A_92": 158.12771825420967,
  "A_93": 109.2779128447042,
  "A_94": 79.75015889183744,
  "A_95": 98.30887873187746,
  "A_96": 160.6945251158987,
  "A_97": 16.79275521123352,
  "A_98": 9.66102572831933,
  "A_99": 60.68255130739833,
  "A_100": 28.965182673203145,
  "A_101": 21.737307888718494,
  "A_102": 31.398333617037824,
  "A_103": 10.868653944359247,
  "A_104": 23.57209852937985,
  "A_105": 70.44404516877947,
  "A_106": 12.6030644165531,
  "A_107": 38.59041937801278,
  "A_108": 24.152564320798326,
  "A_109": 47.674460199573815,
  "A_110": 20.39351048070138,
  "A_111": 49.06846025819529,
  "A_112": 102.04484814915585,
  "A_113": 150.36106032963437,
  "A_114": 16.22594906467285,
  "A_115": 14.105160395199295,
  "A_116": 70.70538797844628,
  "A_117": 40.36061887371633,
  "A_118": 34.0680339213172,
  "A_119": 101.44077014735298,
  "A_120": 83.2531477979256,
  "A_121": 1.0714590240627204,
  "A_122": 51.19348379456588,
  "A_123": 114.12212305283356,
  "A_124": 16.770625832581633,
  "A_125": 61.640058482730055,
  "A_126": 13.011571992484688,
  "A_127": 125.19843627159509,
  "A_128": 67.92832060363781,
  "A_129": 3.622884648119749,
  "A_130": 24.995943718210427,
  "A_131": 51.928013289716404,
  "A_132": 53.46239227447089,
  "A_133": 19.694770009060555,
  "A_134": 59.05974277263059,
  "A_135": 155.70046093819312,
  "A_136": 22.24619563311758,
  "A_137": 163.8167529923717,
  "A_138": 142.9545797196078,
  "A_139": 124.3601588206524,
  "A_140": 53.684553140562144,
  "A_141": 45.97235786622947,
  "A_142": 11.803943776444772,
  "A_143": 112.93824527725478,
  "A_144": 133.53863591738036,
  "A_145": 10.868653944359247,
  "A_146": 56.44445485311141,
  "A_147": 11.848202533748545,
  "A_148": 9.296776909691516,
  "A_149": 0.0,
  "A_150": 64.80341609022389,
  "A_151": 55.55089793783615,
  "A_152": 28.732868179655483,
  "A_153": 32.04339055341411,
  "A_154": 8.707841384478959,
  "A_155": 103.46538838251485,
  "A_156": 68.32073065881241,
  "A_157": 47.8871962877043,
  "A_158": 76.62438729885113,
  "A_159": 31.14812461173532,
  "A_160": 52.9075618791057,
  "A_161": 4.422005288228077,
  "A_162": 27.23500706790633,
  "A_163": 146.09915060303325,
  "A_164": 5.810061453548963,
  "A_165": 114.73312512484492,
  "A_166": 18.641205496752683,
  "A_167": 109.093224895785,
  "A_168": 36.09267728922029,
  "A_169": 40.88740112987026,
  "A_170": 10.732484752382051,
  "A_171": 8.20318850697691,
  "A_172": 35.66627520153386,
  "A_173": 35.820338905265906,
  "A_174": 30.427254761442605,
  "A_175": 58.62910581804711,
  "A_176": 62.895338376139605,
  "A_177": 115.90742732601552,
  "A_178": 68.42630073834364,
  "A_179": 88.68364202706783,
  "A_180": 14.083031016547409,
  "A_181": 59.13799356244621,
  "A_182": 103.08060611430318,
  "A_183": 14.083031016547407,
  "A_184": 55.550897937836154,
  "A_185": 50.72038507367648,
  "A_186": 43.81154530634919,
  "A_187": 6.881520477611684,
  "A_188": 32.5522782978132,
  "A_189": 19.985002904769793,
  "A_190": 55.22911088551426,
  "A_191": 89.10398712411816,
  "A_192": 71.41927092667741,
  "A_193": 102.00329116153418,
  "A_194": 44.6822439934769,
  "A_195": 36.34712116141984,
  "A_196": 26.43165156090096,
  "A_197": 91.84433556399145,
  "A_198": 51.846256482499385,
  "A_199": 34.885049073180376,
  "A_200": 14.241329587176491,
  "A_201": 18.843762824685538,
  "A_202": 57.349899554987815,
  "A_203": 41.05935934535715,
  "A_204": 25.997621686251613,
  "A_205": 217.1491587292077,
  "A_206": 4.558174480205274,
  "A_207": 61.68941918650323,
  "A_208": 42.13081836941987,
  "A_209": 66.65610124264009,
  "A_210": 15.198748797913902,
  "A_211": 34.33527035880218,
  "A_212": 10.754614131033938,
  "A_213": 41.889921044742614,
  "A_214": 86.8964527982937,
  "A_215": 29.488572009291207,
  "A_216": 78.96553984341809,
  "A_217": 103.9290874581847,
  "A_218": 6.83726172030791,
  "A_219": 13.402185056661429,
  "A_220": 71.38707588516343,
  "A_221": 66.22459720848425,
  "A_222": 23.880225936843935,
  "A_223": 122.88085823830065,
  "A_224": 69.54877922710068,
  "A_225": 46.711122228277034,
  "A_226": 119.22752527418231,
  "A_227": 48.76003125783647,
  "A_228": 11.940112968421968,
  "A_229": 72.3503258918659,
  "A_230": 18.114423240598747,
  "A_231": 75.58352738723438,
  "A_232": 53.66242376191026,
  "A_233": 153.19329407143988,
  "A_234": 20.239446776969338,
  "A_235": 186.37954576674747,
  "A_236": 100.61610207578566,
  "A_237": 39.23727330538692,
  "A_238": 43.246536150786376,
  "A_239": 82.90417968596483,
  "A_240": 85.87078562874967,
  "A_241": 54.85215746619533,
  "A_242": 99.96080354735867,
  "A_243": 36.75562873735142,
  "A_244": 78.5000689094916,
  "A_245": 89.75510105113055,
  "A_246": 109.645617415251,
  "A_247": 91.14559509235063,
  "A_248": 31.12599523308343,
  "A_249": 74.06016910950868,
  "A_250": 27.34904688123164,
  "A_251": 20.529679672678576,
  "A_252": 83.03353790506907,
  "A_253": 17.978254048621547,
  "A_254": 29.28177981446131,
  "A_255": 83.0922982540618,
  "A_256": 27.775448968918077,
  "A_257": 37.128347289773316,
  "A_258": 14.083031016547409,
  "A_259": 57.966154369915984,
  "A_260": 61.61784113948385,
  "A_261": 2.4152564320798326,
  "A_262": 107.31293460447812,
  "A_263": 29.918367017043515,
  "A_264": 96.3293109353681,
  "A_265": 8.707841384478959,
  "A_266": 82.8641557955581,
  "A_267": 101.2976140533142,
  "A_268": 15.448957803216407,