{
  "A_1": 151.25449158120347,
  "A_2": 1.2076282160399163,
  "A_3": 114.24882976773812,
  "A_4": 122.7414720554462,
  "A_5": 42.13081836941988,
  "A_6": 34.612710689225985,
  "A_7": 25.36019253683824,
  "A_8": 132.3590181414398,
  "A_9": 6.038141080199582,
  "A_10": 131.56677130605755,
  "A_11": 115.22658136612955,
  "A_12": 24.81551576892946,
  "A_13": 2.5735927018207594,
  "A_14": 52.55517571433784,
  "A_15": 83.68540581431832,
  "A_16": 64.20505578705057,
  "A_17": 69.99298786194765,
  "A_18": 29.355795737379886,
  "A_19": 129.43832971687988,
  "A_20": 141.47377117278234,
  "A_21": 50.50077518081994,
  "A_22": 7.500213168439043,
  "A_23": 4.830512864159665,
  "A_24": 33.42721185183795,
  "A_25": 1.2076282160399163,
  "A_26": 21.68030683161176,
  "A_27": 6.038141080199582,
  "A_28": 69.46626843764679,
  "A_29": 24.152564320798326,
  "A_30": 7.017689669588879,
  "A_31": 28.674949777493904,
  "A_32": 79.80384242710197,
  "A_33": 4.69434367218247,
  "A_34": 60.17375152759354,
  "A_35": 123.4042475743887,
  "A_36": 151.69197720777174,
  "A_37": 41.94096564217814,
  "A_38": 68.83480831427524,
  "A_39": 41.17870216708174,
  "A_40": 186.59680574829912,
  "A_41": 27.87582913738558,
  "A_42": 51.612258095289405,
  "A_43": 58.60358351932935,
  "A_44": 130.03895196676376,
  "A_45": 36.58367052186453,
  "A_46": 1.2076282160399163,
  "A_47": 9.38868734436494,
  "A_48": 184.7687506822871,
  "A_49": 86.37213355078016,
  "A_50": 50.39436315445756,
  "A_51": 76.58004057695305,
  "A_52": 32.315728937368505,
  "A_53": 33.880820131904485,
  "A_54": 103.03764169317267,
  "A_55": 81.33653751819413,
  "A_56": 62.60681450683391,
  "A_57": 0.0,
  "A_58": 150.2624520194235,
  "A_59": 89.03846606773487,
  "A_60": 10.868653944359247,
  "A_61": 22.944936104758412,
  "A_62": 40.37851338547117,
  "A_63": 112.82684440175848,
  "A_64": 0.0,
  "A_65": 56.68694810685668,
  "A_66": 98.70372666295125,
  "A_67": 85.24362320412824,
  "A_68": 62.86125837903346,
  "A_69": 101.95473470548026,
  "A_70": 29.78219782506632,
  "A_71": 115.09220916515022,
  "A_72": 142.09835749142783,
  "A_73": 182.10838719137416,
  "A_74": 80.00724170186601,
  "A_75": 228.5633313883069,
  "A_76": 180.13908611965675,
  "A_77": 169.3188629676452,
  "A_78": 58.041012239665726,
  "A_79": 122.86296372654581,
  "A_80": 30.54213652159908,
  "A_81": 78.70167119325777,
  "A_82": 45.91707840189691,
  "A_83": 16.90679502455883,
  "A_84": 96.08344989429816,
  "A_85": 76.83326551120301,
  "A_86": 7.245769296239498,
  "A_87": 93.70728744119958,
  "A_88": 1.2076282160399163,
  "A_89": 91.33449277542567,
  "A_90": 73.04906636350674,
  "A_91": 5.76580269624519,
  "A_92": 19.967108393014946,
  "A_93": 125.68672773455722,
  "A_94": 41.719759820253586,
  "A_95": 87.66491149410297,
  "A_96": 81.42421308597052,
  "A_97": 69.68486045448356,
  "A_98": 54.07093133784184,
  "A_99": 81.8906390640637,
  "A_100": 33.64163183363077,
  "A_101": 50.83865975389884,
  "A_102": 41.14184500206981,
  "A_103": 54.89744666588948,
  "A_104": 93.10564731529591,
  "A_105": 98.95393566825376,
  "A_106": 17.433577280712765,
  "A_107": 10.833819965016245,
  "A_108": 69.17173784318743,
  "A_109": 87.48871841171903,
  "A_110": 87.56703203338773,
  "A_111": 213.013993416623,
  "A_112": 175.42762705069748,
  "A_113": 65.29440932286813,
  "A_114": 83.32634690675421,
  "A_115": 37.47130867658041,
  "A_116": 137.21345737524922,
  "A_117": 49.960333279808204,
  "A_118": 67.62718009823531,
  "A_119": 65.5454602750018,
  "A_120": 46.552823657647956,
  "A_121": 2.3012166187545233,
  "A_122": 0.0,
  "A_123": 123.19078263676258,
  "A_124": 69.84324698970696,
  "A_125": 37.3224348839121,
  "A_126": 157.3037162002849,
  "A_127": 1.2076282160399163,
  "A_128": 11.553734771142267,
  "A_129": 8.418563532936414,
  "A_130": 21.701518865208797,
  "A_131": 19.83093920103775,
  "A_132": 40.442350548192124,
  "A_133": 52.99521231414087,
  "A_134": 37.481575401372346,
  "A_135": 54.974667013314715,
  "A_136": 15.699166808518912,
  "A_137": 59.1737825859559,
  "A_138": 21.719413376963647,
  "A_139": 38.8436066131509,
  "A_140": 102.32237644417395,
  "A_141": 40.04909854618637,
  "A_142": 40.49678806569352,
  "A_143": 5.357295120313602,
  "A_144": 17.97825404862155,
  "A_145": 64.25873932231511,
  "A_146": 35.29947540967133,
  "A_147": 163.86524661657253,
  "A_148": 181.43838600932838,
  "A_149": 28.029892841117622,
  "A_150": 174.34180466502255,
  "A_151": 14.337474888746954,
  "A_152": 97.33017208931932,
  "A_153": 55.58573191717916,
  "A_154": 103.60062766306658,
  "A_155": 37.8091932496593,
  "A_156": 22.38236482509478,
  "A_157": 86.68780078061285,
  "A_158": 140.28128543333273,
  "A_159": 80.22166168365882,
  "A_160": 42.059240322400484,
  "A_161": 80.93226480915959,
  "A_162": 52.5186327085913,
  "A_163": 41.95886015393299,
  "A_164": 62.979533059255814,
  "A_165": 59.0376133939787,
  "A_166": 139.51030089702996,
  "A_167": 10.868653944359247,
  "A_168": 1.2076282160399163,
  "A_169": 87.75925980467557,
  "A_170": 80.50426679240513,
  "A_171": 6.428754144376322,
  "A_172": 22.11002644114039,
  "A_173": 78.96893276348395,
  "A_174": 69.57430152581843,
  "A_175": 29.21962654540269,
  "A_176": 58.303083898828184,
  "A_177": 110.91194314843057,
  "A_178": 82.16541532391727,
  "A_179": 44.6822439934769,
  "A_180": 160.0246621639296,
  "A_181": 97.92595628651674,
  "A_182": 130.5709241339814,
  "A_183": 110.87371624902168,
  "A_184": 1.2076282160399163,
  "A_185": 68.15396235438925,
  "A_186": 60.33196213362831,
  "A_187": 47.85233717562008,
  "A_188": 3.214377072188161,
  "A_189": 85.11516976370827,
  "A_190": 135.83985253613488,
  "A_191": 3.214377072188161,
  "A_192": 81.29056973448682,
  "A_193": 122.65794338997254,
  "A_194": 61.18050630936293,
  "A_195": 84.63096237119576,
  "A_196": 201.01088523231124,
  "A_197": 63.73195706616117,
  "A_198": 12.076282160399163,
  "A_199": 98.60077038850783,
  "A_200": 66.41955188219539,
  "A_201": 4.830512864159665,
  "A_202": 56.913406671698056,
  "A_203": 2.142918048125441,
  "A_204": 73.7410209950158,
  "A_205": 32.55915210253926,
  "A_206": 0.0,
  "A_207": 30.303036187919673,
  "A_208": 61.316700634081336,
  "A_209": 15.7919191900235,
  "A_210": 16.90679502455883,
  "A_211": 100.64577127680616,
  "A_212": 43.42093224217245,
  "A_213": 132.67820395504458,
  "A_214": 65.54969514189885,
  "A_215": 39.03555792428523,
  "A_216": 53.76280393037776,
  "A_217": 6.701092528330714,
  "A_218": 77.39966953390403,
  "A_219": 29.848585961021982,
  "A_220": 104.26876902226144,
  "A_221": 21.17473660905486,
  "A_222": 1.2076282160399163,
  "A_223": 77.125559291693,
  "A_224": 92.23918349506523,
  "A_225": 8.475564590043145,
  "A_226": 73.40389040417377,
  "A_227": 56.414609722902284,
  "A_228": 145.06423458471707,
  "A_229": 66.41012710423462,
  "A_230": 20.239446776969338,
  "A_231": 53.390085377955856,
  "A_232": 25.246152723512935,
  "A_233": 136.04649393451737,
  "A_234": 87.43512284104881,
  "A_235": 0.0,
  "A_236": 131.43463591904757,
  "A_237": 51.483716690275116,
  "A_238": 56.23426973821562,
  "A_239": 78.4779395308397,
  "A_240": 1.2076282160399163,
  "A_241": 15.699166808518912,
  "A_242": 1.2076282160399163,
  "A_243": 0.0,
  "A_244": 1.2076282160399163,
  "A_245": 12.857508288752644,
  "A_246": 16.50252231552428,
  "A_247": 14.219200208524605,
  "A_248": 209.2030530322594,
  "A_249": 88.4257801020612,
  "A_250": 119.53729887619689,
  "A_251": 46.77147850633781,
  "A_252": 0.0,
  "A_253": 0.0,
  "A_254": 0.0,
  "A_255": 1.2076282160399163,
  "A_256": 0.0,
  "A_257": 6.675570229612952,
  "A_258": 3.214377072188161,
  "A_259": 1.2076282160399163,
  "A_260": 59.6110922833356,
  "A_261": 73.18277254684352,
  "A_262": 118.89975662944799,
  "A_263": 68.42630073834364,
  "A_264": 152.90044737064284,
  "A_265": 73.08993220074461,
  "A_266": 118.56967577252061,
  "A_267": 40.68568574876858,
  "A_268": 26.863130462315603,
  "A_269": 9.77930040854168,
  "A_270": 19.031818560929423,
  "A_271": 2.142918048125441,
  "A_272": 2.4152564320798326,