{
  "A_1": 211.67577547715865,
  "A_2": 132.28761602360905,
  "A_3": 152.86323834725374,
  "A_4": 7.500213168439043,
  "A_5": 89.3644879869538,
  "A_6": 45.49406923427635,
  "A_7": 57.169559570301146,
  "A_8": 110.03785154123698,
  "A_9": 110.8045760779015,
  "A_10": 66.41955188219539,
  "A_11": 66.4195518821954,
  "A_12": 4.285836096250882,
  "A_13": 80.83951242765501,
  "A_14": 87.5602713259972,
  "A_15": 31.016190286655167,
  "A_16": 1.2076282160399163,
  "A_17": 47.97910672237772,
  "A_18": 10.868653944359247,
  "A_19": 54.654676951990666,
  "A_20": 0.0,
  "A_21": 39.525709210098306,
  "A_22": 29.46644263063932,
  "A_23": 28.929393649693452,
  "A_24": 53.59084571489087,
  "A_25": 44.19453058356301,
  "A_26": 171.11440883287793,
  "A_27": 72.03129087470853,
  "A_28": 65.66211389341493,
  "A_29": 40.59716823416103,
  "A_30": 70.24319686725015,
  "A_31": 108.76902510030514,
  "A_32": 43.711165137881686,
  "A_33": 70.56402887540536,
  "A_34": 26.43165156090096,
  "A_35": 112.54847415990918,
  "A_36": 57.05966665927858,
  "A_37": 142.253200310138,
  "A_38": 6.038141080199582,
  "A_39": 44.45416436682629,
  "A_40": 94.0494068811755,
  "A_41": 57.52609263737175,
  "A_42": 67.62718009823531,
  "A_43": 26.023985931800542,
  "A_44": 28.9472881614483,
  "A_45": 45.23115562828273,
  "A_46": 93.4051918916304,
  "A_47": 58.20854709269638,
  "A_48": 11.786049264689925,
  "A_49": 12.076282160399163,
  "A_50": 69.52835887485233,
  "A_51": 56.63082669569296,
  "A_52": 61.962599517288794,
  "A_53": 26.804370113322857,
  "A_54": 35.61862352416421,
  "A_55": 105.89760941492405,
  "A_56": 143.46260038443452,
  "A_57": 97.31320748898996,
  "A_58": 86.27346240871621,
  "A_59": 42.38271126838471,
  "A_60": 94.88675442069271,
  "A_61": 3.622884648119749,
  "A_62": 23.560235875519897,
  "A_63": 3.860389052731139,
  "A_64": 4.374353610858429,
  "A_65": 12.076282160399163,
  "A_66": 81.49060122192618,
  "A_67": 92.64769107099681,
  "A_68": 94.84005778748976,
  "A_69": 113.3645594003469,
  "A_70": 50.27608847423521,
  "A_71": 44.03623201293392,
  "A_72": 64.7318380432045,
  "A_73": 77.89408081935537,
  "A_74": 24.152564320798326,
  "A_75": 32.60596183307774,
  "A_76": 44.47449675448032,
  "A_77": 36.41011637730962,
  "A_78": 88.28273710535794,
  "A_79": 56.88950543478954,
  "A_80": 58.84776066673697,
  "A_81": 61.06130171771511,
  "A_82": 1.2076282160399163,
  "A_83": 49.985855578525964,
  "A_84": 29.650263499986163,
  "A_85": 29.201732033647843,
  "A_86": 153.45208590787198,
  "A_87": 88.90229687575767,
  "A_88": 20.239446776969338,
  "A_89": 121.94556840621513,
  "A_90": 82.63088625784376,
  "A_91": 126.38564413538666,
  "A_92": 96.89434522367213,
  "A_93": 15.290659232587325,
  "A_94": 160.4629897373291,
  "A_95": 57.17126859670469,
  "A_96": 35.64838068977901,
  "A_97": 17.978254048621547,
  "A_98": 125.95990806534277,
  "A_99": 88.40187886515267,
  "A_100": 46.68899284962515,
  "A_101": 162.17086003478542,
  "A_102": 73.24991466503604,
  "A_103": 41.14184500206981,
  "A_104": 13.402185056661429,
  "A_105": 76.01746929728942,
  "A_106": 82.11871869071432,
  "A_107": 42.06527218029538,
  "A_108": 39.27126533789876,
  "A_109": 166.58111576648906,
  "A_110": 27.230772201009295,
  "A_111": 125.95239337571539,
  "A_112": 74.00225070734709,
  "A_113": 20.35772145719169,
  "A_114": 120.14410378042305,
  "A_115": 64.13188181096315,
  "A_116": 87.11420286829929,
  "A_117": 54.03937718122919,
  "A_118": 160.26364940027352,
  "A_119": 118.45563595919532,
  "A_120": 36.74196909249362,
  "A_121": 63.73195706616117,
  "A_122": 59.489424683047375,
  "A_123": 30.018747185511018,
  "A_124": 95.87996265493982,
  "A_125": 142.04884599120726,
  "A_126": 41.47210178818578,
  "A_127": 78.412368208974,
  "A_128": 72.47811331464332,
  "A_129": 59.23837373091371,
  "A_130": 35.025453132054615,
  "A_131": 21.19263112080971,
  "A_132": 32.60596183307774,
  "A_133": 98.88235762123436,
  "A_134": 55.8053418100357,
  "A_135": 6.038141080199582,
  "A_136": 69.44407622714182,
  "A_137": 61.72944307690997,
  "A_138": 80.47016166255777,
  "A_139": 38.027094116112295,
  "A_140": 95.64933205505449,
  "A_141": 61.65786502989059,
  "A_142": 35.956508097243095,
  "A_143": 21.737307888718494,
  "A_144": 84.42660805226507,
  "A_145": 58.92780844755043,
  "A_146": 7.017689669588879,
  "A_147": 84.55820308533863,
  "A_148": 62.41452390369298,
  "A_149": 44.804753540596295,
  "A_150": 2.4152564320798326,
  "A_151": 68.89939945923304,
  "A_152": 109.89416765963239,
  "A_153": 10.868653944359247,
  "A_154": 73.97417743539462,
  "A_155": 99.98293292601056,
  "A_156": 45.226053681813305,
  "A_157": 85.70581431532436,
  "A_158": 148.67853640170722,
  "A_159": 73.47546845119317,
  "A_160": 64.20505578705057,
  "A_161": 137.68575184841933,
  "A_162": 190.19330101812875,
  "A_163": 42.05161253543757,
  "A_164": 70.43304959449189,
  "A_165": 161.10888862053656,
  "A_166": 74.78527382669843,
  "A_167": 31.108100721328587,
  "A_168": 63.033216594520354,
  "A_169": 74.02014521910195,
  "A_170": 101.91138072686074,
  "A_171": 25.360192536838245,
  "A_172": 77.88897887288594,
  "A_173": 26.06740274227315,
  "A_174": 3.622884648119749,
  "A_175": 79.56729306665727,
  "A_176": 102.23290388539972,
  "A_177": 19.076077318233196,
  "A_178": 26.567820752878156,
  "A_179": 99.95381664529708,
  "A_180": 40.26447357214587,
  "A_181": 1.2076282160399163,
  "A_182": 74.70099117898792,
  "A_183": 85.30154160628982,
  "A_184": 21.58324418498645,
  "A_185": 88.70481636155304,
  "A_186": 11.786049264689925,
  "A_187": 73.50183269674208,
  "A_188": 64.64935238649186,
  "A_189": 11.922218456667121,
  "A_190": 107.42522769228802,
  "A_191": 120.99238406237478,
  "A_192": 23.980606105311438,
  "A_193": 145.3544926131675,
  "A_194": 57.08443497575948,
  "A_195": 38.648337780174366,
  "A_196": 165.2048091576926,
  "A_197": 80.14680381390907,
  "A_198": 71.23217023460022,
  "A_199": 185.05787773738226,
  "A_200": 123.4042475743887
}