{
  "A_1": 224.25957564755996,
  "A_2": 159.40847018085455,
  "A_3": 156.09121223244662,
  "A_4": 76.20732202453115,
  "A_5": 76.60735986666866,
  "A_6": 9.090826661692784,
  "A_7": 44.68224399347691,
  "A_8": 53.09042770428586,
  "A_9": 9.915469600518875,
  "A_10": 51.4982182819641,
  "A_11": 95.40262906715338,
  "A_12": 58.37889681274461,
  "A_13": 1.0714590240627204,
  "A_14": 14.491538592478996,
  "A_15": 92.45360347685805,
  "A_16": 5.924101266874272,
  "A_17": 0.0,
  "A_18": 37.71049697485413,
  "A_19": 53.79859295388745,
  "A_20": 0.0,
  "A_21": 3.350546264165357,
  "A_22": 98.1275837030241,
  "A_23": 21.509228262067875,
  "A_24": 2.4152564320798326,
  "A_25": 1.0714590240627204,
  "A_26": 20.87264105948567,
  "A_27": 37.040671721996944,
  "A_28": 61.4995664592615,
  "A_29": 12.739233608530295,
  "A_30": 106.94514206933704,
  "A_31": 66.09776482987351,
  "A_32": 137.2183331270476,
  "A_33": 132.48332467955706,
  "A_34": 20.375615968946533,
  "A_35": 97.13703953934724,
  "A_36": 146.51348897492988,
  "A_37": 4.422005288228077,
  "A_38": 60.29193824322158,
  "A_39": 0.0,
  "A_40": 0.0,
  "A_41": 1.2076282160399163,
  "A_42": 0.0,
  "A_43": 2.4152564320798326,
  "A_44": 15.136595528855281,
  "A_45": 7.245769296239498,
  "A_46": 15.040450227284818,
  "A_47": 0.0,
  "A_48": 1.2076282160399163,
  "A_49": 23.199379976957957,
  "A_50": 0.0,
  "A_51": 0.0,
  "A_52": 35.37604230582462,
  "A_53": 15.290659232587323,
  "A_54": 0.0,
  "A_55": 0.0,
  "A_56": 91.34400551798075,
  "A_57": 12.076282160399163,
  "A_58": 3.214377072188161,
  "A_59": 109.71200555120666,
  "A_60": 83.35514902820235,
  "A_61": 40.040628812392285,
  "A_62": 132.97936959318827,
  "A_63": 12.076282160399163,
  "A_64": 30.190705400997906,
  "A_65": 0.0,
  "A_66": 0.0,
  "A_67": 1.2076282160399163,
  "A_68": 2.279087240102637,
  "A_69": 1.2076282160399163,
  "A_70": 1.0935884027146072,
  "A_71": 102.15645008658197,
  "A_72": 27.371176259883526,
  "A_73": 165.24332508362562,
  "A_74": 42.37160259676161,
  "A_75": 3.622884648119749,
  "A_76": 80.60296306721031,
  "A_77": 93.51415489122749,
  "A_78": 0.0,
  "A_79": 39.307054361408454,
  "A_80": 49.731411706326426,
  "A_81": 20.12117209674699,
  "A_82": 2.4152564320798326,
  "A_83": 70.39726057098218,
  "A_84": 142.17144350292097,
  "A_85": 22.99003680889335,
  "A_86": 74.29248360305634,
  "A_87": 118.20797792712752,
  "A_88": 11.922218456667121,
  "A_89": 74.16646803853554,
  "A_90": 95.60338940408839,
  "A_91": 14.609813272701345,
  "A_92": 200.97773514663058,
  "A_93": 22.703196833249983,
  "A_94": 128.47226484315976,
  "A_95": 64.67995149893781,
  "A_96": 56.66490669279911,
  "A_97": 9.318906288343403,
  "A_98": 12.99367748072984,
  "A_99": 0.0,
  "A_100": 43.45672126568214,
  "A_101": 0.0,
  "A_102": 0.0,
  "A_103": 9.38868734436494,
  "A_104": 33.215229745944335,
  "A_105": 0.0,
  "A_106": 0.0,
  "A_107": 67.12505306122677,
  "A_108": 99.04497902335481,
  "A_109": 69.32580154691948,
  "A_110": 39.737691315991924,
  "A_111": 129.22382177049275,
  "A_112": 8.453397512279414,
  "A_113": 51.928013289716404,
  "A_114": 119.62494931123204,
  "A_115": 143.31439260940877,
  "A_116": 60.28779134091885,
  "A_117": 17.415682768957918,
  "A_118": 64.0715255329024,
  "A_119": 80.71784482736678,
  "A_120": 15.42682842456452,
  "A_121": 60.29617311011862,
  "A_122": 126.07742876332827,
  "A_123": 4.285836096250882,
  "A_124": 78.03364293139843,
  "A_125": 70.95812282424228,
  "A_126": 18.409732950036187,
  "A_127": 25.883581872926307,
  "A_128": 43.675376114371986,
  "A_129": 11.830308021993698,
  "A_130": 0.0,
  "A_131": 112.48811788184841,
  "A_132": 45.48136463358523,
  "A_133": 0.0,
  "A_134": 25.36019253683824,
  "A_135": 44.13756722556812,
  "A_136": 45.48136463358523,
  "A_137": 12.330726032598708,
  "A_138": 123.34641713682143,
  "A_139": 138.88728537471127,
  "A_140": 31.771052169459722,
  "A_141": 150.05730601914405,
  "A_142": 147.7448676314309,
  "A_143": 124.06737495170844,
  "A_144": 12.533283360531565,
  "A_145": 108.68651431085125,
  "A_146": 32.68844748979039,
  "A_147": 0.0,
  "A_148": 0.0,
  "A_149": 0.0,
  "A_150": 0.0,
  "A_151": 2.1871768054292144,
  "A_152": 6.428754144376322,
  "A_153": 2.4152564320798326,
  "A_154": 2.4152564320798326,
  "A_155": 34.76360766756322,
  "A_156": 0.0,
  "A_157": 47.116211751401536,
  "A_158": 24.401064299697286,
  "A_159": 2.4152564320798326,
  "A_160": 0.0,
  "A_161": 3.622884648119749,
  "A_162": 4.422005288228077,
  "A_163": 2.4152564320798326,
  "A_164": 108.93246331651548,
  "A_165": 89.56954602263895,
  "A_166": 87.36739010343739,
  "A_167": 23.4538238491575,
  "A_168": 46.65320382611546,
  "A_169": 159.03049888551584,
  "A_170": 77.49920775554035,
  "A_171": 118.29388163664726,
  "A_172": 89.76600866082381,
  "A_173": 26.532031729368466,
  "A_174": 21.855582568940843,
  "A_175": 148.50591216857777,
  "A_176": 23.678510555742243,
  "A_177": 4.830512864159665,
  "A_178": 0.0,
  "A_179": 39.6618784020755,
  "A_180": 1.2076282160399163,
  "A_181": 21.7015188652088,
  "A_182": 26.56782075287816,
  "A_183": 29.07582956646258,
  "A_184": 1.2076282160399163,
  "A_185": 83.0190363133801,
  "A_186": 7.522342547090929,
  "A_187": 8.453397512279414,
  "A_188": 67.2517974752432,
  "A_189": 67.1292879281238,
  "A_190": 91.22224995309821,
  "A_191": 123.27147130247738,
  "A_192": 14.06513650479256,
  "A_193": 6.428754144376322,
  "A_194": 61.589039018035734,
  "A_195": 26.34397599312458,
  "A_196": 79.82173693885683,
  "A_197": 39.05513632970241,
  "A_198": 173.82082807209244,
  "A_199": 77.38858599502215,
  "A_200": 133.21008815766794,
  "A_201": 26.52101102233967,
  "A_202": 35.284131871151196,
  "A_203": 16.79699007813056,
  "A_204": 82.1187186907143,
  "A_205": 19.959480606052033,
  "A_206": 70.52400498499861,
  "A_207": 49.51104783123303,
  "A_208": 2.4152564320798326,
  "A_209": 2.4152564320798326,
  "A_210": 64.57777433947246,
  "A_211": 30.190705400997906,
  "A_212": 1.2076282160399163,
  "A_213": 38.08153163361369,
  "A_214": 22.53642852882682,
  "A_215": 1.0714590240627204,
  "A_216": 0.0,
  "A_217": 54.34326972179623,
  "A_218": 81.08639134474473,
  "A_219": 0.0,
  "A_220": 95.98727945998647,
  "A_221": 33.642473780461934,
  "A_222": 32.588067321322896,
  "A_223": 83.14496391330657,
  "A_224": 126.21350999071116,
  "A_225": 0.0,
  "A_226": 65.27651481111329,
  "A_227": 1.2076282160399163,
  "A_228": 72.67634781108482,
  "A_229": 175.6098268582351,
  "A_230": 34.42285796198425,
  "A_231": 157.3524485855274,
  "A_232": 55.86993295499351,
  "A_233": 115.52380116390037,
  "A_234": 0.0,
  "A_235": 42.26698756139707,
  "A_236": 95.82044832371024,
  "A_237": 16.362118256650046,
  "A_238": 119.18819253415936,
  "A_239": 54.738959599701175,
  "A_240": 48.30512864159665,
  "A_241": 81.48297343496327,
  "A_242": 126.16162344644445,
  "A_243": 1.2076282160399163,
  "A_244": 78.49583404259457,
  "A_245": 126.20437423927453,
  "A_246": 3.622884648119749,
  "A_247": 29.620506334371363,
  "A_248": 75.9256468272103,
  "A_249": 35.27989700425416,
  "A_250": 8.044889936347825,
  "A_251": 101.81262162020249,
  "A_252": 139.00312217903442,
  "A_253": 20.103277584992142,
  "A_254": 76.03716080004213,
  "A_255": 68.69863912229803,
  "A_256": 2.4152564320798326,
  "A_257": 60.38141080199581,
  "A_258": 130.12662753454012,
  "A_259": 6.038141080199582,
  "A_260": 37.854482449353455,
  "A_261": 115.3806450698616,
  "A_262": 47.628517548607704,
  "A_263": 37.619428487011874,
  "A_264": 90.99153138861858,
  "A_265": 157.19242842212412,
  "A_266": 223.7871680770543
}