{
  "A_1": 98.89863107117998,
  "A_2": 48.37575164444935,
  "A_3": 71.02706193343265,
  "A_4": 13.266015864684233,
  "A_5": 64.39490851429231,
  "A_6": 51.97650691391721,
  "A_7": 66.72672424549279,
  "A_8": 1.2867963509103797,
  "A_9": 23.57209852937985,
  "A_10": 43.012424666240854,
  "A_11": 35.09184126801027,
  "A_12": 120.00697954427918,
  "A_13": 3.214377072188161,
  "A_14": 116.45219205851865,
  "A_15": 18.409732950036187,
  "A_16": 131.0092517073809,
  "A_17": 21.737307888718494,
  "A_18": 30.714094737085972,
  "A_19": 128.31999813042557,
  "A_20": 36.50541973204893,
  "A_21": 0.0,
  "A_22": 0.0,
  "A_23": 104.26195804938845,
  "A_24": 47.58086587123806,
  "A_25": 0.0,
  "A_26": 1.2076282160399163,
  "A_27": 55.10660133839487,
  "A_28": 20.529679672678576,
  "A_29": 0.0,
  "A_30": 73.37508828272566,
  "A_31": 150.38997554841802,
  "A_32": 38.24829993803685,
  "A_33": 27.77968383581512,
  "A_34": 20.529679672678576,
  "A_35": 4.285836096250882,
  "A_36": 94.37786667629364,
  "A_37": 57.07756117103342,
  "A_38": 28.174531766888897,
  "A_39": 128.14134203940125,
  "A_40": 72.25934536861794,
  "A_41": 0.0,
  "A_42": 14.491538592478996,
  "A_43": 117.26410526391238,
  "A_44": 23.203614843854997,
  "A_45": 2.142918048125441,
  "A_46": 59.56439565013264,
  "A_47": 115.52380116390037,
  "A_48": 56.04789789563407,
  "A_49": 30.83576233737419,
  "A_50": 172.9035207163561,
  "A_51": 122.58479454662637,
  "A_52": 136.046669863706,
  "A_53": 36.76070555107963,
  "A_54": 4.830512864159665,
  "A_55": 7.500213168439043,
  "A_56": 85.68791980356953,
  "A_57": 0.0,
  "A_58": 50.51263783467991,
  "A_59": 2.4152564320798326,
  "A_60": 1.2076282160399163,
  "A_61": 0.0,
  "A_62": 3.622884648119749,
  "A_63": 2.4152564320798326,
  "A_64": 16.974025107345653,
  "A_65": 6.038141080199582,
  "A_66": 77.83964330185397,
  "A_67": 4.422005288228077,
  "A_68": 74.70522604588496,
  "A_69": 1.2076282160399163,
  "A_70": 10.714590240627205,
  "A_71": 118.08706430907614,
  "A_72": 71.92401176877377,
  "A_73": 22.808766912781216,
  "A_74": 4.830512864159665,
  "A_75": 3.2586358294919346,
  "A_76": 0.0,
  "A_77": 0.0,
  "A_78": 0.0,
  "A_79": 40.053421377677715,
  "A_80": 24.587436142278843,
  "A_81": 103.23214397754171,
  "A_82": 121.29549748796373,
  "A_83": 41.04230678043347,
  "A_84": 7.245769296239498,
  "A_85": 99.85427842366074,
  "A_86": 5.76580269624519,
  "A_87": 155.37379813407284,
  "A_88": 11.808178643341812,
  "A_89": 101.08319407152139,
  "A_90": 73.59374313141551,
  "A_91": 67.4636916165425,
  "A_92": 94.34207765278394,
  "A_93": 78.36717954024476,
  "A_94": 0.0,
  "A_95": 29.754966499945013,
  "A_96": 0.0,
  "A_97": 0.0,
  "A_98": 1.2076282160399163,
  "A_99": 0.0,
  "A_100": 0.0,
  "A_101": 0.0,
  "A_102": 0.0,
  "A_103": 24.152564320798326,
  "A_104": 118.97130954372615,
  "A_105": 108.85574562391483,
  "A_106": 8.453397512279414,
  "A_107": 97.6926239169493,
  "A_108": 157.47567441577178,
  "A_109": 72.08222237480855,
  "A_110": 25.851185769482484,
  "A_111": 98.20849856340996,
  "A_112": 142.22182208271394,
  "A_113": 18.114423240598747,
  "A_114": 30.19070540099791,
  "A_115": 21.464969504764102,
  "A_116": 16.888900512803982,
  "A_117": 0.0,
  "A_118": 40.31407303696075,
  "A_119": 136.07048313602021,
  "A_120": 79.69749323259268,
  "A_121": 17.297408088735565,
  "A_122": 131.30545362913196,
  "A_123": 98.77104471033238,
  "A_124": 176.12816451333617,
  "A_125": 107.46006167163102,
  "A_126": 15.585126995193603,
  "A_127": 7.245769296239498,
  "A_128": 98.81785444087087,
  "A_129": 72.16659298711336,
  "A_130": 0.0,
  "A_131": 54.316792378911785,
  "A_132": 124.32596572621074,
  "A_133": 4.716473050834356,
  "A_134": 79.15359557966197,
  "A_135": 43.7596587620825,
  "A_136": 108.27104496559929,
  "A_137": 100.16841255627851,
  "A_138": 0.0,
  "A_139": 28.983077184957992,
  "A_140": 63.07324048492708,
  "A_141": 31.284293803712515,
  "A_142": 0.0,
  "A_143": 41.01678448171572,
  "A_144": 124.39583474682657,
  "A_145": 6.564923336353519,
  "A_146": 35.76665537000137,
  "A_147": 95.97610795651029,
  "A_148": 122.33618147039188
}