{
  "A_1": 190.75555813852702,
  "A_2": 97.79149612094308,
  "A_3": 57.54398714912659,
  "A_4": 74.60061101052042,
  "A_5": 98.91147390194783,
  "A_6": 0.0,
  "A_7": 59.90132517904484,
  "A_8": 162.19316534262592,
  "A_9": 40.26108065208,
  "A_10": 101.34703758894048,
  "A_11": 101.36919210033358,
  "A_12": 119.80265035808966,
  "A_13": 109.89416765963239,
  "A_14": 64.9225327172774,
  "A_15": 45.20563332956496,
  "A_16": 133.26800655982953,
  "A_17": 37.322434883912095,
  "A_18": 9.66102572831933,
  "A_19": 3.4867154561425533,
  "A_20": 179.70592332457977,
  "A_21": 105.69081722009415,
  "A_22": 45.48136463358523,
  "A_23": 216.28025703307787,
  "A_24": 26.68609543310051,
  "A_25": 59.58313210871865,
  "A_26": 135.06115224827488,
  "A_27": 81.35866689684603,
  "A_28": 17.84208485664435,
  "A_29": 4.716473050834356,
  "A_30": 138.12482083768498,
  "A_31": 54.039377181229185,
  "A_32": 51.834393828639435,
  "A_33": 38.034985796858116,
  "A_34": 109.02005091969758,
  "A_35": 176.29067281812107,
  "A_36": 138.181847027533,
  "A_37": 124.95918514146828,
  "A_38": 163.2493436600216,
  "A_39": 72.48405720794392,
  "A_40": 52.57307022609269,
  "A_41": 111.35104983680813,
  "A_42": 177.5094097057841,
  "A_43": 86.82150696394964,
  "A_44": 94.61618789499497,
  "A_45": 94.08096103778817,
  "A_46": 111.34432682852945,
  "A_47": 91.53713806795284,
  "A_48": 90.02233748861552,
  "A_49": 0.0,
  "A_50": 27.875829137385576,
  "A_51": 73.05330123040376,
  "A_52": 19.185882264661466,
  "A_53": 0.0,
  "A_54": 72.45769296239499,
  "A_55": 63.07324048492708,
  "A_56": 6.723221906982601,
  "A_57": 4.830512864159665,
  "A_58": 92.66135071585462,
  "A_59": 193.26469792546675,
  "A_60": 18.913543880707074,
  "A_61": 100.89438435304065,
  "A_62": 96.57612702060473,
  "A_63": 32.97273649219905,
  "A_64": 19.848833712792597,
  "A_65": 24.675953656886392,
  "A_66": 12.713711309812535,
  "A_67": 81.84638030675993,
  "A_68": 70.19731704813714,
  "A_69": 0.0,
  "A_70": 0.0,
  "A_71": 48.8965020427084,
  "A_72": 41.94096564217814,
  "A_73": 0.0,
  "A_74": 135.02962322440345,
  "A_75": 79.24550601433539,
  "A_76": 92.46387020164997,
  "A_77": 63.42806452559414,
  "A_78": 69.56235090736418,
  "A_79": 118.56622002060166,
  "A_80": 15.42682842456452,
  "A_81": 73.18277254684352,
  "A_82": 62.454547794099724,
  "A_83": 167.1735070436206,
  "A_84": 30.018747185511018,
  "A_85": 0.0,
  "A_86": 31.262164425060625,
  "A_87": 25.087854152883853,
  "A_88": 0.0,
  "A_89": 16.90679502455883,
  "A_90": 184.95257155163395,
  "A_91": 97.0152588417235,
  "A_92": 60.037494371022035,
  "A_93": 59.27839762132044,
  "A_94": 38.626208401522476,
  "A_95": 200.05091504833914,
  "A_96": 30.42386184137673,
  "A_97": 62.93791323978105,
  "A_98": 76.5460485444412,
  "A_99": 55.04952488306446,
  "A_100": 204.96910348027518,
  "A_101": 197.46119969302012,
  "A_102": 137.74870936519724,
  "A_103": 85.03767295612951,
  "A_104": 107.69756607624241,
  "A_105": 116.49392497532891,
  "A_106": 97.13608449518054,
  "A_107": 91.59073363862306,
  "A_108": 207.1341509070525,
  "A_109": 84.59517334768609,
  "A_110": 61.553249994526034,
  "A_111": 86.87510253461988,
  "A_112": 76.1988522907371,
  "A_113": 92.57886505914198,
  "A_114": 59.48518981615034,
  "A_115": 29.746408801556626,
  "A_116": 143.59180780709136,
  "A_117": 38.50961761496245,
  "A_118": 53.89897312235495,
  "A_119": 5.357295120313602,
  "A_120": 148.05119804789717,
  "A_121": 90.82728892468892,
  "A_122": 73.04906636350672,
  "A_123": 32.377882206427124,
  "A_124": 132.0168987014639,
  "A_125": 7.772551552393435,
  "A_126": 75.46855766248359,
  "A_127": 9.66102572831933,
  "A_128": 45.46347012183038,
  "A_129": 33.88589694563269,
  "A_130": 75.67543782190779,
  "A_131": 28.526917931656754,
  "A_132": 1.0714590240627204,
  "A_133": 3.622884648119749,
  "A_134": 3.622884648119749,
  "A_135": 16.071885360940804,
  "A_136": 29.882577993533822,
  "A_137": 4.558174480205274,
  "A_138": 106.33587415647045,
  "A_139": 3.622884648119749,
  "A_140": 131.81185323214945,
  "A_141": 1.2076282160399163,
  "A_142": 92.72594186081243,
  "A_143": 99.44492890089799,
  "A_144": 14.491538592478996,
  "A_145": 103.53432749170521,
  "A_146": 0.0,
  "A_147": 49.16884042666279,
  "A_148": 0.0,
  "A_149": 2.4152564320798326,
  "A_150": 3.214377072188161,
  "A_151": 7.245769296239498,
  "A_152": 2.4152564320798326,
  "A_153": 0.0,
  "A_154": 0.0,
  "A_155": 12.485631683161916,
  "A_156": 0.0,
  "A_157": 16.222556144606976,
  "A_158": 7.245769296239498,
  "A_159": 2.142918048125441,
  "A_160": 2.4152564320798326,
  "A_161": 0.0,
  "A_162": 33.81359004911766,
  "A_163": 19.83093920103775,
  "A_164": 29.67662774553509,
  "A_165": 25.59674189728294,
  "A_166": 65.72081141055457,
  "A_167": 174.40991439375244,
  "A_168": 96.14246157070319,
  "A_169": 48.5595725137962,
  "A_170": 22.260697224806556,
  "A_171": 103.77934658594401,
  "A_172": 1.2076282160399163,
  "A_173": 1.0714590240627204,
  "A_174": 9.762360940953524,
  "A_175": 63.778653699364135,
  "A_176": 2.4152564320798326,
  "A_177": 1.2076282160399163,
  "A_178": 50.90928275675153,
  "A_179": 61.246957277171646,
  "A_180": 0.0,
  "A_181": 1.2076282160399163,
  "A_182": 156.49632688831232,
  "A_183": 105.89250746845464,
  "A_184": 45.27794022608,
  "A_185": 181.78755518321896,
  "A_186": 103.69938676972482,
  "A_187": 24.152564320798326,
  "A_188": 181.5279842318088,
  "A_189": 89.48781434816314,
  "A_190": 0.0,
  "A_191": 21.73730788871849,
  "A_192": 3.4867154561425533,
  "A_193": 0.0,
  "A_194": 2.142918048125441,
  "A_195": 53.20023265071412,
  "A_196": 70.67389665368671,
  "A_197": 10.868653944359247,
  "A_198": 30.9906679879374,
  "A_199": 33.90802632428457,
  "A_200": 9.38868734436494,
  "A_201": 6.428754144376322,
  "A_202": 18.114423240598747,
  "A_203": 76.08141955734588,
  "A_204": 99.2729706854111,
  "A_205": 5.629633504267994,
  "A_206": 42.00311891123676,
  "A_207": 57.1712685967047,
  "A_208": 16.67871539790821,
  "A_209": 7.245769296239498,
  "A_210": 160.57279468375737,
  "A_211": 193.63318161099158,
  "A_212": 32.014475334630475,
  "A_213": 76.62174836102213,
  "A_214": 15.000426336878085,
  "A_215": 112.78003467122001,
  "A_216": 26.43672837462917,
  "A_217": 1.0935884027146072,
  "A_218": 1.2076282160399163,
  "A_219": 5.901971888222386,
  "A_220": 46.41665446567075,
  "A_221": 144.26256297137402,
  "A_222": 70.05937599790332,
  "A_223": 39.19507543286391,
  "A_224": 61.521394245018655,
  "A_225": 156.0851803745517,
  "A_226": 5.357295120313602,
  "A_227": 9.410816723016826,
  "A_228": 40.37851338547117,
  "A_229": 28.843741267585983,
  "A_230": 0.0,
  "A_231": 68.47299737154661,
  "A_232": 64.89013661383359,
  "A_233": 4.716473050834356,
  "A_234": 4.830512864159665,
  "A_235": 88.49727018448628,
  "A_236": 15.272764720832477,
  "A_237": 1.2076282160399163,
  "A_238": 62.99835748243612,
  "A_239": 10.732484752382051,
  "A_240": 10.8507594326044,
  "A_241": 12.221951528560819,
  "A_242": 22.40025933684963,
  "A_243": 64.2561883490804,
  "A_244": 88.99589120409344,
  "A_245": 94.98713458916022,
  "A_246": 134.5113358347848,
  "A_247": 9.432946101668712,
  "A_248": 107.22870222225004,
  "A_249": 22.127920952895234,
  "A_250": 54.384110426292914,
  "A_251": 138.9706381109963,
  "A_252": 82.1187186907143,
  "A_253": 0.0,
  "A_254": 80.27024327245394,
  "A_255": 59.722694220761724,
  "A_256": 39.40743452987596,
  "A_257": 0.0,
  "A_258": 91.77974441903365,
  "A_259": 69.84069601647224,
  "A_260": 3.622884648119749,
  "A_261": 0.0,
  "A_262": 29.083457353425494,
  "A_263": 54.80244490404493,
  "A_264": 27.058813985522402,
  "A_265": 5.629633504267994,
  "A_266": 11.620122907097926,
  "A_267": 112.18854817277273,
  "A_268": 167.3394585339538,
  "A_269": 11.255874088470113,
  "A_270": 31.05450515065835,
  "A_271": 33.65274050525386,
  "A_272": 103.72313721018597,
  "A_273": 108.28650160145496,
  "A_274": 5.629633504267994,
  "A_275": 70.37936605922735,
  "A_276": 9.432946101668712,
  "A_277": 48.30512864159665,