{
  "A_1": 204.32439840227607,
  "A_2": 102.12913079686635,
  "A_3": 44.647296916798375,
  "A_4": 63.434071250747806,
  "A_5": 102.026953637401,
  "A_6": 97.97436194612322,
  "A_7": 8.638060328457424,
  "A_8": 25.36019253683824,
  "A_9": 1.2076282160399163,
  "A_10": 0.0,
  "A_11": 1.0714590240627204,
  "A_12": 20.357721457191687,
  "A_13": 9.643131216564484,
  "A_14": 16.071885360940804,
  "A_15": 12.840531122052644,
  "A_16": 2.142918048125441,
  "A_17": 11.940112968421968,
  "A_18": 116.13910093466187,
  "A_19": 60.58640600582786,
  "A_20": 10.868653944359247,
  "A_21": 139.5153148789051,
  "A_22": 138.39467108025778,
  "A_23": 0.0,
  "A_24": 57.550835821111434,
  "A_25": 0.0,
  "A_26": 2.4152564320798326,
  "A_27": 4.285836096250882,
  "A_28": 0.0,
  "A_29": 0.0,
  "A_30": 1.2076282160399163,
  "A_31": 0.0,
  "A_32": 0.0,
  "A_33": 0.0,
  "A_34": 34.57692166571629,
  "A_35": 71.28489872569807,
  "A_36": 85.52620318013334,
  "A_37": 24.933790449151807,
  "A_38": 85.48788831613015,
  "A_39": 81.60887590214854,
  "A_40": 74.81926585921028,
  "A_41": 15.699166808518912,
  "A_42": 86.68440786054697,
  "A_43": 13.129846672707037,
  "A_44": 44.4320349881744,
  "A_45": 67.96495157397868,
  "A_46": 9.66102572831933,
  "A_47": 12.713711309812535,
  "A_48": 0.0,
  "A_49": 84.76458058993825,
  "A_50": 19.55860081708336,
  "A_51": 51.045451948728726,
  "A_52": 99.6517210957279,
  "A_53": 135.12909861418672,
  "A_54": 29.474070417602235,
  "A_55": 16.22594906467285,
  "A_56": 83.82157500629552,
  "A_57": 90.67249637146122,
  "A_58": 22.11002644114039,
  "A_59": 82.59605227850075,
  "A_60": 129.88065339613468,
  "A_61": 117.16035730812024,
  "A_62": 14.083872963378573,
  "A_63": 59.173782585955905,
  "A_64": 156.39166158746534,
  "A_65": 22.654703209049174,
  "A_66": 2.4152564320798326,
  "A_67": 80.46679387523311,
  "A_68": 89.4512085105635,
  "A_69": 35.39817168447651,
  "A_70": 24.951684960906654,
  "A_71": 1.2076282160399163,
  "A_72": 18.114423240598747,
  "A_73": 120.63756002170771,
  "A_74": 91.5056970086757,
  "A_75": 0.0,
  "A_76": 90.9669390013263,
  "A_77": 77.5068606752445,
  "A_78": 21.31090580103206,
  "A_79": 123.80005054962919,
  "A_80": 58.579393255896726,
  "A_81": 21.281148635417257,
  "A_82": 27.692008268038734,
  "A_83": 104.0109070972548,
  "A_84": 90.60091832444184,
  "A_85": 0.0,
  "A_86": 6.428754144376322,
  "A_87": 77.67881889073138,
  "A_88": 35.047582510706505,
  "A_89": 0.0,
  "A_90": 2.4152564320798326,
  "A_91": 106.00985223725151,
  "A_92": 26.339741126227544,
  "A_93": 0.0,
  "A_94": 99.30545475344923,
  "A_95": 94.92083441779886,
  "A_96": 48.054919636294144,
  "A_97": 0.0,
  "A_98": 41.05935934535715,
  "A_99": 65.79143441340727,
  "A_100": 27.48521607320884,
  "A_101": 89.34656834245774,
  "A_102": 2.3012166187545233,
  "A_103": 25.36019253683824,
  "A_104": 0.0,
  "A_105": 0.0,
  "A_106": 1.2076282160399163,
  "A_107": 35.14033489221109,
  "A_108": 63.93271740309618,
  "A_109": 2.4152564320798326,
  "A_110": 28.302231225072013,
  "A_111": 36.37348540696877,
  "A_112": 6.428754144376322,
  "A_113": 26.04272239038655,
  "A_114": 119.71175779943604,
  "A_115": 0.0,
  "A_116": 0.0,
  "A_117": 139.38613258898948,
  "A_118": 82.86076287549221,
  "A_119": 25.869080281237334,
  "A_120": 0.0,
  "A_121": 68.15396235438925,
  "A_122": 80.15866646776902,
  "A_123": 0.0,
  "A_124": 18.214803409066246,
  "A_125": 72.81251700306203,
  "A_126": 22.127920952895234,
  "A_127": 11.786049264689925,
  "A_128": 44.930743972375865,
  "A_129": 146.11782422976614,
  "A_130": 143.10520023779156,
  "A_131": 124.84938019504001,
  "A_132": 39.851731129317244,
  "A_133": 41.3707665755516,
  "A_134": 1.2076282160399163,
  "A_135": 22.127920952895234,
  "A_136": 77.25665166994199,
  "A_137": 32.60596183307774,
  "A_138": 74.0482813229075,
  "A_139": 71.06021201911332,
  "A_140": 53.13564150575632,
  "A_141": 0.0,
  "A_142": 112.49235274874547,
  "A_143": 141.80388972882156,
  "A_144": 182.91516075118665,
  "A_145": 68.69437912265978,
  "A_146": 69.7522036346059,
  "A_147": 126.81187029388447,
  "A_148": 13.28391037643908,
  "A_149": 39.561498233608,
  "A_150": 140.4148156874809,
  "A_151": 51.373911743846854,
  "A_152": 51.093103626098376,
  "A_153": 111.24124489037985,
  "A_154": 67.08842209088591,
  "A_155": 153.25884026056437,
  "A_156": 40.88740112987026,
  "A_157": 46.39875995391591,
  "A_158": 68.37694003457045,
  "A_159": 70.21935846219472,
  "A_160": 0.0,
  "A_161": 18.000383427273434,
  "A_162": 43.03455404489275,
  "A_163": 22.90914708124872,
  "A_164": 1.2076282160399163,
  "A_165": 87.72280476352333,
  "A_166": 20.920292736855316,
  "A_167": 4.285836096250882,
  "A_168": 9.524856536342135,
  "A_169": 47.64641206036256,
  "A_170": 2.142918048125441,
  "A_171": 19.32205145663866,
  "A_172": 41.44997240953389,
  "A_173": 32.74636589195197,
  "A_174": 6.428754144376322,
  "A_175": 88.38236329158858,
  "A_176": 143.78749133029817,
  "A_177": 68.21948341077253,
  "A_178": 52.01049894642906,
  "A_179": 70.95983185064581,
  "A_180": 193.79829115449363,
  "A_181": 172.86851080782446
}