{
  "A_1": 209.11023781890174,
  "A_2": 141.97758210345322,
  "A_3": 221.4197392515328,
  "A_4": 113.26684330244963,
  "A_5": 136.9767697847278,
  "A_6": 108.72738014808917,
  "A_7": 102.50947713625116,
  "A_8": 117.54586842582754,
  "A_9": 117.67261283984396,
  "A_10": 117.13396792983008,
  "A_11": 128.68590570997452,
  "A_12": 136.81235139160952,
  "A_13": 179.78849694588672,
  "A_14": 165.2015293349623,
  "A_15": 28.59669898767829,
  "A_16": 81.1476398351191,
  "A_17": 108.55037025161526,
  "A_18": 124.5362388057008,
  "A_19": 138.87127581854855,
  "A_20": 172.3146480229966,
  "A_21": 79.5960951881054,
  "A_22": 81.40208370731864,
  "A_23": 107.47891122755256,
  "A_24": 87.85296723034685,
  "A_25": 107.34274203557537,
  "A_26": 66.16602535505073,
  "A_27": 114.18000375588328,
  "A_28": 110.71541767839258,
  "A_29": 144.88728752009627,
  "A_30": 109.34949089172359,
  "A_31": 130.00757373933973,
  "A_32": 98.79743408862251,
  "A_33": 122.5784610958367,
  "A_34": 126.79821064902669,
  "A_35": 161.95664111492243,
  "A_36": 149.69309489962814,
  "A_37": 113.38088311577494,
  "A_38": 94.21014332770378,
  "A_39": 27.34904688123164,
  "A_40": 18.000383427273434,
  "A_41": 133.4347999969939,
  "A_42": 179.76291181531587,
  "A_43": 170.08572573438647,
  "A_44": 41.56824708975624,
  "A_45": 83.32634690675424,
  "A_46": 7.245769296239498,
  "A_47": 198.99990150926595,
  "A_48": 132.92158942110348,
  "A_49": 165.82869175958368,
  "A_50": 142.70088982964512,
  "A_51": 105.75964323194901
}