{
  "A_1": 93.43584126955882,
  "A_2": 141.90426989728908,
  "A_3": 82.85049615070028,
  "A_4": 91.90562175347767,
  "A_5": 69.37944738307218,
  "A_6": 0.0,
  "A_7": 65.43481338174237,
  "A_8": 63.714062554406325,
  "A_9": 47.49658322352755,
  "A_10": 124.2288905132148,
  "A_11": 24.97381433955854,
  "A_12": 0.0,
  "A_13": 37.82708776141414,
  "A_14": 73.18523555548393,
  "A_15": 9.546985914994021,
  "A_16": 6.196477349940508,
  "A_17": 118.2265384565249,
  "A_18": 35.70629909194059,
  "A_19": 2.4152564320798326,
  "A_20": 114.04972819172423,
  "A_21": 83.6854058143183,
  "A_22": 48.03279025764227,
  "A_23": 90.98485864582236,
  "A_24": 16.634456640604437,
  "A_25": 0.0,
  "A_26": 0.0,
  "A_27": 3.350546264165357,
  "A_28": 31.480819273750484,
  "A_29": 7.636382360416238,
  "A_30": 19.286262433128968,
  "A_31": 54.193440884961234,
  "A_32": 20.529679672678576,
  "A_33": 85.43600177186347,
  "A_34": 100.8245153324248,
  "A_35": 154.15512407826296,
  "A_36": 26.68609543310051,
  "A_37": 54.952537634662825,
  "A_38": 78.8506580832616,
  "A_39": 3.214377072188161,
  "A_40": 72.30021120585585,
  "A_41": 25.685259411890485,
  "A_42": 0.0,
  "A_43": 0.0,
  "A_44": 1.2076282160399163,
  "A_45": 0.0,
  "A_46": 1.2076282160399163,
  "A_47": 12.076282160399163,
  "A_48": 7.500213168439043,
  "A_49": 48.914396554463245,
  "A_50": 134.9213513751901,
  "A_51": 57.349145572750956,
  "A_52": 7.680641117720013,
  "A_53": 2.4152564320798326,
  "A_54": 0.0,
  "A_55": 0.0,
  "A_56": 17.143344385003527,
  "A_57": 19.16798775290662,
  "A_58": 123.24266918102927,
  "A_59": 37.46707380968338,
  "A_60": 13.928967312815365,
  "A_61": 125.21362901366783,
  "A_62": 68.745335755501,
  "A_63": 37.27562515337361,
  "A_64": 69.58448028601606,
  "A_65": 30.190705400997906,
  "A_66": 2.4152564320798326,
  "A_67": 58.39592424492708,
  "A_68": 23.63001693154143,
  "A_69": 0.0,
  "A_70": 0.0,
  "A_71": 171.43463765524365,
  "A_72": 37.24662196999567,
  "A_73": 108.2422428441512,
  "A_74": 76.30346732610163,
  "A_75": 0.0,
  "A_76": 30.137021865733367,
  "A_77": 0.0,
  "A_78": 14.491538592478996,
  "A_79": 2.4152564320798326,
  "A_80": 26.84862887062663,
  "A_81": 38.353870017568084,
  "A_82": 0.0,
  "A_83": 26.804370113322857,
  "A_84": 72.3861149153756,
  "A_85": 11.786049264689925,
  "A_86": 1.2076282160399163,
  "A_87": 58.16691470685099,
  "A_88": 2.4152564320798326,
  "A_89": 1.2076282160399163,
  "A_90": 49.22252396192732,
  "A_91": 61.24257161382724,
  "A_92": 48.65995268226371,
  "A_93": 15.817441488741261,
  "A_94": 63.81867758977087,
  "A_95": 45.173237226121145,
  "A_96": 15.361282235440026,
  "A_97": 0.0,
  "A_98": 105.1503501863412,
  "A_99": 51.928013289716404,
  "A_100": 11.009058003233482,
  "A_101": 15.699166808518912,
  "A_102": 1.0714590240627204,
  "A_103": 0.0,
  "A_104": 44.537491970370105,
  "A_105": 19.32205145663866,
  "A_106": 0.0,
  "A_107": 0.0,
  "A_108": 7.908720744370631,
  "A_109": 12.857508288752644,
  "A_110": 25.86908028123733,
  "A_111": 72.2499457233984,
  "A_112": 48.32978386074203,
  "A_113": 80.79705066134909,
  "A_114": 76.84158444854971,
  "A_115": 107.56044184009852,
  "A_116": 19.503321352750795,
  "A_117": 30.828134550411278,
  "A_118": 29.620506334371363,
  "A_119": 12.669452552508762,
  "A_120": 51.17558928281103,
  "A_121": 0.0,
  "A_122": 0.0,
  "A_123": 92.18126509290366,
  "A_124": 104.6881842078863,
  "A_125": 33.91397021758516,
  "A_126": 60.05538888277688,
  "A_127": 63.840806968422754,
  "A_128": 44.6822439934769,
  "A_129": 103.17422557538015,
  "A_130": 30.058771075917754,
  "A_131": 100.53512438354672,
  "A_132": 130.37701246903129,
  "A_133": 66.25182853360555,
  "A_134": 24.116775297288633,
  "A_135": 64.18716127529572,
  "A_136": 222.32263298017446,
  "A_137": 45.87197769776198,
  "A_138": 86.08360968147446,
  "A_139": 2.4152564320798326,
  "A_140": 67.59139107472562,
  "A_141": 38.64410291327732,
  "A_142": 80.04123373437785,
  "A_143": 110.42518478268337,
  "A_144": 29.562587932209777,
  "A_145": 69.49775976240636,
  "A_146": 131.33509769741124,
  "A_147": 163.93103156673874,
  "A_148": 8.88826933375993,
  "A_149": 7.720778105462278,
  "A_150": 92.86211105278963,
  "A_151": 47.22424483957316,
  "A_152": 0.0,
  "A_153": 0.0,
  "A_154": 10.868653944359247,
  "A_155": 15.408933912809674,
  "A_156": 0.0,
  "A_157": 91.61973682200102,
  "A_158": 62.997427571010654,
  "A_159": 2.4152564320798326,
  "A_160": 23.607887552889544,
  "A_161": 75.39973165062875,
  "A_162": 4.830512864159665,
  "A_163": 4.285836096250882,
  "A_164": 59.56439565013264,
  "A_165": 91.95930528874223,
  "A_166": 0.0,
  "A_167": 46.82516204160234,
  "A_168": 94.05883165913627,
  "A_169": 62.47064531485671,
  "A_170": 0.0,
  "A_171": 104.8022240212116,
  "A_172": 90.63670734795153,
  "A_173": 49.34079864214968,
  "A_174": 56.841011810588725,
  "A_175": 48.714478164359406,
  "A_176": 21.73730788871849,
  "A_177": 92.96947812331872,
  "A_178": 8.225317885628796,
  "A_179": 0.0,
  "A_180": 72.84830602657172,
  "A_181": 27.507345451860722,
  "A_182": 11.123097816558792,
  "A_183": 0.0,
  "A_184": 110.04904817745438,
  "A_185": 32.46979264110054,
  "A_186": 14.909546344595045,
  "A_187": 18.822475392864817,
  "A_188": 85.86510562923198,
  "A_189": 76.24563688853435,
  "A_190": 89.45889912937952,
  "A_191": 98.42280544786725,
  "A_192": 127.84754029443752,
  "A_193": 107.37757601491836,
  "A_194": 58.831663145979974,
  "A_195": 32.26384239310181,
  "A_196": 16.90679502455883,
  "A_197": 84.30833337204271,
  "A_198": 61.363397267284306,
  "A_199": 14.882151656655736,
  "A_200": 8.453397512279414,
  "A_201": 80.8642556113947,
  "A_202": 100.63466260518307,
  "A_203": 6.564923336353519,
  "A_204": 83.79944562764362,
  "A_205": 63.05192792036514,
  "A_206": 1.2076282160399163,
  "A_207": 102.51730598514389,
  "A_208": 84.0743098520915,
  "A_209": 10.8507594326044,
  "A_210": 173.1350560949257,
  "A_211": 50.91351762364857,
  "A_212": 63.79663617571328,
  "A_213": 25.836772142387822,
  "A_214": 0.0,
  "A_215": 3.350546264165357,
  "A_216": 0.0,
  "A_217": 0.0,
  "A_218": 61.824721298908045,
  "A_219": 37.16413631328302,
  "A_220": 0.0,
  "A_221": 2.142918048125441,
  "A_222": 32.824616681767594,
  "A_223": 48.25831891105817,
  "A_224": 14.216649235289893,
  "A_225": 12.076282160399163,
  "A_226": 118.18413952207207,
  "A_227": 41.42189913758142,
  "A_228": 0.0,
  "A_229": 58.0605906450829,
  "A_230": 116.90063556026264,
  "A_231": 138.0354990753582,
  "A_232": 49.34503350904673,
  "A_233": 60.38141080199582,
  "A_234": 20.52967967267858,
  "A_235": 40.48916027873061,
  "A_236": 83.71438386495504,
  "A_237": 111.45661991633935,
  "A_238": 3.350546264165357,
  "A_239": 0.0,
  "A_240": 80.72385155252047,
  "A_241": 47.570599146446135,
  "A_242": 93.05196378003137,
  "A_243": 8.111278072303488,
  "A_244": 0.0,
  "A_245": 54.34326972179623,
  "A_246": 22.636808697294327,
  "A_247": 1.2076282160399163,
  "A_248": 0.0,
  "A_249": 82.61824448900572,
  "A_250": 150.81037091095075,
  "A_251": 33.79569553736281,
  "A_252": 3.350546264165357,
  "A_253": 65.54885319506768,
  "A_254": 41.976754665687835,
  "A_255": 77.65329659201363,
  "A_256": 44.660956561656185,
  "A_257": 82.02924613194008,
  "A_258": 0.0,
  "A_259": 90.81957317313169,
  "A_260": 99.83554196507473,
  "A_261": 45.99025237798432,
  "A_262": 45.0549625458988,
  "A_263": 7.500213168439043,
  "A_264": 35.6841697132887,
  "A_265": 56.73808066888651,
  "A_266": 61.10132560812184,
  "A_267": 9.524856536342135,
  "A_268": 24.815515768929462,
  "A_269": 177.55189660483126,
  "A_270": 131.57779201308634,
  "A_271": 31.123444259848725,
  "A_272": 0.0,
  "A_273": 163.3225427688502,
  "A_274": 54.83849782133752,
  "A_275": 0.0,
  "A_276": 28.302231225072013,
  "A_277": 54.369633967345166,
  "A_278": 27.775448968918077,
  "A_279": 1.2076282160399163,
  "A_280": 125.70462224631206,
  "A_281": 108.38526070811322,
  "A_282": 0.0,
  "A_283": 103.72482110384829,
  "A_284": 112.21995153293798,
  "A_285": 42.929939009528205,