{
  "A_1": 122.15863121998159,
  "A_2": 132.15481461895652,
  "A_3": 21.17473660905486,
  "A_4": 116.69648230326177,
  "A_5": 38.40659850866594,
  "A_6": 129.66623341434186,
  "A_7": 45.414109418057194,
  "A_8": 1.2076282160399163,
  "A_9": 0.0,
  "A_10": 0.0,
  "A_11": 0.0,
  "A_12": 0.0,
  "A_13": 3.622884648119749,
  "A_14": 1.0714590240627204,
  "A_15": 70.75208461164924,
  "A_16": 112.00814535623297,
  "A_17": 110.09397295240069,
  "A_18": 0.0,
  "A_19": 137.25940002621533,
  "A_20": 1.2076282160399163,
  "A_21": 103.3002788390128,
  "A_22": 5.810061453548963,
  "A_23": 69.14366457123496,
  "A_24": 61.583849106972,
  "A_25": 89.31852020324649,
  "A_26": 162.64914866673854,
  "A_27": 67.59139107472562,
  "A_28": 50.72038507367648,
  "A_29": 65.66373495522416,
  "A_30": 6.038141080199582,
  "A_31": 139.73678459461257,
  "A_32": 38.375999396219974,
  "A_33": 78.43110466756002,
  "A_34": 46.59453144171701,
  "A_35": 3.7812209178606757,
  "A_36": 0.0,
  "A_37": 0.0,
  "A_38": 1.2076282160399163,
  "A_39": 6.561530416287644,
  "A_40": 16.774898398590516,
  "A_41": 61.26301709881681,
  "A_42": 113.27519993890819,
  "A_43": 25.917573905438147,
  "A_44": 71.25006474635506,
  "A_45": 2.3012166187545233,
  "A_46": 40.07038597800709,
  "A_47": 5.901971888222386,
  "A_48": 63.29189533361693,
  "A_49": 28.284336713317167,
  "A_50": 60.49968548221817,
  "A_51": 139.47027700662323,
  "A_52": 35.75647660980374,
  "A_53": 12.993677480729842,
  "A_54": 39.851731129317244,
  "A_55": 26.089532120925035,
  "A_56": 0.0,
  "A_57": 31.263006371891795,
  "A_58": 0.0,
  "A_59": 35.43819557488324,
  "A_60": 54.524539617908374,
  "A_61": 95.41353667684666,
  "A_62": 28.983077184957992,
  "A_63": 1.0714590240627204,
  "A_64": 81.68382173649258,
  "A_65": 39.916322274275046,
  "A_66": 4.69434367218247,
  "A_67": 17.29740808873557,
  "A_68": 164.44078639071023,
  "A_69": 136.72066715160713,
  "A_70": 30.29108556946541,
  "A_71": 137.53754407339358,
  "A_72": 99.5999225160555,
  "A_73": 102.39807626075486,
  "A_74": 61.77370183421374,
  "A_75": 88.4282431107016,
  "A_76": 141.25489012942145,
  "A_77": 45.32730092985319,
  "A_78": 89.09214960299941,
  "A_79": 107.41759990532509,
  "A_80": 22.470882339702328,
  "A_81": 124.9447463816324,
  "A_82": 109.65240325538275,
  "A_83": 94.60255338287837,
  "A_84": 33.40508247318607,
  "A_85": 41.62097558085409,
  "A_86": 10.868653944359247,
  "A_87": 23.589993041134697,
  "A_88": 16.90679502455883,
  "A_89": 66.76918601179872,
  "A_90": 27.775448968918077,
  "A_91": 70.97772636240067,
  "A_92": 16.287222687788464,
  "A_93": 127.6825689810122,
  "A_94": 65.85698060253176,
  "A_95": 41.05935934535716,
  "A_96": 115.5389436404907,
  "A_97": 56.75852615387607,
  "A_98": 1.2076282160399163,
  "A_99": 90.15679765418918,
  "A_100": 60.38141080199581,
  "A_101": 0.0,
  "A_102": 6.038141080199582,
  "A_103": 94.81874522292782,
  "A_104": 53.70497349281048,
  "A_105": 29.065562841670648,
  "A_106": 135.0760685301941,
  "A_107": 122.96163486860976,
  "A_108": 109.60393476392315,
  "A_109": 39.26787241783289,
  "A_110": 161.58955229653577,
  "A_111": 62.52432885012125,
  "A_112": 115.06668686643246,
  "A_113": 75.16222724601737,
  "A_114": 63.64248450738693,
  "A_115": 93.69116478770137,
  "A_116": 87.26826657203134,
  "A_117": 144.06261944852898,
  "A_118": 21.19263112080971,
  "A_119": 73.54531233906779,
  "A_120": 55.14239036190457,
  "A_121": 32.60596183307774,
  "A_122": 4.830512864159665,
  "A_123": 32.33362344912335,
  "A_124": 68.53091577370819,
  "A_125": 4.830512864159665,
  "A_126": 0.0,
  "A_127": 41.414183386024206,
  "A_128": 64.84425679472058,
  "A_129": 0.0,
  "A_130": 66.11142447473131,
  "A_131": 136.53748716716163,
  "A_132": 39.882330241763206,
  "A_133": 194.8655153116593,
  "A_134": 117.59012718313132,
  "A_135": 0.0,
  "A_136": 12.076282160399163,
  "A_137": 10.986928624581596,
  "A_138": 0.0,
  "A_139": 0.0,
  "A_140": 66.20848712135663,
  "A_141": 59.10220453893652,
  "A_142": 1.0714590240627204,
  "A_143": 44.51028577799001,
  "A_144": 120.80279522891593,
  "A_145": 136.5027160196717,
  "A_146": 24.018456013601895,
  "A_147": 27.775448968918077,
  "A_148": 6.83726172030791,
  "A_149": 59.3745429228909,
  "A_150": 46.11276192510371,
  "A_151": 0.0,
  "A_152": 56.85890632234357,
  "A_153": 125.35664687762987,
  "A_154": 27.77544896891807,
  "A_155": 1.2076282160399163,
  "A_156": 95.94031893300058,
  "A_157": 89.6656284923563,
  "A_158": 58.82986615498213,
  "A_159": 11.848202533748545,
  "A_160": 104.63977854827978,
  "A_161": 71.10963555473961,
  "A_162": 116.93123467270861,
  "A_163": 30.29108556946541,
  "A_164": 66.51059523729644,
  "A_165": 33.35743079581642,
  "A_166": 63.97697616039995,
  "A_167": 68.14652306298555,
  "A_168": 0.0,
  "A_169": 0.0,
  "A_170": 83.89982579611112,
  "A_171": 83.8954024336549,
  "A_172": 42.36736772986457,
  "A_173": 125.85300595052645,
  "A_174": 31.38043910528298,
  "A_175": 57.51846485040883,
  "A_176": 49.51275685763657,
  "A_177": 88.0494927003848,
  "A_178": 72.34365314906967,
  "A_179": 0.0,
  "A_180": 137.0747120772961,
  "A_181": 143.15711191479946,
  "A_182": 72.65938321075546,
  "A_183": 3.622884648119749,
  "A_184": 155.76017633135254,
  "A_185": 42.798004684448046,
  "A_186": 33.36929344967638,
  "A_187": 131.91046154236028,
  "A_188": 30.018747185511018,
  "A_189": 30.853656849129038,
  "A_190": 41.69678849477053,
  "A_191": 72.03976060850262,
  "A_192": 96.56342241991362,
  "A_193": 0.0,
  "A_194": 21.73730788871849,
  "A_195": 39.27126533789876,
  "A_196": 19.967108393014946,
  "A_197": 4.285836096250882,
  "A_198": 27.5677896945158,
  "A_199": 0.0,
  "A_200": 128.27409317857135,
  "A_201": 59.432461325052486,
  "A_202": 0.0,
  "A_203": 19.32205145663866,
  "A_204": 96.55654861518755,
  "A_205": 9.643131216564484,
  "A_206": 6.83726172030791,
  "A_207": 80.3622919372041,
  "A_208": 107.16429957285146,
  "A_209": 134.54947476959939,
  "A_210": 74.70606799271613,
  "A_211": 86.50322592902916,
  "A_212": 77.8549868403741,
  "A_213": 39.39557187601601,
  "A_214": 56.20442460800651,
  "A_215": 85.76115661151002,
  "A_216": 0.0,
  "A_217": 1.0714590240627204,
  "A_218": 142.47446896391563,
  "A_219": 32.98291525239667,
  "A_220": 0.0,
  "A_221": 20.51178516092373,
  "A_222": 25.069959641129007,
  "A_223": 158.98122614633695,
  "A_224": 50.43438704486429,
  "A_225": 42.319716052494925,
  "A_226": 85.90657465225937,
  "A_227": 142.31874649926246,
  "A_228": 0.0,
  "A_229": 61.589039018035734,
  "A_230": 56.57290829353137,
  "A_231": 22.67259772080402,
  "A_232": 0.0,
  "A_233": 109.36565124433369,
  "A_234": 124.34293032654011,
  "A_235": 86.89554801960944,
  "A_236": 65.02207093891374,
  "A_237": 61.834058112274505,
  "A_238": 39.85173112931724,
  "A_239": 48.97231495662483,
  "A_240": 2.4152564320798326,
  "A_241": 130.17363832700846,
  "A_242": 101.18630114241222,
  "A_243": 31.226375401550932,
  "A_244": 19.32205145663866,
  "A_245": 51.093103626098376,
  "A_246": 55.25640504248865,
  "A_247": 47.64386108712785,
  "A_248": 114.42424373514399,
  "A_249": 134.41246363079102,
  "A_250": 173.64988773262533,
  "A_251": 116.8964006933656,
  "A_252": 132.37691265319467,
  "A_253": 137.68475910514076
}