{
  "A_1": 182.48026379696495,
  "A_2": 126.3812961711541,
  "A_3": 160.33868319921186,
  "A_4": 122.24943581404095,
  "A_5": 28.556675097271555,
  "A_6": 56.55681077277437,
  "A_7": 190.36951923325387,
  "A_8": 199.18117140537808,
  "A_9": 26.395862537391267,
  "A_10": 14.491538592478996,
  "A_11": 49.51275685763657,
  "A_12": 1.2076282160399163,
  "A_13": 4.285836096250882,
  "A_14": 16.071885360940808,
  "A_15": 49.51275685763657,
  "A_16": 0.0,
  "A_17": 4.285836096250882,
  "A_18": 26.56782075287816,
  "A_19": 0.0,
  "A_20": 0.0,
  "A_21": 11.852437400645584,
  "A_22": 30.989826041106237,
  "A_23": 9.116348960410548,
  "A_24": 36.22884648119749,
  "A_25": 0.0,
  "A_26": 3.622884648119749,
  "A_27": 13.538354248638624,
  "A_28": 15.953610680718457,
  "A_29": 9.252518152387742,
  "A_30": 0.0,
  "A_31": 0.0,
  "A_32": 8.225317885628796,
  "A_33": 5.379424498965489,
  "A_34": 1.0714590240627204,
  "A_35": 0.0,
  "A_36": 8.707841384478959,
  "A_37": 4.285836096250882,
  "A_38": 13.928967312815365,
  "A_39": 2.142918048125441,
  "A_40": 43.3026575619501,
  "A_41": 4.558174480205274,
  "A_42": 31.398333617037824,
  "A_43": 7.655118819002251,
  "A_44": 44.454164366826284,
  "A_45": 29.690287390392896,
  "A_46": 0.0,
  "A_47": 0.0,
  "A_48": 54.715988274218134,
  "A_49": 2.4152564320798326,
  "A_50": 16.770625832581633,
  "A_51": 56.75852615387607,
  "A_52": 90.82656007519326,
  "A_53": 0.0,
  "A_54": 37.98367730563969,
  "A_55": 71.25006474635506,
  "A_56": 66.30551206887009,
  "A_57": 15.000426336878085,
  "A_58": 18.505036304775487,
  "A_59": 144.09837077292678,
  "A_60": 3.5088448347944396,
  "A_61": 34.168414089784704,
  "A_62": 93.65032408320468,
  "A_63": 120.64878179066633,
  "A_64": 0.0,
  "A_65": 22.672597720804017,
  "A_66": 175.57667677255444,
  "A_67": 43.47461577743699,
  "A_68": 3.622884648119749,
  "A_69": 103.83114516561638,
  "A_70": 96.5250195913161,
  "A_71": 44.54607480149971,
  "A_72": 134.750411035723,
  "A_73": 50.430152177967244,
  "A_74": 207.81067403544716,
  "A_75": 80.97916250429239,
  "A_76": 15.471087181868294,
  "A_77": 53.90753082074334,
  "A_78": 27.775448968918077,
  "A_79": 28.43329847057979,
  "A_80": 13.147741184461884,
  "A_81": 24.152564320798326,
  "A_82": 2.142918048125441,
  "A_83": 61.55324999452604,
  "A_84": 115.9144142280771,
  "A_85": 17.75017442197093,
  "A_86": 3.622884648119749,
  "A_87": 39.71556193734004,
  "A_88": 53.13564150575631,
  "A_89": 0.0,
  "A_90": 4.909680999030129,
  "A_91": 99.84676373403336,
  "A_92": 60.38141080199581,
  "A_93": 13.402185056661427,
  "A_94": 21.737307888718494,
  "A_95": 56.75852615387607,
  "A_96": 1.2076282160399163,
  "A_97": 3.622884648119749,
  "A_98": 109.39119867579265,
  "A_99": 5.493464312290798,
  "A_100": 71.25006474635506,
  "A_101": 68.67131983258241,
  "A_102": 137.88128457517874,
  "A_103": 97.16085281166144,
  "A_104": 67.45182896268255,
  "A_105": 101.52842058238814,
  "A_106": 39.031323057388185,
  "A_107": 56.436739101554174,
  "A_108": 19.798631062188242,
  "A_109": 30.190705400997906,
  "A_110": 90.43594701101654,
  "A_111": 50.99695832452792,
  "A_112": 0.0,
  "A_113": 47.21577510577909,
  "A_114": 114.97912439599159,
  "A_115": 6.038141080199582,
  "A_116": 11.803943776444772,
  "A_117": 55.23628628313506,
  "A_118": 13.033701371136575,
  "A_119": 10.868653944359247,
  "A_120": 5.924101266874272,
  "A_121": 54.34326972179623,
  "A_122": 15.362388076054094,
  "A_123": 40.76912644964791,
  "A_124": 2.279087240102637,
  "A_125": 41.05935934535716,
  "A_126": 0.0,
  "A_127": 28.34478095597224,
  "A_128": 46.96133123357954,
  "A_129": 0.0,
  "A_130": 0.0,
  "A_131": 35.39393681757947,
  "A_132": 36.996412964693164,
  "A_133": 0.0,
  "A_134": 12.076282160399163,
  "A_135": 47.19788059402424,
  "A_136": 3.622884648119749,
  "A_137": 8.707841384478959,
  "A_138": 3.4867154561425533,
  "A_139": 46.44725357811672,
  "A_140": 39.91980315893523,
  "A_141": 103.03901142756962,
  "A_142": 130.27144238950004,
  "A_143": 5.357295120313602,
  "A_144": 107.81758748198018,
  "A_145": 62.00178146086436,
  "A_146": 132.4680188401488,
  "A_147": 0.0,
  "A_148": 44.414140476419554,
  "A_149": 52.6352234951513,
  "A_150": 24.723605334256035,
  "A_151": 55.752588186196625,
  "A_152": 36.7998874946552,
  "A_153": 118.07522678795742,
  "A_154": 13.033701371136575,
  "A_155": 20.529679672678576,
  "A_156": 21.469204371661142,
  "A_157": 107.22870222225006,
  "A_158": 4.58030385885716,
  "A_159": 18.114423240598747,
  "A_160": 12.076282160399163,
  "A_161": 67.25018897980456,
  "A_162": 3.622884648119749,
  "A_163": 0.0,
  "A_164": 110.53922459600865,
  "A_165": 72.71213683459453,
  "A_166": 0.0,
  "A_167": 1.0714590240627204,
  "A_168": 77.52475518699934,
  "A_169": 43.034554044892744,
  "A_170": 5.901971888222386,
  "A_171": 88.59509937971906,
  "A_172": 132.38196433418165,
  "A_173": 18.350972601043445,
  "A_174": 41.586141601511095,
  "A_175": 49.51275685763657,
  "A_176": 150.22990511953228,
  "A_177": 103.06781354901774,
  "A_178": 1.2076282160399163,
  "A_179": 27.775448968918077,
  "A_180": 71.04231750735848,
  "A_181": 22.94493610475841,
  "A_182": 2.4152564320798326,
  "A_183": 29.050307267744813,
  "A_184": 115.68209973452946,
  "A_185": 43.24653615078637,
  "A_186": 2.279087240102637,
  "A_187": 68.83480831427524,
  "A_188": 61.18053144210414,
  "A_189": 15.699166808518912,
  "A_190": 8.453397512279414,
  "A_191": 90.43594701101654,
  "A_192": 37.16413631328301,
  "A_193": 0.0,
  "A_194": 80.6281460739215,
  "A_195": 79.70346225863449,
  "A_196": 31.398333617037824,
  "A_197": 1.0714590240627204,
  "A_198": 129.10217930294573,
  "A_199": 68.83480831427522,
  "A_200": 0.0,
  "A_201": 24.152564320798326,
  "A_202": 155.19760505168892,
  "A_203": 39.38954001812111,
  "A_204": 0.0,
  "A_205": 174.5018248284258,
  "A_206": 53.90744285614903,
  "A_207": 95.14975599128064,
  "A_208": 24.661452065197416,
  "A_209": 140.91882768008162,
  "A_210": 155.4026882201153,
  "A_211": 169.49339728910803,
  "A_212": 104.6857463319871,
  "A_213": 92.65372292889171,
  "A_214": 165.15130155161668,
  "A_215": 56.46829325816683,
  "A_216": 58.69972882089982,
  "A_217": 128.5319802363192,
  "A_218": 125.33535944580915,
  "A_219": 80.77492128269719,
  "A_220": 6.564923336353519,
  "A_221": 84.39780593081696,
  "A_222": 120.20614395214616,
  "A_223": 4.422005288228078,
  "A_224": 42.24909304964223,
  "A_225": 184.9619083650004,
  "A_226": 158.42306566275897,
  "A_227": 7.861069067000982,
  "A_228": 152.8581364007843,
  "A_229": 0.0,
  "A_230": 1.2076282160399163,
  "A_231": 144.80134611146465,
  "A_232": 30.190705400997906,
  "A_233": 0.0,
  "A_234": 12.019281103292432,
  "A_235": 70.04243653031514,
  "A_236": 0.0,
  "A_237": 0.0,
  "A_238": 43.47461577743699,
  "A_239": 2.5735927018207594,
  "A_240": 0.0,
  "A_241": 10.868653944359247,
  "A_242": 2.4152564320798326,
  "A_243": 0.0,
  "A_244": 27.639279776940878,
  "A_245": 32.46979264110055,
  "A_246": 0.0,
  "A_247": 1.2076282160399163,
  "A_248": 10.714590240627205,
  "A_249": 6.973430912285107,
  "A_250": 2.4152564320798326,
  "A_251": 0.0,
  "A_252": 7.109600104262302,
  "A_253": 6.038141080199582,
  "A_254": 3.622884648119749,
  "A_255": 0.0,
  "A_256": 43.38523118325706,
  "A_257": 21.991751760918035,
  "A_258": 41.4141833860242,
  "A_259": 41.550352578001394,
  "A_260": 124.70895100342456,
  "A_261": 45.563850290297886,
  "A_262": 9.27464753103963,
  "A_263": 26.141418665191722,
  "A_264": 31.39833361703782,
  "A_265": 0.0,
  "A_266": 10.46014636842766,
  "A_267": 59.1737825859559,
  "A_268": 2.4152564320798326,
  "A_269": 1.2076282160399163,
  "A_270": 55.55089793783615,
  "A_271": 16.90679502455883,
  "A_272": 16.61656212884959,
  "A_273": 35.71900369263171,
  "A_274": 74.73678020249761,
  "A_275": 45.889872209516824,
  "A_276": 1.2076282160399163,
  "A_277": 61.00857322661726,
  "A_278": 86.13221640301079,
  "A_279": 32.333623449123344,
  "A_280": 1.0714590240627204,
  "A_281": 56.19595487421244,
  "A_282": 95.0945016596893,