{
  "A_1": 100.66261021342942,
  "A_2": 35.39393681757947,
  "A_3": 11.786049264689925,
  "A_4": 0.0,
  "A_5": 0.0,
  "A_6": 0.0,
  "A_7": 10.868653944359247,
  "A_8": 10.868653944359247,
  "A_9": 0.0,
  "A_10": 21.167108822091947,
  "A_11": 8.453397512279414,
  "A_12": 21.509228262067875,
  "A_13": 0.0,
  "A_14": 0.0,
  "A_15": 0.0,
  "A_16": 0.0,
  "A_17": 0.0,
  "A_18": 23.046271317392602,
  "A_19": 4.830512864159665,
  "A_20": 0.0,
  "A_21": 5.629633504267994,
  "A_22": 37.9095734181268,
  "A_23": 0.0,
  "A_24": 9.116348960410548,
  "A_25": 66.24759366670851,
  "A_26": 105.58345014956507,
  "A_27": 10.872888811256287,
  "A_28": 130.09617921854158,
  "A_29": 4.3522242322065425,
  "A_30": 0.0,
  "A_31": 0.0,
  "A_32": 2.142918048125441,
  "A_33": 14.065136504792562,
  "A_34": 57.10656435441137,
  "A_35": 55.852038443238655,
  "A_36": 85.13381825769997,
  "A_37": 33.81359004911766,
  "A_38": 31.380439105282978,
  "A_39": 2.3012166187545233,
  "A_40": 44.403459061397356,
  "A_41": 38.416023286626704,
  "A_42": 57.47504803993621,
  "A_43": 16.252313310221776,
  "A_44": 18.214803409066246,
  "A_45": 42.566532137731556,
  "A_46": 47.10597015935081,
  "A_47": 19.853068579689637,
  "A_48": 7.131729482914189,
  "A_49": 3.214377072188161,
  "A_50": 0.0,
  "A_51": 27.956718865030208,
  "A_52": 4.330094853554655,
  "A_53": 2.3012166187545233,
  "A_54": 5.810061453548963,
  "A_55": 38.353870017568084,
  "A_56": 28.02989284111762,
  "A_57": 87.87933147589578,
  "A_58": 62.488539826611564,
  "A_59": 67.27224296023275,
  "A_60": 24.859774526233235,
  "A_61": 48.30512864159665,
  "A_62": 28.137988761142346,
  "A_63": 10.323977176450462,
  "A_64": 98.93009726319832,
  "A_65": 20.529679672678576,
  "A_66": 0.0,
  "A_67": 45.88987220951682,
  "A_68": 11.848202533748545,
  "A_69": 0.0,
  "A_70": 8.844010576456155,
  "A_71": 114.90337431392827,
  "A_72": 10.323977176450462,
  "A_73": 5.629633504267994,
  "A_74": 24.33383421691046,
  "A_75": 38.393893907974814,
  "A_76": 15.585126995193603,
  "A_77": 1.0714590240627204,
  "A_78": 98.49174455705763,
  "A_79": 148.86575019111993,
  "A_80": 62.00082641669768,
  "A_81": 70.15128643257674,
  "A_82": 24.270839001020676,
  "A_83": 175.16393432972578,
  "A_84": 64.20929065394762,
  "A_85": 55.75165827477115,
  "A_86": 74.24396484611431,
  "A_87": 11.803943776444772,
  "A_88": 0.0,
  "A_89": 3.280765208143822,
  "A_90": 0.0,
  "A_91": 0.0,
  "A_92": 3.214377072188161,
  "A_93": 0.0,
  "A_94": 32.68844748979039,
  "A_95": 36.61945954537423,
  "A_96": 127.09691327853001,
  "A_97": 96.04005821656676,
  "A_98": 25.052065129374157,
  "A_99": 30.190705400997906,
  "A_100": 118.45885295007257,
  "A_101": 58.46654724777978,
  "A_102": 0.0,
  "A_103": 137.4338589494545,
  "A_104": 65.07998934107533,
  "A_105": 10.754614131033938,
  "A_106": 57.12106594610034,
  "A_107": 112.18416250942829,
  "A_108": 97.37617757213854,
  "A_109": 0.0,
  "A_110": 47.061711402047045,
  "A_111": 68.39474658173098,
  "A_112": 25.86908028123733,
  "A_113": 54.05727169298404,
  "A_114": 12.466895224575904,
  "A_115": 130.21514504914768,
  "A_116": 64.55402389901134,
  "A_117": 66.7564814111076,
  "A_118": 94.79409000378244,
  "A_119": 1.2076282160399163,
  "A_120": 65.41361391451596,
  "A_121": 29.690287390392896,
  "A_122": 97.1700765276924,
  "A_123": 70.47974622769486,
  "A_124": 1.2076282160399163,
  "A_125": 129.41449131182443,
  "A_126": 151.71410658642364,
  "A_127": 73.61764436832404,
  "A_128": 1.0714590240627204,
  "A_129": 91.5898916917919,
  "A_130": 43.68732673282625,
  "A_131": 7.500213168439043,
  "A_132": 72.42190393888528,
  "A_133": 16.61656212884959,
  "A_134": 80.34851919501077,
  "A_135": 0.0,
  "A_136": 0.0,
  "A_137": 0.0,
  "A_138": 21.737307888718494,
  "A_139": 0.0,
  "A_140": 43.59289045765934,
  "A_141": 31.92511587319176,
  "A_142": 0.0,
  "A_143": 0.0,
  "A_144": 2.4152564320798326,
  "A_145": 5.357295120313602,
  "A_146": 21.17473660905486,
  "A_147": 6.7896100429382615,
  "A_148": 104.21769929208469,
  "A_149": 83.60959290040188,
  "A_150": 1.2076282160399163,
  "A_151": 0.0,
  "A_152": 50.70249056192164,
  "A_153": 18.000383427273434,
  "A_154": 2.4152564320798326,
  "A_155": 4.830512864159665,
  "A_156": 147.1663747601989,
  "A_157": 37.43647469723741,
  "A_158": 0.0,
  "A_159": 91.61538885776844,
  "A_160": 94.38210154319069,
  "A_161": 113.36125444487533,
  "A_162": 57.662261829348935,
  "A_163": 9.643131216564484,
  "A_164": 74.51113845174618,
  "A_165": 23.616357286683623,
  "A_166": 24.152564320798326,
  "A_167": 65.65526522143008,
  "A_168": 84.54581264391288,
  "A_169": 5.493464312290798,
  "A_170": 59.88343066729,
  "A_171": 18.575659307628186,
  "A_172": 62.58891999507907,
  "A_173": 18.114423240598747,
  "A_174": 17.143344385003527,
  "A_175": 72.5325256994035,
  "A_176": 52.88024258939008,
  "A_177": 58.990803663440225,
  "A_178": 179.25063115085092,
  "A_179": 76.69669419536615,
  "A_180": 0.0,
  "A_181": 0.0,
  "A_182": 30.05453620902071,
  "A_183": 0.0,
  "A_184": 109.8413889030521,
  "A_185": 10.714590240627205,
  "A_186": 177.11615770377836,
  "A_187": 100.79644206047233,
  "A_188": 72.40824429402748,
  "A_189": 22.308348902176203,
  "A_190": 122.72340161450272,
  "A_191": 43.03031917799571,
  "A_192": 63.05015606210851,
  "A_193": 0.0,
  "A_194": 18.623310984997836,
  "A_195": 1.0714590240627204,
  "A_196": 0.0,
  "A_197": 0.0,
  "A_198": 0.0,
  "A_199": 15.136595528855281,
  "A_200": 19.031818560929423,
  "A_201": 18.93567325935896,
  "A_202": 5.924101266874272,
  "A_203": 40.16840366879909,
  "A_204": 2.279087240102637,
  "A_205": 0.0,
  "A_206": 62.81792953315515,
  "A_207": 8.453397512279414,
  "A_208": 3.622884648119749,
  "A_209": 91.90054493974948,
  "A_210": 59.410331946400596,
  "A_211": 33.89607570583031,
  "A_212": 73.07119574215862,
  "A_213": 69.77009814636075,
  "A_214": 168.32304092831032,
  "A_215": 19.69477000906056,
  "A_216": 48.22168794071732,
  "A_217": 13.56048362729051,
  "A_218": 14.491538592478996,
  "A_219": 1.0714590240627204,
  "A_220": 2.5735927018207594,
  "A_221": 0.0,
  "A_222": 22.53642852882682,
  "A_223": 21.871768054292144,
  "A_224": 9.432946101668712,
  "A_225": 19.576495328838206,
  "A_226": 33.233124257699174,
  "A_227": 31.398333617037824,
  "A_228": 72.5657637496785,
  "A_229": 2.142918048125441,
  "A_230": 7.245769296239498,
  "A_231": 90.28188330728449,
  "A_232": 128.95902320890696,
  "A_233": 38.71133299606415,
  "A_234": 42.26951340189056,
  "A_235": 160.02632092485075,
  "A_236": 17.591875851341847,
  "A_237": 3.214377072188161,
  "A_238": 81.38671503605728,
  "A_239": 33.19658125195263,
  "A_240": 0.0,
  "A_241": 0.0,
  "A_242": 2.279087240102637,
  "A_243": 24.152564320798326,
  "A_244": 8.571672192501763,
  "A_245": 29.918367017043515,
  "A_246": 57.552456882920666,
  "A_247": 114.39865860457311,
  "A_248": 64.00853031701261,
  "A_249": 68.05896059254472,
  "A_250": 45.58174480205274,
  "A_251": 42.9299390095282,
  "A_252": 51.520347660615975,
  "A_253": 27.297160336964954,
  "A_254": 13.398792136595553,
  "A_255": 13.237100645900595,
  "A_256": 0.0,
  "A_257": 0.0,
  "A_258": 54.38411042629292,
  "A_259": 28.43840041704921,
  "A_260": 45.66602744976324,
  "A_261": 96.25268120736172,
  "A_262": 39.85596599621428,
  "A_263": 1.0935884027146072,
  "A_264": 0.0,
  "A_265": 2.142918048125441,
  "A_266": 0.0,
  "A_267": 2.1650474267773276,
  "A_268": 30.717487657151842,
  "A_269": 6.83726172030791,
  "A_270": 12.330726032598708,
  "A_271": 12.076282160399163,
  "A_272": 38.92151811095992,
  "A_273": 6.038141080199582,
  "A_274": 92.87333282174825,
  "A_275": 72.04237441359042,
  "A_276": 5.696021640223654,
  "A_277": 33.509697508550616,
  "A_278": 0.0,
  "A_279": 38.76237759349967,
  "A_280": 142.44648365655746,
  "A_281": 116.42243489290382,
  "A_282": 180.87352765021294,
  "A_283": 37.9095734181268,
  "A_284": 116.0590531538484,
  "A_285": 21.447074993009256,
  "A_286": 133.36249310047884,
  "A_287": 68.53091577370819,
  "A_288": 9.643131216564484,