{
  "A_1": 229.10710337753144,
  "A_2": 153.005238335196,
  "A_3": 196.3054580212469,
  "A_4": 124.26224166082531,
  "A_5": 126.80847737381862,
  "A_6": 180.17141939124747,
  "A_7": 116.48450019736813,
  "A_8": 102.0245157615018,
  "A_9": 164.54884461162305,
  "A_10": 96.85104151053503,
  "A_11": 56.565280506568456,
  "A_12": 171.24570227305674,
  "A_13": 159.71409688056636,
  "A_14": 79.59789217910325,
  "A_15": 166.55135860087427,
  "A_16": 191.6392127537581,
  "A_17": 92.72350398491324,
  "A_18": 68.59730390966385,
  "A_19": 146.70154471117377,
  "A_20": 94.52430259306276,
  "A_21": 91.90648883305008,
  "A_22": 80.26084362723438,
  "A_23": 111.32892045815623,
  "A_24": 161.4278608058408,
  "A_25": 53.965361258310615,
  "A_26": 161.33171550427036,
  "A_27": 138.1793463197807,
  "A_28": 115.55863514324338,
  "A_29": 178.33317299866718,
  "A_30": 156.3429040694816,
  "A_31": 71.90782628342248,
  "A_32": 131.3572270760631,
  "A_33": 158.25625965922396,
  "A_34": 53.55685368237903,
  "A_35": 209.00127481930457,
  "A_36": 52.69134490631504,
  "A_37": 49.333170855186765,
  "A_38": 15.000426336878085,
  "A_39": 75.58259747580891,
  "A_40": 31.899593574473997,
  "A_41": 95.58546975959234,
  "A_42": 51.17558928281103,
  "A_43": 113.27435799207703,
  "A_44": 114.0010586383348,
  "A_45": 97.62124693185974,
  "A_46": 136.9385428853189,
  "A_47": 63.674880610830755,
  "A_48": 175.91939939831983,
  "A_49": 54.400233079791136,
  "A_50": 87.06834818192749,
  "A_51": 18.729723011360228,
  "A_52": 45.82856088728936,
  "A_53": 184.7985329806431,
  "A_54": 74.91625310761191,
  "A_55": 85.74242015292401,
  "A_56": 31.80768313980058,
  "A_57": 139.22508198319585,
  "A_58": 99.25525210284488,
  "A_59": 12.076282160399163,
  "A_60": 180.25312593298204,
  "A_61": 98.74711834068265,
  "A_62": 103.75469136679861,
  "A_63": 37.53685486570491,
  "A_64": 56.981415869462964,
  "A_65": 148.10926724650614,
  "A_66": 11.123097816558792,
  "A_67": 79.70346225863447,
  "A_68": 124.89201789053456,
  "A_69": 43.47461577743699,
  "A_70": 103.68406836394593,
  "A_71": 34.77100925985507,
  "A_72": 58.96264242689344,
  "A_73": 4.830512864159665,
  "A_74": 33.81359004911766,
  "A_75": 2.279087240102637,
  "A_76": 32.60596183307774,
  "A_77": 94.30637659386855,
  "A_78": 9.643131216564484,
  "A_79": 10.868653944359247,
  "A_80": 87.49387062367092,
  "A_81": 108.48302707149293,
  "A_82": 30.72256447088005,
  "A_83": 14.491538592478996,
  "A_84": 129.1964145161828,
  "A_85": 18.413125870102064,
  "A_86": 110.94074526987868,
  "A_87": 106.85416154608909,
  "A_88": 48.001236101029605,
  "A_89": 73.58864118494608,
  "A_90": 102.98193497223922,
  "A_91": 59.628986795090455,
  "A_92": 8.954657469715588,
  "A_93": 3.214377072188161,
  "A_94": 0.0,
  "A_95": 24.287024486371976,
  "A_96": 1.0714590240627204,
  "A_97": 70.04243653031514,
  "A_98": 3.622884648119749,
  "A_99": 52.11087911489656,
  "A_100": 9.915469600518875,
  "A_101": 152.77046083300795,
  "A_102": 140.83782485510147,
  "A_103": 101.62709172445209,
  "A_104": 20.12117209674699,
  "A_105": 38.84486325021233,
  "A_106": 20.12117209674699,
  "A_107": 101.83138321152973,
  "A_108": 150.16273786859855,
  "A_109": 76.08057761051474,
  "A_110": 87.90665076561137,
  "A_111": 46.00388689010091,
  "A_112": 7.245769296239498,
  "A_113": 2.4152564320798326,
  "A_114": 122.70144816503947,
  "A_115": 12.058387648644317,
  "A_116": 22.830896291433103,
  "A_117": 37.040671721996944,
  "A_118": 148.33052333391313,
  "A_119": 76.18095777898223,
  "A_120": 69.69173425920962,
  "A_121": 128.37368166569013,
  "A_122": 33.634004046667854,
  "A_123": 12.739233608530295,
  "A_124": 66.40165737044055,
  "A_125": 9.956335437756774,
  "A_126": 16.362118256650046,
  "A_127": 0.0,
  "A_128": 15.562997616541717,
  "A_129": 37.52412513227257,
  "A_130": 16.79275521123352,
  "A_131": 8.571672192501763,
  "A_132": 7.500213168439043,
  "A_133": 46.907647698315,
  "A_134": 180.38905636391755,
  "A_135": 64.88590174693655,
  "A_136": 46.13065643685856,
  "A_137": 82.56542803331357,
  "A_138": 77.08649044545295,
  "A_139": 3.4867154561425533,
  "A_140": 22.808766912781216,
  "A_141": 8.571672192501763,
  "A_142": 50.2624288293774,
  "A_143": 42.26698756139707,
  "A_144": 111.45757496050604,
  "A_145": 19.32205145663866,
  "A_146": 115.85052679987373,
  "A_147": 143.90153114362346,
  "A_148": 10.736719619279091,
  "A_149": 25.087854152883853,
  "A_150": 61.89621138133313,
  "A_151": 22.944936104758412,
  "A_152": 87.64023114221636,
  "A_153": 9.643131216564484,
  "A_154": 55.550897937836154,
  "A_155": 80.28297300588626,
  "A_156": 158.17864975430965,
  "A_157": 23.335549168935152,
  "A_158": 110.43786425063327,
  "A_159": 1.2076282160399163,
  "A_160": 90.2818833072845,
  "A_161": 10.868653944359247,
  "A_162": 96.75655496988568,
  "A_163": 1.2076282160399163,
  "A_164": 70.6823035556277,
  "A_165": 1.2076282160399163,
  "A_166": 14.491538592478996,
  "A_167": 4.830512864159665,
  "A_168": 6.564923336353519,
  "A_169": 22.38236482509478,
  "A_170": 15.699166808518912,
  "A_171": 1.0714590240627204,
  "A_172": 20.493890649168883,
  "A_173": 36.228846481197486,
  "A_174": 62.79666723407565,
  "A_175": 43.72905964963654,
  "A_176": 109.1280840078692,
  "A_177": 105.99195772549666,
  "A_178": 23.726162233111893,
  "A_179": 54.870051977950176,
  "A_180": 115.77824503609992,
  "A_181": 43.41753932210658,
  "A_182": 58.619681040086355,
  "A_183": 15.243007555217677,
  "A_184": 48.7603328507312,
  "A_185": 39.706137159379274,
  "A_186": 83.57739785888789,
  "A_187": 40.158903492614634,
  "A_188": 81.99438701985585,
  "A_189": 55.06318452792227,
  "A_190": 50.02164460203566,
  "A_191": 34.82373775095292,
  "A_192": 28.402611393539516,
  "A_193": 49.1527429059058,
  "A_194": 80.38767600584512
}