{
  "A_1": 176.56260907821581,
  "A_2": 50.334006876396785,
  "A_3": 9.002309147085239,
  "A_4": 110.41924088938278,
  "A_5": 16.18253225420024,
  "A_6": 11.803943776444772,
  "A_7": 122.27159032543406,
  "A_8": 150.62237800655996,
  "A_9": 42.24909304964223,
  "A_10": 60.38141080199581,
  "A_11": 107.44222999172926,
  "A_12": 39.851731129317244,
  "A_13": 151.0298677064718,
  "A_14": 14.74598246467854,
  "A_15": 22.246195633117583,
  "A_16": 46.95190645561877,
  "A_17": 70.97856830923185,
  "A_18": 85.86411288595345,
  "A_19": 1.2076282160399163,
  "A_20": 50.72038507367648,
  "A_21": 45.22173085032196,
  "A_22": 68.76323026725584,
  "A_23": 97.90544796967409,
  "A_24": 3.622884648119749,
  "A_25": 66.81016494637214,
  "A_26": 133.19906745063912,
  "A_27": 0.0,
  "A_28": 5.629633504267994,
  "A_29": 132.11971674583057,
  "A_30": 138.07113730242048,
  "A_31": 35.25776762560227,
  "A_32": 73.50183269674208,
  "A_33": 26.930360545102427,
  "A_34": 89.44178373260274,
  "A_35": 0.0,
  "A_36": 25.36019253683824,
  "A_37": 0.0,
  "A_38": 0.0,
  "A_39": 32.80765208143822,
  "A_40": 2.4152564320798326,
  "A_41": 30.68169863364215,
  "A_42": 76.9979729308454,
  "A_43": 14.201305696769758,
  "A_44": 93.21026235066043,
  "A_45": 27.84195020220927,
  "A_46": 27.842679051704902,
  "A_47": 118.19632890156801,
  "A_48": 1.0714590240627204,
  "A_49": 3.350546264165357,
  "A_50": 14.083872963378573,
  "A_51": 23.627465958306722,
  "A_52": 1.2076282160399163,
  "A_53": 5.6960216402236545,
  "A_54": 2.3012166187545233,
  "A_55": 0.0,
  "A_56": 5.3572951203136014,
  "A_57": 3.622884648119749,
  "A_58": 0.0,
  "A_59": 0.0,
  "A_60": 10.187807984473267,
  "A_61": 19.694770009060555,
  "A_62": 0.0,
  "A_63": 78.18770663513048,
  "A_64": 172.8354235539969,
  "A_65": 119.53031197413529,
  "A_66": 37.14624180152816,
  "A_67": 13.402185056661429,
  "A_68": 49.34079864214968,
  "A_69": 2.279087240102637,
  "A_70": 0.0,
  "A_71": 0.0,
  "A_72": 0.0,
  "A_73": 1.0714590240627204,
  "A_74": 7.245769296239498,
  "A_75": 5.924101266874272,
  "A_76": 9.38868734436494,
  "A_77": 14.74598246467854,
  "A_78": 11.922218456667121,
  "A_79": 11.620122907097926,
  "A_80": 3.5088448347944396,
  "A_81": 1.2076282160399163,
  "A_82": 0.0,
  "A_83": 3.3505462641653576,
  "A_84": 0.0,
  "A_85": 1.0714590240627204,
  "A_86": 13.810692632593017,
  "A_87": 0.0,
  "A_88": 0.0,
  "A_89": 47.33828465289847,
  "A_90": 127.06130018420892,
  "A_91": 62.74298369881111,
  "A_92": 69.74277885664515,
  "A_93": 24.933790449151807,
  "A_94": 103.03135850786549,
  "A_95": 10.003987115126423,
  "A_96": 4.830512864159665,
  "A_97": 0.0,
  "A_98": 4.830512864159665,
  "A_99": 0.0,
  "A_100": 31.07231169781889,
  "A_101": 36.14201286025227,
  "A_102": 49.84968638654877,
  "A_103": 41.00567581009261,
  "A_104": 63.019556949662544,
  "A_105": 22.382364825094783,
  "A_106": 126.03487903242804,
  "A_107": 19.093971829988043,
  "A_108": 142.0675824497933,
  "A_109": 35.96242685780247,
  "A_110": 2.142918048125441,
  "A_111": 64.92169077044625,
  "A_112": 76.70774003513615,
  "A_113": 44.09244138869197,
  "A_114": 6.973430912285107,
  "A_115": 1.2076282160399163,
  "A_116": 39.59726212437648,
  "A_117": 72.45769296239499,
  "A_118": 28.983077184957992,
  "A_119": 2.4152564320798326,
  "A_120": 81.3484001720541,
  "A_121": 127.27406140508063,
  "A_122": 58.747380498269465,
  "A_123": 134.52911724920412,
  "A_124": 17.143344385003527,
  "A_125": 104.52742262861679,
  "A_126": 55.317628400121805,
  "A_127": 58.16691470685098,
  "A_128": 110.44834460372563,
  "A_129": 28.02989284111762,
  "A_130": 161.85849776042429,
  "A_131": 44.98094662298023,
  "A_132": 24.661452065197416,
  "A_133": 122.6622033896108,
  "A_134": 75.31025909185452,
  "A_135": 35.02121826515757,
  "A_136": 93.24347526819422,
  "A_137": 44.98094662298022,
  "A_138": 44.51028577799001,
  "A_139": 1.2076282160399163,
  "A_140": 117.25122473403266,
  "A_141": 116.2018950886218,
  "A_142": 3.622884648119749,
  "A_143": 13.28391037643908,
  "A_144": 87.58062884639246,
  "A_145": 109.84649084952153,
  "A_146": 8.453397512279414,
  "A_147": 113.74661476613525,
  "A_148": 89.15674074795723,
  "A_149": 123.77281922450788,
  "A_150": 60.85450952288521,
  "A_151": 73.78359585865725,
  "A_152": 156.7516504064549,
  "A_153": 25.052065129374157,
  "A_154": 25.47846721706059,
  "A_155": 56.811254644973914,
  "A_156": 0.0,
  "A_157": 28.98307718495799,
  "A_158": 54.505803159322355,
  "A_159": 8.225317885628796,
  "A_160": 0.0,
  "A_161": 22.636808697294327,
  "A_162": 47.57408003110632,
  "A_163": 18.751852390012115,
  "A_164": 31.170253990387206,
  "A_165": 0.0,
  "A_166": 0.0,
  "A_167": 0.0,
  "A_168": 0.0,
  "A_169": 1.2076282160399163,
  "A_170": 0.0,
  "A_171": 37.92746792988165,
  "A_172": 1.0714590240627204,
  "A_173": 0.0,
  "A_174": 37.43647469723741,
  "A_175": 23.86233142508909,
  "A_176": 3.622884648119749,
  "A_177": 21.99175176091804,
  "A_178": 126.52764412332891,
  "A_179": 56.97039516243417,
  "A_180": 5.76580269624519,
  "A_181": 152.62726703985726,
  "A_182": 92.3464374682588,
  "A_183": 80.7033432356778,
  "A_184": 29.237521057157537,
  "A_185": 127.04001275238821,
  "A_186": 3.214377072188161,
  "A_187": 7.245769296239498,
  "A_188": 2.142918048125441,
  "A_189": 1.2076282160399163,
  "A_190": 0.0,
  "A_191": 0.0,
  "A_192": 15.567232483438756,
  "A_193": 0.0,
  "A_194": 14.900888115241749,
  "A_195": 36.05349534564473,
  "A_196": 3.3948050214691308,
  "A_197": 1.0935884027146072,
  "A_198": 5.787932074897077,
  "A_199": 2.3012166187545233,
  "A_200": 0.0,
  "A_201": 0.0,
  "A_202": 0.0,
  "A_203": 5.76580269624519,
  "A_204": 0.0,
  "A_205": 0.0,
  "A_206": 3.622884648119749,
  "A_207": 39.29339471655065,
  "A_208": 49.77227754356432,
  "A_209": 49.186734938417636,
  "A_210": 26.567820752878163,
  "A_211": 93.86897893189453,
  "A_212": 149.56695367140117,
  "A_213": 20.357721457191687,
  "A_214": 34.98542924164788,
  "A_215": 21.03093963011475,
  "A_216": 0.0,
  "A_217": 0.0,
  "A_218": 0.0,
  "A_219": 0.0,
  "A_220": 1.2076282160399163,
  "A_221": 36.58367052186454,
  "A_222": 64.50129540791347,
  "A_223": 33.01870427590637,
  "A_224": 45.889872209516824,
  "A_225": 79.71193199242856,
  "A_226": 94.85096539718303,
  "A_227": 0.0,
  "A_228": 61.589039018035734,
  "A_229": 60.38141080199582,
  "A_230": 93.41882640374698,
  "A_231": 0.0,
  "A_232": 49.512756857636575,
  "A_233": 109.61661423187306,
  "A_234": 18.000383427273434,
  "A_235": 3.214377072188161,
  "A_236": 81.29312070772153,
  "A_237": 37.050096499957704,
  "A_238": 0.0,
  "A_239": 2.4152564320798326,
  "A_240": 161.52597902759774,
  "A_241": 91.09191155708609,
  "A_242": 2.4152564320798326,
  "A_243": 113.78240378964495,
  "A_244": 40.36061887371633,
  "A_245": 113.21739463408213,
  "A_246": 12.879637667404532,
  "A_247": 102.93164435704057,
  "A_248": 36.75562873735143,
  "A_249": 151.86901223698686,
  "A_250": 17.66249885419455,
  "A_251": 45.889872209516824,
  "A_252": 18.303320923673795,
  "A_253": 21.34837871820408,
  "A_254": 50.630912514902256,
  "A_255": 94.18801394905189,
  "A_256": 19.185882264661466,
  "A_257": 33.81359004911766,
  "A_258": 55.14239036190456,
  "A_259": 109.5502512286586,
  "A_260": 12.076282160399163,
  "A_261": 68.38711879476807,
  "A_262": 2.4152564320798326,
  "A_263": 45.75370301753962,
  "A_264": 30.699593145397,
  "A_265": 18.593553819383033,
  "A_266": 123.04339167582677,
  "A_267": 113.66412910942259,
  "A_268": 3.622884648119749,
  "A_269": 54.58077412640762,
  "A_270": 86.6053151239002,
  "A_271": 2.1650474267773276,
  "A_272": 14.491538592478996,
  "A_273": 96.44769871292596,
  "A_274": 21.73730788871849,
  "A_275": 0.0,
  "A_276": 40.22444968173913,
  "A_277": 153.73637491028063,
  "A_278": 32.06128506516896,
  "A_279": 44.47449675448032,
  "A_280": 63.97697616039995,
  "A_281": 10.868653944359247,
  "A_282": 85.01310570157844,
  "A_283": 0.0,
  "A_284": 0.0,
  "A_285": 7.908720744370631,
  "A_286": 7.245769296239498,