{
  "A_1": 234.64059158022903,
  "A_2": 122.20180926941252,
  "A_3": 78.82513578454385,
  "A_4": 57.285308410030005,
  "A_5": 37.99809093273435,
  "A_6": 79.70346225863447,
  "A_7": 41.260119682292164,
  "A_8": 0.0,
  "A_9": 34.59481617747114,
  "A_10": 128.45791404791817,
  "A_11": 103.60410854772675,
  "A_12": 0.0,
  "A_13": 41.87805839088266,
  "A_14": 77.86769144106523,
  "A_15": 18.214803409066246,
  "A_16": 4.285836096250882,
  "A_17": 32.06128506516896,
  "A_18": 62.730253965378765,
  "A_19": 32.315728937368505,
  "A_20": 90.35239321280164,
  "A_21": 29.646028633089124,
  "A_22": 97.6705825028917,
  "A_23": 57.13124470629796,
  "A_24": 77.86168471591154,
  "A_25": 65.0041764271589,
  "A_26": 90.61719177438744,
  "A_27": 6.564923336353519,
  "A_28": 143.400509947229,
  "A_29": 42.79037689748513,
  "A_30": 73.26951820319442,
  "A_31": 105.72660624360385,
  "A_32": 1.2076282160399163,
  "A_33": 35.92071907373341,
  "A_34": 94.88675442069271,
  "A_35": 128.35828786168756,
  "A_36": 13.147741184461884,
  "A_37": 78.8506580832616,
  "A_38": 13.946861824570211,
  "A_39": 41.12658942814398,
  "A_40": 70.45178605307791,
  "A_41": 39.9887422681256,
  "A_42": 44.6822439934769,
  "A_43": 0.0,
  "A_44": 147.7076334753006,
  "A_45": 95.84417363143014,
  "A_46": 0.0,
  "A_47": 0.0,
  "A_48": 64.20505578705057,
  "A_49": 72.19211528583112,
  "A_50": 0.0,
  "A_51": 50.56632136994444,
  "A_52": 88.76612768378048,
  "A_53": 62.47064531485671,
  "A_54": 168.8100380550992,
  "A_55": 10.868653944359247,
  "A_56": 3.214377072188161,
  "A_57": 55.53300342608131,
  "A_58": 87.51084779037092,
  "A_59": 51.7918440977392,
  "A_60": 141.060890499877,
  "A_61": 203.89662658019265,
  "A_62": 128.234936367737,
  "A_63": 29.73454614769667,
  "A_64": 41.95886015393299,
  "A_65": 80.33492238200604,
  "A_66": 2.279087240102637,
  "A_67": 7.245769296239498,
  "A_68": 64.93439537113736,
  "A_69": 50.431220319469475,
  "A_70": 45.32730092985319,
  "A_71": 94.84333761022012,
  "A_72": 135.79721484064035,
  "A_73": 64.34545984592482,
  "A_74": 0.0,
  "A_75": 66.01104430626381,
  "A_76": 99.93592213354223,
  "A_77": 16.90679502455883,
  "A_78": 6.038141080199582,
  "A_79": 82.12962630040758,
  "A_80": 38.235595337345735,
  "A_81": 17.72549407008433,
  "A_82": 0.0,
  "A_83": 81.29735557461856,
  "A_84": 39.70281963753708,
  "A_85": 2.279087240102637,
  "A_86": 15.562997616541717,
  "A_87": 80.88030286666923,
  "A_88": 0.0,
  "A_89": 0.0,
  "A_90": 42.876255474263665,
  "A_91": 38.64410291327732,
  "A_92": 0.0,
  "A_93": 7.908720744370631,
  "A_94": 82.18330983567213,
  "A_95": 133.12241258989152,
  "A_96": 10.187807984473267,
  "A_97": 34.1088997585551,
  "A_98": 126.47822058770262,
  "A_99": 167.43540277359443,
  "A_100": 26.22570131290223,
  "A_101": 36.97428358604128,
  "A_102": 55.69130199671039,
  "A_103": 62.06637260582217,
  "A_104": 1.2076282160399163,
  "A_105": 82.64550094686825,
  "A_106": 49.284677230985956,
  "A_107": 62.70133874659514,
  "A_108": 20.920292736855316,
  "A_109": 109.98181809466756,
  "A_110": 83.32634690675422,
  "A_111": 1.2076282160399163,
  "A_112": 62.99742757101065,
  "A_113": 132.23053956827863,
  "A_114": 26.567820752878156,
  "A_115": 117.43588755021067,
  "A_116": 26.37034023867351,
  "A_117": 107.50328998654443,
  "A_118": 106.81320774425689,
  "A_119": 77.32727467279469,
  "A_120": 39.03471597745406,
  "A_121": 82.68033492621126,
  "A_122": 169.4049426063536,
  "A_123": 24.038524507473017,
  "A_124": 3.4867154561425533,
  "A_125": 73.57584861966066,
  "A_126": 61.93020341384498,
  "A_127": 3.622884648119749,
  "A_128": 36.03899375395575,
  "A_129": 108.30016124631278,
  "A_130": 58.21294532241139,
  "A_131": 19.208011643313355,
  "A_132": 67.02032492852669,
  "A_133": 41.60827098016298,
  "A_134": 0.0,
  "A_135": 4.830512864159665,
  "A_136": 54.73388278597297,
  "A_137": 4.58030385885716,
  "A_138": 0.0,
  "A_139": 0.0,
  "A_140": 48.677847194018554,
  "A_141": 11.53160539249038,
  "A_142": 0.0,
  "A_143": 67.69177124319313,
  "A_144": 26.395862537391267,
  "A_145": 125.86225479929861,
  "A_146": 180.62835775952678,
  "A_147": 49.512756857636575,
  "A_148": 45.889872209516824,
  "A_149": 70.33255632868887,
  "A_150": 85.84496173713715,
  "A_151": 16.951895728693767,
  "A_152": 106.26429610945107,
  "A_153": 141.00993386703578,
  "A_154": 25.36019253683824,
  "A_155": 18.114423240598747,
  "A_156": 82.26579549238478,
  "A_157": 63.986400938360724,
  "A_158": 0.0,
  "A_159": 10.596315560404856,
  "A_160": 12.34946249118472,
  "A_161": 1.2076282160399163,
  "A_162": 28.70818782776889,
  "A_163": 20.529679672678576,
  "A_164": 45.75370301753962,
  "A_165": 10.868653944359247,
  "A_166": 4.830512864159665,
  "A_167": 120.46235968260234,
  "A_168": 137.36915470716116,
  "A_169": 1.2076282160399163,
  "A_170": 1.2076282160399163,
  "A_171": 69.9887529950506,
  "A_172": 30.29108556946541,
  "A_173": 80.56897103469848,
  "A_174": 148.54398827153926,
  "A_175": 58.262720716414876,
  "A_176": 4.830512864159665,
  "A_177": 112.16626799767343,
  "A_178": 74.66943702237528,
  "A_179": 6.903649856263571,
  "A_180": 36.73094838546483,
  "A_181": 95.531811357069,
  "A_182": 47.46343313784688,
  "A_183": 9.66102572831933,
  "A_184": 128.74805897903312,
  "A_185": 56.29633504267994,
  "A_186": 2.4152564320798326,
  "A_187": 13.147741184461884,
  "A_188": 58.22059824211553,
  "A_189": 7.017689669588879,
  "A_190": 2.4152564320798326,
  "A_191": 56.45039874641198,
  "A_192": 73.49759782984505,
  "A_193": 98.96333531347331,
  "A_194": 63.388040635187394,
  "A_195": 48.563807380693234,
  "A_196": 79.20727911492651,
  "A_197": 125.67501587714467,
  "A_198": 0.0,
  "A_199": 16.634456640604437,
  "A_200": 64.93016050424032,
  "A_201": 45.345195441608034,
  "A_202": 0.0,
  "A_203": 77.73839605381409,
  "A_204": 92.43240400963163,
  "A_205": 16.336595957932282,
  "A_206": 12.076282160399163,
  "A_207": 48.83191089775059,
  "A_208": 44.13756722556812,
  "A_209": 13.28391037643908,
  "A_210": 18.114423240598747,
  "A_211": 71.50450861855461,
  "A_212": 32.33362344912335,
  "A_213": 0.0,
  "A_214": 58.432467250673625,
  "A_215": 136.2040133901684,
  "A_216": 13.67452344061582,
  "A_217": 55.67344518406738,
  "A_218": 83.93561481962081,
  "A_219": 63.13359676298785,
  "A_220": 177.80361357460745
}