{
  "A_1": 236.37500205242284,
  "A_2": 105.19124115632032,
  "A_3": 129.31140937367482,
  "A_4": 140.77567158604285,
  "A_5": 94.95314255664839,
  "A_6": 134.30445567536063,
  "A_7": 166.08659138370223,
  "A_8": 121.95023052971308,
  "A_9": 134.33177496507622,
  "A_10": 181.94585375384807,
  "A_11": 188.96354342343693,
  "A_12": 103.54270926090499,
  "A_13": 230.38541742827715,
  "A_14": 58.74822244510062,
  "A_15": 215.5253951502733,
  "A_16": 103.31134981152402,
  "A_17": 205.11971143208825,
  "A_18": 114.23273224698113,
  "A_19": 64.33359719206486,
  "A_20": 88.93713085510069,
  "A_21": 100.97864186800993,
  "A_22": 73.32563961435815,
  "A_23": 41.90273874276926,
  "A_24": 4.716473050834356,
  "A_25": 2.4152564320798326,
  "A_26": 37.128347289773316,
  "A_27": 83.68972864580965,
  "A_28": 1.2076282160399163,
  "A_29": 7.245769296239498,
  "A_30": 97.10725724099122,
  "A_31": 31.284293803712515,
  "A_32": 0.0,
  "A_33": 9.915469600518875,
  "A_34": 129.24583805180913,
  "A_35": 93.76433876378879,
  "A_36": 1.0935884027146072,
  "A_37": 32.43400361759085,
  "A_38": 70.51977011810158,
  "A_39": 72.8567757603658,
  "A_40": 2.279087240102637,
  "A_41": 46.28048527369356,
  "A_42": 46.41326154560488,
  "A_43": 67.9701414850424,
  "A_44": 54.66230473895359,
  "A_45": 1.2076282160399163,
  "A_46": 45.48136463358524,
  "A_47": 150.6426475623609,
  "A_48": 27.893723649140426,
  "A_49": 18.214803409066246,
  "A_50": 65.0041764271589,
  "A_51": 7.245769296239498,
  "A_52": 154.34236300041687,
  "A_53": 28.640957744982064,
  "A_54": 91.89801909925599,
  "A_55": 49.59524251434922,
  "A_56": 3.622884648119749,
  "A_57": 92.52518152387742,
  "A_58": 87.03595207848366,
  "A_59": 84.93973066356119,
  "A_60": 10.460146368427658,
  "A_61": 105.36479530087523,
  "A_62": 62.24773046652861,
  "A_63": 42.85760698027196,
  "A_64": 46.775713373234844,
  "A_65": 20.920292736855316,
  "A_66": 7.245769296239498,
  "A_67": 0.0,
  "A_68": 80.0864224031071,
  "A_69": 15.176619419262014,
  "A_70": 0.0,
  "A_71": 2.4152564320798326,
  "A_72": 65.80329706726722,
  "A_73": 51.87949453277437,
  "A_74": 8.571672192501763,
  "A_75": 36.228846481197486,
  "A_76": 109.73311705383875,
  "A_77": 112.44130815130994,
  "A_78": 31.39833361703782,
  "A_79": 20.39351048070138,
  "A_80": 50.56632136994445,
  "A_81": 124.54482163683042,
  "A_82": 32.74042199865139,
  "A_83": 43.5392069223948,
  "A_84": 58.49717149296696,
  "A_85": 60.22732196552256,
  "A_86": 0.0,
  "A_87": 83.15438869126733,
  "A_88": 45.612155418939494,
  "A_89": 118.41120127270293,
  "A_90": 183.44513486547663,
  "A_91": 64.07236747973356,
  "A_92": 50.72546188740469,
  "A_93": 3.622884648119749,
  "A_94": 91.417933476305,
  "A_95": 48.4097436769612,
  "A_96": 0.0,
  "A_97": 1.2076282160399163,
  "A_98": 38.89854678547687,
  "A_99": 54.389966354999196,
  "A_100": 3.350546264165357,
  "A_101": 3.622884648119749,
  "A_102": 21.73730788871849,
  "A_103": 22.672597720804017,
  "A_104": 6.038141080199582,
  "A_105": 0.0,
  "A_106": 88.24187126812004,
  "A_107": 13.271205775747966,
  "A_108": 10.732484752382051,
  "A_109": 38.862757761967174,
  "A_110": 36.856008905818925,
  "A_111": 198.29007749874324,
  "A_112": 115.22658136612957,
  "A_113": 24.270839001020676,
  "A_114": 28.869037371632686,
  "A_115": 36.22968842802866,
  "A_116": 0.0,
  "A_117": 7.720778105462278,
  "A_118": 0.0,
  "A_119": 13.363078511309542,
  "A_120": 10.868653944359247,
  "A_121": 10.276325499080816,
  "A_122": 0.0,
  "A_123": 56.95486312835484,
  "A_124": 85.94236367576906,
  "A_125": 50.29398298599005,
  "A_126": 31.753157657704868,
  "A_127": 38.21770082559088,
  "A_128": 131.59992139173823,
  "A_129": 151.4017443120625,
  "A_130": 18.759480176975032,
  "A_131": 27.54736934226746,
  "A_132": 94.64501514918429,
  "A_133": 3.622884648119749,
  "A_134": 31.125995233083433,
  "A_135": 96.2399514739294,
  "A_136": 18.641205496752683,
  "A_137": 0.0,
  "A_138": 146.77999656291922,
  "A_139": 53.09985248224663,
  "A_140": 73.9801841605483,
  "A_141": 33.76678031857917,
  "A_142": 45.639663204214315,
  "A_143": 90.78951441462215,
  "A_144": 24.31254678508974,
  "A_145": 58.53963325927288,
  "A_146": 126.88774603965399,
  "A_147": 19.031818560929423,
  "A_148": 1.2076282160399163,
  "A_149": 56.953342597510485,
  "A_150": 119.09042617077966,
  "A_151": 0.0,
  "A_152": 0.0,
  "A_153": 57.70537704692681,
  "A_154": 66.12760996008262,
  "A_155": 4.602433237509047,
  "A_156": 43.67537611437199,
  "A_157": 92.68771496140356,
  "A_158": 115.0794794317179,
  "A_159": 64.09101597372526,
  "A_160": 69.42618171538697,
  "A_161": 2.142918048125441,
  "A_162": 39.85173112931724,
  "A_163": 120.98147645268149,
  "A_164": 121.73378736225132,
  "A_165": 13.753691575486283,
  "A_166": 68.37345914991027,
  "A_167": 10.754614131033938,
  "A_168": 50.82076524214399,
  "A_169": 117.66330115921872,
  "A_170": 13.28391037643908,
  "A_171": 1.2076282160399163,
  "A_172": 80.25904663623653,
  "A_173": 66.30551206887009,
  "A_174": 2.4152564320798326,
  "A_175": 7.632989440350364,
  "A_176": 82.14706842282033,
  "A_177": 35.956508097243095,
  "A_178": 1.2076282160399163,
  "A_179": 69.55979993412946,
  "A_180": 36.93605668663239,
  "A_181": 0.0,
  "A_182": 0.0,
  "A_183": 64.00429545011556,
  "A_184": 32.41610910583601,
  "A_185": 5.357295120313602,
  "A_186": 125.556653232328,
  "A_187": 153.83489525589718,
  "A_188": 66.7564814111076,
  "A_189": 26.458015806449893,
  "A_190": 57.197632842253626,
  "A_191": 61.1328797647345,
  "A_192": 127.40927555289112,
  "A_193": 106.72147323877206,
  "A_194": 0.0,
  "A_195": 82.25916044870038,
  "A_196": 94.2723845613567,
  "A_197": 49.37658766565937,
  "A_198": 2.4152564320798326,
  "A_199": 23.63001693154143,
  "A_200": 61.96175757045763,
  "A_201": 5.357295120313602,
  "A_202": 40.905295641625116,
  "A_203": 163.01102244132028,
  "A_204": 84.53397512279415,
  "A_205": 2.3012166187545233,
  "A_206": 67.35484171428092,
  "A_207": 113.78240378964496,
  "A_208": 58.066534538383486,
  "A_209": 27.094603009032095,
  "A_210": 155.8077400441279
}