{
  "A_1": 194.86890823172521,
  "A_2": 148.88123195971679,
  "A_3": 114.09569597543154,
  "A_4": 149.99515275008545,
  "A_5": 76.08057761051472,
  "A_6": 12.941790936463152,
  "A_7": 54.34326972179623,
  "A_8": 65.21192366615549,
  "A_9": 57.966154369915984,
  "A_10": 16.61656212884959,
  "A_11": 32.978680385499636,
  "A_12": 84.26163673883974,
  "A_13": 27.893723649140426,
  "A_14": 8.980179768433352,
  "A_15": 65.73870592230942,
  "A_16": 68.72076850094993,
  "A_17": 3.622884648119749,
  "A_18": 37.322434883912095,
  "A_19": 70.1249221870278,
  "A_20": 41.05935934535715,
  "A_21": 18.114423240598747,
  "A_22": 119.94580645212847,
  "A_23": 89.36448798695382,
  "A_24": 12.647323173856872,
  "A_25": 7.245769296239498,
  "A_26": 154.87172136254674,
  "A_27": 100.09697273933585,
  "A_28": 52.062473455290046,
  "A_29": 117.84958503720598,
  "A_30": 90.42896010895494,
  "A_31": 190.23569995258157,
  "A_32": 9.66102572831933,
  "A_33": 97.72502002039312,
  "A_34": 194.43142260515688,
  "A_35": 69.88837282658311,
  "A_36": 39.27126533789877,
  "A_37": 120.75514355154628,
  "A_38": 55.25727212206104,
  "A_39": 50.84712948769291,
  "A_40": 91.96345219104496,
  "A_41": 16.134038629999427,
  "A_42": 76.68897844380895,
  "A_43": 167.71133513954456,
  "A_44": 56.21384938596728,
  "A_45": 29.61023960957943,
  "A_46": 149.26587599785174,
  "A_47": 202.57597642684726,
  "A_48": 26.74909064899029,
  "A_49": 30.19070540099791,
  "A_50": 89.25044817362851,
  "A_51": 107.20657284359817,
  "A_52": 76.48992713327749,
  "A_53": 24.25294448926583,
  "A_54": 79.05658319851912,
  "A_55": 50.606345260351176,
  "A_56": 26.567820752878156,
  "A_57": 73.5044716345711,
  "A_58": 111.62857813182625,
  "A_59": 0.0,
  "A_60": 48.03279025764226,
  "A_61": 92.98737263507356,
  "A_62": 27.529474830512612,
  "A_63": 39.85173112931723,
  "A_64": 105.99894462755825,
  "A_65": 94.19500085111346,
  "A_66": 47.6506469272596,
  "A_67": 78.22094468540547,
  "A_68": 58.9235735806534,
  "A_69": 121.69811143607717,
  "A_70": 12.076282160399163,
  "A_71": 51.670402692122046,
  "A_72": 84.36201690730725,
  "A_73": 19.3262863235357,
  "A_74": 39.85173112931724,
  "A_75": 53.088831775217834,
  "A_76": 197.53439880184877,
  "A_77": 93.14460306420044,
  "A_78": 8.317228320302219,
  "A_79": 61.55324999452604,
  "A_80": 205.65330466111516,
  "A_81": 113.73570715644198,
  "A_82": 41.05935934535715,
  "A_83": 70.04243653031514,
  "A_84": 31.693643326475268,
  "A_85": 36.77775811600331,
  "A_86": 38.27985409464951,
  "A_87": 17.319537467387455,
  "A_88": 9.38868734436494,
  "A_89": 97.81788549923323,
  "A_90": 95.03101635534557,
  "A_91": 57.97038923681303,
  "A_92": 42.48659745425361,
  "A_93": 74.60061101052042,
  "A_94": 92.98737263507357,
  "A_95": 29.145610622484114,
  "A_96": 9.66102572831933,
  "A_97": 95.03838024852557,
  "A_98": 29.596316070938734,
  "A_99": 2.4152564320798326,
  "A_100": 68.83480831427524,
  "A_101": 54.34326972179623,
  "A_102": 6.038141080199582,
  "A_103": 43.474615777436995,
  "A_104": 85.46926495487966,
  "A_105": 0.0,
  "A_106": 0.0,
  "A_107": 42.79376981755101,
  "A_108": 5.924101266874272,
  "A_109": 20.12117209674699,
  "A_110": 24.152564320798326,
  "A_111": 161.09113233885847,
  "A_112": 11.734162720423235,
  "A_113": 20.892219464902844,
  "A_114": 72.55807313086248,
  "A_115": 83.66327643566642,
  "A_116": 36.06883888416486,
  "A_117": 157.19069426297935,
  "A_118": 154.08873594230727,
  "A_119": 0.0,
  "A_120": 118.55007223436222,
  "A_121": 89.0648303132838,
  "A_122": 90.10992509179758,
  "A_123": 25.71501657750529,
  "A_124": 68.95308299449758,
  "A_125": 89.59161256943774,
  "A_126": 60.38141080199582,
  "A_127": 16.071885360940804,
  "A_128": 33.81359004911766,
  "A_129": 85.60543414685687,
  "A_130": 3.622884648119749,
  "A_131": 27.95595231642273,
  "A_132": 34.45864698549394,
  "A_133": 32.60596183307774,
  "A_134": 32.86040570527729,
  "A_135": 16.90679502455883,
  "A_136": 86.94923155487398,
  "A_137": 24.425744651583884,
  "A_138": 16.894090423867713,
  "A_139": 99.2799575874727,
  "A_140": 36.22884648119749,
  "A_141": 16.22594906467285,
  "A_142": 42.02101342299161,
  "A_143": 44.93668786567645,
  "A_144": 16.208054552918,
  "A_145": 53.135641505756325,
  "A_146": 77.95115727468578,
  "A_147": 80.77492128269719,
  "A_148": 15.000426336878085,
  "A_149": 59.00182437046901,
  "A_150": 126.89189294195674,
  "A_151": 96.52078472441907,
  "A_152": 93.76859876342705,
  "A_153": 95.88419752183685,
  "A_154": 0.0,
  "A_155": 40.7912558282998,
  "A_156": 6.428754144376322,
  "A_157": 26.770453479034703,
  "A_158": 76.9240324061505,
  "A_159": 54.81984932734582,
  "A_160": 27.775448968918077,
  "A_161": 4.830512864159665,
  "A_162": 15.562997616541717,
  "A_163": 19.32205145663866,
  "A_164": 9.38868734436494,
  "A_165": 42.89414998601851,
  "A_166": 5.357295120313602,
  "A_167": 20.39351048070138,
  "A_168": 91.33544781959236,
  "A_169": 81.67442209127302,
  "A_170": 155.59418714190747,
  "A_171": 148.3229332460621,
  "A_172": 78.80384835272312,
  "A_173": 33.1999741720185,
  "A_174": 0.0,
  "A_175": 2.142918048125441,
  "A_176": 121.51916631852869,
  "A_177": 71.742013023166,
  "A_178": 1.2076282160399163,
  "A_179": 94.11492793755878,
  "A_180": 70.3504508404437,
  "A_181": 12.857508288752644,
  "A_182": 20.529679672678576,
  "A_183": 141.58781098610766,
  "A_184": 20.18756023270265,
  "A_185": 10.868653944359247,
  "A_186": 39.87215148156558,
  "A_187": 80.5025828987428,
  "A_188": 32.01363338779931,
  "A_189": 22.80876691278121,
  "A_190": 28.983077184957992,
  "A_191": 30.190705400997906,
  "A_192": 17.978254048621547,
  "A_193": 18.19359137546921,
  "A_194": 30.445149273197455,
  "A_195": 21.737307888718494,
  "A_196": 96.6102572831933,
  "A_197": 38.64410291327732,
  "A_198": 51.928013289716404,
  "A_199": 20.52967967267858,
  "A_200": 2.142918048125441,
  "A_201": 133.46626618901226,
  "A_202": 13.28391037643908,
  "A_203": 52.015663724751576,
  "A_204": 18.114423240598747,
  "A_205": 0.0,
  "A_206": 54.87089392478134,
  "A_207": 84.24374222708491,
  "A_208": 127.41023059705779,
  "A_209": 62.198306930902326,
  "A_210": 45.32730092985319,
  "A_211": 101.0322625714214,
  "A_212": 145.99107981574974,
  "A_213": 127.8399125074746,
  "A_214": 134.41002575489182,
  "A_215": 177.7221080948027,
  "A_216": 120.26484146928581,
  "A_217": 107.0252526820036,
  "A_218": 192.59411869037268,
  "A_219": 201.18863654465133,
  "A_220": 160.20590692730053,
  "A_221": 99.54287119346631,
  "A_222": 134.47217902395045,
  "A_223": 216.14408784110063,
  "A_224": 98.66030985247863,
  "A_225": 233.11727100161514,
  "A_226": 286.33360117308627
}