{
  "A_1": 85.11106056051739,
  "A_2": 53.76280393037776,
  "A_3": 20.239446776969338,
  "A_4": 155.7406230586766,
  "A_5": 59.54734308520896,
  "A_6": 157.06989374226353,
  "A_7": 119.93635654142648,
  "A_8": 144.61657019795112,
  "A_9": 18.232697920821096,
  "A_10": 97.99394035154042,
  "A_11": 31.402568483934864,
  "A_12": 75.05761221065282,
  "A_13": 126.61110995694948,
  "A_14": 41.17763402557951,
  "A_15": 51.91687948535209,
  "A_16": 21.39942331563961,
  "A_17": 143.80813787721755,
  "A_18": 2.1871768054292144,
  "A_19": 0.0,
  "A_20": 13.67452344061582,
  "A_21": 12.739233608530295,
  "A_22": 15.018320848632932,
  "A_23": 57.966154369915984,
  "A_24": 64.77186193361125,
  "A_25": 45.45836817536097,
  "A_26": 151.6513124324637,
  "A_27": 132.19475054476894,
  "A_28": 2.4152564320798326,
  "A_29": 63.40593514694224,
  "A_30": 135.3298589511217,
  "A_31": 17.960359536866704,
  "A_32": 120.27754606997694,
  "A_33": 7.636382360416238,
  "A_34": 42.60391709030927,
  "A_35": 12.257552056511297,
  "A_36": 1.0714590240627204,
  "A_37": 0.0,
  "A_38": 1.2076282160399163,
  "A_39": 0.0,
  "A_40": 0.0,
  "A_41": 16.634456640604437,
  "A_42": 0.0,
  "A_43": 10.986928624581596,
  "A_44": 80.76557190296012,
  "A_45": 4.285836096250882,
  "A_46": 31.889326849682067,
  "A_47": 97.02967246881815,
  "A_48": 39.54360372185316,
  "A_49": 100.3641840440796,
  "A_50": 51.9986362925691,
  "A_51": 8.20318850697691,
  "A_52": 3.3948050214691308,
  "A_53": 93.53115719066875,
  "A_54": 106.63211377733336,
  "A_55": 1.2076282160399163,
  "A_56": 1.2076282160399163,
  "A_57": 51.7918440977392,
  "A_58": 22.694727099455903,
  "A_59": 1.2076282160399163,
  "A_60": 16.5646755845829,
  "A_61": 96.73952753770324,
  "A_62": 8.453397512279414,
  "A_63": 0.0,
  "A_64": 6.564923336353519,
  "A_65": 61.242571613827245,
  "A_66": 19.576495328838206,
  "A_67": 5.76580269624519,
  "A_68": 122.79254178562292,
  "A_69": 39.11720163416672,
  "A_70": 100.0705833610457,
  "A_71": 58.732011827008115,
  "A_72": 57.09467656781019,
  "A_73": 151.75264764509788,
  "A_74": 68.91729397098788,
  "A_75": 38.23559533734573,
  "A_76": 132.9274830489216,
  "A_77": 20.529679672678576,
  "A_78": 10.714590240627205,
  "A_79": 7.324937431109961,
  "A_80": 87.39002213691386,
  "A_81": 134.80307669496779,
  "A_82": 78.15453141670858,
  "A_83": 4.558174480205274,
  "A_84": 63.56252469116777,
  "A_85": 7.544471925742817,
  "A_86": 10.868653944359247,
  "A_87": 0.0,
  "A_88": 18.435368346089483,
  "A_89": 9.66102572831933,
  "A_90": 72.34693297180002,
  "A_91": 20.12117209674699,
  "A_92": 122.31764607373569,
  "A_93": 19.69477000906055,
  "A_94": 42.15294774807176,
  "A_95": 131.89862402124155,
  "A_96": 61.878316869578285,
  "A_97": 59.22047921915886,
  "A_98": 11.620122907097926,
  "A_99": 117.72458734870497,
  "A_100": 52.695579773212074,
  "A_101": 0.0,
  "A_102": 7.772551552393435,
  "A_103": 112.84711395755943,
  "A_104": 74.94102142409281,
  "A_105": 0.0,
  "A_106": 48.264237671617536,
  "A_107": 56.8989302127503,
  "A_108": 17.65826398729751,
  "A_109": 0.0,
  "A_110": 47.842937530400526,
  "A_111": 111.07624844421333,
  "A_112": 0.0,
  "A_113": 0.0,
  "A_114": 82.18330983567212,
  "A_115": 43.438826753927295,
  "A_116": 59.80517987747439,
  "A_117": 8.748707221716858,
  "A_118": 61.4018000958818,
  "A_119": 0.0,
  "A_120": 0.0,
  "A_121": 0.0,
  "A_122": 0.0,
  "A_123": 3.622884648119749,
  "A_124": 0.0,
  "A_125": 0.0,
  "A_126": 2.4152564320798326,
  "A_127": 2.4152564320798326,
  "A_128": 1.2076282160399163,
  "A_129": 0.0,
  "A_130": 7.245769296239498,
  "A_131": 0.0,
  "A_132": 0.0,
  "A_133": 0.0,
  "A_134": 63.570240442725,
  "A_135": 1.0714590240627204,
  "A_136": 0.0,
  "A_137": 15.408933912809674,
  "A_138": 141.78346937657324,
  "A_139": 89.85461414002569,
  "A_140": 51.34754749829793,
  "A_141": 28.526917931656754,
  "A_142": 97.42893119597758,
  "A_143": 0.0,
  "A_144": 0.0,
  "A_145": 0.0,
  "A_146": 1.2076282160399163,
  "A_147": 0.0,
  "A_148": 1.2076282160399163,
  "A_149": 0.0,
  "A_150": 0.0,
  "A_151": 26.635050835664984,
  "A_152": 0.0,
  "A_153": 9.643131216564484,
  "A_154": 19.558600817083356,
  "A_155": 66.81016494637214,
  "A_156": 75.20648600332115,
  "A_157": 132.9011188033727,
  "A_158": 35.23987311384742,
  "A_159": 84.49795990461341,
  "A_160": 111.51781814123129,
  "A_161": 40.24234419349398,
  "A_162": 31.07231169781889,
  "A_163": 16.108516331281663,
  "A_164": 6.038141080199582,
  "A_165": 12.466895224575904,
  "A_166": 1.2076282160399163,
  "A_167": 2.279087240102637,
  "A_168": 82.5918174116037,
  "A_169": 37.26451648175052,
  "A_170": 0.0,
  "A_171": 30.699593145397,
  "A_172": 132.8543342055754,
  "A_173": 87.65887963620807,
  "A_174": 33.000809764151526,
  "A_175": 18.114423240598747,
  "A_176": 0.0,
  "A_177": 27.85793462563073,
  "A_178": 25.36019253683824,
  "A_179": 111.35441762413278,
  "A_180": 69.26457818928633,
  "A_181": 0.0,
  "A_182": 0.0,
  "A_183": 0.0,
  "A_184": 2.4152564320798326,
  "A_185": 0.0,
  "A_186": 3.214377072188161,
  "A_187": 45.173237226121145,
  "A_188": 37.55474937745976,
  "A_189": 163.73934414938728,
  "A_190": 61.575379373177924,
  "A_191": 95.56844232740987,
  "A_192": 172.76735152437888,
  "A_193": 142.28539535165197,
  "A_194": 29.21962654540269,
  "A_195": 35.047582510706505,
  "A_196": 18.48714179302064,
  "A_197": 42.757980794041316,
  "A_198": 24.20529281189618,
  "A_199": 3.622884648119749,
  "A_200": 44.62856045821236,
  "A_201": 1.2076282160399163,
  "A_202": 91.18943915942415,
  "A_203": 85.26668249420558,
  "A_204": 0.0,
  "A_205": 64.47484319777026,
  "A_206": 137.4548824874923,
  "A_207": 61.81880253834868,
  "A_208": 63.578735309260296,
  "A_209": 24.904033283537007,
  "A_210": 113.35600170195852,
  "A_211": 68.745335755501,
  "A_212": 1.2076282160399163,
  "A_213": 14.491538592478996,
  "A_214": 56.87680083409842,
  "A_215": 48.234480506002726,
  "A_216": 2.4152564320798326,
  "A_217": 64.5991497358875,
  "A_218": 148.85896435098817,
  "A_219": 23.880225936843935,
  "A_220": 0.0,
  "A_221": 29.237521057157533,
  "A_222": 146.54147428228805,
  "A_223": 41.14795225818839,
  "A_224": 27.775448968918077,
  "A_225": 0.0,
  "A_226": 1.0714590240627204,
  "A_227": 0.0,
  "A_228": 0.0,
  "A_229": 0.0,
  "A_230": 5.357295120313602,
  "A_231": 0.0,
  "A_232": 0.0,
  "A_233": 0.0,
  "A_234": 2.279087240102637,
  "A_235": 33.23312425769918,
  "A_236": 31.516608297260177,
  "A_237": 68.02626289620613,
  "A_238": 72.04918538646339,
  "A_239": 1.0714590240627204,
  "A_240": 28.166062033094818,
  "A_241": 0.0,
  "A_242": 1.2076282160399163,
  "A_243": 7.522342547090929,
  "A_244": 32.06128506516895,
  "A_245": 42.213304026132526,
  "A_246": 32.49192201975243,
  "A_247": 140.93248732493944,
  "A_248": 42.179311993620686,
  "A_249": 9.643131216564484,
  "A_250": 0.0,
  "A_251": 58.08442905013833,
  "A_252": 44.49239126623517,
  "A_253": 78.13402309986594,
  "A_254": 34.9275988040806,
  "A_255": 1.2076282160399163,
  "A_256": 32.605961833077735,
  "A_257": 86.35603603002316,
  "A_258": 2.4152564320798326,
  "A_259": 0.0,
  "A_260": 58.78653730910382,
  "A_261": 14.105160395199295,
  "A_262": 6.038141080199582,
  "A_263": 57.9193446393775,
  "A_264": 91.26386977257297,
  "A_265": 8.181059128325023,
  "A_266": 78.98596019566642,
  "A_267": 8.571672192501763,
  "A_268": 2.4152564320798326,
  "A_269": 0.0,
  "A_270": 0.0,
  "A_271": 0.0,
  "A_272": 0.0,
  "A_273": 0.0,
  "A_274": 6.428754144376322,
  "A_275": 2.3012166187545233,
  "A_276": 1.2076282160399163,
  "A_277": 43.711165137881686,
  "A_278": 77.94173249672501,
  "A_279": 78.83276357150676,
  "A_280": 22.90914708124872,
  "A_281": 111.96464058116607,
  "A_282": 109.01488614137507,
  "A_283": 106.05834586145232,
  "A_284": 65.73870592230942,
  "A_285": 0.0,
  "A_286": 4.830512864159665,
  "A_287": 61.589039018035734,
  "A_288": 15.312788611239212,
  "A_289": 0.0,
  "A_290": 0.0,
  "A_291": 14.74598246467854,
  "A_292": 2.4152564320798326,
  "A_293": 0.0,