{
  "A_1": 113.60595937984874,
  "A_2": 5.901971888222386,
  "A_3": 12.466895224575904,
  "A_4": 3.214377072188161,
  "A_5": 75.94440841853753,
  "A_6": 13.332404000639892,
  "A_7": 81.73655022759043,
  "A_8": 12.076282160399163,
  "A_9": 46.9782707011677,
  "A_10": 0.0,
  "A_11": 76.18864839779823,
  "A_12": 3.4867154561425533,
  "A_13": 47.72466285017818,
  "A_14": 52.1287736266514,
  "A_15": 46.929777076966886,
  "A_16": 66.09776482987351,
  "A_17": 122.01619140906783,
  "A_18": 99.66207578511413,
  "A_19": 125.57967482329349,
  "A_20": 92.76857955630697,
  "A_21": 57.85211455659067,
  "A_22": 35.45098814016867,
  "A_23": 20.78412354487812,
  "A_24": 4.374353610858429,
  "A_25": 27.775448968918074,
  "A_26": 2.4152564320798326,
  "A_27": 76.20975990043036,
  "A_28": 5.629633504267994,
  "A_29": 28.983077184957992,
  "A_30": 121.92004610749737,
  "A_31": 119.56534701540812,
  "A_32": 3.622884648119749,
  "A_33": 45.32730092985319,
  "A_34": 125.57268792123192,
  "A_35": 53.917709580940965,
  "A_36": 21.701518865208797,
  "A_37": 129.17344319069977,
  "A_38": 94.81697336467118,
  "A_39": 55.677642351852576,
  "A_40": 26.33974112622754,
  "A_41": 40.27717817283698,
  "A_42": 1.2076282160399163,
  "A_43": 4.69434367218247,
  "A_44": 2.1871768054292144,
  "A_45": 4.3522242322065425,
  "A_46": 3.372675642817244,
  "A_47": 11.581167158193416,
  "A_48": 42.584765941492996,
  "A_49": 8.453397512279414,
  "A_50": 67.5998608085197,
  "A_51": 2.142918048125441,
  "A_52": 60.19155807475408,
  "A_53": 104.78432950945674,
  "A_54": 68.2585773897538,
  "A_55": 111.9850609334144,
  "A_56": 53.63774341002365,
  "A_57": 47.28468908222824,
  "A_58": 66.03146465851215,
  "A_59": 0.0,
  "A_60": 10.8507594326044,
  "A_61": 0.0,
  "A_62": 65.67136274218707,
  "A_63": 1.2076282160399163,
  "A_64": 121.50894985921923,
  "A_65": 118.77562602051935,
  "A_66": 91.48008674536364,
  "A_67": 22.77297788927152,
  "A_68": 32.588067321322896,
  "A_69": 141.36478304044402,
  "A_70": 40.923190153379956,
  "A_71": 0.0,
  "A_72": 3.622884648119749,
  "A_73": 2.4152564320798326,
  "A_74": 22.11002644114039,
  "A_75": 89.12095172444754,
  "A_76": 22.127920952895234,
  "A_77": 135.36243098375414,
  "A_78": 87.91935536630251,
  "A_79": 32.978680385499636,
  "A_80": 58.811971643227274,
  "A_81": 125.39330298071192,
  "A_82": 3.622884648119749,
  "A_83": 1.2076282160399163,
  "A_84": 1.2076282160399163,
  "A_85": 10.986928624581596,
  "A_86": 48.82680895128117,
  "A_87": 36.73773422559658,
  "A_88": 45.97235786622947,
  "A_89": 144.0481429895812,
  "A_90": 206.14864585799194,
  "A_91": 124.03744185690505,
  "A_92": 73.01327733999705,
  "A_93": 157.90715331718644,
  "A_94": 96.3948822572338,
  "A_95": 53.20023265071413,
  "A_96": 14.06513650479256,
  "A_97": 14.377498779153687,
  "A_98": 74.41679014117358,
  "A_99": 4.909680999030129,
  "A_100": 31.108100721328583,
  "A_101": 2.142918048125441,
  "A_102": 117.5228971003445,
  "A_103": 21.653867187839154,
  "A_104": 56.19595487421244,
  "A_105": 7.500213168439043,
  "A_106": 13.951096691467251,
  "A_107": 4.830512864159665,
  "A_108": 87.14056711384822,
  "A_109": 0.0,
  "A_110": 25.188234321351352,
  "A_111": 90.6129569074904,
  "A_112": 59.32265637862422,
  "A_113": 74.73678020249761,
  "A_114": 105.06693461820308,
  "A_115": 56.332124066189635,
  "A_116": 175.69131977166919,
  "A_117": 106.17331558620312,
  "A_118": 68.9275355630386,
  "A_119": 56.22916779174621,
  "A_120": 16.841248835434335,
  "A_121": 1.2076282160399163,
  "A_122": 35.02121826515757,
  "A_123": 0.0,
  "A_124": 93.05118466505328,
  "A_125": 7.636382360416238,
  "A_126": 150.66315587920357,
  "A_127": 53.20023265071413,
  "A_128": 65.92157174748958,
  "A_129": 138.71118025692164,
  "A_130": 27.77544896891807,
  "A_131": 13.67452344061582,
  "A_132": 79.82002791245328,
  "A_133": 18.35097260104344,
  "A_134": 11.395436200513185,
  "A_135": 79.58942244530917,
  "A_136": 150.6844684437655,
  "A_137": 135.581085832444,
  "A_138": 18.000383427273434,
  "A_139": 96.77279072071943,
  "A_140": 0.0,
  "A_141": 0.0,
  "A_142": 0.0,
  "A_143": 0.0,
  "A_144": 6.995560290936993,
  "A_145": 6.038141080199582,
  "A_146": 20.357721457191687,
  "A_147": 13.28391037643908,
  "A_148": 68.3292003926065,
  "A_149": 2.142918048125441,
  "A_150": 6.038141080199582,
  "A_151": 97.32414023142445,
  "A_152": 58.23330284280665,
  "A_153": 52.45479554587034,
  "A_154": 113.1127795987176,
  "A_155": 66.11142447473131,
  "A_156": 97.83233682543977,
  "A_157": 0.0,
  "A_158": 0.0,
  "A_159": 1.2076282160399163,
  "A_160": 109.44816203378757,
  "A_161": 3.622884648119749,
  "A_162": 101.44077014735296,
  "A_163": 80.36641370676561,
  "A_164": 87.97547677746624,
  "A_165": 27.331152369476797,
  "A_166": 35.13949294537992,
  "A_167": 158.27902992277717,
  "A_168": 151.53986129148495,
  "A_169": 7.908720744370631,
  "A_170": 14.083031016547409,
  "A_171": 1.2076282160399163,
  "A_172": 18.623310984997836,
  "A_173": 149.59265189930753,
  "A_174": 39.48916620435175,
  "A_175": 148.5323015468679,
  "A_176": 119.68193780196813,
  "A_177": 45.70001948227508,
  "A_178": 26.45378093955285,
  "A_179": 72.20661687752009,
  "A_180": 0.0,
  "A_181": 0.0,
  "A_182": 1.2076282160399163,
  "A_183": 2.279087240102637,
  "A_184": 3.4867154561425533,
  "A_185": 16.23018393156989,
  "A_186": 58.08442905013833,
  "A_187": 122.97030566433367,
  "A_188": 22.11002644114039,
  "A_189": 66.42376161635121,
  "A_190": 52.749263308476614,
  "A_191": 90.43594701101654,
  "A_192": 32.33362344912335,
  "A_193": 48.914396554463245,
  "A_194": 58.20270373036068,
  "A_195": 80.77492128269719,
  "A_196": 82.43775370787168,
  "A_197": 152.67941747790687,
  "A_198": 73.52915198645769,
  "A_199": 92.98737263507356,
  "A_200": 41.90273874276926,
  "A_201": 60.24947647691566,
  "A_202": 157.8699191610561,
  "A_203": 108.13487577362211,
  "A_204": 93.61874479385081,
  "A_205": 70.96406671754286,
  "A_206": 162.5052385904629,
  "A_207": 122.34134624871437,
  "A_208": 129.62798138219176,
  "A_209": 109.33159637996874,
  "A_210": 66.45522780836957,
  "A_211": 140.54854700355892,
  "A_212": 183.58130405745382,
  "A_213": 163.16746118909842
}