{
  "A_1": 237.49071983378934,
  "A_2": 241.8957353889468,
  "A_3": 198.22029644272172,
  "A_4": 164.06547916594172,
  "A_5": 138.75282520913763,
  "A_6": 90.08440279307983,
  "A_7": 164.45693417694963,
  "A_8": 210.14001419163654,
  "A_9": 126.81790215177938,
  "A_10": 101.86621719087272,
  "A_11": 108.28554655728828,
  "A_12": 143.5824961264661,
  "A_13": 161.5846765447374,
  "A_14": 102.27895963370136,
  "A_15": 169.76997053995944,
  "A_16": 83.0275311799154,
  "A_17": 105.64740040962155,
  "A_18": 91.59073363862308,
  "A_19": 136.21248312396247,
  "A_20": 152.64959748043898,
  "A_21": 79.55871023552768,
  "A_22": 188.2197022476612,
  "A_23": 85.23176055026829,
  "A_24": 90.67418026512357,
  "A_25": 136.2583629430755,
  "A_26": 124.93026992268463,
  "A_27": 118.28529880551766,
  "A_28": 130.7700885418484,
  "A_29": 93.73025876668264,
  "A_30": 95.7770315132376,
  "A_31": 125.57967482329349,
  "A_32": 92.22308597430823,
  "A_33": 144.08619395980148,
  "A_34": 94.11579501713118,
  "A_35": 168.95641114001523,
  "A_36": 108.53247573986042,
  "A_37": 170.62689648489385,
  "A_38": 158.50635556719092,
  "A_39": 184.77301068192534,
  "A_40": 176.71022623382265,
  "A_41": 199.4015604132127,
  "A_42": 47.03618910332928,
  "A_43": 196.8058760318519,
  "A_44": 160.28853081408994,
  "A_45": 47.35278624458745,
  "A_46": 88.95598041102221,
  "A_47": 129.4919252875501,
  "A_48": 55.896385165136735,
  "A_49": 75.70087215603125,
  "A_50": 89.45315629800874,
  "A_51": 56.423808306192015,
  "A_52": 19.848833712792597,
  "A_53": 93.21203420891709,
  "A_54": 123.42637695304059,
  "A_55": 18.214803409066246,
  "A_56": 128.7812090647138,
  "A_57": 30.971931529351387,
  "A_58": 75.12739326667436,
  "A_59": 112.14074569895568,
  "A_60": 63.41196700483712,
  "A_61": 15.334917989891098,
  "A_62": 77.10351787763543,
  "A_63": 78.29664450198636,
  "A_64": 86.01560048370958,
  "A_65": 21.737307888718494,
  "A_66": 146.8480685925372,
  "A_67": 108.15277028537695,
  "A_68": 41.72231079348829,
  "A_69": 32.10561922069642,
  "A_70": 129.09621027690392,
  "A_71": 31.011955419758124,
  "A_72": 13.763040955223367,
  "A_73": 189.0895087224753,
  "A_74": 117.9141761821638,
  "A_75": 150.08872194567996,
  "A_76": 97.91284956196594,
  "A_77": 154.22832318709158,
  "A_78": 185.7449063516105,
  "A_79": 48.83191089775059,
  "A_80": 64.00429545011556,
  "A_81": 128.62389067099264,
  "A_82": 119.35591588274922,
  "A_83": 23.61212241978658,
  "A_84": 111.69323210863715,
  "A_85": 136.88578926147983,
  "A_86": 30.076665587672597,
  "A_87": 84.0040261412454,
  "A_88": 111.5315657506834,
  "A_89": 82.12962630040758,
  "A_90": 16.362118256650042,
  "A_91": 133.19392780505785,
  "A_92": 69.44407622714182,
  "A_93": 56.94139197905622,
  "A_94": 169.06424316625706,
  "A_95": 107.02095498325346,
  "A_96": 144.95106185096412,
  "A_97": 75.89919461706708,
  "A_98": 125.35928581545886,
  "A_99": 103.7198573874556,
  "A_100": 100.5718433184819,
  "A_101": 13.011571992484688,
  "A_102": 93.6791262046528,
  "A_103": 62.66473290899549,
  "A_104": 22.132155819792274,
  "A_105": 82.11871869071432,
  "A_106": 58.633340684944145,
  "A_107": 163.74291299864177,
  "A_108": 23.10327237449934,
  "A_109": 108.93399641373044,
  "A_110": 145.87428796725987,
  "A_111": 46.32897889789437,
  "A_112": 87.92707111785973,
  "A_113": 149.33142218697623,
  "A_114": 53.412214756607746,
  "A_115": 35.733505284320685,
  "A_116": 128.82450021148026,
  "A_117": 97.70384568590791,
  "A_118": 31.262164425060625,
  "A_119": 40.03300102542937,
  "A_120": 115.57019620420861,
  "A_121": 94.63654541539023,
  "A_122": 9.643131216564484,
  "A_123": 39.5665750473362,
  "A_124": 84.24455904117485,
  "A_125": 107.18102541213918,
  "A_126": 0.0,
  "A_127": 66.77437592286245,
  "A_128": 95.9999212288245,
  "A_129": 36.73773422559658,
  "A_130": 12.993677480729842,
  "A_131": 55.941511002012895,
  "A_132": 98.8714500115411,
  "A_133": 125.07745982169062,
  "A_134": 16.45063577125759,
  "A_135": 47.41323048724252,
  "A_136": 164.66634017686732,
  "A_137": 66.78716848814787,
  "A_138": 28.983077184957992,
  "A_139": 73.2159226325242,
  "A_140": 59.314186644830144,
  "A_141": 32.04762542031116,
  "A_142": 104.92748560349553,
  "A_143": 101.1972338848467,
  "A_144": 106.03723435882023,
  "A_145": 91.03419421685433,
  "A_146": 107.8337352682196,
  "A_147": 112.3561207249152,
  "A_148": 110.023349949548,
  "A_149": 202.5393454565064,
  "A_150": 112.8183118361113,
  "A_151": 88.68448397389899,
  "A_152": 61.5898809648669,
  "A_153": 204.2363081442694,
  "A_154": 73.2482307713737,
  "A_155": 177.46169519656135,
  "A_156": 171.7427273635959,
  "A_157": 117.03013200944363,
  "A_158": 92.26734473161201,
  "A_159": 127.67314420305144,
  "A_160": 101.57174942826643,
  "A_161": 241.049478292664
}