{
  "A_1": 245.5577014496772,
  "A_2": 165.12931040304156,
  "A_3": 61.62387299737874,
  "A_4": 90.96272926717046,
  "A_5": 152.54400226816654,
  "A_6": 28.460529795701095,
  "A_7": 157.78395261968328,
  "A_8": 121.85641000670624,
  "A_9": 170.42788287347426,
  "A_10": 86.14924383519327,
  "A_11": 46.983460612231426,
  "A_12": 78.35966485061738,
  "A_13": 46.30261465234545,
  "A_14": 101.56995243726858,
  "A_15": 77.0983530993129,
  "A_16": 142.3860896793848,
  "A_17": 24.679346576952263,
  "A_18": 124.50383013588637,
  "A_19": 84.53397512279415,
  "A_20": 66.4195518821954,
  "A_21": 80.23447938168546,
  "A_22": 56.18630390158062,
  "A_23": 56.568673426634334,
  "A_24": 83.19017771477704,
  "A_25": 39.85173112931724,
  "A_26": 55.72019208275281,
  "A_27": 97.08732697719687,
  "A_28": 58.049406575236134,
  "A_29": 28.983077184957992,
  "A_30": 28.42050590529436,
  "A_31": 67.72756026670281,
  "A_32": 162.43144886221538,
  "A_33": 116.42330197247621,
  "A_34": 10.8507594326044,
  "A_35": 56.590802805286216,
  "A_36": 20.362949067367264,
  "A_37": 57.44784184755612,
  "A_38": 130.60851014848896,
  "A_39": 125.84079143828927,
  "A_40": 59.924384469122195,
  "A_41": 15.953610680718457,
  "A_42": 132.5888947590883,
  "A_43": 133.27641346177052,
  "A_44": 8.980179768433352,
  "A_45": 99.43144518522882,
  "A_46": 92.83330893134152,
  "A_47": 56.75852615387607,
  "A_48": 16.90679502455883,
  "A_49": 96.47408809121612,
  "A_50": 66.2833826902182,
  "A_51": 37.43647469723741,
  "A_52": 73.83122240328568,
  "A_53": 123.68696578047056,
  "A_54": 131.7318557168184,
  "A_55": 47.09750042555674,
  "A_56": 56.60446245014403,
  "A_57": 182.8982212835985,
  "A_58": 59.70056484210984,
  "A_59": 44.273736417545315,
  "A_60": 23.880225936843935,
  "A_61": 110.88851943360542,
  "A_62": 79.80807729399902,
  "A_63": 83.6829176729367,
  "A_64": 73.81239798010536,
  "A_65": 117.25821163609425,
  "A_66": 75.71632879188692,
  "A_67": 37.63910742339395,
  "A_68": 150.67180154218627,
  "A_69": 51.5416350924367,
  "A_70": 9.546985914994021,
  "A_71": 126.94047453075186,
  "A_72": 187.0129159784524,
  "A_73": 126.61110995694948,
  "A_74": 23.980606105311438,
  "A_75": 112.8183118361113,
  "A_76": 54.58828881603501,
  "A_77": 47.57747295117219,
  "A_78": 183.10162055836253,
  "A_79": 59.173782585955905,
  "A_80": 76.21332874968483,
  "A_81": 57.13716346685733,
  "A_82": 75.96653779718942,
  "A_83": 11.962242347073854,
  "A_84": 48.896502042708406,
  "A_85": 21.73730788871849,
  "A_86": 90.57211620299371,
  "A_87": 0.0,
  "A_88": 72.54017861910764,
  "A_89": 27.63927977694088,
  "A_90": 81.92886596347257,
  "A_91": 58.76527501002431,
  "A_92": 29.415398033203797,
  "A_93": 26.549926241123313,
  "A_94": 81.02936515489674,
  "A_95": 28.846907992980796,
  "A_96": 49.61313702610407,
  "A_97": 30.19070540099791,
  "A_98": 51.54163509243669,
  "A_99": 12.076282160399163,
  "A_100": 1.2076282160399163,
  "A_101": 84.22584771533006,
  "A_102": 119.25130084738467,
  "A_103": 49.59524251434922,
  "A_104": 53.218127162468974,
  "A_105": 14.337474888746954,
  "A_106": 101.16567972823404,
  "A_107": 153.16112416266708,
  "A_108": 162.64085486213307,
  "A_109": 25.08530317964914,
  "A_110": 0.0,
  "A_111": 100.91288205058498,
  "A_112": 19.093971829988043,
  "A_113": 6.83726172030791,
  "A_114": 20.393510480701384,
  "A_115": 57.6580269624519,
  "A_116": 6.973430912285107,
  "A_117": 38.895995812242155,
  "A_118": 51.928013289716404,
  "A_119": 72.32152377041778,
  "A_120": 14.3553694005018,
  "A_121": 14.74598246467854,
  "A_122": 104.76060420173687,
  "A_123": 90.57211620299374,
  "A_124": 79.38885060393338,
  "A_125": 17.591875851341847,
  "A_126": 60.91242792504679,
  "A_127": 49.51275685763657,
  "A_128": 130.07993090133718,
  "A_129": 20.12117209674699,
  "A_130": 169.79972770557424,
  "A_131": 78.49583404259457,
  "A_132": 60.24524161001861,
  "A_133": 80.37732131645888,
  "A_134": 130.628842536143,
  "A_135": 33.6573146641575,
  "A_136": 147.39103633404244,
  "A_137": 189.6409713305158,
  "A_138": 111.61491848696843,
  "A_139": 95.50300923562088,
  "A_140": 180.85226535113344,
  "A_141": 107.87375915862633,
  "A_142": 107.94682003737822,
  "A_143": 202.40317626452918,
  "A_144": 207.53913989921202,
  "A_145": 181.67595324579284,
  "A_146": 153.00863125526186,
  "A_147": 134.40155602109778,
  "A_148": 197.31052890935393,
  "A_149": 156.03149683928717
}