{
  "A_1": 189.47074727417373,
  "A_2": 104.72153535549678,
  "A_3": 102.83126418857303,
  "A_4": 104.4840058181442,
  "A_5": 82.004678877389,
  "A_6": 3.280765208143822,
  "A_7": 78.38179422926925,
  "A_8": 60.44600194695363,
  "A_9": 67.62718009823533,
  "A_10": 2.4152564320798326,
  "A_11": 77.99785390788874,
  "A_12": 140.1494642055881,
  "A_13": 51.11099813785323,
  "A_14": 19.694770009060555,
  "A_15": 0.0,
  "A_16": 49.358693153904525,
  "A_17": 88.10317623564936,
  "A_18": 151.6740826960169,
  "A_19": 25.460572705305744,
  "A_20": 35.54460760124563,
  "A_21": 101.03226257142138,
  "A_22": 170.0713121072918,
  "A_23": 58.183552581544404,
  "A_24": 22.944936104758412,
  "A_25": 73.84818700361505,
  "A_26": 83.21230709342893,
  "A_27": 1.0935884027146072,
  "A_28": 53.13564150575632,
  "A_29": 105.06365479547271,
  "A_30": 15.699166808518912,
  "A_31": 1.0714590240627204,
  "A_32": 122.85974673566855,
  "A_33": 60.428107435198775,
  "A_34": 38.50793372130013,
  "A_35": 22.808766912781216,
  "A_36": 66.6561012426401,
  "A_37": 44.6822439934769,
  "A_38": 12.076282160399163,
  "A_39": 75.94440841853752,
  "A_40": 115.79613954785478,
  "A_41": 61.589039018035734,
  "A_42": 24.01639512882113,
  "A_43": 79.70346225863447,
  "A_44": 68.83480831427524,
  "A_45": 36.228846481197486,
  "A_46": 52.22332299915384,
  "A_47": 26.56782075287816,
  "A_48": 124.16270343918896,
  "A_49": 5.901971888222386,
  "A_50": 106.15724319818733,
  "A_51": 74.36734147280607,
  "A_52": 71.00409060794959,
  "A_53": 41.898478743131,
  "A_54": 1.0935884027146072,
  "A_55": 43.37412251163396,
  "A_56": 7.131729482914189,
  "A_57": 20.39351048070138,
  "A_58": 9.66102572831933,
  "A_59": 29.11753735053164,
  "A_60": 9.66102572831933,
  "A_61": 58.22059824211553,
  "A_62": 27.775448968918077,
  "A_63": 0.0,
  "A_64": 28.983077184957992,
  "A_65": 60.63585467419536,
  "A_66": 36.22884648119749,
  "A_67": 0.0,
  "A_68": 64.6672468982467,
  "A_69": 130.19576770566033,
  "A_70": 25.36019253683824,
  "A_71": 5.3572951203136014,
  "A_72": 133.2935539912885,
  "A_73": 32.588067321322896,
  "A_74": 66.00360501486011,
  "A_75": 2.4152564320798326,
  "A_76": 115.09992491670744,
  "A_77": 119.91001742861876,
  "A_78": 122.90573965211708,
  "A_79": 96.28423536397437,
  "A_80": 36.86627563061086,
  "A_81": 80.72028270326597,
  "A_82": 10.935884027146072,
  "A_83": 0.0,
  "A_84": 44.255841905790476,
  "A_85": 55.37893972234926,
  "A_86": 92.04509590092646,
  "A_87": 134.78611209463838,
  "A_88": 44.54607480149971,
  "A_89": 46.72043390890228,
  "A_90": 114.36286958106342,
  "A_91": 65.00501837399005,
  "A_92": 58.06653453838348,
  "A_93": 27.77544896891807,
  "A_94": 165.06034616110995,
  "A_95": 53.66071473550671,
  "A_96": 60.790760324758566,
  "A_97": 87.19509259594392,
  "A_98": 71.17848669933568,
  "A_99": 70.95887680647914,
  "A_100": 0.0,
  "A_101": 57.82998517793879,
  "A_102": 11.259267008535987,
  "A_103": 0.0,
  "A_104": 87.70737326040889,
  "A_105": 57.872534908839015,
  "A_106": 1.2076282160399163,
  "A_107": 0.0,
  "A_108": 33.81359004911766,
  "A_109": 4.830512864159665,
  "A_110": 13.28391037643908,
  "A_111": 0.0,
  "A_112": 2.4152564320798326,
  "A_113": 0.0,
  "A_114": 26.567820752878156,
  "A_115": 0.0,
  "A_116": 14.491538592478996,
  "A_117": 52.827514098292234,
  "A_118": 92.68763956317989,
  "A_119": 53.85555631188234,
  "A_120": 71.58020843513552,
  "A_121": 154.10831434772444,
  "A_122": 119.85050309738915,
  "A_123": 187.07001756652406,
  "A_124": 11.940112968421968,
  "A_125": 0.0,
  "A_126": 53.490465546423366,
  "A_127": 96.3821776565427,
  "A_128": 14.491538592478996,
  "A_129": 42.821164505490316,
  "A_130": 89.11427898165131,
  "A_131": 56.75852615387606,
  "A_132": 0.0,
  "A_133": 78.35966485061738,
  "A_134": 50.72038507367648,
  "A_135": 2.4152564320798326,
  "A_136": 8.453397512279414,
  "A_137": 86.21818294438364,
  "A_138": 0.0,
  "A_139": 8.748707221716858,
  "A_140": 6.038141080199582,
  "A_141": 15.154490040610128,
  "A_142": 0.0,
  "A_143": 0.0,
  "A_144": 1.2076282160399163,
  "A_145": 3.3948050214691308,
  "A_146": 8.453397512279414,
  "A_147": 20.51178516092373,
  "A_148": 32.46979264110054,
  "A_149": 1.0714590240627204,
  "A_150": 14.434537535372264,
  "A_151": 85.51352371218344,
  "A_152": 6.723221906982601,
  "A_153": 0.0,
  "A_154": 45.88987220951682,
  "A_155": 86.81306236289677,
  "A_156": 3.3948050214691308,
  "A_157": 0.0,
  "A_158": 86.6810149404811,
  "A_159": 79.70346225863449,
  "A_160": 0.0,
  "A_161": 11.803943776444772,
  "A_162": 107.36487141422725,
  "A_163": 33.23312425769918,
  "A_164": 0.0,
  "A_165": 57.622325903536506,
  "A_166": 107.20657284359817,
  "A_167": 56.75852615387607,
  "A_168": 14.514509917962048,
  "A_169": 129.93262790499568,
  "A_170": 77.66939411277062,
  "A_171": 105.93656516382859,
  "A_172": 1.2076282160399163,
  "A_173": 107.65847209726114,
  "A_174": 143.45157967740573,
  "A_175": 55.43685812451084,
  "A_176": 24.679346576952263,
  "A_177": 125.69537339753992,
  "A_178": 172.65676746297257,
  "A_179": 63.73195706616117,
  "A_180": 14.491538592478996,
  "A_181": 71.70526895548961,
  "A_182": 164.02977810702635,
  "A_183": 7.131729482914189,
  "A_184": 114.21997738080758,
  "A_185": 100.60586048373494,
  "A_186": 91.59401346135343,
  "A_187": 72.45769296239497,
  "A_188": 50.83865975389884,
  "A_189": 126.55075367888871,
  "A_190": 28.983077184957992,
  "A_191": 36.07478277746545,
  "A_192": 207.396222566215,
  "A_193": 129.9540033014107,
  "A_194": 60.33196213362832,
  "A_195": 159.6154006057612,
  "A_196": 15.018320848632932,
  "A_197": 120.43515349022225,
  "A_198": 93.28935508730723
}