{
  "A_1": 120.06915794607903,
  "A_2": 66.72672424549279,
  "A_3": 10.868653944359247,
  "A_4": 66.93351644032269,
  "A_5": 2.4152564320798326,
  "A_6": 83.54845750736305,
  "A_7": 138.0329104030116,
  "A_8": 23.810444880822402,
  "A_9": 3.214377072188161,
  "A_10": 67.84073300045574,
  "A_11": 24.297203246569598,
  "A_12": 1.0714590240627204,
  "A_13": 26.68609543310051,
  "A_14": 120.01800025130797,
  "A_15": 112.61149450854018,
  "A_16": 124.57712977567991,
  "A_17": 3.622884648119749,
  "A_18": 0.0,
  "A_19": 0.0,
  "A_20": 0.0,
  "A_21": 0.0,
  "A_22": 0.0,
  "A_23": 4.285836096250882,
  "A_24": 0.0,
  "A_25": 36.41011637730962,
  "A_26": 45.68221293511454,
  "A_27": 26.33974112622754,
  "A_28": 42.19540951437769,
  "A_29": 10.868653944359247,
  "A_30": 0.0,
  "A_31": 52.38291590595621,
  "A_32": 0.0,
  "A_33": 0.0,
  "A_34": 13.28391037643908,
  "A_35": 38.18191180208119,
  "A_36": 0.0,
  "A_37": 1.2076282160399163,
  "A_38": 68.45510285979177,
  "A_39": 109.65910113092019,
  "A_40": 12.6030644165531,
  "A_41": 89.22405879533835,
  "A_42": 0.0,
  "A_43": 0.0,
  "A_44": 0.0,
  "A_45": 0.0,
  "A_46": 0.0,
  "A_47": 0.0,
  "A_48": 0.0,
  "A_49": 4.830512864159665,
  "A_50": 54.369633967345166,
  "A_51": 63.56084079750544,
  "A_52": 24.152564320798326,
  "A_53": 81.12974532336425,
  "A_54": 78.76721738238227,
  "A_55": 103.37675777057177,
  "A_56": 33.52335715340842,
  "A_57": 46.28132722052473,
  "A_58": 5.810061453548963,
  "A_59": 71.31465589131287,
  "A_60": 118.8494660142493,
  "A_61": 15.699166808518912,
  "A_62": 0.0,
  "A_63": 124.63589012467268,
  "A_64": 62.97919376724923,
  "A_65": 0.0,
  "A_66": 22.944936104758412,
  "A_67": 34.208437980191434,
  "A_68": 44.51124082215671,
  "A_69": 0.0,
  "A_70": 108.11791117329274,
  "A_71": 162.65187556916186,
  "A_72": 10.986928624581596,
  "A_73": 113.69991813293228,
  "A_74": 7.245769296239498,
  "A_75": 10.868653944359247,
  "A_76": 1.2076282160399163,
  "A_77": 0.0,
  "A_78": 0.0,
  "A_79": 0.0,
  "A_80": 7.245769296239498,
  "A_81": 13.928967312815365,
  "A_82": 26.431651560900967,
  "A_83": 0.0,
  "A_84": 92.6043622251185,
  "A_85": 34.47654149724879,
  "A_86": 50.1153143285951,
  "A_87": 153.6689688983052,
  "A_88": 44.546074801499714,
  "A_89": 0.0,
  "A_90": 70.92836565862748,
  "A_91": 44.82772486607934,
  "A_92": 0.0,
  "A_93": 72.66532710405605,
  "A_94": 87.01382269983179,
  "A_95": 44.63627620976958,
  "A_96": 28.302231225072013,
  "A_97": 3.214377072188161,
  "A_98": 25.2469946703441,
  "A_99": 1.0714590240627204,
  "A_100": 0.0,
  "A_101": 0.0,
  "A_102": 8.748707221716858,
  "A_103": 3.214377072188161,
  "A_104": 0.0,
  "A_105": 11.786049264689925,
  "A_106": 77.21662777953526,
  "A_107": 104.77342189976348,
  "A_108": 94.51487781510198,
  "A_109": 38.93941262271477,
  "A_110": 93.98725361211689,
  "A_111": 54.68019925070844,
  "A_112": 3.280765208143822,
  "A_113": 8.453397512279414,
  "A_114": 113.7893655589653,
  "A_115": 23.880225936843935,
  "A_116": 0.0,
  "A_117": 80.93151082692273,
  "A_118": 79.63611907851212,
  "A_119": 0.0,
  "A_120": 8.317228320302219,
  "A_121": 90.9915313886186,
  "A_122": 92.05631766988508,
  "A_123": 0.0,
  "A_124": 64.48934478945921,
  "A_125": 107.42946255918507,
  "A_126": 80.05828629930153,
  "A_127": 36.487525220294074,
  "A_128": 17.978254048621547,
  "A_129": 4.830512864159665,
  "A_130": 1.2076282160399163,
  "A_131": 2.3012166187545233,
  "A_132": 0.0,
  "A_133": 0.0,
  "A_134": 9.66102572831933,
  "A_135": 14.584290973983585,
  "A_136": 48.39533004986653,
  "A_137": 6.564923336353519,
  "A_138": 17.886343613948128,
  "A_139": 122.59587808550822,
  "A_140": 124.40931846249578,
  "A_141": 56.0418911704804,
  "A_142": 62.56858760742503,
  "A_143": 3.622884648119749,
  "A_144": 93.46047135596295,
  "A_145": 118.45885295007258,
  "A_146": 18.641205496752683,
  "A_147": 45.213261116527875,
  "A_148": 97.22376006295694,
  "A_149": 48.69997657267044,
  "A_150": 30.725957390945926,
  "A_151": 115.51699019102742,
  "A_152": 83.47945556631959,
  "A_153": 3.214377072188161,
  "A_154": 56.57290829353137,
  "A_155": 15.154490040610128,
  "A_156": 116.97888635007827,
  "A_157": 60.749869354779456,
  "A_158": 0.0,
  "A_159": 46.28048527369356,
  "A_160": 76.1757678679185,
  "A_161": 0.0,
  "A_162": 18.77737468872988,
  "A_163": 159.2143197548627,
  "A_164": 85.28541895279162,
  "A_165": 3.214377072188161,
  "A_166": 32.45189812934569,
  "A_167": 5.357295120313602,
  "A_168": 32.416109105836,
  "A_169": 3.214377072188161,
  "A_170": 0.0,
  "A_171": 1.2076282160399163,
  "A_172": 1.0714590240627204,
  "A_173": 0.0,
  "A_174": 0.0,
  "A_175": 0.0,
  "A_176": 0.0,
  "A_177": 3.5088448347944396,
  "A_178": 51.99524337250323,
  "A_179": 6.653440850961066,
  "A_180": 72.84830602657172,
  "A_181": 33.00504463104856,
  "A_182": 82.45564821962651,
  "A_183": 41.1776340255795,
  "A_184": 147.69721595406128,
  "A_185": 25.73291108926014,
  "A_186": 113.48631496522944,
  "A_187": 26.966903550848983,
  "A_188": 65.39656134959228,
  "A_189": 47.71280019631822,
  "A_190": 94.87912663372981,
  "A_191": 9.66102572831933,
  "A_192": 0.0,
  "A_193": 87.94749147010808,
  "A_194": 95.58132285728962,
  "A_195": 0.0,
  "A_196": 41.701023361667566,
  "A_197": 123.66208436665411,
  "A_198": 45.30940641809835,
  "A_199": 14.609813272701345,
  "A_200": 99.0066641593516,
  "A_201": 19.32205145663866,
  "A_202": 1.2076282160399163,
  "A_203": 0.0,
  "A_204": 0.0,
  "A_205": 1.2076282160399163,
  "A_206": 1.2076282160399163,
  "A_207": 7.131729482914189,
  "A_208": 0.0,
  "A_209": 9.252518152387744,
  "A_210": 52.57730509298973,
  "A_211": 7.772551552393435,
  "A_212": 46.18857483902014,
  "A_213": 82.5126115776214,
  "A_214": 66.89868246097969,
  "A_215": 41.12395049031496,
  "A_216": 4.830512864159665,
  "A_217": 119.28027889802141,
  "A_218": 49.867580898303615,
  "A_219": 2.4152564320798326,
  "A_220": 9.524856536342135,
  "A_221": 75.62262136621564,
  "A_222": 47.89662106566507,
  "A_223": 8.453397512279414,
  "A_224": 3.214377072188161,
  "A_225": 1.2076282160399163,
  "A_226": 1.2076282160399163,
  "A_227": 0.0,
  "A_228": 11.417565579165071,
  "A_229": 1.2076282160399163,
  "A_230": 41.01254961481867,
  "A_231": 23.884460803740975,
  "A_232": 15.54510310478687,
  "A_233": 0.0,
  "A_234": 30.767049422854882,
  "A_235": 74.10611176047477,
  "A_236": 11.803943776444772,
  "A_237": 13.28391037643908,
  "A_238": 102.29151343794511,
  "A_239": 78.35966485061736,
  "A_240": 4.830512864159665,
  "A_241": 47.09750042555673,
  "A_242": 134.9360288960677,
  "A_243": 143.78325646340113,
  "A_244": 19.51094913971371,
  "A_245": 134.16826135064218,
  "A_246": 143.94578990092722,
  "A_247": 94.05022369526546,
  "A_248": 88.1568597709139,
  "A_249": 137.96492633798792,
  "A_250": 126.41458448691151,
  "A_251": 72.77342302408077,
  "A_252": 25.36019253683824,
  "A_253": 43.42093224217244,
  "A_254": 165.71225176947107,
  "A_255": 51.838540730942164,
  "A_256": 13.28391037643908,
  "A_257": 74.45763084567027,
  "A_258": 104.76237605999347,
  "A_259": 20.00713228342168,
  "A_260": 0.0,
  "A_261": 58.805273767689826,
  "A_262": 94.88675442069271,
  "A_263": 57.32275619446081,
  "A_264": 0.0,
  "A_265": 24.152564320798326,
  "A_266": 99.60322747152708,
  "A_267": 20.026710688838854,
  "A_268": 0.0,
  "A_269": 120.01640432223995,
  "A_270": 21.855582568940843,
  "A_271": 3.350546264165357,
  "A_272": 28.02989284111762,
  "A_273": 0.0,
  "A_274": 69.91717494803122,
  "A_275": 37.55898424435679,
  "A_276": 61.49710345062109,
  "A_277": 30.273191057710562,
  "A_278": 177.93377604143097
}