{
  "A_1": 197.47965969145264,
  "A_2": 75.8575747975923,
  "A_3": 2.142918048125441,
  "A_4": 43.47461577743699,
  "A_5": 0.0,
  "A_6": 26.78647560156801,
  "A_7": 2.4152564320798326,
  "A_8": 31.226375401550932,
  "A_9": 95.59573648438426,
  "A_10": 35.902824561978555,
  "A_11": 128.18626681434756,
  "A_12": 109.48290804853627,
  "A_13": 88.80612644144601,
  "A_14": 47.373206596835786,
  "A_15": 25.36019253683824,
  "A_16": 115.94505103963496,
  "A_17": 2.4152564320798326,
  "A_18": 24.152564320798326,
  "A_19": 0.0,
  "A_20": 43.22014677249623,
  "A_21": 12.076282160399163,
  "A_22": 23.564470742416937,
  "A_23": 103.70956552992247,
  "A_24": 29.49196492935708,
  "A_25": 110.95863978163354,
  "A_26": 36.30793921784427,
  "A_27": 13.28391037643908,
  "A_28": 0.0,
  "A_29": 45.191131737876,
  "A_30": 10.714590240627205,
  "A_31": 90.583023812687,
  "A_32": 90.72098999566204,
  "A_33": 33.541251665163266,
  "A_34": 115.20624897847553,
  "A_35": 51.19348379456588,
  "A_36": 67.41952082383304,
  "A_37": 81.1118508116094,
  "A_38": 44.74683513843471,
  "A_39": 0.0,
  "A_40": 94.86885990893788,
  "A_41": 136.27559143718776,
  "A_42": 4.716473050834356,
  "A_43": 8.453397512279414,
  "A_44": 55.669172618058504,
  "A_45": 32.5522782978132,
  "A_46": 0.0,
  "A_47": 67.6271549654941,
  "A_48": 79.89056295071168,
  "A_49": 14.083872963378573,
  "A_50": 0.0,
  "A_51": 72.0133963629537,
  "A_52": 85.04367968128318,
  "A_53": 131.51891856675806,
  "A_54": 137.3545023190248,
  "A_55": 53.746681276879556,
  "A_56": 17.551851960935114,
  "A_57": 54.039377181229185,
  "A_58": 100.7453974630368,
  "A_59": 70.99559574141432,
  "A_60": 80.2514188492736,
  "A_61": 21.19263112080971,
  "A_62": 130.329184862473,
  "A_63": 120.72436850991171,
  "A_64": 43.09247244705433,
  "A_65": 86.19179356609348,
  "A_66": 51.928013289716404,
  "A_67": 54.0172478025773,
  "A_68": 0.0,
  "A_69": 10.913754648494185,
  "A_70": 0.0,
  "A_71": 54.31688034350609,
  "A_72": 8.317228320302219,
  "A_73": 78.48640926463379,
  "A_74": 82.5348289208676,
  "A_75": 150.888797629955,
  "A_76": 113.79951918642172,
  "A_77": 53.18413512995713,
  "A_78": 10.868653944359247,
  "A_79": 0.0,
  "A_80": 29.900472505288672,
  "A_81": 14.06513650479256,
  "A_82": 100.38199059124014,
  "A_83": 119.90872309244551,
  "A_84": 34.61271068922599,
  "A_85": 82.47014981131548,
  "A_86": 59.97290322606423,
  "A_87": 39.623651502666625,
  "A_88": 140.62601867839646,
  "A_89": 48.50588897853166,
  "A_90": 31.714063678723612,
  "A_91": 74.41075828327868,
  "A_92": 82.08716453410166,
  "A_93": 3.622884648119749,
  "A_94": 10.868653944359247,
  "A_95": 55.57726218338507,
  "A_96": 31.344650081773285,
  "A_97": 0.0,
  "A_98": 67.0152481147985,
  "A_99": 72.0133963629537,
  "A_100": 18.528007630258536,
  "A_101": 0.0,
  "A_102": 74.39286377152384,
  "A_103": 12.761362987182181,
  "A_104": 150.45381271113897,
  "A_105": 69.17173784318743,
  "A_106": 63.450193904246014,
  "A_107": 87.90239076597314,
  "A_108": 82.03008807877124,
  "A_109": 89.79924671109879,
  "A_110": 70.85246478011675
}