{
  "A_1": 176.3270901601615,
  "A_2": 125.6519565870673,
  "A_3": 145.6148301131852,
  "A_4": 113.26684330244963,
  "A_5": 128.3992039644079,
  "A_6": 136.25073515611257,
  "A_7": 84.53397512279415,
  "A_8": 86.94923155487398,
  "A_9": 149.60972959697244,
  "A_10": 122.88784514036223,
  "A_11": 96.06558051528452,
  "A_12": 96.6102572831933,
  "A_13": 50.68459605016679,
  "A_14": 47.742557361933024,
  "A_15": 135.00415119116812,
  "A_16": 103.71985738745562,
  "A_17": 102.23989078746129,
  "A_18": 35.6841697132887,
  "A_19": 73.50606756363914,
  "A_20": 65.21192366615549,
  "A_21": 190.2112206626248,
  "A_22": 54.81636844268563,
  "A_23": 79.3458861828029,
  "A_24": 150.10670442202914,
  "A_25": 35.7062990919406,
  "A_26": 140.21933322620393,
  "A_27": 110.12042516254394,
  "A_28": 146.93829513354828,
  "A_29": 134.65945564521627,
  "A_30": 122.15171971614369,
  "A_31": 62.80090210097269,
  "A_32": 130.5572644891236,
  "A_33": 132.46888591972117,
  "A_34": 65.53095868331283,
  "A_35": 57.97038923681303,
  "A_36": 53.82072233253934,
  "A_37": 55.82747118868758,
  "A_38": 91.77974441903363,
  "A_39": 55.37893972234926,
  "A_40": 139.62434071035528,
  "A_41": 93.2927480073731,
  "A_42": 85.60543414685688,
  "A_43": 100.97855390341563,
  "A_44": 61.61540326358465,
  "A_45": 125.10983079239324,
  "A_46": 136.34794859918523,
  "A_47": 46.82516204160234,
  "A_48": 53.84285171119122,
  "A_49": 149.21057140077795,
  "A_50": 88.54747283509063,
  "A_51": 116.32292180400871,
  "A_52": 129.85428915058577,
  "A_53": 93.56685824958413,
  "A_54": 43.09247244705432,
  "A_55": 161.12855499054803,
  "A_56": 87.18578091531866,
  "A_57": 112.17325489973503,
  "A_58": 59.292057266178254,
  "A_59": 164.79569839597156,
  "A_60": 98.0653424693712,
  "A_61": 131.22021593725475,
  "A_62": 59.31418664483013,
  "A_63": 80.63875209072,
  "A_64": 138.7129772479195,
  "A_65": 66.48837789405025,
  "A_66": 54.59771359399578,
  "A_67": 116.26582021593708,
  "A_68": 122.7354401975513,
  "A_69": 115.5637999215659,
  "A_70": 65.04420031756563,
  "A_71": 50.1757083057677,
  "A_72": 90.62304770309373,
  "A_73": 113.24471392379775,
  "A_74": 68.6449555870335,
  "A_75": 57.14913921805281,
  "A_76": 156.96270260092308,
  "A_77": 53.412214756607746,
  "A_78": 64.0085303170126,
  "A_79": 172.237113516306,
  "A_80": 111.10179587567228,
  "A_81": 58.966035346959316,
  "A_82": 99.1589308720858,
  "A_83": 42.757980794041316,
  "A_84": 66.147213498241,
  "A_85": 75.90775231545545,
  "A_86": 106.1001416101157,
  "A_87": 112.19538427838691,
  "A_88": 147.14253635514345,
  "A_89": 53.68455314056214,
  "A_90": 79.7322643800826,
  "A_91": 58.2648569994193,
  "A_92": 134.90627173045291,
  "A_93": 132.88078641571866,
  "A_94": 160.91569323871138,
  "A_95": 57.19339797535658,
  "A_96": 104.79131641151834,
  "A_97": 176.0107066472038,
  "A_98": 106.15724319818733,
  "A_99": 80.80795827104234,
  "A_100": 56.23597876461917,
  "A_101": 56.921059591402184,
  "A_102": 116.49653878041673,
  "A_103": 119.91941707383832,
  "A_104": 83.54500175544408,
  "A_105": 57.14913921805281,
  "A_106": 102.23290388539974,
  "A_107": 114.61064071046674,
  "A_108": 55.827471188687575,
  "A_109": 62.27835471171579,
  "A_110": 66.26548817846336,
  "A_111": 83.32634690675422,
  "A_112": 179.46850688456271,
  "A_113": 35.728428470592476,
  "A_114": 147.324673330828,
  "A_115": 86.89554801960944,
  "A_116": 66.77437592286245,
  "A_117": 151.7509134859531,
  "A_118": 90.51843266772919,
  "A_119": 48.032790257642255,
  "A_120": 101.72401614100063,
  "A_121": 33.563381043815156,
  "A_122": 119.58144453616514,
  "A_123": 106.27128301151262,
  "A_124": 95.35318039878588,
  "A_125": 101.93258019408717,
  "A_126": 105.70646235150903,
  "A_127": 113.77149617995168,
  "A_128": 39.85596599621428,
  "A_129": 101.96056550144532,
  "A_130": 104.79131641151832,
  "A_131": 52.613094116499425,
  "A_132": 58.90567906889854,
  "A_133": 99.99384053570381,
  "A_134": 58.10655842879022,
  "A_135": 136.2040133901684,
  "A_136": 97.70384568590791,
  "A_137": 146.16971077403284,
  "A_138": 46.983460612231426,
  "A_139": 128.1420080570438,
  "A_140": 66.4195518821954,
  "A_141": 53.54838394858495,
  "A_142": 91.50041913301767,
  "A_143": 131.10617612392943,
  "A_144": 181.13992214086676,
  "A_145": 152.3661504248615,
  "A_146": 102.6483983633929,
  "A_147": 52.88543250045381,
  "A_148": 38.78450697215156,
  "A_149": 65.7387059223094,
  "A_150": 68.39051171483395,
  "A_151": 88.21481587218736,
  "A_152": 96.6476171030298,
  "A_153": 128.40933245912305,
  "A_154": 99.02551371527314,
  "A_155": 131.67817218155383,
  "A_156": 68.72744124374614,
  "A_157": 52.98581266892131,
  "A_158": 109.74010395590034,
  "A_159": 99.65697383864472,
  "A_160": 87.50481593247602,
  "A_161": 130.48765936229069,
  "A_162": 151.63687367262781,
  "A_163": 145.70421470736517,
  "A_164": 164.01768925849535,
  "A_165": 207.11273781152565
}