{
  "A_1": 41.60995487382531,
  "A_2": 89.1083099556095,
  "A_3": 92.44269586716477,
  "A_4": 89.97799076671744,
  "A_5": 110.8209374924414,
  "A_6": 39.54360372185316,
  "A_7": 52.318626353893144,
  "A_8": 168.65089753763897,
  "A_9": 8.453397512279414,
  "A_10": 40.39324117183121,
  "A_11": 87.15846162560305,
  "A_12": 38.39389390797482,
  "A_13": 3.622884648119749,
  "A_14": 4.830512864159665,
  "A_15": 109.04311020977494,
  "A_16": 6.675570229612952,
  "A_17": 1.0714590240627204,
  "A_18": 51.61988588225231,
  "A_19": 29.237521057157537,
  "A_20": 2.142918048125441,
  "A_21": 2.4152564320798326,
  "A_22": 0.0,
  "A_23": 0.0,
  "A_24": 1.0714590240627204,
  "A_25": 6.701092528330714,
  "A_26": 66.8211605206597,
  "A_27": 2.1650474267773276,
  "A_28": 62.257067279895075,
  "A_29": 82.79698854462437,
  "A_30": 42.26698756139707,
  "A_31": 110.96475960412272,
  "A_32": 1.0714590240627204,
  "A_33": 1.2076282160399163,
  "A_34": 34.86715456142553,
  "A_35": 34.49867087590068,
  "A_36": 1.2076282160399163,
  "A_37": 10.868653944359247,
  "A_38": 183.25308302337737,
  "A_39": 21.837688057185993,
  "A_40": 0.0,
  "A_41": 51.83854073094217,
  "A_42": 62.33447612287952,
  "A_43": 2.4152564320798326,
  "A_44": 4.716473050834356,
  "A_45": 0.0,
  "A_46": 18.637812576686805,
  "A_47": 35.987107209689064,
  "A_48": 0.0,
  "A_49": 4.374353610858429,
  "A_50": 0.0,
  "A_51": 15.562997616541717,
  "A_52": 34.48501123104287,
  "A_53": 74.39286377152385,
  "A_54": 30.190705400997906,
  "A_55": 87.69974547344597,
  "A_56": 180.5867756391639,
  "A_57": 10.71974245257909,
  "A_58": 114.46424249280949,
  "A_59": 89.31080445168926,
  "A_60": 73.87005248848405,
  "A_61": 5.76580269624519,
  "A_62": 78.29232167049503,
  "A_63": 75.24990281379374,
  "A_64": 46.244696250183864,
  "A_65": 20.375615968946533,
  "A_66": 37.8091932496593,
  "A_67": 113.93730944020817,
  "A_68": 128.50124289379647,
  "A_69": 36.58367052186453,
  "A_70": 61.701369804957494,
  "A_71": 9.915469600518875,
  "A_72": 72.68998232320142,
  "A_73": 52.121145839688495,
  "A_74": 59.08016312487893,
  "A_75": 69.12832103271482,
  "A_76": 22.19515103568206,
  "A_77": 202.67806562171828,
  "A_78": 47.76045187368787,
  "A_79": 7.131729482914189,
  "A_80": 23.335549168935152,
  "A_81": 73.16734104372907,
  "A_82": 0.0,
  "A_83": 3.622884648119749,
  "A_84": 64.67148176514374,
  "A_85": 51.038666108596985,
  "A_86": 0.0,
  "A_87": 85.49815504092209,
  "A_88": 69.58448028601606,
  "A_89": 88.5993342466161,
  "A_90": 54.74235251976705,
  "A_91": 11.395436200513185,
  "A_92": 25.777169846563908,
  "A_93": 0.0,
  "A_94": 2.4152564320798326,
  "A_95": 0.0,
  "A_96": 32.43400361759085,
  "A_97": 53.133932479352765,
  "A_98": 111.45322699627347,
  "A_99": 31.65277748923737,
  "A_100": 166.60472797687348,
  "A_101": 128.36930856871635,
  "A_102": 22.500639505317128,
  "A_103": 42.26698756139707,
  "A_104": 37.78790581783858,
  "A_105": 10.868653944359247,
  "A_106": 130.76930942687034,
  "A_107": 140.02420262330418,
  "A_108": 20.257341288724184,
  "A_109": 65.68162946697899,
  "A_110": 0.0,
  "A_111": 48.64205817050885,
  "A_112": 126.76860427985926,
  "A_113": 49.24041847368217,
  "A_114": 0.0,
  "A_115": 0.0,
  "A_116": 1.2076282160399163,
  "A_117": 2.4152564320798326,
  "A_118": 4.830512864159665,
  "A_119": 6.631311472309179,
  "A_120": 53.41897546399828,
  "A_121": 53.608740226645715,
  "A_122": 172.59115844199496,
  "A_123": 101.50536129231078,
  "A_124": 26.203571934250345,
  "A_125": 9.77930040854168,
  "A_126": 45.617533825562425,
  "A_127": 140.7826333553632,
  "A_128": 105.18520929842543,
  "A_129": 0.0,
  "A_130": 27.48521607320884,
  "A_131": 89.56524832388881,
  "A_132": 53.13564150575632,
  "A_133": 22.500639505317128,
  "A_134": 81.73901323623085,
  "A_135": 63.112309331167125,
  "A_136": 24.02486486261521,
  "A_137": 5.493464312290798,
  "A_138": 44.68224399347691,
  "A_139": 21.167108822091947,
  "A_140": 60.61796016244052,
  "A_141": 75.73857126787433,
  "A_142": 167.10027023568009,
  "A_143": 59.433303271883645,
  "A_144": 192.08343395497573,
  "A_145": 93.65032408320468,
  "A_146": 148.74492453766285,
  "A_147": 80.16290133466606,
  "A_148": 70.07303564276111,
  "A_149": 72.08918414412891,
  "A_150": 11.734162720423237,
  "A_151": 17.143344385003527,
  "A_152": 65.07575447417828,
  "A_153": 12.076282160399163,
  "A_154": 1.0714590240627204,
  "A_155": 24.016395128821127,
  "A_156": 79.04474567740039,
  "A_157": 3.622884648119749,
  "A_158": 1.2076282160399163,
  "A_159": 114.78927166874985,
  "A_160": 24.002735483963324,
  "A_161": 0.0,
  "A_162": 41.90865750332863,
  "A_163": 111.43794628960643,
  "A_164": 28.7813618038563,
  "A_165": 0.0,
  "A_166": 104.25253327142771,
  "A_167": 115.98915900049134,
  "A_168": 57.912470834651444,
  "A_169": 22.79087240102637,
  "A_170": 35.33789080463943,
  "A_171": 23.60788755288954,
  "A_172": 147.27695882160523,
  "A_173": 62.64344547717478,
  "A_174": 176.0998273476008,
  "A_175": 117.7721510614803,
  "A_176": 29.33450830555916,
  "A_177": 86.59566415126838,
  "A_178": 12.330726032598708,
  "A_179": 91.77974441903363,
  "A_180": 135.99968420397892,
  "A_181": 80.1868277043158,
  "A_182": 33.68589059093454,
  "A_183": 46.8829673464284,
  "A_184": 34.746328907968476,
  "A_185": 71.67983462136615,
  "A_186": 9.524856536342135,
  "A_187": 8.453397512279414,
  "A_188": 0.0,
  "A_189": 67.53770753946108,
  "A_190": 8.225317885628796,
  "A_191": 12.857508288752644,
  "A_192": 41.313803217556696,
  "A_193": 70.0245420185603,
  "A_194": 106.02107400621013,
  "A_195": 42.26698756139707,
  "A_196": 6.038141080199582,
  "A_197": 125.4511962501323,
  "A_198": 37.43647469723741,
  "A_199": 0.0,
  "A_200": 155.60611262762052,
  "A_201": 167.9861742312512,
  "A_202": 65.04420031756563,
  "A_203": 64.38548373633154,
  "A_204": 35.003323753402725,
  "A_205": 95.28858925382809,
  "A_206": 77.87618630760052,
  "A_207": 13.011571992484688,
  "A_208": 75.82610860557396,
  "A_209": 2.142918048125441,
  "A_210": 16.974025107345653,
  "A_211": 153.3473577751719,
  "A_212": 100.00927203881827,
  "A_213": 0.0,
  "A_214": 106.12812691747388,
  "A_215": 29.268120169603506,
  "A_216": 105.32900627736552,
  "A_217": 31.93358560698584,
  "A_218": 88.70481636155301,
  "A_219": 76.88054019745424,
  "A_220": 114.56362991799841,
  "A_221": 21.623268075393185,
  "A_222": 101.73607985679041,
  "A_223": 57.0350994047275,
  "A_224": 63.700402909548515,
  "A_225": 24.661452065197416,
  "A_226": 157.5480692768811,
  "A_227": 51.269296708482315,
  "A_228": 110.82087466058832,
  "A_229": 131.17679912678213
}