{
  "A_1": 224.54881579999065,
  "A_2": 140.8490466240601,
  "A_3": 164.6765440698062,
  "A_4": 227.35146830536993,
  "A_5": 172.31716129711947,
  "A_6": 93.95749644650209,
  "A_7": 96.99991530320337,
  "A_8": 73.91881000646775,
  "A_9": 106.37166317998015,
  "A_10": 199.97677346171437,
  "A_11": 117.59514116500644,
  "A_12": 153.74147685675004,
  "A_13": 113.23610595992693,
  "A_14": 147.08368804155643,
  "A_15": 134.68666183759638,
  "A_16": 117.92705671204351,
  "A_17": 61.996591549800634,
  "A_18": 31.406803350831904,
  "A_19": 155.45466272897627,
  "A_20": 41.05935934535715,
  "A_21": 13.52141478105047,
  "A_22": 82.11871869071432,
  "A_23": 41.05935934535716,
  "A_24": 14.491538592478996,
  "A_25": 20.12117209674699,
  "A_26": 95.24856536342136,
  "A_27": 1.2076282160399163,
  "A_28": 1.2076282160399163,
  "A_29": 77.15203663457746,
  "A_30": 58.629105818047115,
  "A_31": 0.0,
  "A_32": 18.114423240598747,
  "A_33": 54.48367378067047,
  "A_34": 15.471087181868294,
  "A_35": 9.138478339062434,
  "A_36": 40.10617500151679,
  "A_37": 199.5113904923822,
  "A_38": 27.775448968918077,
  "A_39": 6.83726172030791,
  "A_40": 1.2076282160399163,
  "A_41": 111.98772500398464,
  "A_42": 1.0935884027146072,
  "A_43": 3.4867154561425533,
  "A_44": 69.08925218647478,
  "A_45": 18.000383427273434,
  "A_46": 0.0,
  "A_47": 21.73730788871849,
  "A_48": 113.51705230775214,
  "A_49": 35.02121826515757,
  "A_50": 0.0,
  "A_51": 17.29740808873557,
  "A_52": 74.73678020249761,
  "A_53": 12.058387648644317,
  "A_54": 0.0,
  "A_55": 65.07575447417828,
  "A_56": 114.04383456390607,
  "A_57": 5.924101266874272,
  "A_58": 0.0,
  "A_59": 24.95168496090665,
  "A_60": 95.17454944050276,
  "A_61": 20.529679672678576,
  "A_62": 1.2076282160399163,
  "A_63": 157.6528853741755,
  "A_64": 137.61593309328592,
  "A_65": 100.53605429497219,
  "A_66": 185.370415940932,
  "A_67": 85.49899698775324,
  "A_68": 74.24906679258373,
  "A_69": 45.43371295621559,
  "A_70": 63.617917252835866,
  "A_71": 65.22039339994957,
  "A_72": 37.400685673727715,
  "A_73": 47.21577510577909,
  "A_74": 139.26188888272532,
  "A_75": 21.99175176091804,
  "A_76": 32.57101475639921,
  "A_77": 5.629633504267994,
  "A_78": 0.0,
  "A_79": 51.928013289716404,
  "A_80": 15.699166808518912,
  "A_81": 14.337474888746954,
  "A_82": 0.0,
  "A_83": 14.491538592478996,
  "A_84": 7.245769296239498,
  "A_85": 0.0,
  "A_86": 0.0,
  "A_87": 8.844010576456155,
  "A_88": 18.232697920821096,
  "A_89": 2.142918048125441,
  "A_90": 0.0,
  "A_91": 0.0,
  "A_92": 9.138478339062434,
  "A_93": 2.4152564320798326,
  "A_94": 33.81359004911766,
  "A_95": 98.97870398473465,
  "A_96": 88.56705124050781,
  "A_97": 0.0,
  "A_98": 0.0,
  "A_99": 38.64410291327732,
  "A_100": 74.46444181854322,
  "A_101": 0.0,
  "A_102": 0.0,
  "A_103": 49.51275685763657,
  "A_104": 71.25006474635506,
  "A_105": 0.0,
  "A_106": 0.0,
  "A_107": 50.584215881699286,
  "A_108": 68.83480831427522,
  "A_109": 2.279087240102637,
  "A_110": 4.830512864159665,
  "A_111": 8.638060328457424,
  "A_112": 129.0263663890293,
  "A_113": 113.40968523722306,
  "A_114": 34.71309085769349,
  "A_115": 4.830512864159665,
  "A_116": 67.00329749634423,
  "A_117": 47.0438168902922,
  "A_118": 124.54386659266373,
  "A_119": 8.77422952043462,
  "A_120": 49.76720072983612,
  "A_121": 53.13564150575632,
  "A_122": 4.330094853554655,
  "A_123": 9.66102572831933,
  "A_124": 2.3012166187545233,
  "A_125": 3.860389052731139,
  "A_126": 28.846907992980796,
  "A_127": 0.0,
  "A_128": 33.91397021758516,
  "A_129": 14.491538592478996,
  "A_130": 33.67742085714046,
  "A_131": 0.0,
  "A_132": 16.90679502455883,
  "A_133": 97.78209647572352,
  "A_134": 66.05774093946677,
  "A_135": 55.55089793783615,
  "A_136": 59.03761339397871,
  "A_137": 97.81788549923323,
  "A_138": 62.4545226613585,
  "A_139": 8.980179768433352,
  "A_140": 55.65127810630365,
  "A_141": 21.03856741707767,
  "A_142": 37.61774459334954,
  "A_143": 16.362118256650046,
  "A_144": 6.701092528330714,
  "A_145": 2.4152564320798326,
  "A_146": 50.70333250875281,
  "A_147": 113.78240378964495,
  "A_148": 13.28391037643908,
  "A_149": 16.61656212884959,
  "A_150": 82.06503515544976,
  "A_151": 71.56315587021183,
  "A_152": 100.15393609733076,
  "A_153": 16.49828744862724,
  "A_154": 28.869037371632686,
  "A_155": 105.58704413156079,
  "A_156": 114.36043170516425,
  "A_157": 38.98103244218952,
  "A_158": 0.0,
  "A_159": 54.34326972179623,
  "A_160": 67.53524453082068,
  "A_161": 3.214377072188161,
  "A_162": 2.142918048125441,
  "A_163": 121.64442790081263,
  "A_164": 73.33929925921598,
  "A_165": 25.909104171644067,
  "A_166": 93.7371325714087,
  "A_167": 14.74598246467854,
  "A_168": 69.97085848329576,
  "A_169": 103.74865950890371,
  "A_170": 52.80961958653739,
  "A_171": 14.377498779153687,
  "A_172": 62.88338775768535,
  "A_173": 33.699550235792344,
  "A_174": 97.21526519642164,
  "A_175": 52.590964737847536,
  "A_176": 10.732484752382051,
  "A_177": 46.158792540664116,
  "A_178": 59.1737825859559,
  "A_179": 1.0714590240627204,
  "A_180": 113.73570715644198,
  "A_181": 99.04065619186345,
  "A_182": 46.38086544216106,
  "A_183": 91.77974441903365,
  "A_184": 70.27379597969612,
  "A_185": 14.536639296613934,
  "A_186": 16.49828744862724,
  "A_187": 24.13466980904348,
  "A_188": 1.2076282160399163,
  "A_189": 9.546985914994021,
  "A_190": 23.57209852937985,
  "A_191": 14.083031016547409,
  "A_192": 13.28391037643908,
  "A_193": 22.808766912781216,
  "A_194": 70.00664750680545,
  "A_195": 9.915469600518875,
  "A_196": 43.048213689750554,
  "A_197": 164.36328958313143,
  "A_198": 75.0958391100617,
  "A_199": 66.2118046431988,
  "A_200": 77.22095061102661,
  "A_201": 41.063594212254195,
  "A_202": 24.152564320798326,
  "A_203": 142.34331375381356,
  "A_204": 87.60960689702918,
  "A_205": 0.0,
  "A_206": 90.77383158409543,
  "A_207": 157.72849722616212,
  "A_208": 62.760878210565956,
  "A_209": 44.68224399347691,
  "A_210": 0.0,
  "A_211": 15.272764720832477,
  "A_212": 72.67634781108484,
  "A_213": 40.40571957785127,
  "A_214": 166.91560741950207,
  "A_215": 88.41130364311344,
  "A_216": 5.901971888222386,
  "A_217": 0.0,
  "A_218": 1.2076282160399163,
  "A_219": 1.0935884027146072,
  "A_220": 18.000383427273434,
  "A_221": 25.65634419310685,
  "A_222": 141.68056336761225,
  "A_223": 8.453397512279414,
  "A_224": 2.142918048125441,
  "A_225": 76.33502148271427,
  "A_226": 15.699166808518912,
  "A_227": 6.903649856263571,
  "A_228": 56.75852615387607,
  "A_229": 59.019718882223856,
  "A_230": 2.4152564320798326,
  "A_231": 0.0,
  "A_232": 68.69863912229803,
  "A_233": 75.57760862667502,
  "A_234": 0.0,
  "A_235": 53.7806984421326,
  "A_236": 192.35837357764728,
  "A_237": 78.19870220941806,
  "A_238": 136.02538243188528,
  "A_239": 31.616988465727676,
  "A_240": 12.6030644165531,
  "A_241": 145.54087702211973,
  "A_242": 129.80683853514594,
  "A_243": 26.406971209014365,
  "A_244": 7.245769296239498,
  "A_245": 3.622884648119749,
  "A_246": 91.66570460570833,
  "A_247": 13.147741184461884,
  "A_248": 2.4152564320798326,
  "A_249": 32.46979264110054,
  "A_250": 68.69863912229803,
  "A_251": 27.48521607320884,
  "A_252": 0.0,
  "A_253": 26.431651560900963,
  "A_254": 102.64839836339289,
  "A_255": 21.71720169573553,
  "A_256": 1.0714590240627204,
  "A_257": 100.19292954534713,
  "A_258": 94.19500085111348,
  "A_259": 5.787932074897077,
  "A_260": 109.57501954513951,
  "A_261": 108.49668671635074,
  "A_262": 167.53430011032944,
  "A_263": 45.1553427143663,
  "A_264": 57.4214776020072,
  "A_265": 127.72926561421515,
  "A_266": 78.18770663513048,
  "A_267": 24.016395128821127,
  "A_268": 5.810061453548963,
  "A_269": 26.225701312902235,
  "A_270": 35.02121826515757,
  "A_271": 93.69963452149544,
  "A_272": 7.245769296239498,
  "A_273": 7.017689669588879,
  "A_274": 39.851731129317244,
  "A_275": 28.983077184957992,
  "A_276": 0.0,
  "A_277": 18.390996491450174,
  "A_278": 31.170253990387206,
  "A_279": 0.0,
  "A_280": 10.868653944359247,