{
  "A_1": 59.59946839051733,
  "A_2": 2.4152564320798326,
  "A_3": 0.0,
  "A_4": 1.2076282160399163,
  "A_5": 0.0,
  "A_6": 0.0,
  "A_7": 0.0,
  "A_8": 1.2867963509103797,
  "A_9": 43.541845860223816,
  "A_10": 85.75251094852732,
  "A_11": 73.7162526785349,
  "A_12": 108.38355168170969,
  "A_13": 0.0,
  "A_14": 71.7870006299654,
  "A_15": 116.8827410485078,
  "A_16": 14.377498779153687,
  "A_17": 16.90679502455883,
  "A_18": 78.66080535601986,
  "A_19": 32.746365891951974,
  "A_20": 0.0,
  "A_21": 69.52656188385447,
  "A_22": 172.3588439484473,
  "A_23": 116.6981661969241,
  "A_24": 85.48365344923312,
  "A_25": 33.35743079581642,
  "A_26": 88.9397697929297,
  "A_27": 17.45570665936465,
  "A_28": 124.27166643878608,
  "A_29": 40.90613758845628,
  "A_30": 2.142918048125441,
  "A_31": 87.92281111822147,
  "A_32": 30.045111431059944,
  "A_33": 6.038141080199582,
  "A_34": 15.53831726465512,
  "A_35": 27.503110584963686,
  "A_36": 114.26852127049082,
  "A_37": 238.11031730330095,
  "A_38": 76.8047272835378,
  "A_39": 40.541046822997295,
  "A_40": 58.541430250270736,
  "A_41": 55.33552291187665,
  "A_42": 115.2394618960093,
  "A_43": 89.66105433345268,
  "A_44": 0.0,
  "A_45": 45.2915119063435,
  "A_46": 166.3454460519874,
  "A_47": 62.80616741026011,
  "A_48": 0.0,
  "A_49": 58.66062227554795,
  "A_50": 92.04509590092644,
  "A_51": 6.038141080199582,
  "A_52": 4.830512864159665,
  "A_53": 150.49818456577825,
  "A_54": 101.84229082122297,
  "A_55": 0.0,
  "A_56": 65.76750804375753,
  "A_57": 64.61356336298216,
  "A_58": 36.39137991872361,
  "A_59": 104.49409661374752,
  "A_60": 3.622884648119749,
  "A_61": 0.0,
  "A_62": 1.2076282160399163,
  "A_63": 0.0,
  "A_64": 1.2076282160399163,
  "A_65": 0.0,
  "A_66": 17.27951357698072,
  "A_67": 89.3644879869538,
  "A_68": 60.98305092789949,
  "A_69": 45.87621256465901,
  "A_70": 14.491538592478996,
  "A_71": 27.775448968918077,
  "A_72": 0.0,
  "A_73": 20.920292736855316,
  "A_74": 128.32090290910983,
  "A_75": 10.732484752382051,
  "A_76": 0.0,
  "A_77": 13.147741184461884,
  "A_78": 123.29635271629381,
  "A_79": 12.076282160399163,
  "A_80": 15.136595528855281,
  "A_81": 129.14209009601694,
  "A_82": 152.28532352906996,
  "A_83": 77.6073288083063,
  "A_84": 97.47481101509061,
  "A_85": 128.70728110638953,
  "A_86": 19.932274413671948,
  "A_87": 25.71501657750529,
  "A_88": 1.0935884027146072,
  "A_89": 0.0,
  "A_90": 1.0714590240627204,
  "A_91": 7.908720744370631,
  "A_92": 3.214377072188161,
  "A_93": 58.47504211431507,
  "A_94": 53.77307065516969,
  "A_95": 79.43112387468008,
  "A_96": 10.754614131033938,
  "A_97": 2.4152564320798326,
  "A_98": 56.39671521114744,
  "A_99": 106.22436018363864,
  "A_100": 1.2076282160399163,
  "A_101": 30.17281088924306,
  "A_102": 77.58690845605797,
  "A_103": 18.015148912745317,
  "A_104": 10.184415064407393,
  "A_105": 146.70740063988003,
  "A_106": 107.79794624470992,
  "A_107": 60.3856833680047,
  "A_108": 75.12739326667436,
  "A_109": 12.879637667404532,
  "A_110": 47.58849365820098,
  "A_111": 93.81529539663,
  "A_112": 1.2076282160399163,
  "A_113": 14.216649235289895,
  "A_114": 74.54692747525587,
  "A_115": 80.44896219533135,
  "A_116": 1.2076282160399163,
  "A_117": 33.931864729340006,
  "A_118": 129.99045834256296,
  "A_119": 57.38568857849751,
  "A_120": 22.77297788927152,
  "A_121": 47.21238218571322,
  "A_122": 134.81429846392638,
  "A_123": 106.32221451161264,
  "A_124": 13.129846672707037,
  "A_125": 15.290659232587323,
  "A_126": 0.0,
  "A_127": 22.944936104758412,
  "A_128": 100.2535622835614,
  "A_129": 46.80048168971575,
  "A_130": 68.18624536049754,
  "A_131": 81.10929983837468,
  "A_132": 110.06166481355119,
  "A_133": 147.20375971277662,
  "A_134": 108.5076822906383,
  "A_135": 92.01629377947835,
  "A_136": 114.43444762808282,
  "A_137": 159.91581226166804,
  "A_138": 127.42473218874677,
  "A_139": 117.48713320957602,
  "A_140": 164.01185846253026,
  "A_141": 159.57790255584794,
  "A_142": 115.15433730146762,
  "A_143": 125.60180420194538,
  "A_144": 197.02107512862278,
  "A_145": 159.48665813881706,
  "A_146": 270.1041335246413
}