{
  "A_1": 230.51728892150425,
  "A_2": 111.94941013998144,
  "A_3": 112.87440811453382,
  "A_4": 97.93944000218593,
  "A_5": 30.564265900250966,
  "A_6": 117.52440506481824,
  "A_7": 88.37551461960373,
  "A_8": 84.46503601360378,
  "A_9": 128.95986515573813,
  "A_10": 22.975535217204378,
  "A_11": 98.49615535314328,
  "A_12": 0.0,
  "A_13": 102.71476136660732,
  "A_14": 4.422005288228078,
  "A_15": 77.28820582655464,
  "A_16": 11.940112968421968,
  "A_17": 55.436858124510835,
  "A_18": 100.29254316520715,
  "A_19": 45.87197769776196,
  "A_20": 132.6746602385313,
  "A_21": 98.91814664474406,
  "A_22": 40.37851338547117,
  "A_23": 32.149802579776505,
  "A_24": 118.75094566863275,
  "A_25": 2.142918048125441,
  "A_26": 7.908720744370631,
  "A_27": 56.48618776992168,
  "A_28": 11.439694957816958,
  "A_29": 68.42630073834364,
  "A_30": 3.622884648119749,
  "A_31": 54.34326972179623,
  "A_32": 96.89350327684097,
  "A_33": 23.788315502170512,
  "A_34": 133.4337569882329,
  "A_35": 9.138478339062434,
  "A_36": 59.94558393634862,
  "A_37": 38.64410291327732,
  "A_38": 86.50397991126601,
  "A_39": 11.922218456667121,
  "A_40": 69.84072114921346,
  "A_41": 60.037494371022035,
  "A_42": 55.550897937836154,
  "A_43": 22.500639505317128,
  "A_44": 52.773830563027694,
  "A_45": 4.909680999030129,
  "A_46": 31.516608297260177,
  "A_47": 2.142918048125441,
  "A_48": 91.47161701156956,
  "A_49": 48.54167800204135,
  "A_50": 25.567826678499305,
  "A_51": 25.087854152883853,
  "A_52": 1.2076282160399163,
  "A_53": 37.18455666553136,
  "A_54": 1.0714590240627204,
  "A_55": 30.190705400997906,
  "A_56": 39.44322355338565,
  "A_57": 33.91397021758516,
  "A_58": 161.88062713907618,
  "A_59": 43.711165137881686,
  "A_60": 125.41618634160069,
  "A_61": 108.70591678707983,
  "A_62": 102.68152331633235,
  "A_63": 91.66736336662944,
  "A_64": 99.74542852139916,
  "A_65": 34.45864698549394,
  "A_66": 118.57712763029491,
  "A_67": 59.27839762132044,
  "A_68": 62.378734880183295,
  "A_69": 38.99892695394437,
  "A_70": 77.34516918454953,
  "A_71": 7.245769296239498,
  "A_72": 91.89544299328006,
  "A_73": 2.279087240102637,
  "A_74": 68.83480831427524,
  "A_75": 25.254622457307015,
  "A_76": 168.9665899002129,
  "A_77": 15.42682842456452,
  "A_78": 115.88613989419481,
  "A_79": 6.038141080199582,
  "A_80": 66.9633615705318,
  "A_81": 0.0,
  "A_82": 63.26042914159858,
  "A_83": 10.8507594326044,
  "A_84": 92.9558184784609,
  "A_85": 92.58977266883522,
  "A_86": 72.83041151481687,
  "A_87": 1.2076282160399163,
  "A_88": 23.085340163632644,
  "A_89": 13.266015864684233,
  "A_90": 42.26698756139707,
  "A_91": 2.5735927018207594,
  "A_92": 74.18274148848117,
  "A_93": 62.57102548332422,
  "A_94": 128.29183689387878
}