{
  "A_1": 242.31184561910007,
  "A_2": 71.31549783814403,
  "A_3": 126.75148888308249,
  "A_4": 100.03142655021136,
  "A_5": 8.571672192501763,
  "A_6": 26.686095433100505,
  "A_7": 0.0,
  "A_8": 57.231624874765465,
  "A_9": 36.0568882657106,
  "A_10": 78.73661826993629,
  "A_11": 60.38141080199581,
  "A_12": 71.45929481708416,
  "A_13": 40.514682577448376,
  "A_14": 59.84520376788112,
  "A_15": 129.82548702913763,
  "A_16": 15.06788261433597,
  "A_17": 2.5735927018207594,
  "A_18": 67.19144119718241,
  "A_19": 16.90679502455883,
  "A_20": 32.68844748979039,
  "A_21": 14.74598246467854,
  "A_22": 67.30539304591342,
  "A_23": 45.4276810983207,
  "A_24": 122.21790679016952,
  "A_25": 112.21493755106286,
  "A_26": 85.13138038180078,
  "A_27": 11.119704896492918,
  "A_28": 73.49336296294801,
  "A_29": 19.55860081708336,
  "A_30": 1.2076282160399163,
  "A_31": 36.565776010109694,
  "A_32": 62.22475914104557,
  "A_33": 2.4152564320798326,
  "A_34": 17.144299429170218,
  "A_35": 39.187912601613725,
  "A_36": 0.0,
  "A_37": 10.935884027146074,
  "A_38": 5.901971888222386,
  "A_39": 0.0,
  "A_40": 0.0,
  "A_41": 55.14239036190456,
  "A_42": 51.211378306320725,
  "A_43": 72.14639882953608,
  "A_44": 105.13584859465223,
  "A_45": 44.35622207425797,
  "A_46": 7.017689669588879,
  "A_47": 88.18566189236199,
  "A_48": 18.54929506207926,
  "A_49": 0.0,
  "A_50": 36.48329035339704,
  "A_51": 123.70144223941831,
  "A_52": 6.038141080199582,
  "A_53": 37.665396270719185,
  "A_54": 25.087854152883853,
  "A_55": 96.30212987572922,
  "A_56": 93.33277189777984,
  "A_57": 51.436215809352845,
  "A_58": 42.24909304964223,
  "A_59": 6.7896100429382615,
  "A_60": 74.7452499362917,
  "A_61": 82.38163229670795,
  "A_62": 66.41955188219539,
  "A_63": 105.87638481495642,
  "A_64": 71.276428991904,
  "A_65": 122.6264143661011,
  "A_66": 23.766186123518626,
  "A_67": 103.94896745649662,
  "A_68": 53.95689152451653,
  "A_69": 28.869037371632686,
  "A_70": 23.335549168935152,
  "A_71": 82.5918174116037,
  "A_72": 126.12009159156403,
  "A_73": 32.824616681767594,
  "A_74": 107.76639208809725,
  "A_75": 58.75245731199767,
  "A_76": 92.64345620409978,
  "A_77": 16.770625832581633,
  "A_78": 13.928967312815365,
  "A_79": 43.03031917799571,
  "A_80": 30.295320436362452,
  "A_81": 75.34604811536421,
  "A_82": 89.10305721269269,
  "A_83": 81.58080263019606,
  "A_84": 58.579393255896726,
  "A_85": 104.18617026821326,
  "A_86": 116.63430390146192,
  "A_87": 96.6177719728207,
  "A_88": 99.17862237483848,
  "A_89": 92.04509590092646,
  "A_90": 55.691276863969165,
  "A_91": 63.32344949022959,
  "A_92": 0.0,
  "A_93": 56.48618776992168,
  "A_94": 0.0,
  "A_95": 1.0714590240627204,
  "A_96": 13.28391037643908,
  "A_97": 1.0714590240627204,
  "A_98": 4.830512864159665,
  "A_99": 79.17410389650462,
  "A_100": 35.02121826515757,
  "A_101": 25.2061288331062,
  "A_102": 77.04466956404838,
  "A_103": 86.23428046514063,
  "A_104": 73.88905284085294,
  "A_105": 155.1414836405252,
  "A_106": 106.89749039196738,
  "A_107": 20.39351048070138,
  "A_108": 29.58471731086167,
  "A_109": 65.21192366615549,
  "A_110": 11.87456677929747,
  "A_111": 36.565776010109694,
  "A_112": 73.5478633123025,
  "A_113": 0.0,
  "A_114": 91.61292584912805,
  "A_115": 1.0714590240627204,
  "A_116": 48.30512864159665,
  "A_117": 53.661556682337874,
  "A_118": 78.38846697206547,
  "A_119": 154.97451427417224,
  "A_120": 53.55346076231315,
  "A_121": 39.658485482009624,
  "A_122": 5.651762882919881,
  "A_123": 36.97428358604128,
  "A_124": 26.940539305300057,
  "A_125": 35.93861358548825,
  "A_126": 59.7830504988225,
  "A_127": 35.696874313979826,
  "A_128": 86.77727333938708,
  "A_129": 162.1438046388527,
  "A_130": 34.068033921317195,
  "A_131": 183.59079166726767,
  "A_132": 58.54566511716777,
  "A_133": 31.921722953125887,
  "A_134": 184.98325862867424,
  "A_135": 94.51749162018979,
  "A_136": 65.3768949795808,
  "A_137": 107.4610167157977,
  "A_138": 9.66526059521637,
  "A_139": 20.920292736855316,
  "A_140": 18.350972601043445,
  "A_141": 67.57773142986781,
  "A_142": 40.61506274591588,
  "A_143": 74.43712252882762,
  "A_144": 107.70102182816137,
  "A_145": 107.81506164148668,
  "A_146": 26.567820752878163,
  "A_147": 69.49773462966516,
  "A_148": 128.12089655441167,
  "A_149": 23.90666558061655,
  "A_150": 13.696690518379551,
  "A_151": 34.69519634593864,
  "A_152": 186.9965294311713
}