{
  "A_1": 136.91506890501128,
  "A_2": 48.17742918341354,
  "A_3": 13.928967312815365,
  "A_4": 55.70577845565814,
  "A_5": 47.81318036478572,
  "A_6": 10.868653944359247,
  "A_7": 90.77711140682577,
  "A_8": 8.453397512279414,
  "A_9": 36.58027760179866,
  "A_10": 6.038141080199582,
  "A_11": 46.32474403099733,
  "A_12": 0.0,
  "A_13": 49.61313702610407,
  "A_14": 41.56824708975624,
  "A_15": 20.71094956879071,
  "A_16": 105.30020415591743,
  "A_17": 101.8823147116297,
  "A_18": 57.6580269624519,
  "A_19": 141.37223489821832,
  "A_20": 76.06268309875989,
  "A_21": 92.98737263507356,
  "A_22": 44.32650260775502,
  "A_23": 21.120299091553463,
  "A_24": 13.928967312815365,
  "A_25": 6.038141080199582,
  "A_26": 13.995355448771026,
  "A_27": 55.42233140008065,
  "A_28": 26.922644793545203,
  "A_29": 73.00657946445959,
  "A_30": 48.22168794071732,
  "A_31": 20.529679672678576,
  "A_32": 140.36397215197522,
  "A_33": 38.235595337345735,
  "A_34": 126.69272853408975,
  "A_35": 86.88188837475163,
  "A_36": 121.66992506678918,
  "A_37": 67.85691848580704,
  "A_38": 9.66102572831933,
  "A_39": 0.0,
  "A_40": 0.0,
  "A_41": 5.493464312290798,
  "A_42": 1.0714590240627204,
  "A_43": 0.0,
  "A_44": 0.0,
  "A_45": 0.0,
  "A_46": 20.357721457191687,
  "A_47": 3.214377072188161,
  "A_48": 4.830512864159665,
  "A_49": 62.15149720036384,
  "A_50": 108.35109274641277,
  "A_51": 29.373690249134732,
  "A_52": 75.0039286753883,
  "A_53": 48.014028666315035,
  "A_54": 1.0935884027146072,
  "A_55": 10.504405125731433,
  "A_56": 41.366531708654556,
  "A_57": 0.0,
  "A_58": 0.0,
  "A_59": 100.9054427591813,
  "A_60": 25.22402334486105,
  "A_61": 0.0,
  "A_62": 2.4152564320798326,
  "A_63": 76.42690678464649,
  "A_64": 44.088118557200616,
  "A_65": 0.0,
  "A_66": 21.974812293329883,
  "A_67": 44.18182598287189,
  "A_68": 22.808766912781213,
  "A_69": 2.4152564320798326,
  "A_70": 42.36736772986457,
  "A_71": 121.35077695229629,
  "A_72": 63.566847522659124,
  "A_73": 22.40025933684963,
  "A_74": 154.4034732607145,
  "A_75": 61.1489772854915,
  "A_76": 45.1553427143663,
  "A_77": 153.19407318641794,
  "A_78": 45.015780602323225,
  "A_79": 36.981157390767336,
  "A_80": 38.76745440722787,
  "A_81": 65.87061511464836,
  "A_82": 83.26323859352892,
  "A_83": 95.28858925382808,
  "A_84": 9.546985914994021,
  "A_85": 0.0,
  "A_86": 38.88065227372202,
  "A_87": 62.31063771782409,
  "A_88": 2.279087240102637,
  "A_89": 0.0,
  "A_90": 82.50933175489106,
  "A_91": 37.2866458604024,
  "A_92": 1.0714590240627204,
  "A_93": 33.605930774715375,
  "A_94": 134.69768254462514,
  "A_95": 90.74741707306406,
  "A_96": 1.2076282160399163,
  "A_97": 92.30652667518758,
  "A_98": 49.653160916510814,
  "A_99": 31.208480889796093,
  "A_100": 4.830512864159665,
  "A_101": 145.3074818206992,
  "A_102": 78.96893276348396,
  "A_103": 85.43176690496642,
  "A_104": 169.6344422328836,
  "A_105": 65.44847302660018,
  "A_106": 44.11204492685036,
  "A_107": 30.82813455041128,
  "A_108": 167.87306432935137,
  "A_109": 31.07231169781889,
  "A_110": 0.0,
  "A_111": 6.038141080199582,
  "A_112": 0.0,
  "A_113": 1.0714590240627204,
  "A_114": 0.0,
  "A_115": 1.0714590240627204,
  "A_116": 0.0,
  "A_117": 1.0935884027146072,
  "A_118": 0.0,
  "A_119": 0.0,
  "A_120": 7.772551552393435,
  "A_121": 34.98542924164788,
  "A_122": 121.26472244632916,
  "A_123": 6.038141080199582,
  "A_124": 2.1650474267773276,
  "A_125": 0.0,
  "A_126": 1.2076282160399163,
  "A_127": 0.0,
  "A_128": 1.2076282160399163,
  "A_129": 1.2076282160399163,
  "A_130": 0.0,
  "A_131": 22.110026441140384,
  "A_132": 0.0,
  "A_133": 0.0,
  "A_134": 0.0,
  "A_135": 0.0,
  "A_136": 0.0,
  "A_137": 13.928967312815365,
  "A_138": 32.45613299624274,
  "A_139": 51.32965298654308,
  "A_140": 178.19697867394873,
  "A_141": 28.232450169050477,
  "A_142": 43.43966870075846,
  "A_143": 64.75057450179051,
  "A_144": 26.03161371876346,
  "A_145": 34.03224489780751,
  "A_146": 14.3553694005018,
  "A_147": 84.96789190010796,
  "A_148": 15.272764720832477,
  "A_149": 27.46827660562068,
  "A_150": 82.10929391275354,
  "A_151": 17.82419034488951,
  "A_152": 162.1087067657268,
  "A_153": 140.13156969383326,
  "A_154": 102.61768615361139,
  "A_155": 143.11529103339487,
  "A_156": 90.04216722144498,
  "A_157": 32.346328049814474,
  "A_158": 32.445112289213945,
  "A_159": 39.85173112931724,
  "A_160": 0.0,
  "A_161": 10.714590240627205,
  "A_162": 45.0191735223891,
  "A_163": 180.49970325717698,
  "A_164": 49.06846025819529,
  "A_165": 1.2076282160399163,
  "A_166": 56.46829325816683,
  "A_167": 93.9217074229924,
  "A_168": 85.25734568083914,
  "A_169": 23.844436913334242,
  "A_170": 99.95381664529708,
  "A_171": 40.87374148501246,
  "A_172": 53.13564150575632,
  "A_173": 67.42790259303281,
  "A_174": 28.402611393539516,
  "A_175": 126.07490292283478,
  "A_176": 18.979932016662733,
  "A_177": 43.70267027134639,
  "A_178": 0.0,
  "A_179": 68.85522866652357,
  "A_180": 60.87841075979374,
  "A_181": 1.2076282160399163,
  "A_182": 0.0,
  "A_183": 1.2076282160399163,
  "A_184": 0.0,
  "A_185": 3.622884648119749,
  "A_186": 45.40978658656584,
  "A_187": 5.629633504267994,
  "A_188": 1.2076282160399163,
  "A_189": 24.287024486371976,
  "A_190": 190.5771031094325,
  "A_191": 29.237521057157537,
  "A_192": 0.0,
  "A_193": 6.428754144376322,
  "A_194": 54.574717135771515,
  "A_195": 100.13180671867886,
  "A_196": 166.46707595316377,
  "A_197": 93.6791262046528,
  "A_198": 45.77920018351617,
  "A_199": 41.84058547371063,
  "A_200": 19.031818560929423,
  "A_201": 73.04831238126987,
  "A_202": 68.72076850094993,
  "A_203": 90.14571411530729,
  "A_204": 29.646028633089124,
  "A_205": 0.0,
  "A_206": 60.754129354417714,
  "A_207": 77.1341421228226,
  "A_208": 37.02796712130581,
  "A_209": 11.53160539249038,
  "A_210": 95.39657207651729,
  "A_211": 29.531988819763818,
  "A_212": 1.2076282160399163,
  "A_213": 61.14474241859445,
  "A_214": 79.12299646721601,
  "A_215": 10.051638792496071,
  "A_216": 66.94633413834934,
  "A_217": 124.76602745875498,
  "A_218": 147.81464868745246,
  "A_219": 88.86149387037287,
  "A_220": 27.0946030090321,
  "A_221": 112.94749412602692,
  "A_222": 105.99894462755825,
  "A_223": 31.125995233083433,
  "A_224": 56.48618776992168,
  "A_225": 92.783860262974,
  "A_226": 94.44944472331301,
  "A_227": 9.546985914994021,
  "A_228": 95.62473966776221,
  "A_229": 104.30612884209792,
  "A_230": 69.92839671698984,
  "A_231": 0.0,
  "A_232": 58.30308389882819,
  "A_233": 24.815515768929462,
  "A_234": 90.4580763896684,
  "A_235": 51.699933663065785,
  "A_236": 6.038141080199582,
  "A_237": 43.11628571936854,
  "A_238": 156.64076475215379,
  "A_239": 163.12419517507317,
  "A_240": 22.013881139569925,
  "A_241": 95.18969191709309,
  "A_242": 49.16884042666279,
  "A_243": 2.142918048125441,
  "A_244": 0.0,
  "A_245": 0.0,
  "A_246": 0.0,
  "A_247": 0.0,
  "A_248": 0.0,
  "A_249": 1.0935884027146072,
  "A_250": 15.699166808518912,
  "A_251": 45.442182690009666,
  "A_252": 11.940112968421968,
  "A_253": 188.6228439833404
}