{
  "A_1": 189.84770069349264,
  "A_2": 207.064369851031,
  "A_3": 89.33293383034115,
  "A_4": 213.10590385129643,
  "A_5": 136.3232431145574,
  "A_6": 93.96692122446285,
  "A_7": 90.57211620299373,
  "A_8": 46.4208893325678,
  "A_9": 122.56362021214115,
  "A_10": 35.02121826515757,
  "A_11": 56.16016585070274,
  "A_12": 34.09016329996909,
  "A_13": 64.68937627689859,
  "A_14": 46.552823657647956,
  "A_15": 98.91147390194783,
  "A_16": 105.99894462755825,
  "A_17": 17.864214235296238,
  "A_18": 56.75852615387606,
  "A_19": 110.01244233985473,
  "A_20": 100.91822275809608,
  "A_21": 17.97825404862155,
  "A_22": 26.567820752878163,
  "A_23": 38.648337780174366,
  "A_24": 85.62756352550875,
  "A_25": 9.77930040854168,
  "A_26": 74.73678020249761,
  "A_27": 139.6491341595774,
  "A_28": 56.35001857794448,
  "A_29": 1.2076282160399163,
  "A_30": 95.9464387554898,
  "A_31": 81.95784401410931,
  "A_32": 87.98911128958284,
  "A_33": 8.453397512279414,
  "A_34": 81.33050566029925,
  "A_35": 62.48853982661157,
  "A_36": 37.2866458604024,
  "A_37": 5.901971888222386,
  "A_38": 55.55089793783615,
  "A_39": 108.01660109339977,
  "A_40": 36.72407458073877,
  "A_41": 2.4152564320798326,
  "A_42": 63.66037901914179,
  "A_43": 60.21368745340597,
  "A_44": 7.500213168439043,
  "A_45": 1.2076282160399163,
  "A_46": 56.16016585070275,
  "A_47": 68.149702354751,
  "A_48": 0.0,
  "A_49": 18.913543880707074,
  "A_50": 119.28285500399734,
  "A_51": 41.603169033693554,
  "A_52": 1.2076282160399163,
  "A_53": 84.58752042798193,
  "A_54": 118.34159614587,
  "A_55": 0.0,
  "A_56": 12.076282160399163,
  "A_57": 58.224833109012565,
  "A_58": 44.76989442851207,
  "A_59": 0.0,
  "A_60": 53.79349100741803,
  "A_61": 66.44835400364352,
  "A_62": 0.0,
  "A_63": 0.0,
  "A_64": 77.75280968090874,
  "A_65": 66.62454708602743,
  "A_66": 1.2076282160399163,
  "A_67": 70.2253023554953,
  "A_68": 169.45596207104788,
  "A_69": 64.9931557201301,
  "A_70": 165.38361604516433,
  "A_71": 56.45124069324314,
  "A_72": 63.2060167568384,
  "A_73": 54.42236245844302,
  "A_74": 23.924560092371397,
  "A_75": 39.17088516943126,
  "A_76": 153.3047200796774,
  "A_77": 72.00576857599079,
  "A_78": 0.0,
  "A_79": 6.038141080199582,
  "A_80": 104.39009733054307,
  "A_81": 31.88932684968207,
  "A_82": 0.0,
  "A_83": 99.86631700670932,
  "A_84": 129.52598015191504,
  "A_85": 0.0,
  "A_86": 24.25294448926583,
  "A_87": 201.14014292045053,
  "A_88": 76.10937973196285,
  "A_89": 48.133170426109764,
  "A_90": 188.9635182906957,
  "A_91": 14.74598246467854,
  "A_92": 8.571672192501763,
  "A_93": 76.09157318480231,
  "A_94": 10.986928624581596,
  "A_95": 0.0,
  "A_96": 2.4152564320798326,
  "A_97": 44.49239126623517,
  "A_98": 2.279087240102637,
  "A_99": 86.41546239665847,
  "A_100": 131.3138982301848,
  "A_101": 29.82474755596655,
  "A_102": 38.64410291327732,
  "A_103": 3.214377072188161,
  "A_104": 73.85326381734325,
  "A_105": 0.0,
  "A_106": 0.0,
  "A_107": 12.194556840621512,
  "A_108": 65.312303834623,
  "A_109": 79.30586229239616,
  "A_110": 106.92997446000551,
  "A_111": 151.07751938384143,
  "A_112": 18.350972601043445,
  "A_113": 43.360575964111675,
  "A_114": 106.50783237195733,
  "A_115": 89.49367027686944,
  "A_116": 81.45904706531353,
  "A_117": 8.707841384478959,
  "A_118": 70.04243653031514,
  "A_119": 145.686232231016,
  "A_120": 28.811118969471103,
  "A_121": 64.65782212028593,
  "A_122": 51.471854036415166,
  "A_123": 104.34362689201117,
  "A_124": 28.674949777493907,
  "A_125": 192.93617529849553,
  "A_126": 107.19958594153658,
  "A_127": 43.59712532455637,
  "A_128": 19.985002904769793,
  "A_129": 43.60907594301064,
  "A_130": 38.37176452932293,
  "A_131": 5.901971888222386,
  "A_132": 63.947218994785146,
  "A_133": 12.194556840621512,
  "A_134": 46.11699679200075,
  "A_135": 30.143895670459422,
  "A_136": 23.90659018239286,
  "A_137": 22.500639505317128,
  "A_138": 97.90037115594588,
  "A_139": 66.91477998173667,
  "A_140": 93.65032408320468,
  "A_141": 159.5821625554862,
  "A_142": 99.88505346529533,
  "A_143": 145.92373663562736,
  "A_144": 11.026990214100174,
  "A_145": 14.491538592478996,
  "A_146": 0.0,
  "A_147": 13.28391037643908,
  "A_148": 0.0,
  "A_149": 22.944936104758412,
  "A_150": 69.04583537600217,
  "A_151": 83.64207696844001,
  "A_152": 7.908720744370631,
  "A_153": 0.0,
  "A_154": 0.0,
  "A_155": 4.830512864159665,
  "A_156": 2.4152564320798326,
  "A_157": 26.78647560156801,
  "A_158": 12.076282160399163,
  "A_159": 51.40546590045951,
  "A_160": 21.7015188652088,
  "A_161": 19.32205145663866,
  "A_162": 15.953610680718457,
  "A_163": 88.6945496367611,
  "A_164": 25.38655678238717,
  "A_165": 134.23139479660873,
  "A_166": 48.95018557797294,
  "A_167": 186.748984496439,
  "A_168": 26.549926241123313,
  "A_169": 102.53763837279794,
  "A_170": 38.91728324406289,
  "A_171": 140.05497766493875,
  "A_172": 14.201305696769758,
  "A_173": 37.63723503417241,
  "A_174": 1.2076282160399163,
  "A_175": 0.0,
  "A_176": 6.038141080199582,
  "A_177": 1.2076282160399163,
  "A_178": 14.3553694005018,
  "A_179": 53.46578519453678,
  "A_180": 65.15824013089095,
  "A_181": 157.88775084095786,
  "A_182": 44.66264045531851,
  "A_183": 65.21192366615549,
  "A_184": 44.71284310592287,
  "A_185": 45.735808505784775,
  "A_186": 12.466895224575904,
  "A_187": 43.2371113728256,
  "A_188": 64.06888659507338,
  "A_189": 83.86403677260142,
  "A_190": 170.85996496067838,
  "A_191": 22.15428519844416,
  "A_192": 48.07704901494604,
  "A_193": 117.3943556953302,
  "A_194": 55.64788518623779,
  "A_195": 10.868653944359247,
  "A_196": 0.0,
  "A_197": 60.209452586508924,
  "A_198": 140.09761536043328,
  "A_199": 0.0,
  "A_200": 63.45442877114306,
  "A_201": 160.5804224707203,
  "A_202": 46.961331233579536,
  "A_203": 81.26591451534144,
  "A_204": 63.17785552029162,
  "A_205": 109.47867318163921,
  "A_206": 75.81839285401675,
  "A_207": 10.868653944359247,
  "A_208": 121.65194259044,
  "A_209": 52.189217869306475,
  "A_210": 147.37899775099388,
  "A_211": 25.246994670344097,
  "A_212": 48.30512864159665,
  "A_213": 21.73730788871849,
  "A_214": 15.136595528855281,
  "A_215": 8.571672192501763,
  "A_216": 10.051638792496071,
  "A_217": 49.51275685763657,
  "A_218": 62.50643433836641,
  "A_219": 31.398333617037824,
  "A_220": 107.44312220404287,
  "A_221": 159.0560211842336,
  "A_222": 57.33910504263008,
  "A_223": 56.86143216283706,
  "A_224": 19.32205145663866,
  "A_225": 4.285836096250882,
  "A_226": 0.0,
  "A_227": 1.2076282160399163,
  "A_228": 0.0,
  "A_229": 11.392043280447309,
  "A_230": 2.4152564320798326,
  "A_231": 39.28576692958774,
  "A_232": 26.395862537391274,
  "A_233": 147.82932620833003,
  "A_234": 38.58710185617059,
  "A_235": 27.63927977694088,
  "A_236": 121.80015036546578,
  "A_237": 138.31125551211966,
  "A_238": 11.803943776444772,
  "A_239": 89.88787732304188,
  "A_240": 119.19091943658267,
  "A_241": 170.76660939338433,
  "A_242": 27.365232366582944,
  "A_243": 27.775448968918074,
  "A_244": 155.23936310124043,
  "A_245": 93.63242957144983,
  "A_246": 67.39910047158469,
  "A_247": 63.75408644481306,
  "A_248": 61.45286982605854,
  "A_249": 83.09826728010361,
  "A_250": 1.2076282160399163,
  "A_251": 86.67689317091958,
  "A_252": 82.1187186907143,
  "A_253": 88.95598041102222,
  "A_254": 0.0,
  "A_255": 115.52380116390037,
  "A_256": 104.24663964360956,
  "A_257": 31.14812461173532,
  "A_258": 15.699166808518912,
  "A_259": 108.91340013229349,
  "A_260": 143.57158851677286,
  "A_261": 32.60596183307774,
  "A_262": 80.9110904746744,
  "A_263": 175.89666683387847,
  "A_264": 73.66532117843491,
  "A_265": 38.64410291327732,
  "A_266": 183.6692183862719,
  "A_267": 165.1378178359475,
  "A_268": 101.83138321152971,
  "A_269": 110.98932685867379,
  "A_270": 29.78219782506632,
  "A_271": 76.08057761051472,
  "A_272": 62.06561862358531,
  "A_273": 66.03062271168099,
  "A_274": 117.58926010355891,
  "A_275": 0.0,
  "A_276": 62.13792552010034,
  "A_277": 72.0779875079115,