{
  "A_1": 236.71284892638988,
  "A_2": 185.4546985886425,
  "A_3": 137.84061979987067,
  "A_4": 245.95525115043307,
  "A_5": 176.88464745795,
  "A_6": 91.12949757159362,
  "A_7": 143.49238268279055,
  "A_8": 169.21682403825662,
  "A_9": 139.70696459714466,
  "A_10": 62.853630592070544,
  "A_11": 139.82523927736702,
  "A_12": 143.85663150141835,
  "A_13": 102.65778544224185,
  "A_14": 221.16780865345606,
  "A_15": 160.14036073817607,
  "A_16": 103.11207230632151,
  "A_17": 79.47782050788305,
  "A_18": 123.89375797530045,
  "A_19": 220.06319954371264,
  "A_20": 56.14830319684279,
  "A_21": 123.11676671384402,
  "A_22": 66.01406023521128,
  "A_23": 16.08977987269565,
  "A_24": 112.27871188193072,
  "A_25": 41.27462127398113,
  "A_26": 58.72609306644874,
  "A_27": 116.07271279870619,
  "A_28": 75.85673285076115,
  "A_29": 42.69675743640816,
  "A_30": 3.622884648119749,
  "A_31": 103.16065389511664,
  "A_32": 92.35745817528758,
  "A_33": 2.142918048125441,
  "A_34": 6.038141080199582,
  "A_35": 54.97043214641768,
  "A_36": 97.58722976660667,
  "A_37": 0.0,
  "A_38": 69.41261003512348,
  "A_39": 130.5522505072485,
  "A_40": 61.06214366454628,
  "A_41": 9.66102572831933,
  "A_42": 118.6164855030591,
  "A_43": 91.34220852698289,
  "A_44": 20.96455149415909,
  "A_45": 17.68802115291231,
  "A_46": 32.02549604165926,
  "A_47": 26.532031729368462,
  "A_48": 36.074782777465444,
  "A_49": 77.04307363498035,
  "A_50": 128.1123388560233,
  "A_51": 96.87560876508611,
  "A_52": 6.428754144376322,
  "A_53": 110.61924724408092,
  "A_54": 41.3707665755516,
  "A_55": 148.6401335731097,
  "A_56": 26.43165156090096,
  "A_57": 91.08428377012316,
  "A_58": 47.905090799459146,
  "A_59": 31.671513947823378,
  "A_60": 3.622884648119749,
  "A_61": 63.96850642660587,
  "A_62": 58.42135857905053,
  "A_63": 34.86715456142553,
  "A_64": 2.4152564320798326,
  "A_65": 23.744056744866736,
  "A_66": 57.97038923681303,
  "A_67": 42.99206714584561,
  "A_68": 16.90679502455883,
  "A_69": 63.950611914851024,
  "A_70": 37.64750175896434,
  "A_71": 5.6960216402236545,
  "A_72": 12.032865349926555,
  "A_73": 196.77609373349588,
  "A_74": 39.41170709588484,
  "A_75": 67.70966575494796,
  "A_76": 65.32077356841705,
  "A_77": 30.97193152935139,
  "A_78": 161.87639227217912,
  "A_79": 89.6010373473985,
  "A_80": 189.47588691975497,
  "A_81": 149.11926415189401,
  "A_82": 99.49098464919962,
  "A_83": 164.78203875111376,
  "A_84": 105.12573266630767,
  "A_85": 34.74887988120318,
  "A_86": 108.80481412381482,
  "A_87": 31.9293507400888,
  "A_88": 127.81700401384462,
  "A_89": 20.943264062338372,
  "A_90": 94.02388458245775,
  "A_91": 28.983077184957992,
  "A_92": 114.55463239663854,
  "A_93": 17.279513576980726,
  "A_94": 71.72316346724446,
  "A_95": 13.28391037643908,
  "A_96": 11.506083093772617,
  "A_97": 7.838939688349095,
  "A_98": 13.015806859381728,
  "A_99": 23.46832544084647,
  "A_100": 56.13040868508794,
  "A_101": 164.56761876932097,
  "A_102": 133.41435451200434,
  "A_103": 20.69228850842839,
  "A_104": 123.4188622634132,
  "A_105": 61.51746097101635,
  "A_106": 75.71206879224866,
  "A_107": 110.5706405225446,
  "A_108": 29.167740001136004,
  "A_109": 0.0,
  "A_110": 41.66862725822375,
  "A_111": 108.53247573986043,
  "A_112": 28.618828366330177,
  "A_113": 12.6030644165531,
  "A_114": 178.4182473277264,
  "A_115": 155.16079815215946,
  "A_116": 69.5232569283829,
  "A_117": 92.4196114443462,
  "A_118": 86.12786843877825,
  "A_119": 9.046567904389011,
  "A_120": 35.02121826515757,
  "A_121": 0.0,
  "A_122": 5.379424498965489,
  "A_123": 6.428754144376322,
  "A_124": 35.0884483479444,
  "A_125": 12.146905163251864,
  "A_126": 12.857508288752646,
  "A_127": 1.0714590240627204,
  "A_128": 12.076282160399163,
  "A_129": 14.878758736589862,
  "A_130": 1.2076282160399163,
  "A_131": 0.0,
  "A_132": 3.622884648119749,
  "A_133": 6.038141080199582,
  "A_134": 0.0,
  "A_135": 113.14851835674483,
  "A_136": 132.38782026288794,
  "A_137": 8.181059128325023,
  "A_138": 126.90903347147474,
  "A_139": 27.194983177499598,
  "A_140": 79.48806209993377,
  "A_141": 83.59526723790152,
  "A_142": 0.0,
  "A_143": 2.4152564320798326,
  "A_144": 8.844010576456155,
  "A_145": 107.15124311378317,
  "A_146": 12.419243547206253,
  "A_147": 85.76794245164177,
  "A_148": 0.0,
  "A_149": 78.35966485061736,
  "A_150": 79.811533045918,
  "A_151": 0.0,
  "A_152": 70.3614715474725,
  "A_153": 83.94831942031193,
  "A_154": 20.529679672678576,
  "A_155": 28.846907992980796,
  "A_156": 150.0147060227614,
  "A_157": 37.503704780024236,
  "A_158": 1.2076282160399163,
  "A_159": 46.226801738429025,
  "A_160": 78.06943195490813,
  "A_161": 1.0714590240627204,
  "A_162": 89.41118462015677,
  "A_163": 30.445149273197455,
  "A_164": 5.493464312290798,
  "A_165": 24.038524507473014,
  "A_166": 75.47458952037849,
  "A_167": 97.06969635922489,
  "A_168": 17.960359536866704,
  "A_169": 90.02648439091826,
  "A_170": 54.14239628752571,
  "A_171": 75.5180063308511,
  "A_172": 1.2076282160399163,
  "A_173": 21.737307888718494,
  "A_174": 83.88286119578174,
  "A_175": 0.0,
  "A_176": 7.500213168439043,
  "A_177": 1.2076282160399163,
  "A_178": 1.0714590240627204,
  "A_179": 2.3012166187545233,
  "A_180": 25.188234321351352,
  "A_181": 3.622884648119749,
  "A_182": 3.622884648119749,
  "A_183": 7.109600104262302,
  "A_184": 75.98176823837403,
  "A_185": 88.2649305581974,
  "A_186": 146.71343249777493,
  "A_187": 33.796537484193976,
  "A_188": 11.575864149794153,
  "A_189": 21.73730788871849,
  "A_190": 23.07939627033206,
  "A_191": 67.20753871793941,
  "A_192": 135.89843695593902,
  "A_193": 117.30681835763058,
  "A_194": 8.453397512279414,
  "A_195": 37.87218846554909,
  "A_196": 46.68899284962515,
  "A_197": 32.76594429736915,
  "A_198": 0.0,
  "A_199": 42.0593282869948,
  "A_200": 8.067019314999714,
  "A_201": 94.65029302484233,
  "A_202": 0.0,
  "A_203": 4.830512864159665,
  "A_204": 8.181059128325023,
  "A_205": 25.08785415288385,
  "A_206": 3.214377072188161,
  "A_207": 58.67248492940789,
  "A_208": 153.8598143688255,
  "A_209": 175.59016048822363,
  "A_210": 119.51241746238045,
  "A_211": 97.55729667180326,
  "A_212": 53.372190866201024,
  "A_213": 139.19955968447806,
  "A_214": 59.0376133939787,
  "A_215": 6.038141080199582,
  "A_216": 81.44547538505003,
  "A_217": 36.39137991872361,
  "A_218": 0.0,
  "A_219": 2.4152564320798326,
  "A_220": 10.8507594326044,
  "A_221": 2.4152564320798326,
  "A_222": 4.422005288228077,
  "A_223": 54.09306071649373,
  "A_224": 4.830512864159665,
  "A_225": 7.017689669588879,
  "A_226": 22.500639505317128,
  "A_227": 88.59416946829359,
  "A_228": 10.986928624581596,
  "A_229": 33.699550235792344,
  "A_230": 143.4710701182286,
  "A_231": 106.04320338486201,
  "A_232": 9.635578827825256,
  "A_233": 58.59331679453742,
  "A_234": 65.78540255551238,
  "A_235": 14.55876867526582,
  "A_236": 13.28391037643908,
  "A_237": 127.02307328480003,
  "A_238": 59.6110922833356,
  "A_239": 8.453397512279414,
  "A_240": 17.960359536866704,
  "A_241": 110.1953081650349,
  "A_242": 20.53391453957562,
  "A_243": 37.400685673727715,
  "A_244": 3.622884648119749,
  "A_245": 72.28996961380513,
  "A_246": 44.5682041801516,
  "A_247": 3.4867154561425533,
  "A_248": 88.33462364962463,
  "A_249": 86.06063835599141,
  "A_250": 37.92746792988165,
  "A_251": 11.786049264689925,
  "A_252": 76.69161738163794,
  "A_253": 66.74885362414469,
  "A_254": 7.522342547090929,
  "A_255": 173.930720983115,
  "A_256": 57.28020646356059,
  "A_257": 7.017689669588879,
  "A_258": 88.05372756728184,
  "A_259": 49.98585557852597,
  "A_260": 0.0,
  "A_261": 24.543177384975067,
  "A_262": 161.1081346382997,
  "A_263": 15.699166808518912,
  "A_264": 27.339710067865184,
  "A_265": 60.95581960277818,
  "A_266": 81.36629468380895,
  "A_267": 3.5088448347944396,
  "A_268": 37.20839507058679,
  "A_269": 103.49682944179197,
  "A_270": 31.284293803712515,
  "A_271": 131.1367752363754,
  "A_272": 9.66102572831933,
  "A_273": 20.529679672678576,
  "A_274": 0.0,