{
  "A_1": 230.90370481789577,
  "A_2": 106.93412136230825,
  "A_3": 192.1039045727065,
  "A_4": 138.62350468914528,
  "A_5": 202.3623355600325,
  "A_6": 90.21633711815998,
  "A_7": 68.28070676840568,
  "A_8": 179.18000814799822,
  "A_9": 41.15211172686175,
  "A_10": 92.87499158266935,
  "A_11": 47.607230116786994,
  "A_12": 196.65187515997295,
  "A_13": 183.72882068209583,
  "A_14": 32.21958363579804,
  "A_15": 86.13303321710075,
  "A_16": 52.47692492452223,
  "A_17": 76.13328096887138,
  "A_18": 52.518632708591284,
  "A_19": 118.88447592278092,
  "A_20": 165.8671574200343,
  "A_21": 44.29415676979366,
  "A_22": 52.55517571433785,
  "A_23": 168.41936215906938,
  "A_24": 67.57349656297077,
  "A_25": 68.99215184073762,
  "A_26": 170.35209509229904,
  "A_27": 162.72739945655417,
  "A_28": 183.9526026099963,
  "A_29": 77.39282086191919,
  "A_30": 104.01157311489735,
  "A_31": 227.25180442002744,
  "A_32": 111.39351160311404,
  "A_33": 18.214803409066246,
  "A_34": 109.86343031710967,
  "A_35": 79.58942244530917,
  "A_36": 32.60596183307774,
  "A_37": 17.705915664667156,
  "A_38": 130.7598218170565,
  "A_39": 40.360618873716334,
  "A_40": 73.42178491592863,
  "A_41": 79.67190810202183,
  "A_42": 8.067019314999714,
  "A_43": 50.72038507367648,
  "A_44": 0.0,
  "A_45": 9.66102572831933,
  "A_46": 4.558174480205274,
  "A_47": 65.69358008543327,
  "A_48": 91.898019099256,
  "A_49": 63.57873530926031,
  "A_50": 152.96111780796898,
  "A_51": 62.9311273996493,
  "A_52": 0.0,
  "A_53": 16.208054552918,
  "A_54": 0.0,
  "A_55": 28.402611393539512,
  "A_56": 11.123097816558792,
  "A_57": 96.15230103889422,
  "A_58": 118.1124986431996,
  "A_59": 38.38023426311701,
  "A_60": 85.32610886084089,
  "A_61": 84.73134253966327,
  "A_62": 57.98657472216433,
  "A_63": 115.63016292478034,
  "A_64": 0.0,
  "A_65": 63.93448926135281,
  "A_66": 32.29783442561366,
  "A_67": 77.35201785653439,
  "A_68": 247.02071601571276,
  "A_69": 57.6580269624519,
  "A_70": 31.226375401550932,
  "A_71": 193.16338784557374,
  "A_72": 44.16393147111704,
  "A_73": 18.61991806493196,
  "A_74": 6.038141080199582,
  "A_75": 2.142918048125441,
  "A_76": 1.0714590240627204,
  "A_77": 1.0714590240627204,
  "A_78": 142.1928817311891,
  "A_79": 0.0,
  "A_80": 7.245769296239498,
  "A_81": 8.453397512279414,
  "A_82": 14.330689048615204,
  "A_83": 45.88987220951682,
  "A_84": 18.259062166370022,
  "A_85": 90.40955763272638,
  "A_86": 102.86705321208274,
  "A_87": 67.55560205121593,
  "A_88": 57.5576467939844,
  "A_89": 201.50851350863985,
  "A_90": 83.34412832117356,
  "A_91": 80.79705066134909,
  "A_92": 139.66944141449022,
  "A_93": 44.664349481722056,
  "A_94": 86.69476254993322,
  "A_95": 5.581981826898345,
  "A_96": 32.605961833077735,
  "A_97": 0.0,
  "A_98": 10.714590240627203,
  "A_99": 0.0,
  "A_100": 18.505036304775484,
  "A_101": 52.61477801016175,
  "A_102": 173.43012704332142,
  "A_103": 82.9288349051102,
  "A_104": 125.87658046179895,
  "A_105": 13.28391037643908,
  "A_106": 53.45647351391152,
  "A_107": 4.830512864159665,
  "A_108": 41.4141833860242,
  "A_109": 112.71109556202961,
  "A_110": 18.505036304775487,
  "A_111": 60.15576905124439,
  "A_112": 151.69896410983333,
  "A_113": 210.90154881723734,
  "A_114": 104.4940966137475,
  "A_115": 31.17025399038721,
  "A_116": 92.77199760911407,
  "A_117": 80.18004186418406,
  "A_118": 43.84733432985888,
  "A_119": 31.78894668121456,
  "A_120": 0.0,
  "A_121": 0.0,
  "A_122": 10.209937363125155,
  "A_123": 7.636382360416238,
  "A_124": 72.35032589186591,
  "A_125": 0.0,
  "A_126": 0.0,
  "A_127": 0.0,
  "A_128": 1.2076282160399163,
  "A_129": 1.0714590240627204,
  "A_130": 10.051638792496071,
  "A_131": 1.0935884027146072,
  "A_132": 55.80534181003569,
  "A_133": 90.57211620299373,
  "A_134": 89.46910302231835,
  "A_135": 102.50524226935411,
  "A_136": 40.27294330593995,
  "A_137": 22.817236646575296,
  "A_138": 25.132112910187626,
  "A_139": 31.942143305374227,
  "A_140": 38.64410291327732,
  "A_141": 0.0,
  "A_142": 0.0,
  "A_143": 83.72972740347518,
  "A_144": 16.089779872695654,
  "A_145": 0.0,
  "A_146": 0.0,
  "A_147": 7.109600104262302,
  "A_148": 0.0,
  "A_149": 59.3387538993812,
  "A_150": 53.218127162468974,
  "A_151": 51.22927281807557,
  "A_152": 167.23206633068352,
  "A_153": 5.629633504267994,
  "A_154": 81.41478830800975,
  "A_155": 9.116348960410548,
  "A_156": 0.0,
  "A_157": 0.0,
  "A_158": 0.0,
  "A_159": 2.4152564320798326,
  "A_160": 2.1650474267773276,
  "A_161": 40.32831073486682,
  "A_162": 28.302231225072013,
  "A_163": 66.33007932342116,
  "A_164": 94.80426876398006,
  "A_165": 37.12834728977332,
  "A_166": 97.913075756637,
  "A_167": 139.81825237530543,
  "A_168": 150.04608425018543,
  "A_169": 15.585126995193603,
  "A_170": 48.30512864159665,
  "A_171": 58.356767434092724,
  "A_172": 115.81826892650666,
  "A_173": 1.2076282160399163,
  "A_174": 47.37236465000463,
  "A_175": 121.83152859288981,
  "A_176": 38.10195198586204,
  "A_177": 1.2867963509103797,
  "A_178": 61.363397267284306,
  "A_179": 32.46979264110055,
  "A_180": 1.0714590240627204,
  "A_181": 76.5434975712065,
  "A_182": 133.00828481197192,
  "A_183": 40.08828048976194,
  "A_184": 64.20505578705057,
  "A_185": 25.614636409037786,
  "A_186": 94.69200080891139,
  "A_187": 21.49556861721007,
  "A_188": 25.36019253683824,
  "A_189": 31.973609497392577,
  "A_190": 0.0,
  "A_191": 1.0714590240627204,
  "A_192": 21.7015188652088,
  "A_193": 145.72379311278232,
  "A_194": 72.67634781108482,
  "A_195": 125.07064884881765,
  "A_196": 84.27254434853303,
  "A_197": 27.250350606426466,
  "A_198": 11.962242347073854,
  "A_199": 134.9062717304529,
  "A_200": 62.251990466166866,
  "A_201": 0.0,
  "A_202": 51.720266050719815,
  "A_203": 119.00352971798137,
  "A_204": 5.379424498965489,
  "A_205": 2.4152564320798326,
  "A_206": 67.84583494692517,
  "A_207": 64.34122497902777,
  "A_208": 77.16819698718754,
  "A_209": 19.32205145663866,
  "A_210": 0.0,
  "A_211": 0.0,
  "A_212": 8.980179768433352,
  "A_213": 0.0,
  "A_214": 2.279087240102637,
  "A_215": 64.8246783893034,
  "A_216": 66.97777519762646,
  "A_217": 49.58422180732044,
  "A_218": 0.0,
  "A_219": 13.055830749788461,
  "A_220": 18.523772763361496,
  "A_221": 26.73458905730132,
  "A_222": 54.79847393093078,
  "A_223": 0.0,
  "A_224": 4.830512864159665,
  "A_225": 38.75982662026496,
  "A_226": 46.40299482081295,
  "A_227": 7.636382360416238,
  "A_228": 16.344223744895196,
  "A_229": 53.64876411705245,
  "A_230": 60.8902985463949,
  "A_231": 177.37222263778713,
  "A_232": 155.4138220244796,
  "A_233": 131.24658018280368,
  "A_234": 86.93133704311913,
  "A_235": 12.993677480729842,
  "A_236": 55.10660133839487,
  "A_237": 95.8501803565838,
  "A_238": 92.86634591968668,
  "A_239": 141.0507620051618,
  "A_240": 38.09942614536854,
  "A_241": 143.8760088449057,
  "A_242": 152.25800423935436,
  "A_243": 59.93711420255453,
  "A_244": 91.5217945294327,
  "A_245": 143.9622015809496,
  "A_246": 45.350272255336236,
  "A_247": 121.66398117348857,
  "A_248": 81.46676281687076,
  "A_249": 76.04902345390208,
  "A_250": 40.632957257670725,
  "A_251": 147.4819540254373,
  "A_252": 26.045273363621263,
  "A_253": 12.371591869836607,
  "A_254": 100.99906222025828,
  "A_255": 5.357295120313602,
  "A_256": 28.43840041704921,
  "A_257": 89.4623171821866,
  "A_258": 21.855582568940843,
  "A_259": 86.87765350785457,
  "A_260": 130.95483932262073,
  "A_261": 24.973814339558544,
  "A_262": 13.579220085876523,
  "A_263": 24.779726745419765,
  "A_264": 1.2076282160399163,
  "A_265": 2.142918048125441,
  "A_266": 12.058387648644317,
  "A_267": 5.357295120313602,
  "A_268": 33.25101876945403,
  "A_269": 11.347784523143535,
  "A_270": 1.2076282160399163,
  "A_271": 32.01531728146164,
  "A_272": 145.53556144734983,
  "A_273": 33.54548653206031,
  "A_274": 4.444134666879965,
  "A_275": 5.924101266874272,
  "A_276": 80.12128151519131,
  "A_277": 90.01122881699243,
  "A_278": 12.330726032598708,
  "A_279": 82.43775370787166,
  "A_280": 61.589039018035734,