{
  "A_1": 99.34924855504028,
  "A_2": 0.0,
  "A_3": 45.61753382556243,
  "A_4": 2.4152564320798326,
  "A_5": 45.97235786622947,
  "A_6": 55.47931989081677,
  "A_7": 0.0,
  "A_8": 41.32311489818194,
  "A_9": 6.038141080199582,
  "A_10": 119.69215426127765,
  "A_11": 134.22710966422923,
  "A_12": 72.94613522180451,
  "A_13": 146.2940173121501,
  "A_14": 147.52636357918846,
  "A_15": 39.90022475351805,
  "A_16": 16.498287448627238,
  "A_17": 0.0,
  "A_18": 68.04659528386017,
  "A_19": 104.52487165538209,
  "A_20": 1.2076282160399163,
  "A_21": 70.57768852026315,
  "A_22": 0.0,
  "A_23": 48.26933961808696,
  "A_24": 2.279087240102637,
  "A_25": 54.64110527172717,
  "A_26": 86.3687657634555,
  "A_27": 33.59398015626112,
  "A_28": 39.187912601613725,
  "A_29": 25.769542059600997,
  "A_30": 1.2076282160399163,
  "A_31": 0.0,
  "A_32": 4.830512864159665,
  "A_33": 14.491538592478996,
  "A_34": 14.720460165960777,
  "A_35": 94.62477072612457,
  "A_36": 79.4931640464032,
  "A_37": 43.0414278496188,
  "A_38": 22.808766912781213,
  "A_39": 9.182737096366209,
  "A_40": 16.5646755845829,
  "A_41": 59.78305049882248,
  "A_42": 20.674318598449855,
  "A_43": 8.453397512279414,
  "A_44": 9.66102572831933,
  "A_45": 9.66102572831933,
  "A_46": 2.4152564320798326,
  "A_47": 2.4152564320798326,
  "A_48": 55.97040108805531,
  "A_49": 100.065393449982,
  "A_50": 114.99003200568487,
  "A_51": 41.72231079348829,
  "A_52": 85.74064829466738,
  "A_53": 30.58978819896873,
  "A_54": 94.03395024531986,
  "A_55": 16.90679502455883,
  "A_56": 56.566122453399615,
  "A_57": 52.282837330383444,
  "A_58": 52.559410581234886,
  "A_59": 74.56482198701073,
  "A_60": 53.78493330902964,
  "A_61": 44.56820418015159,
  "A_62": 88.99589120409343,
  "A_63": 95.26550483100951,
  "A_64": 44.43795374873377,
  "A_65": 79.02259116600727,
  "A_66": 43.29926464188422,
  "A_67": 2.4152564320798326,
  "A_68": 72.09767901066421,
  "A_69": 32.84251119352244,
  "A_70": 59.97627101338889,
  "A_71": 153.05628293263152,
  "A_72": 154.15149239715535,
  "A_73": 19.510949139713713,
  "A_74": 86.72115192822335,
  "A_75": 64.61017044291629,
  "A_76": 50.72038507367649,
  "A_77": 111.06600685216262,
  "A_78": 59.713269442800964,
  "A_79": 28.070758678355517,
  "A_80": 0.0,
  "A_81": 30.190705400997906,
  "A_82": 45.0549625458988,
  "A_83": 11.53160539249038,
  "A_84": 0.0,
  "A_85": 2.4152564320798326,
  "A_86": 56.82311729883388,
  "A_87": 8.181059128325023,
  "A_88": 5.3572951203136014,
  "A_89": 162.04087349715053,
  "A_90": 70.68230355562771,
  "A_91": 27.875829137385576,
  "A_92": 58.9473868529676,
  "A_93": 118.6810766480169,
  "A_94": 10.868653944359247,
  "A_95": 68.62706107527865,
  "A_96": 61.86561226888717,
  "A_97": 82.12292842487012,
  "A_98": 26.567820752878156,
  "A_99": 116.6573883242805,
  "A_100": 53.999353290822455,
  "A_101": 2.4152564320798326,
  "A_102": 82.61223776385205,
  "A_103": 133.7358525378021,
  "A_104": 155.69970695595626,
  "A_105": 130.79219278775906,
  "A_106": 66.05774093946678,
  "A_107": 49.88208248999259,
  "A_108": 156.9193109231917,
  "A_109": 28.754997558307373,
  "A_110": 35.02121826515757,
  "A_111": 65.85698060253176,
  "A_112": 77.09835309931292,
  "A_113": 10.868653944359247,
  "A_114": 63.159207026299924,
  "A_115": 44.30010066309424,
  "A_116": 98.95231460644452,
  "A_117": 6.038141080199582,
  "A_118": 81.60284404425364,
  "A_119": 84.07178401159803,
  "A_120": 16.634456640604437,
  "A_121": 92.4357089651032,
  "A_122": 8.044889936347825,
  "A_123": 172.95798336659868,
  "A_124": 37.84921714006603,
  "A_125": 3.622884648119749,
  "A_126": 120.25643456734483,
  "A_127": 68.2066908454871,
  "A_128": 88.01982349936432,
  "A_129": 0.0,
  "A_130": 26.295482368923768,
  "A_131": 73.73414719028975,
  "A_132": 7.131729482914189,
  "A_133": 0.0,
  "A_134": 55.84960056733947,
  "A_135": 8.044889936347825,
  "A_136": 0.0,
  "A_137": 27.34904688123164,
  "A_138": 0.0,
  "A_139": 51.637780394007166,
  "A_140": 103.52574466057561,
  "A_141": 129.4858054650609,
  "A_142": 31.875755169418564,
  "A_143": 19.185882264661466,
  "A_144": 157.7122237762165,
  "A_145": 108.81503058312433,
  "A_146": 39.85173112931724,
  "A_147": 0.0,
  "A_148": 43.28476305019525,
  "A_149": 106.11023240571902,
  "A_150": 16.22594906467285,
  "A_151": 67.13523182142438,
  "A_152": 53.11519602076676,
  "A_153": 30.121766291807536,
  "A_154": 60.059711714268225,
  "A_155": 49.66763737545856,
  "A_156": 57.35699955438493,
  "A_157": 10.184415064407393,
  "A_158": 0.0,
  "A_159": 4.307965474902768,
  "A_160": 7.245769296239498,
  "A_161": 0.0,
  "A_162": 29.743015881490752,
  "A_163": 5.924101266874272,
  "A_164": 10.8507594326044,
  "A_165": 19.44032613686101,
  "A_166": 28.145955840111853,
  "A_167": 66.81100689320331,
  "A_168": 15.000426336878085,
  "A_169": 59.474923091358406,
  "A_170": 2.4152564320798326,
  "A_171": 1.2076282160399163,
  "A_172": 5.493464312290798,
  "A_173": 0.0,
  "A_174": 60.39835026958397,
  "A_175": 25.75080560101498,
  "A_176": 15.018320848632932,
  "A_177": 19.83093920103775,
  "A_178": 29.577931470729922,
  "A_179": 62.773670775851386,
  "A_180": 3.622884648119749,
  "A_181": 7.500213168439043,
  "A_182": 7.245769296239498,
  "A_183": 20.51178516092373,
  "A_184": 1.0935884027146072,
  "A_185": 2.4152564320798326,
  "A_186": 15.562997616541717,
  "A_187": 54.68368013536862,
  "A_188": 0.0,
  "A_189": 31.34465008177328,
  "A_190": 116.5024826737173,
  "A_191": 61.81540961828281,
  "A_192": 0.0,
  "A_193": 123.06908990373314,
  "A_194": 72.93079168328438,
  "A_195": 25.886974792992184,
  "A_196": 155.9268566711814,
  "A_197": 15.128967741892367,
  "A_198": 1.0714590240627204,
  "A_199": 0.0,
  "A_200": 8.453397512279414,
  "A_201": 0.0,
  "A_202": 1.2076282160399163,
  "A_203": 4.307965474902768,
  "A_204": 20.802860003464133,
  "A_205": 10.714590240627205,
  "A_206": 51.49227438866351,
  "A_207": 53.727014906868064,
  "A_208": 2.3012166187545233,
  "A_209": 1.2076282160399163,
  "A_210": 41.804796450200946,
  "A_211": 45.599639313807586,
  "A_212": 8.707841384478959,
  "A_213": 6.428754144376322,
  "A_214": 69.97085848329576,
  "A_215": 12.485631683161916,
  "A_216": 0.0,
  "A_217": 4.830512864159665,
  "A_218": 9.842295624431465,
  "A_219": 5.493464312290798,
  "A_220": 40.34272436196149,
  "A_221": 153.43842626301418,
  "A_222": 78.09577106771584,
  "A_223": 36.175162945932954,
  "A_224": 17.143344385003527,
  "A_225": 55.550897937836154,
  "A_226": 80.80033048407944,
  "A_227": 18.641205496752683,
  "A_228": 102.73511888700259,
  "A_229": 23.78831550217051,
  "A_230": 50.105060170173786,
  "A_231": 9.38868734436494,
  "A_232": 61.12684790683961,
  "A_233": 31.12599523308343,
  "A_234": 6.038141080199582,
  "A_235": 63.5242098271646,
  "A_236": 94.05883165913627,
  "A_237": 64.85698652815292,
  "A_238": 54.27007061296761,
  "A_239": 61.59327388493278,
  "A_240": 62.10216162933187,
  "A_241": 113.42001479386808,
  "A_242": 31.12599523308343,
  "A_243": 60.385645668892856,
  "A_244": 103.61849704208021,
  "A_245": 62.2587511735574,
  "A_246": 59.14994418090047,
  "A_247": 56.8989302127503,
  "A_248": 111.97470624402817,
  "A_249": 52.67345039456019,
  "A_250": 104.6660548292344,
  "A_251": 67.05094917371389,
  "A_252": 28.686058449117002,
  "A_253": 70.10447670203824,
  "A_254": 128.64666093454582,
  "A_255": 140.5759039923864,
  "A_256": 20.529679672678576,
  "A_257": 51.11099813785322,
  "A_258": 122.35340996450415,
  "A_259": 13.28391037643908,
  "A_260": 91.12947243885242,
  "A_261": 64.4033782480864,
  "A_262": 37.02796712130582,
  "A_263": 16.90679502455883,
  "A_264": 115.77125813403835,
  "A_265": 183.12199064512842,
  "A_266": 28.983077184957992,
  "A_267": 174.74092516210524,
  "A_268": 99.65691100679163,
  "A_269": 116.72461840706733,
  "A_270": 95.45959242514829,
  "A_271": 130.45264945375908,
  "A_272": 71.22367536806492,
  "A_273": 34.885049073180376,
  "A_274": 179.43445202019777,
  "A_275": 105.93082233245781,
  "A_276": 3.622884648119749,