{
  "A_1": 234.94592925341667,
  "A_2": 127.55664138108571,
  "A_3": 187.33977984450252,
  "A_4": 112.23689100052613,
  "A_5": 44.87621849028015,
  "A_6": 165.0134735987184,
  "A_7": 34.168414089784704,
  "A_8": 2.4152564320798326,
  "A_9": 110.14180055895896,
  "A_10": 79.46424882761954,
  "A_11": 0.0,
  "A_12": 1.2076282160399163,
  "A_13": 70.96406671754286,
  "A_14": 70.92404282713613,
  "A_15": 34.3045832817619,
  "A_16": 67.69177124319313,
  "A_17": 21.737307888718494,
  "A_18": 80.01316046242536,
  "A_19": 72.79885735820423,
  "A_20": 28.59669898767829,
  "A_21": 0.0,
  "A_22": 3.622884648119749,
  "A_23": 202.31126582985578,
  "A_24": 114.92544086072705,
  "A_25": 23.726162233111893,
  "A_26": 68.64919045393054,
  "A_27": 24.270839001020676,
  "A_28": 57.562723607712606,
  "A_29": 69.90626733833795,
  "A_30": 83.05400852279983,
  "A_31": 31.753157657704868,
  "A_32": 0.0,
  "A_33": 57.35167141324445,
  "A_34": 72.91551097661733,
  "A_35": 15.357047368542986,
  "A_36": 4.830512864159665,
  "A_37": 99.13697742262252,
  "A_38": 25.324403513328548,
  "A_39": 78.71448889128442,
  "A_40": 155.86401225173904,
  "A_41": 128.64080500583955,
  "A_42": 7.017689669588879,
  "A_43": 41.05935934535716,
  "A_44": 33.221261603839224,
  "A_45": 166.4600890511022,
  "A_46": 81.08639134474473,
  "A_47": 0.0,
  "A_48": 53.934762145864646,
  "A_49": 38.92067616412875,
  "A_50": 0.0,
  "A_51": 59.88343066729,
  "A_52": 176.62855739119996,
  "A_53": 30.154916377488213,
  "A_54": 7.636382360416238,
  "A_55": 225.87573657227267,
  "A_56": 38.244065071139815,
  "A_57": 114.29552640094107,
  "A_58": 1.2076282160399163,
  "A_59": 71.25006474635506,
  "A_60": 16.21847207415731,
  "A_61": 78.13402309986594,
  "A_62": 81.75690774798566,
  "A_63": 7.636382360416238,
  "A_64": 30.325165566571556,
  "A_65": 109.29580735645906,
  "A_66": 114.01895315008964,
  "A_67": 41.58614160151109,
  "A_68": 95.19995864188502,
  "A_69": 36.891797929328625,
  "A_70": 47.452324466223786,
  "A_71": 149.40621722487288,
  "A_72": 96.04768600352966,
  "A_73": 174.83115170311632,
  "A_74": 195.2416896160002,
  "A_75": 58.18480921860584,
  "A_76": 80.85740693940986,
  "A_77": 98.48923128293477,
  "A_78": 118.9661824645155,
  "A_79": 91.42216834320206,
  "A_80": 140.78431724902555,
  "A_81": 129.3088332676989,
  "A_82": 148.77974595063526,
  "A_83": 85.12958339080294,
  "A_84": 121.47850154322062,
  "A_85": 177.80297268970614,
  "A_86": 157.3608554874684,
  "A_87": 149.20969175483492,
  "A_88": 149.65892693792767,
  "A_89": 116.1618711982151,
  "A_90": 94.11060510606744,
  "A_91": 155.38047087686908,
  "A_92": 174.2388483905791,
  "A_93": 102.06358460774186,
  "A_94": 82.48624733207248,
  "A_95": 172.50182411329746,
  "A_96": 102.40993891461481,
  "A_97": 145.3808317259752,
  "A_98": 188.98973173979726
}