{
  "A_1": 230.31469389445954,
  "A_2": 117.41979002945367,
  "A_3": 82.0667190491121,
  "A_4": 69.9130280457285,
  "A_5": 84.05568649084103,
  "A_6": 148.04029043820387,
  "A_7": 39.23979914588041,
  "A_8": 16.770625832581633,
  "A_9": 89.8733757313529,
  "A_10": 118.44095843831772,
  "A_11": 51.928013289716404,
  "A_12": 118.13132306637993,
  "A_13": 73.06101698196099,
  "A_14": 57.966154369915984,
  "A_15": 84.65552962574685,
  "A_16": 10.051638792496071,
  "A_17": 63.89025563679026,
  "A_18": 66.27056499219157,
  "A_19": 45.61582479915889,
  "A_20": 71.25006474635506,
  "A_21": 76.14780769330156,
  "A_22": 156.66994386472032,
  "A_23": 48.305128641596646,
  "A_24": 17.088064920670963,
  "A_25": 79.2915366298958,
  "A_26": 114.57061682006002,
  "A_27": 85.36189788435058,
  "A_28": 44.757101863226644,
  "A_29": 41.05935934535716,
  "A_30": 10.596315560404856,
  "A_31": 5.924101266874272,
  "A_32": 38.67046715882625,
  "A_33": 70.88825380362644,
  "A_34": 68.95308299449758,
  "A_35": 12.946025803360193,
  "A_36": 59.72692908765876,
  "A_37": 105.07540435199715,
  "A_38": 53.8215642793705,
  "A_39": 51.337368738100295,
  "A_40": 0.0,
  "A_41": 61.90476907972152,
  "A_42": 33.81359004911766,
  "A_43": 8.976786848367476,
  "A_44": 4.285836096250882,
  "A_45": 38.98103244218952,
  "A_46": 0.0,
  "A_47": 23.208880153142417,
  "A_48": 53.1441112395504,
  "A_49": 67.14709447528433,
  "A_50": 43.69624885596245,
  "A_51": 80.49060714754734,
  "A_52": 112.96037465590665,
  "A_53": 33.40508247318607,
  "A_54": 135.07297720302296,
  "A_55": 15.441556210924556,
  "A_56": 43.67537611437199,
  "A_57": 188.0504081027445,
  "A_58": 93.34988729455661,
  "A_59": 14.075591725143713,
  "A_60": 42.77587530579616,
  "A_61": 15.817441488741261,
  "A_62": 81.50255184038045,
  "A_63": 2.1871768054292144,
  "A_64": 92.76173088432212,
  "A_65": 1.2076282160399163,
  "A_66": 16.498287448627238,
  "A_67": 86.99938393999591,
  "A_68": 2.4152564320798326,
  "A_69": 0.0,
  "A_70": 88.49301018484802,
  "A_71": 21.73730788871849,
  "A_72": 0.0,
  "A_73": 33.55056334578851,
  "A_74": 84.03599498808832,
  "A_75": 32.824616681767594,
  "A_76": 95.73877948108752,
  "A_77": 12.941790936463153,
  "A_78": 89.9576583790634,
  "A_79": 79.34165131590585,
  "A_80": 0.0,
  "A_81": 0.0,
  "A_82": 70.51553525120454,
  "A_83": 27.775448968918077,
  "A_84": 0.0,
  "A_85": 7.794680931045321,
  "A_86": 97.833957887249,
  "A_87": 17.705915664667156,
  "A_88": 0.0,
  "A_89": 0.0,
  "A_90": 0.0,
  "A_91": 0.0,
  "A_92": 1.2076282160399163,
  "A_93": 0.0,
  "A_94": 1.2076282160399163,
  "A_95": 3.214377072188161,
  "A_96": 23.630858878372592,
  "A_97": 33.096955065721986,
  "A_98": 19.626057094541242,
  "A_99": 12.076282160399163,
  "A_100": 14.087265883444449,
  "A_101": 80.51952236633096,
  "A_102": 110.58006530050535,
  "A_103": 19.185882264661466,
  "A_104": 12.867963509103797,
  "A_105": 13.266015864684233,
  "A_106": 30.273191057710562,
  "A_107": 32.29783442561366,
  "A_108": 22.431926590797815,
  "A_109": 84.77899421703293,
  "A_110": 8.453397512279414,
  "A_111": 57.388214418991,
  "A_112": 144.6087413490584,
  "A_113": 161.10702879768562,
  "A_114": 75.39973165062875,
  "A_115": 18.865892203337424,
  "A_116": 3.3948050214691308,
  "A_117": 2.4152564320798326,
  "A_118": 0.0,
  "A_119": 3.622884648119749,
  "A_120": 1.2076282160399163,
  "A_121": 28.307308038800215,
  "A_122": 0.0,
  "A_123": 10.714590240627205,
  "A_124": 25.836772142387822,
  "A_125": 22.26409014487243,
  "A_126": 0.0,
  "A_127": 0.0,
  "A_128": 28.284336713317167,
  "A_129": 70.65347630143837,
  "A_130": 1.2076282160399163,
  "A_131": 19.83093920103775,
  "A_132": 127.30286352652872,
  "A_133": 104.60669129445218,
  "A_134": 45.30940641809835,
  "A_135": 7.131729482914189,
  "A_136": 115.41142011149618,
  "A_137": 17.415682768957915,
  "A_138": 117.31337800309126,
  "A_139": 44.401398176616595,
  "A_140": 102.60741942881947,
  "A_141": 68.57517453101195,
  "A_142": 35.92071907373341,
  "A_143": 173.84907727323355,
  "A_144": 139.8141054730027,
  "A_145": 52.94578877851458,
  "A_146": 67.32328755766827,
  "A_147": 61.81370059187927,
  "A_148": 97.69787665986611,
  "A_149": 0.0,
  "A_150": 0.0,
  "A_151": 0.0,
  "A_152": 9.66102572831933,
  "A_153": 9.546985914994021,
  "A_154": 0.0,
  "A_155": 10.640574317708628,
  "A_156": 21.737307888718494,
  "A_157": 5.810061453548963,
  "A_158": 0.0,
  "A_159": 0.0,
  "A_160": 0.0,
  "A_161": 0.0,
  "A_162": 0.0,
  "A_163": 2.142918048125441,
  "A_164": 15.699166808518912,
  "A_165": 0.0,
  "A_166": 9.38868734436494,
  "A_167": 78.18260468866106,
  "A_168": 70.02019405432775,
  "A_169": 1.0714590240627204,
  "A_170": 2.142918048125441,
  "A_171": 69.08330829317418,
  "A_172": 1.0935884027146072,
  "A_173": 7.245769296239498,
  "A_174": 1.0714590240627204,
  "A_175": 15.562997616541717,
  "A_176": 10.986928624581596,
  "A_177": 85.10922587040767,
  "A_178": 8.111278072303486,
  "A_179": 34.18630860153955,
  "A_180": 7.500213168439043,
  "A_181": 0.0,
  "A_182": 0.0,
  "A_183": 4.716473050834356,
  "A_184": 52.9075618791057,
  "A_185": 2.3012166187545233,
  "A_186": 0.0,
  "A_187": 0.0,
  "A_188": 8.317228320302219,
  "A_189": 27.775448968918077,
  "A_190": 3.622884648119749,
  "A_191": 14.263458965828377,
  "A_192": 2.142918048125441,
  "A_193": 35.54884246814268,
  "A_194": 0.0,
  "A_195": 65.37689497958078,
  "A_196": 19.185882264661466,
  "A_197": 128.1556677019016,
  "A_198": 20.14330147539888,
  "A_199": 1.2076282160399163,
  "A_200": 40.76912644964791,
  "A_201": 100.70375251082082,
  "A_202": 4.374353610858429,
  "A_203": 69.58030825097211,
  "A_204": 103.0499190372629,
  "A_205": 3.4867154561425533,
  "A_206": 1.2076282160399163,
  "A_207": 63.16938578649755,
  "A_208": 71.47295446194195,
  "A_209": 18.48714179302064,
  "A_210": 26.023143984969376,
  "A_211": 3.214377072188161,
  "A_212": 61.381291779039145,
  "A_213": 39.478057532728656,
  "A_214": 75.48398916559805,
  "A_215": 42.20567623916961,
  "A_216": 94.43915286577987,
  "A_217": 25.188234321351352,
  "A_218": 60.95488969135272,
  "A_219": 13.060065616685502,
  "A_220": 33.62373732187592,
  "A_221": 143.39705419531003,
  "A_222": 75.83704134800846,
  "A_223": 32.60596183307774,
  "A_224": 82.92799295827905,
  "A_225": 3.3948050214691308,
  "A_226": 99.04065619186343,
  "A_227": 77.97995939613389,
  "A_228": 4.830512864159665,
  "A_229": 30.308980081220255,
  "A_230": 90.3106854287326,
  "A_231": 113.20193799822646,
  "A_232": 32.96078587374479,
  "A_233": 49.83179187479392,
  "A_234": 0.0,
  "A_235": 1.2076282160399163,
  "A_236": 0.0,
  "A_237": 1.2076282160399163,
  "A_238": 9.77930040854168,
  "A_239": 19.7126645208154,
  "A_240": 15.585126995193603,
  "A_241": 6.631311472309179,
  "A_242": 51.07520911434353,
  "A_243": 97.18295705757214,
  "A_244": 38.17428401511828,
  "A_245": 66.7108906185187,
  "A_246": 137.97337093904076,
  "A_247": 40.32482985020663,
  "A_248": 74.709460912782,
  "A_249": 24.933790449151807,
  "A_250": 128.1905016812446,
  "A_251": 62.47232920851905,
  "A_252": 24.2972032465696,
  "A_253": 132.04146595601497,
  "A_254": 14.083031016547409,
  "A_255": 78.49487899842788,
  "A_256": 4.716473050834356,
  "A_257": 28.13027300958512,
  "A_258": 52.1645626501611,
  "A_259": 32.673191915864564,
  "A_260": 0.0,
  "A_261": 6.038141080199582,
  "A_262": 42.26698756139707,
  "A_263": 6.859391098959797,
  "A_264": 4.69434367218247,
  "A_265": 3.622884648119749,
  "A_266": 5.76580269624519,
  "A_267": 9.867817923149227,
  "A_268": 8.980179768433352,
  "A_269": 22.21388749426807,
  "A_270": 97.23484360183882,
  "A_271": 95.6033894040884,
  "A_272": 56.977181002565914,
  "A_273": 68.64919045393054,
  "A_274": 100.43390226824805,
  "A_275": 32.94892321988483,
  "A_276": 117.45801692886255,
  "A_277": 62.91494191429799,
  "A_278": 212.54164867797044,
  "A_279": 108.67955254153088,
  "A_280": 28.011998329362772,
  "A_281": 63.73195706616117,
  "A_282": 81.81059128325023,
  "A_283": 16.542546205931014,