{
  "A_1": 178.8817202087252,
  "A_2": 99.85946833472448,
  "A_3": 106.70865554074544,
  "A_4": 15.000426336878085,
  "A_5": 44.686478860373946,
  "A_6": 141.0584526239778,
  "A_7": 65.21192366615549,
  "A_8": 126.5728830575406,
  "A_9": 77.28820582655464,
  "A_10": 27.503110584963682,
  "A_11": 91.19586057480807,
  "A_12": 69.87047831482826,
  "A_13": 37.81342811655634,
  "A_14": 15.471087181868294,
  "A_15": 101.32673033402767,
  "A_16": 55.22487601861722,
  "A_17": 14.3553694005018,
  "A_18": 64.3591194907826,
  "A_19": 102.90284223559244,
  "A_20": 41.05935934535715,
  "A_21": 36.0926772892203,
  "A_22": 98.75317533131874,
  "A_23": 136.91719262164509,
  "A_24": 1.2076282160399163,
  "A_25": 15.817441488741261,
  "A_26": 134.81006359702934,
  "A_27": 44.49239126623517,
  "A_28": 13.928967312815365,
  "A_29": 134.1989735604237,
  "A_30": 47.70676833842333,
  "A_31": 141.3571552534811,
  "A_32": 80.68301084802378,
  "A_33": 1.2076282160399163,
  "A_34": 38.64410291327732,
  "A_35": 80.9110904746744,
  "A_36": 38.108926321553,
  "A_37": 5.357295120313602,
  "A_38": 0.0,
  "A_39": 55.78744729828085,
  "A_40": 45.88987220951682,
  "A_41": 12.076282160399163,
  "A_42": 73.3929827944805,
  "A_43": 107.07040365162096,
  "A_44": 55.550897937836154,
  "A_45": 27.639279776940878,
  "A_46": 115.93820236765012,
  "A_47": 99.02551371527314,
  "A_48": 26.567820752878163,
  "A_49": 71.07810653086817,
  "A_50": 71.89935654962838,
  "A_51": 44.80051867369925,
  "A_52": 16.08977987269565,
  "A_53": 153.95256675033005,
  "A_54": 204.98096613413514,
  "A_55": 77.95115727468577,
  "A_56": 9.66102572831933,
  "A_57": 18.114423240598747,
  "A_58": 0.0,
  "A_59": 24.01639512882113,
  "A_60": 22.94493610475841,
  "A_61": 0.0,
  "A_62": 24.134669809043476,
  "A_63": 74.54692747525588,
  "A_64": 19.32205145663866,
  "A_65": 21.6011386967413,
  "A_66": 54.22922990847093,
  "A_67": 75.67207003458313,
  "A_68": 20.824989382116023,
  "A_69": 4.830512864159665,
  "A_70": 51.928013289716404,
  "A_71": 18.114423240598747,
  "A_72": 25.36019253683824,
  "A_73": 0.0,
  "A_74": 39.85173112931724,
  "A_75": 0.0,
  "A_76": 1.0714590240627204,
  "A_77": 16.226791011504012,
  "A_78": 67.41943285923873,
  "A_79": 4.558174480205274,
  "A_80": 22.536428528826825,
  "A_81": 21.078591307484402,
  "A_82": 95.1549459023444,
  "A_83": 2.4152564320798326,
  "A_84": 65.87487511428661,
  "A_85": 72.09344414376716,
  "A_86": 1.2076282160399163,
  "A_87": 104.38280883558674,
  "A_88": 91.01366076727047,
  "A_89": 45.889872209516824,
  "A_90": 38.8049273243999,
  "A_91": 150.37030917840653,
  "A_92": 197.3147889089922,
  "A_93": 119.63767904466437,
  "A_94": 65.29864418976518,
  "A_95": 69.7522036346059,
  "A_96": 115.62322628820118,
  "A_97": 28.04862929970363,
  "A_98": 1.0935884027146072,
  "A_99": 22.264090144872434,
  "A_100": 18.232697920821096,
  "A_101": 13.28391037643908,
  "A_102": 38.235595337345735,
  "A_103": 73.6653211784349,
  "A_104": 5.901971888222386,
  "A_105": 17.839533883409644,
  "A_106": 64.00429545011556,
  "A_107": 27.775448968918074,
  "A_108": 26.395862537391267,
  "A_109": 0.0,
  "A_110": 9.66102572831933,
  "A_111": 10.868653944359247,
  "A_112": 22.808766912781216,
  "A_113": 0.0,
  "A_114": 0.0,
  "A_115": 45.88987220951682,
  "A_116": 8.453397512279414,
  "A_117": 25.380612889086585,
  "A_118": 1.2076282160399163,
  "A_119": 77.15203663457744,
  "A_120": 27.775448968918077,
  "A_121": 27.63927977694088,
  "A_122": 45.877896458321345,
  "A_123": 29.083457353425494,
  "A_124": 136.5644294657588,
  "A_125": 160.58967131949248,
  "A_126": 27.48521607320884,
  "A_127": 210.89743961404648,
  "A_128": 46.822611068367635,
  "A_129": 205.74525279490047,
  "A_130": 188.18231729508346,
  "A_131": 94.67943443829701,
  "A_132": 8.453397512279414,
  "A_133": 28.983077184957992,
  "A_134": 119.55519338795172,
  "A_135": 55.550897937836154,
  "A_136": 0.0,
  "A_137": 13.52141478105047,
  "A_138": 56.69091907997083,
  "A_139": 63.754086444813055,
  "A_140": 0.0,
  "A_141": 54.09306071649373,
  "A_142": 61.59327388493277,
  "A_143": 62.79666723407564,
  "A_144": 0.0,
  "A_145": 35.820338905265906,
  "A_146": 103.04832310819491,
  "A_147": 40.514682577448376,
  "A_148": 11.259267008535987,
  "A_149": 103.8560265794328,
  "A_150": 84.12546754686255,
  "A_151": 12.99367748072984,
  "A_152": 129.80683853514594,
  "A_153": 173.19293679797536,
  "A_154": 13.16987056311377,
  "A_155": 23.199379976957957,
  "A_156": 113.054861196556,
  "A_157": 90.36436896399715,
  "A_158": 87.40539080817521,
  "A_159": 38.12155552402043,
  "A_160": 159.20167798602466,
  "A_161": 43.95798122311832,
  "A_162": 0.0,
  "A_163": 90.99153138861858,
  "A_164": 68.45510285979177,
  "A_165": 10.187807984473267,
  "A_166": 46.14431608171636,
  "A_167": 9.38868734436494,
  "A_168": 44.101778202058426,
  "A_169": 73.43205164072056,
  "A_170": 79.10594390229232,
  "A_171": 51.60622623739451,
  "A_172": 145.65137311893176,
  "A_173": 155.50915051196012,
  "A_174": 11.009058003233482,
  "A_175": 56.590802805286216,
  "A_176": 87.74832706224109,
  "A_177": 35.956508097243095,
  "A_178": 3.214377072188161,
  "A_179": 54.18699433683608,
  "A_180": 119.55519338795173,
  "A_181": 25.735927018207594,
  "A_182": 0.0,
  "A_183": 50.72038507367648,
  "A_184": 70.84155717042347,
  "A_185": 0.0,
  "A_186": 0.0,
  "A_187": 66.41955188219539,
  "A_188": 36.759863604248466,
  "A_189": 0.0,
  "A_190": 28.011998329362775,
  "A_191": 104.61935819603144,
  "A_192": 144.7434277093031,
  "A_193": 35.02121826515757,
  "A_194": 17.978254048621547,
  "A_195": 188.97123404225295,
  "A_196": 109.66608803298178,
  "A_197": 0.0,
  "A_198": 32.98169631444709,
  "A_199": 174.6413869404689,
  "A_200": 24.971263366323832,
  "A_201": 0.0,
  "A_202": 124.1830986586961,
  "A_203": 194.31826243777462,
  "A_204": 50.3118774977449,
  "A_205": 61.53959034966824,
  "A_206": 28.284336713317163,
  "A_207": 30.445149273197455,
  "A_208": 119.91848716241284,
  "A_209": 99.6925869329658
}