{
  "A_1": 201.91212020003184,
  "A_2": 170.6125708223935,
  "A_3": 148.56120419928095,
  "A_4": 102.5122291714157,
  "A_5": 82.5781577667459,
  "A_6": 176.02944310578977,
  "A_7": 104.65514721954113,
  "A_8": 72.0133963629537,
  "A_9": 54.61984297264766,
  "A_10": 126.12011672430523,
  "A_11": 37.84921714006604,
  "A_12": 111.49240893984903,
  "A_13": 50.47017606837397,
  "A_14": 26.45378093955285,
  "A_15": 98.63913551799344,
  "A_16": 44.5682041801516,
  "A_17": 118.60200904411134,
  "A_18": 91.97386971228428,
  "A_19": 108.24647771104823,
  "A_20": 114.43444762808281,
  "A_21": 40.90529564162511,
  "A_22": 61.47499920471042,
  "A_23": 8.453397512279414,
  "A_24": 37.87134651871792,
  "A_25": 89.78146529667947,
  "A_26": 0.0,
  "A_27": 116.27271915340434,
  "A_28": 133.70281554945694,
  "A_29": 44.88648521507209,
  "A_30": 23.06321078498076,
  "A_31": 49.33908961574614,
  "A_32": 93.437562862333,
  "A_33": 41.42445011081614,
  "A_34": 24.91589593739696,
  "A_35": 139.3903423231453,
  "A_36": 124.28518785356714,
  "A_37": 70.63984178932178,
  "A_38": 155.61017156532893,
  "A_39": 78.02601514443552,
  "A_40": 123.36863448006763,
  "A_41": 70.74022195778929,
  "A_42": 10.8507594326044,
  "A_43": 93.93960193474723,
  "A_44": 59.173782585955905,
  "A_45": 77.12471734486184,
  "A_46": 71.70526895548963,
  "A_47": 10.847366512538525,
  "A_48": 55.44277688507022,
  "A_49": 145.36981101894642,
  "A_50": 8.453397512279414,
  "A_51": 21.19263112080971,
  "A_52": 10.640574317708628,
  "A_53": 32.377882206427124,
  "A_54": 14.491538592478996,
  "A_55": 49.48636747934643,
  "A_56": 106.63701466187294,
  "A_57": 15.288108259352615,
  "A_58": 7.636382360416238,
  "A_59": 29.200475396586413,
  "A_60": 21.723648243860687,
  "A_61": 10.596315560404856,
  "A_62": 35.26078355454973,
  "A_63": 30.143895670459425,
  "A_64": 11.667774584467576,
  "A_65": 81.38418919556379,
  "A_66": 89.27501542817957,
  "A_67": 21.310905801032057,
  "A_68": 157.33611230372873,
  "A_69": 49.15697777280283,
  "A_70": 0.0,
  "A_71": 60.02139685026504,
  "A_72": 14.241329587176491,
  "A_73": 22.11002644114039,
  "A_74": 157.9378655269679,
  "A_75": 94.19500085111348,
  "A_76": 113.07275570831086,
  "A_77": 36.70797705998177,
  "A_78": 33.35743079581643,
  "A_79": 72.93427256794456,
  "A_80": 109.30181408161275,
  "A_81": 97.81788549923321,
  "A_82": 40.08923553392863,
  "A_83": 57.36779406674266,
  "A_84": 138.01078102435972,
  "A_85": 34.168414089784704,
  "A_86": 36.22884648119749,
  "A_87": 161.15749534207288,
  "A_88": 49.39871704431126,
  "A_89": 9.546985914994021,
  "A_90": 54.57981908224093,
  "A_91": 66.07572341581593,
  "A_92": 29.764303313311473,
  "A_93": 24.152564320798326,
  "A_94": 31.124286206679884,
  "A_95": 3.622884648119749,
  "A_96": 74.39286377152384,
  "A_97": 59.700564842109834,
  "A_98": 0.0,
  "A_99": 94.02818228120788,
  "A_100": 55.94151100201289,
  "A_101": 14.377498779153687,
  "A_102": 1.2076282160399163,
  "A_103": 51.75605507422951,
  "A_104": 54.30748069828654,
  "A_105": 62.707194675301416,
  "A_106": 125.29289767950323,
  "A_107": 58.47504211431507,
  "A_108": 1.2076282160399163,
  "A_109": 45.00307600163212,
  "A_110": 18.800346014212927,
  "A_111": 6.745351285634488,
  "A_112": 22.500639505317128,
  "A_113": 0.0,
  "A_114": 6.587052715005405,
  "A_115": 28.869879318463845,
  "A_116": 15.699166808518912,
  "A_117": 18.350972601043445,
  "A_118": 25.360192536838245,
  "A_119": 31.398333617037828,
  "A_120": 11.803943776444772,
  "A_121": 91.6630405351381,
  "A_122": 84.34412239555242,
  "A_123": 113.06576880624927,
  "A_124": 55.26066504212692,
  "A_125": 71.31656597964626,
  "A_126": 33.25101876945403,
  "A_127": 53.13564150575632,
  "A_128": 112.99354987432855,
  "A_129": 129.6493567786068,
  "A_130": 28.710738801003597,
  "A_131": 21.973857249163192,
  "A_132": 45.889872209516824,
  "A_133": 48.16895944961945,
  "A_134": 13.693259899201832,
  "A_135": 134.8466945673702,
  "A_136": 48.69997657267044,
  "A_137": 4.488393424183738,
  "A_138": 118.48200020474422,
  "A_139": 16.388482502198972,
  "A_140": 42.52143143359662,
  "A_141": 103.48055599184637,
  "A_142": 120.24694695753095,
  "A_143": 46.907647698315,
  "A_144": 30.43920537989687,
  "A_145": 57.19339797535658,
  "A_146": 118.61715152070164,
  "A_147": 10.868653944359247,
  "A_148": 50.03953911379051,
  "A_149": 57.0350994047275,
  "A_150": 16.79275521123352,
  "A_151": 1.2076282160399163,
  "A_152": 28.574569609026405,
  "A_153": 88.90661970724904,
  "A_154": 10.891625269842299,
  "A_155": 6.903649856263571,
  "A_156": 52.30073184213829,
  "A_157": 101.72825100789765,
  "A_158": 99.05431583672126,
  "A_159": 49.86758089830362,
  "A_160": 15.000426336878085,
  "A_161": 34.71309085769349,
  "A_162": 150.11508619122893,
  "A_163": 61.21113055455011,
  "A_164": 6.428754144376322,
  "A_165": 10.868653944359247,
  "A_166": 106.23549398800293,
  "A_167": 100.26194405276117,
  "A_168": 15.357047368542986,
  "A_169": 62.018808893046824,
  "A_170": 65.0748873946059,
  "A_171": 25.98735496145968,
  "A_172": 12.076282160399163,
  "A_173": 0.0,
  "A_174": 4.602433237509047,
  "A_175": 4.285836096250882,
  "A_176": 0.0,
  "A_177": 35.02121826515758,
  "A_178": 95.69274886552711,
  "A_179": 169.7989485905962,
  "A_180": 48.33572775404262,
  "A_181": 105.61256643027855,
  "A_182": 65.05690491825675,
  "A_183": 71.18272156623271,
  "A_184": 70.49943773044754,
  "A_185": 114.57227558098113,
  "A_186": 45.226053681813305,
  "A_187": 3.622884648119749,
  "A_188": 32.46979264110054,
  "A_189": 4.716473050834356,
  "A_190": 0.0,
  "A_191": 43.47461577743699,
  "A_192": 29.237521057157537,
  "A_193": 0.0,
  "A_194": 0.0,
  "A_195": 73.51294136836518,
  "A_196": 8.181059128325023,
  "A_197": 43.47461577743699,
  "A_198": 63.749826445174804,
  "A_199": 2.4152564320798326,
  "A_200": 0.0,
  "A_201": 35.39393681757947,
  "A_202": 76.83024958225555,
  "A_203": 46.7714785063378,
  "A_204": 72.28573474690809,
  "A_205": 14.491538592478996,
  "A_206": 4.285836096250882,
  "A_207": 26.17404096330661,
  "A_208": 21.855582568940843,
  "A_209": 96.66466966795349,
  "A_210": 30.4872717474968,
  "A_211": 27.500559611728974,
  "A_212": 16.90679502455883,
  "A_213": 25.408686161039057,
  "A_214": 139.26009189172746,
  "A_215": 45.617533825562425,
  "A_216": 6.675570229612952,
  "A_217": 0.0,
  "A_218": 7.245769296239498,
  "A_219": 39.6618784020755,
  "A_220": 51.35178236519497,
  "A_221": 108.29248319386743,
  "A_222": 116.90588830317947,
  "A_223": 21.99598662781508,
  "A_224": 17.84208485664435,
  "A_225": 66.40165737044055,
  "A_226": 8.752100141782734,
  "A_227": 31.380439105282978,
  "A_228": 80.26931336102847,
  "A_229": 46.33321376479141,
  "A_230": 31.398333617037824,
  "A_231": 88.37212169953787,
  "A_232": 12.739233608530295,
  "A_233": 95.5030092356209,
  "A_234": 54.59771359399578,
  "A_235": 11.852437400645586,
  "A_236": 17.728045043319042,
  "A_237": 43.202277393482596,
  "A_238": 34.41099530812429,
  "A_239": 12.076282160399163,
  "A_240": 14.74598246467854,
  "A_241": 3.622884648119749,
  "A_242": 10.596315560404856,
  "A_243": 40.34272436196148,
  "A_244": 29.509859441111928,
  "A_245": 25.91418098537227,
  "A_246": 74.17420892283398,
  "A_247": 37.246621969995665,
  "A_248": 11.87456677929747,
  "A_249": 33.35743079581642,
  "A_250": 28.983077184957992,
  "A_251": 24.25294448926583,
  "A_252": 3.214377072188161,
  "A_253": 125.74302507490957,
  "A_254": 6.038141080199582,
  "A_255": 66.47228037329324,
  "A_256": 64.6672468982467,
  "A_257": 21.167108822091947,
  "A_258": 60.58301308576198,
  "A_259": 86.82396997259005,
  "A_260": 28.02734186788291,
  "A_261": 11.667774584467576,
  "A_262": 20.78412354487812,
  "A_263": 34.34037230527159,
  "A_264": 19.20801164331335,
  "A_265": 3.622884648119749,
  "A_266": 66.3837628586857,
  "A_267": 45.546885689968505,
  "A_268": 100.06118371582616,
  "A_269": 69.77009814636077,
  "A_270": 64.61356336298216,
  "A_271": 8.770070051761268,
  "A_272": 25.86908028123733,