{
  "A_1": 239.29483596378103,
  "A_2": 135.05508269126813,
  "A_3": 190.39925126612746,
  "A_4": 136.92566235543916,
  "A_5": 126.88005542083799,
  "A_6": 111.42930062662374,
  "A_7": 102.0764023057685,
  "A_8": 111.33739019195032,
  "A_9": 169.6193625881464,
  "A_10": 183.5143378684499,
  "A_11": 124.07757884464729,
  "A_12": 203.17253973902268,
  "A_13": 188.7354637967863,
  "A_14": 168.14183386405128,
  "A_15": 45.184345897744244,
  "A_16": 49.882082489992584,
  "A_17": 98.07232937143277,
  "A_18": 108.18855930888664,
  "A_19": 61.33883001273323,
  "A_20": 83.72972740347518,
  "A_21": 37.010072609550974,
  "A_22": 120.60177099819802,
  "A_23": 1.0935884027146072,
  "A_24": 10.732484752382051,
  "A_25": 103.87473790527761,
  "A_26": 40.83127971870654,
  "A_27": 4.285836096250882,
  "A_28": 131.97931268695635,
  "A_29": 201.2729568914737,
  "A_30": 83.95350933137567,
  "A_31": 27.54736934226746,
  "A_32": 17.43018436064689,
  "A_33": 48.95442044486998,
  "A_34": 41.24402216153516,
  "A_35": 0.0,
  "A_36": 4.69434367218247,
  "A_37": 176.26770149263803,
  "A_38": 124.24678502496965,
  "A_39": 49.88547541005846,
  "A_40": 108.15277028537696,
  "A_41": 22.38236482509478,
  "A_42": 163.7394572467228,
  "A_43": 71.63972276636511,
  "A_44": 72.26444731508738,
  "A_45": 45.75538691120195,
  "A_46": 2.4152564320798326,
  "A_47": 118.80276938104635,
  "A_48": 89.90734263112353,
  "A_49": 27.478430233077084,
  "A_50": 95.30730057967287,
  "A_51": 53.630869605297605,
  "A_52": 123.105720874074,
  "A_53": 76.44132041174115,
  "A_54": 120.97974229353673,
  "A_55": 97.62800763925028,
  "A_56": 113.20118401598961,
  "A_57": 119.72701337336187,
  "A_58": 66.77437592286245,
  "A_59": 46.92554221006985,
  "A_60": 68.33682817956941,
  "A_61": 106.40046530142826,
  "A_62": 155.25126345421225,
  "A_63": 110.27779382174757,
  "A_64": 114.61064071046674,
  "A_65": 125.29611467038049,
  "A_66": 112.90255678470999,
  "A_67": 56.31422955443479,
  "A_68": 85.29730673939278,
  "A_69": 88.20355640411685,
  "A_70": 84.39780593081696,
  "A_71": 57.83422004483583,
  "A_72": 141.00993386703576,
  "A_73": 86.67689317091957,
  "A_74": 138.26021091468414,
  "A_75": 190.08695182361942,
  "A_76": 77.5392316459471,
  "A_77": 107.34274203557534,
  "A_78": 49.01233884703156,
  "A_79": 89.14308110309942,
  "A_80": 95.83239894216449,
  "A_81": 100.63466260518308,
  "A_82": 125.18207485705518,
  "A_83": 81.75690774798568,
  "A_84": 95.2664598751762,
  "A_85": 56.76276102077311,
  "A_86": 115.65997035587758,
  "A_87": 112.97237553984334,
  "A_88": 121.98397123481263,
  "A_89": 150.69734897364523,
  "A_90": 38.53006309995201,
  "A_91": 57.30743778868189,
  "A_92": 78.48217439773676,
  "A_93": 115.0795045644591,
  "A_94": 129.743001372425,
  "A_95": 67.08673819722357,
  "A_96": 161.2357461318885,
  "A_97": 176.27193635953506,
  "A_98": 151.3083510456566,
  "A_99": 231.42102459697708
}