{
  "A_1": 246.6070687941999,
  "A_2": 101.15561406537194,
  "A_3": 166.93921962988648,
  "A_4": 174.68039295485585,
  "A_5": 109.03193870629875,
  "A_6": 118.77545009133074,
  "A_7": 217.0572482945343,
  "A_8": 154.20273805652073,
  "A_9": 89.26315277431962,
  "A_10": 126.42728908760263,
  "A_11": 155.66057527786313,
  "A_12": 139.09250677321435,
  "A_13": 120.69028851280555,
  "A_14": 65.50120151769804,
  "A_15": 82.24546310473073,
  "A_16": 48.19193077510251,
  "A_17": 73.37169536265979,
  "A_18": 124.58739650047185,
  "A_19": 85.81982899590847,
  "A_20": 98.96925407403268,
  "A_21": 52.63522349515131,
  "A_22": 81.07606178809971,
  "A_23": 93.80256566319767,
  "A_24": 112.30942409171222,
  "A_25": 83.1364941795125,
  "A_26": 47.492348356630515,
  "A_27": 71.56909976351241,
  "A_28": 99.02551371527314,
  "A_29": 86.67689317091958,
  "A_30": 151.13561371519162,
  "A_31": 136.41857160203796,
  "A_32": 84.88879916346119,
  "A_33": 114.84884883183257,
  "A_34": 58.10655842879022,
  "A_35": 38.78450697215156,
  "A_36": 111.52968079509125,
  "A_37": 83.56713113409597,
  "A_38": 59.04184826087574,
  "A_39": 59.019718882223856,
  "A_40": 99.0449790233548,
  "A_41": 73.20736493413581,
  "A_42": 80.99357613138704,
  "A_43": 68.64919045393054,
  "A_44": 167.97686255062598,
  "A_45": 69.39642454977218,
  "A_46": 129.0127067441715,
  "A_47": 185.24451347374674,
  "A_48": 42.319716052494925,
  "A_49": 68.91729397098788,
  "A_50": 136.23539161759243,
  "A_51": 111.34925284581027,
  "A_52": 95.5676003805787,
  "A_53": 123.76867232220513,
  "A_54": 85.91936721754479,
  "A_55": 55.84960056733947,
  "A_56": 88.04281995758858,
  "A_57": 56.92105959140219,
  "A_58": 153.45895971259804,
  "A_59": 100.11910211798775,
  "A_60": 126.61456570886844,
  "A_61": 37.82708776141414,
  "A_62": 85.16537241431263,
  "A_63": 132.78542022912623,
  "A_64": 72.09588201966635,
  "A_65": 74.71888569074277,
  "A_66": 13.28391037643908,
  "A_67": 28.346489982375783,
  "A_68": 27.275030958313064,
  "A_69": 27.389070771638377,
  "A_70": 67.21867252230372,
  "A_71": 105.03877338165628,
  "A_72": 51.36544201005277,
  "A_73": 13.28391037643908,
  "A_74": 34.09016329996909,
  "A_75": 141.7409824775261,
  "A_76": 132.37610840547538,
  "A_77": 55.006221169927365,
  "A_78": 64.89013661383359,
  "A_79": 78.27019229184313,
  "A_80": 16.79275521123352,
  "A_81": 118.34159614587,
  "A_82": 131.7174169569825,
  "A_83": 107.47891122755256,
  "A_84": 76.06268309875989,
  "A_85": 108.52548883779886,
  "A_86": 152.17128371574464,
  "A_87": 63.81867758977087,
  "A_88": 121.23592032488104,
  "A_89": 30.717487657151842,
  "A_90": 86.76784856142632,
  "A_91": 122.82998957005375,
  "A_92": 147.95081787942968,
  "A_93": 82.67430306831636,
  "A_94": 46.65320382611546,
  "A_95": 101.97846001320018,
  "A_96": 109.78012784630707,
  "A_97": 60.24524161001862,
  "A_98": 35.02121826515757,
  "A_99": 150.23692972070575,
  "A_100": 97.95063663840332,
  "A_101": 32.49192201975243,
  "A_102": 82.33650645983178,
  "A_103": 90.09626544693978,
  "A_104": 58.09289878393241,
  "A_105": 41.99464917744268,
  "A_106": 127.98370948641471,
  "A_107": 129.0772978891293,
  "A_108": 31.398333617037824,
  "A_109": 48.40550881006416,
  "A_110": 37.55474937745976,
  "A_111": 67.62718009823531,
  "A_112": 20.12117209674699,
  "A_113": 105.62863881829432,
  "A_114": 55.71343137536227,
  "A_115": 89.23592144919832,
  "A_116": 157.5056703424283,
  "A_117": 102.38696758913176,
  "A_118": 62.528563717018294,
  "A_119": 97.46030942340164,
  "A_120": 135.31817222645037,
  "A_121": 55.96364038066478,
  "A_122": 36.75562873735142,
  "A_123": 119.34921800721176,
  "A_124": 122.76957046013987,
  "A_125": 50.334006876396785,
  "A_126": 53.684553140562144,
  "A_127": 55.441092991407885,
  "A_128": 121.41377216818609,
  "A_129": 128.7999455232998,
  "A_130": 108.56551272820559,
  "A_131": 55.57726218338507,
  "A_132": 126.08937938178252,
  "A_133": 60.52181486087005,
  "A_134": 87.53126814261927,
  "A_135": 60.113307284938465,
  "A_136": 112.30942409171222,
  "A_137": 71.38104402726853,
  "A_138": 159.37540805976818,
  "A_139": 95.92193433279178,
  "A_140": 58.76527501002431,
  "A_141": 49.71351719457157,
  "A_142": 170.32996571364717,
  "A_143": 125.81198931684115,
  "A_144": 57.622237938942206,
  "A_145": 91.89801909925599,
  "A_146": 40.945319532031846,
  "A_147": 28.59669898767829,
  "A_148": 24.543177384975067,
  "A_149": 32.21958363579804,
  "A_150": 47.624282681710675,
  "A_151": 108.79716120411072,
  "A_152": 75.44480722202248,
  "A_153": 20.39351048070138,
  "A_154": 72.2499457233984,
  "A_155": 115.25735640776415,
  "A_156": 83.03948179836965,
  "A_157": 41.42189913758142,
  "A_158": 88.30393657258435,
  "A_159": 131.99720719871118,
  "A_160": 19.208011643313352,
  "A_161": 56.33380795985196,
  "A_162": 54.87005197795017,
  "A_163": 19.208011643313352,
  "A_164": 96.59236277143846,
  "A_165": 88.08528172389451,
  "A_166": 68.10027881912471,
  "A_167": 57.52609263737175,
  "A_168": 168.84999911365287,
  "A_169": 26.295482368923768,
  "A_170": 100.1768822900726,
  "A_171": 34.81610996399001,
  "A_172": 76.25581564873197,
  "A_173": 77.30775909923061,
  "A_174": 42.26698756139707,
  "A_175": 120.05709423028921,
  "A_176": 93.98299361247864,
  "A_177": 117.71341584522878,
  "A_178": 16.90679502455883,
  "A_179": 142.4209613578397,
  "A_180": 124.56355809541643,
  "A_181": 22.944936104758412,
  "A_182": 84.97221473159932,
  "A_183": 91.40003896455016,
  "A_184": 53.490465546423366,
  "A_185": 101.22714184690889,
  "A_186": 173.48141040179866,
  "A_187": 108.95189092548527,
  "A_188": 45.50349401223712,
  "A_189": 58.59331679453743,
  "A_190": 39.85596599621428,
  "A_191": 121.71325391266745,
  "A_192": 16.770625832581633,
  "A_193": 107.95198481570074,
  "A_194": 52.47692492452223,
  "A_195": 134.14012524683665,
  "A_196": 151.7645479980697,
  "A_197": 102.38696758913176,
  "A_198": 55.827471188687575,
  "A_199": 46.983460612231426,
  "A_200": 135.20413241312505,
  "A_201": 44.15969660422001,
  "A_202": 103.94367701446797,
  "A_203": 92.86211105278963,
  "A_204": 129.44578157465418,
  "A_205": 112.52889575449203,
  "A_206": 57.82998517793879,
  "A_207": 56.75852615387607,
  "A_208": 54.325375210041386,
  "A_209": 101.44077014735298,
  "A_210": 115.42583373859085,
  "A_211": 159.01115924114035,
  "A_212": 89.36448798695382,
  "A_213": 95.4026290671534,
  "A_214": 43.45672126568214,
  "A_215": 136.96566111310472,
  "A_216": 130.37016379704642,
  "A_217": 68.88150494747819,
  "A_218": 37.69091856943695,
  "A_219": 12.076282160399163,
  "A_220": 15.562997616541717,
  "A_221": 40.36061887371633,
  "A_222": 23.880225936843935,
  "A_223": 37.30030550526021,
  "A_224": 103.00743213821576,
  "A_225": 107.7929322628348,
  "A_226": 19.04971307268427,
  "A_227": 85.60543414685685,
  "A_228": 83.78578598278581,
  "A_229": 50.78929905012564,
  "A_230": 43.523109401637804,
  "A_231": 101.59565066517496,
  "A_232": 98.3565052765059,
  "A_233": 25.246152723512935,
  "A_234": 70.15645121089923,
  "A_235": 79.20548212392865,
  "A_236": 21.73730788871849,
  "A_237": 78.72728145656984,
  "A_238": 94.00938299076878,
  "A_239": 137.29168303232362,
  "A_240": 59.3745429228909,
  "A_241": 140.4734252400263,
  "A_242": 41.1776340255795,
  "A_243": 70.7044329342796,
  "A_244": 95.40262906715338,
  "A_245": 152.37282316765774,
  "A_246": 92.86799211423717,
  "A_247": 26.123524153436875,
  "A_248": 98.66370277254451,
  "A_249": 86.63167936944913,
  "A_250": 51.928013289716404,
  "A_251": 0.0,
  "A_252": 32.588067321322896,
  "A_253": 103.80750782249078,
  "A_254": 16.634456640604437,
  "A_255": 130.39998379451433,
  "A_256": 50.47017606837398,
  "A_257": 69.27704402893578,
  "A_258": 143.400509947229,
  "A_259": 65.39478949133564,
  "A_260": 115.7891526457932,
  "A_261": 11.962242347073854,
  "A_262": 111.07691446185589,
  "A_263": 83.32634690675422,
  "A_264": 43.829439818104035,
  "A_265": 85.23428639076178,
  "A_266": 46.288955007487644,
  "A_267": 107.41418185251801,