{
  "A_1": 227.67135783572908,
  "A_2": 167.50602577644713,
  "A_3": 131.7462190784306,
  "A_4": 144.94175017033888,
  "A_5": 140.2683923370824,
  "A_6": 119.02064511475814,
  "A_7": 78.03277585182606,
  "A_8": 0.0,
  "A_9": 39.85173112931724,
  "A_10": 0.0,
  "A_11": 0.0,
  "A_12": 0.0,
  "A_13": 0.0,
  "A_14": 32.11084683087199,
  "A_15": 12.551290969621943,
  "A_16": 142.34007163019504,
  "A_17": 56.98225781629412,
  "A_18": 206.68901236078008,
  "A_19": 90.16360862706213,
  "A_20": 204.2065509786546,
  "A_21": 65.72588822428278,
  "A_22": 121.78321089787762,
  "A_23": 70.39810251781336,
  "A_24": 38.49003920954528,
  "A_25": 65.44421302696193,
  "A_26": 39.15299065767641,
  "A_27": 38.656807513968445,
  "A_28": 83.03185401140674,
  "A_29": 139.30936463090634,
  "A_30": 24.67595365688639,
  "A_31": 9.252518152387744,
  "A_32": 47.09750042555674,
  "A_33": 62.35150355506198,
  "A_34": 2.1650474267773276,
  "A_35": 0.0,
  "A_36": 89.07425509124457,
  "A_37": 120.39167384789654,
  "A_38": 25.73291108926014,
  "A_39": 26.023143984969376,
  "A_40": 5.357295120313602,
  "A_41": 82.1187186907143,
  "A_42": 26.668200921345658,
  "A_43": 74.8729493944748,
  "A_44": 45.71452107396406,
  "A_45": 2.4152564320798326,
  "A_46": 51.928013289716404,
  "A_47": 21.557721886268688,
  "A_48": 64.43916727159608,
  "A_49": 33.81359004911766,
  "A_50": 26.005249473214526,
  "A_51": 80.90166569671362,
  "A_52": 91.64357522705644,
  "A_53": 63.30978984537178,
  "A_54": 69.63392895438356,
  "A_55": 14.491538592478996,
  "A_56": 102.26869290890941,
  "A_57": 114.33903117600799,
  "A_58": 24.038524507473017,
  "A_59": 2.142918048125441,
  "A_60": 73.90187053887959,
  "A_61": 132.2697215118542,
  "A_62": 4.69434367218247,
  "A_63": 15.000426336878085,
  "A_64": 0.0,
  "A_65": 1.2076282160399163,
  "A_66": 0.0,
  "A_67": 0.0,
  "A_68": 1.2076282160399163,
  "A_69": 4.285836096250882,
  "A_70": 25.50483146260952,
  "A_71": 113.88977086017405,
  "A_72": 15.334917989891098,
  "A_73": 30.399181489490132,
  "A_74": 0.0,
  "A_75": 44.70774115945345,
  "A_76": 1.2076282160399163,
  "A_77": 117.92453087155002,
  "A_78": 67.98200413890237,
  "A_79": 16.61656212884959,
  "A_80": 73.40992226206866,
  "A_81": 64.9683874036492,
  "A_82": 140.56386540933784,
  "A_83": 49.245495287410385,
  "A_84": 139.84038175395733,
  "A_85": 27.990710897542055,
  "A_86": 105.9452610922937,
  "A_87": 89.22133189291502,
  "A_88": 31.616988465727676,
  "A_89": 4.69434367218247,
  "A_90": 57.82998517793878,
  "A_91": 18.751852390012115,
  "A_92": 0.0,
  "A_93": 4.69434367218247,
  "A_94": 116.5952601879631,
  "A_95": 0.0,
  "A_96": 0.0,
  "A_97": 34.36776699321091,
  "A_98": 27.252901579661177,
  "A_99": 1.2076282160399163,
  "A_100": 1.2076282160399163,
  "A_101": 57.287834250523495,
  "A_102": 15.562997616541717,
  "A_103": 0.0,
  "A_104": 19.967108393014946,
  "A_105": 157.32161071203973,
  "A_106": 95.36002907077072,
  "A_107": 112.64641645247752,
  "A_108": 4.830512864159665,
  "A_109": 2.4152564320798326,
  "A_110": 1.2076282160399163,
  "A_111": 0.0,
  "A_112": 0.0,
  "A_113": 0.0,
  "A_114": 3.860389052731139,
  "A_115": 0.0,
  "A_116": 0.0,
  "A_117": 0.0,
  "A_118": 4.307965474902768,
  "A_119": 0.0,
  "A_120": 0.0,
  "A_121": 0.0,
  "A_122": 9.77930040854168,
  "A_123": 16.344223744895196,
  "A_124": 12.194556840621512,
  "A_125": 60.876638901537106,
  "A_126": 5.357295120313602,
  "A_127": 17.025069704781178,
  "A_128": 1.0714590240627204,
  "A_129": 33.42466087860325,
  "A_130": 63.227279055917904,
  "A_131": 83.45909804592434,
  "A_132": 2.4152564320798326,
  "A_133": 74.17203494071771,
  "A_134": 112.82921944580457,
  "A_135": 49.91013062920384,
  "A_136": 124.72263578102357,
  "A_137": 122.54816357628549,
  "A_138": 31.226375401550932,
  "A_139": 74.46444181854322,
  "A_140": 87.73976936385269,
  "A_141": 1.2076282160399163,
  "A_142": 110.35027664745118,
  "A_143": 75.8191468362536,
  "A_144": 73.66436613426819,
  "A_145": 104.21085062009985,
  "A_146": 161.74361600026782,
  "A_147": 68.95308299449759,
  "A_148": 66.30551206887009,
  "A_149": 69.70031709033921,
  "A_150": 120.50139082973051,
  "A_151": 107.17499355424428,
  "A_152": 32.593144135051105,
  "A_153": 27.46732156145399,
  "A_154": 37.02796712130582,
  "A_155": 81.40208370731864,
  "A_156": 60.155769051244384,
  "A_157": 8.453397512279414,
  "A_158": 54.43422511230297,
  "A_159": 0.0,
  "A_160": 100.16153875155246,
  "A_161": 23.980606105311434,
  "A_162": 62.06213773892513,
  "A_163": 167.11964757916743,
  "A_164": 68.71557858988619,
  "A_165": 8.044889936347825,
  "A_166": 40.603200092055914,
  "A_167": 0.0,
  "A_168": 27.349046881231637,
  "A_169": 76.43540165118178,
  "A_170": 40.63295725767071,
  "A_171": 16.49828744862724,
  "A_172": 108.75113058855028,
  "A_173": 188.161607916311,
  "A_174": 48.18044511236099,
  "A_175": 73.13758387811427,
  "A_176": 73.95373195040507,
  "A_177": 26.56782075287816,
  "A_178": 158.4120072566183,
  "A_179": 4.830512864159665,
  "A_180": 14.17239047798612,
  "A_181": 5.357295120313602,
  "A_182": 21.17473660905486,
  "A_183": 8.317228320302219,
  "A_184": 30.09963691315565,
  "A_185": 1.0935884027146072,
  "A_186": 0.0,
  "A_187": 4.285836096250882,
  "A_188": 101.4526076684717,
  "A_189": 76.08057761051472,
  "A_190": 43.53157913543188,
  "A_191": 9.524856536342135,
  "A_192": 126.62900446870432,
  "A_193": 111.84729581236918,
  "A_194": 11.786049264689925,
  "A_195": 76.12141831501143,
  "A_196": 17.5442241739722,
  "A_197": 0.0,
  "A_198": 0.0,
  "A_199": 84.00461676066428,
  "A_200": 7.500213168439043,
  "A_201": 85.94236367576907,
  "A_202": 33.527592020305455,
  "A_203": 32.47402750799759,
  "A_204": 4.830512864159665,
  "A_205": 8.453397512279414,
  "A_206": 1.0714590240627204,
  "A_207": 0.0,
  "A_208": 0.0,
  "A_209": 7.500213168439043,
  "A_210": 13.538354248638624,
  "A_211": 81.55614741105069,
  "A_212": 142.43021020661186,
  "A_213": 27.60349075343118,
  "A_214": 67.73179513359986,
  "A_215": 7.245769296239498,
  "A_216": 0.0,
  "A_217": 0.0,
  "A_218": 0.0,
  "A_219": 0.0,
  "A_220": 0.0,
  "A_221": 7.131729482914189,
  "A_222": 11.667774584467576,
  "A_223": 1.2076282160399163,
  "A_224": 5.357295120313602,
  "A_225": 41.69678849477052,
  "A_226": 61.371954965672685,
  "A_227": 11.98860659262278,
  "A_228": 63.660379019141786,
  "A_229": 131.04402285487083,
  "A_230": 102.98532789230508,
  "A_231": 55.93811808194702,
  "A_232": 35.65864741457094,
  "A_233": 7.500213168439043,
  "A_234": 110.34264886048828,
  "A_235": 61.316700634081336,
  "A_236": 0.0,
  "A_237": 7.245769296239498,
  "A_238": 91.40003896455016,
  "A_239": 13.832822011244904,
  "A_240": 0.0,
  "A_241": 6.038141080199582,
  "A_242": 59.66477581860014,
  "A_243": 15.040450227284818,
  "A_244": 0.0,
  "A_245": 68.27899774200213,
  "A_246": 119.77985496179525,
  "A_247": 18.61568319803492,
  "A_248": 39.71556193734004,
  "A_249": 44.409905609522504,
  "A_250": 101.45167775704623,
  "A_251": 75.74692790433289,
  "A_252": 147.77216178840533,
  "A_253": 211.50163071318485,
  "A_254": 200.18695857661012
}