{
  "A_1": 234.64055388111717,
  "A_2": 153.13212097928917,
  "A_3": 188.9150497992361,
  "A_4": 177.36131502809386,
  "A_5": 65.80329706726722,
  "A_6": 103.85602657943281,
  "A_7": 117.0037677638947,
  "A_8": 48.054919636294144,
  "A_9": 150.81735781301234,
  "A_10": 112.03708570775783,
  "A_11": 116.18675261203151,
  "A_12": 121.40787854036792,
  "A_13": 101.64153048428797,
  "A_14": 75.32815360360937,
  "A_15": 75.46432279558655,
  "A_16": 66.15144836513805,
  "A_17": 71.80321124805792,
  "A_18": 78.23196539243425,
  "A_19": 147.68546639753686,
  "A_20": 80.85740693940986,
  "A_21": 58.08442905013833,
  "A_22": 81.1476398351191,
  "A_23": 94.38048048138143,
  "A_24": 69.14621554446967,
  "A_25": 57.966154369915984,
  "A_26": 84.69555351615358,
  "A_27": 9.66102572831933,
  "A_28": 23.471718360912348,
  "A_29": 67.16760279212698,
  "A_30": 196.30719218039164,
  "A_31": 133.6133429906827,
  "A_32": 20.63005984114608,
  "A_33": 25.36019253683824,
  "A_34": 145.68725010703577,
  "A_35": 132.38782026288794,
  "A_36": 122.92190000472715,
  "A_37": 1.0714590240627204,
  "A_38": 0.0,
  "A_39": 3.214377072188161,
  "A_40": 97.10461830316223,
  "A_41": 80.44896219533136,
  "A_42": 120.78823080537387,
  "A_43": 84.4087135405102,
  "A_44": 2.4152564320798326,
  "A_45": 52.71969463842103,
  "A_46": 0.0,
  "A_47": 5.76580269624519,
  "A_48": 5.357295120313602,
  "A_49": 53.52115262346364,
  "A_50": 99.71059454205616,
  "A_51": 53.892187282223205,
  "A_52": 76.77071011828474,
  "A_53": 0.0,
  "A_54": 1.2076282160399163,
  "A_55": 0.0,
  "A_56": 0.0,
  "A_57": 20.52967967267858,
  "A_58": 9.956335437756774,
  "A_59": 45.97235786622947,
  "A_60": 90.99153138861857,
  "A_61": 79.92211710732433,
  "A_62": 118.99262210828809,
  "A_63": 43.47461577743699,
  "A_64": 34.11058365221743,
  "A_65": 12.993677480729842,
  "A_66": 11.667774584467576,
  "A_67": 14.06513650479256,
  "A_68": 32.55915210253926,
  "A_69": 110.07184357374881,
  "A_70": 72.32152377041778,
  "A_71": 0.0,
  "A_72": 89.3175651590798,
  "A_73": 143.5911417894488,
  "A_74": 18.25482729947298,
  "A_75": 45.32730092985319,
  "A_76": 94.00938299076878,
  "A_77": 87.2903959506832,
  "A_78": 55.22487601861722,
  "A_79": 139.91628263246807,
  "A_80": 14.609813272701345,
  "A_81": 139.83113290518517,
  "A_82": 31.70550598033522,
  "A_83": 80.68382766211373,
  "A_84": 78.49583404259457,
  "A_85": 28.754997558307373,
  "A_86": 73.98435619559226,
  "A_87": 74.174208922834,
  "A_88": 8.453397512279414,
  "A_89": 28.012840276193938,
  "A_90": 44.6822439934769,
  "A_91": 98.17175449573358,
  "A_92": 25.71501657750529,
  "A_93": 109.56814574041346,
  "A_94": 120.06565192867761,
  "A_95": 65.41097497668694,
  "A_96": 124.05968433289243,
  "A_97": 83.04966055856727,
  "A_98": 104.23965274154799,
  "A_99": 91.67246531309885,
  "A_100": 10.96998915699344,
  "A_101": 70.34960889361254,
  "A_102": 28.41287811833145,
  "A_103": 54.91431073525395,
  "A_104": 36.91392730798051,
  "A_105": 0.0,
  "A_106": 45.889872209516824,
  "A_107": 94.20590846080674,
  "A_108": 75.50696049108109,
  "A_109": 0.0,
  "A_110": 105.58345014956507,
  "A_111": 145.0633926378859,
  "A_112": 18.505036304775487,
  "A_113": 104.86777021033609
}