{
  "A_1": 234.90438483216562,
  "A_2": 185.21899117502895,
  "A_3": 138.4975393901069,
  "A_4": 162.87653714300538,
  "A_5": 101.2678568876994,
  "A_6": 111.58759919725281,
  "A_7": 165.36148666651246,
  "A_8": 39.697667425585195,
  "A_9": 6.83726172030791,
  "A_10": 6.428754144376322,
  "A_11": 0.0,
  "A_12": 0.0,
  "A_13": 0.0,
  "A_14": 8.453397512279414,
  "A_15": 7.245769296239498,
  "A_16": 0.0,
  "A_17": 21.05306900876664,
  "A_18": 3.622884648119749,
  "A_19": 26.28182272406596,
  "A_20": 0.0,
  "A_21": 0.0,
  "A_22": 4.558174480205274,
  "A_23": 0.0,
  "A_24": 0.0,
  "A_25": 3.372675642817244,
  "A_26": 1.0714590240627204,
  "A_27": 0.0,
  "A_28": 5.357295120313602,
  "A_29": 16.22594906467285,
  "A_30": 14.197912776703882,
  "A_31": 52.2649428186286,
  "A_32": 15.953610680718457,
  "A_33": 73.61851144789641,
  "A_34": 4.307965474902768,
  "A_35": 24.152564320798326,
  "A_36": 0.0,
  "A_37": 3.350546264165357,
  "A_38": 18.35097260104344,
  "A_39": 56.801917831607454,
  "A_40": 95.92430937683791,
  "A_41": 11.461824336468844,
  "A_42": 8.453397512279414,
  "A_43": 4.444134666879965,
  "A_44": 31.520843164157213,
  "A_45": 12.713711309812535,
  "A_46": 49.01318079386272,
  "A_47": 22.839366025227182,
  "A_48": 12.857508288752644,
  "A_49": 89.97805359857053,
  "A_50": 37.462838942786334,
  "A_51": 24.67679560371755,
  "A_52": 6.881520477611684,
  "A_53": 17.29740808873557,
  "A_54": 0.0,
  "A_55": 22.488776851457175,
  "A_56": 0.0,
  "A_57": 0.0,
  "A_58": 1.0935884027146072,
  "A_59": 51.90840975155802,
  "A_60": 56.02399665872555,
  "A_61": 7.500213168439043,
  "A_62": 61.39918629079399,
  "A_63": 108.73323607679542,
  "A_64": 50.12202477050315,
  "A_65": 41.58274868144522,
  "A_66": 117.68609655551316,
  "A_67": 2.142918048125441,
  "A_68": 0.0,
  "A_69": 116.84034211405498,
  "A_70": 36.465395841642184,
  "A_71": 0.0,
  "A_72": 12.076282160399163,
  "A_73": 56.95928649081107,
  "A_74": 3.214377072188161,
  "A_75": 1.0714590240627204,
  "A_76": 90.86052697496389,
  "A_77": 18.114423240598747,
  "A_78": 3.622884648119749,
  "A_79": 58.383973626472816,
  "A_80": 117.36544047654658,
  "A_81": 0.0,
  "A_82": 0.0,
  "A_83": 111.57919229531183,
  "A_84": 20.688820190138827,
  "A_85": 0.0,
  "A_86": 13.402185056661429,
  "A_87": 40.88740112987026,
  "A_88": 92.15246297145555,
  "A_89": 12.739233608530295,
  "A_90": 52.07517805598117,
  "A_91": 1.0714590240627204,
  "A_92": 2.4152564320798326,
  "A_93": 6.038141080199582,
  "A_94": 0.0,
  "A_95": 0.0,
  "A_96": 6.038141080199582,
  "A_97": 96.01189698002,
  "A_98": 113.78240378964495,
  "A_99": 17.415682768957918,
  "A_100": 91.87154175637154,
  "A_101": 82.16721231491513,
  "A_102": 78.2362002593313,
  "A_103": 43.47461577743699,
  "A_104": 22.80960885961238,
  "A_105": 67.65354434378423,
  "A_106": 50.68883091706383,
  "A_107": 4.830512864159665,
  "A_108": 26.567820752878156,
  "A_109": 127.3856130770243,
  "A_110": 13.033701371136575,
  "A_111": 0.0,
  "A_112": 116.04359651799274,
  "A_113": 125.97696063026646,
  "A_114": 6.587052715005405,
  "A_115": 49.36292802080157,
  "A_116": 4.422005288228077,
  "A_117": 82.25393283852483,
  "A_118": 10.758848997930977,
  "A_119": 99.97171115705194,
  "A_120": 60.71071254394511,
  "A_121": 22.127920952895234,
  "A_122": 85.94744048949727,
  "A_123": 26.56782075287816,
  "A_124": 118.18150058424305,
  "A_125": 87.96613996409977,
  "A_126": 0.0,
  "A_127": 80.81915490725976,
  "A_128": 112.40980426017973,
  "A_129": 58.61121130629227,
  "A_130": 2.142918048125441,
  "A_131": 105.8090919003165,
  "A_132": 18.43525524875395,
  "A_133": 3.214377072188161,
  "A_134": 20.667532758318103,
  "A_135": 84.24374222708491,
  "A_136": 52.45479554587034,
  "A_137": 7.500213168439043,
  "A_138": 72.28573474690809,
  "A_139": 3.622884648119749,
  "A_140": 0.0,
  "A_141": 0.0,
  "A_142": 69.33265021890432,
  "A_143": 2.4152564320798326,
  "A_144": 28.983077184957992,
  "A_145": 3.214377072188161,
  "A_146": 0.0,
  "A_147": 7.908720744370631,
  "A_148": 7.908720744370631,
  "A_149": 28.8111189694711,
  "A_150": 10.868653944359247,
  "A_151": 35.9565080972431,
  "A_152": 16.520416827279128,
  "A_153": 2.4152564320798326,
  "A_154": 2.4152564320798326,
  "A_155": 14.083031016547409,
  "A_156": 5.924101266874272,
  "A_157": 2.142918048125441,
  "A_158": 9.66102572831933,
  "A_159": 15.699166808518912,
  "A_160": 12.993677480729842,
  "A_161": 0.0,
  "A_162": 85.63432423289929,
  "A_163": 98.23730068485807,
  "A_164": 89.48528850766965,
  "A_165": 53.64876411705245,
  "A_166": 8.59380157115365,
  "A_167": 71.25006474635506,
  "A_168": 18.689699120953495,
  "A_169": 37.43647469723741,
  "A_170": 24.161034054592406,
  "A_171": 14.491538592478996,
  "A_172": 23.104076622218656,
  "A_173": 55.59759457103911,
  "A_174": 9.889947301801113,
  "A_175": 65.0041764271589,
  "A_176": 6.038141080199582,
  "A_177": 15.044685094181858,
  "A_178": 20.529679672678576,
  "A_179": 77.57493270486248,
  "A_180": 131.19808655860288,
  "A_181": 72.30531315232527,
  "A_182": 57.12361691933505,
  "A_183": 54.561924570486084,
  "A_184": 0.0,
  "A_185": 22.75176585567448,
  "A_186": 0.0,
  "A_187": 0.0,
  "A_188": 122.73637010897676,
  "A_189": 1.0714590240627204,
  "A_190": 110.84135784468975,
  "A_191": 23.30747589698268,
  "A_192": 100.61262119112548,
  "A_193": 128.07318204518896,
  "A_194": 89.70141751586601,
  "A_195": 53.670893495704334,
  "A_196": 110.55013220570194,
  "A_197": 96.70968240749411,
  "A_198": 61.742147677601096,
  "A_199": 63.74126874678642,
  "A_200": 22.944936104758412,
  "A_201": 98.18126723828865,
  "A_202": 4.716473050834356,
  "A_203": 60.63585467419536,
  "A_204": 1.2076282160399163,
  "A_205": 0.0,
  "A_206": 0.0,
  "A_207": 1.0714590240627204,
  "A_208": 10.714590240627205,
  "A_209": 17.728045043319042,
  "A_210": 24.03852450747302,
  "A_211": 5.810061453548963,
  "A_212": 54.34326972179623,
  "A_213": 1.2076282160399163,
  "A_214": 31.78384473474515,
  "A_215": 78.2413650376538,
  "A_216": 10.868653944359247,
  "A_217": 0.0,
  "A_218": 89.39329010840191,
  "A_219": 59.39243743464574,
  "A_220": 4.285836096250882,
  "A_221": 131.97931268695635,
  "A_222": 19.04971307268427,
  "A_223": 215.17904084340034,
  "A_224": 8.0891486936516,
  "A_225": 142.10352226975036,
  "A_226": 10.714590240627205,
  "A_227": 10.868653944359247,
  "A_228": 7.109600104262302,
  "A_229": 10.868653944359247,
  "A_230": 12.257552056511297,
  "A_231": 1.0714590240627204,
  "A_232": 0.0,
  "A_233": 0.0,
  "A_234": 0.0,
  "A_235": 27.775448968918074,
  "A_236": 0.0,
  "A_237": 31.208480889796085,
  "A_238": 87.08369172044763,
  "A_239": 51.13904627706448,
  "A_240": 24.25294448926583,
  "A_241": 1.2076282160399163,
  "A_242": 96.13957130546189,
  "A_243": 31.009404446523412,
  "A_244": 0.0,
  "A_245": 0.0,
  "A_246": 2.1650474267773276,
  "A_247": 6.609182093657292,
  "A_248": 3.5658835910130167,
  "A_249": 66.19484004286944,
  "A_250": 154.6410656299202,
  "A_251": 70.92404282713613,
  "A_252": 52.927894266759736,
  "A_253": 49.05480061333749,
  "A_254": 2.142918048125441,
  "A_255": 5.357295120313602,
  "A_256": 8.453397512279414,
  "A_257": 0.0,
  "A_258": 0.0,
  "A_259": 1.0714590240627204,
  "A_260": 14.491538592478996,
  "A_261": 39.38954001812111,
  "A_262": 55.396834234104105,
  "A_263": 15.699166808518912,
  "A_264": 0.0,
  "A_265": 15.699166808518912,
  "A_266": 0.0,
  "A_267": 0.0,
  "A_268": 22.198543955747937,
  "A_269": 3.622884648119749,
  "A_270": 68.745335755501,
  "A_271": 78.49583404259457,
  "A_272": 172.10353299667537,
  "A_273": 24.951684960906654,
  "A_274": 97.2704566961599,
  "A_275": 62.797509180906815,
  "A_276": 129.13443717631282,
  "A_277": 85.36189788435057,
  "A_278": 13.67452344061582,
  "A_279": 93.134449436744,
  "A_280": 122.06384308643746,
  "A_281": 25.346532891980434,
  "A_282": 118.59604001806954,
  "A_283": 21.948334950445428,
  "A_284": 65.60253673033222,
  "A_285": 65.48510399694104,
  "A_286": 129.39812989728452,
  "A_287": 6.038141080199582,