{
  "A_1": 222.84935240447533,
  "A_2": 144.46769640528282,
  "A_3": 63.868126258138375,
  "A_4": 44.454164366826284,
  "A_5": 135.36063399275628,
  "A_6": 119.12368935379587,
  "A_7": 13.28391037643908,
  "A_8": 76.33502148271427,
  "A_9": 100.09697273933585,
  "A_10": 89.3644879869538,
  "A_11": 4.69434367218247,
  "A_12": 52.88543250045382,
  "A_13": 89.22831879497663,
  "A_14": 65.21192366615549,
  "A_15": 82.11871869071432,
  "A_16": 83.32634690675422,
  "A_17": 108.39630654788323,
  "A_18": 0.0,
  "A_19": 68.83480831427524,
  "A_20": 68.52668090681115,
  "A_21": 20.529679672678576,
  "A_22": 49.903369921813315,
  "A_23": 113.59953796446479,
  "A_24": 120.18235581257315,
  "A_25": 124.87757913069865,
  "A_26": 152.42410652613498,
  "A_27": 51.7347676424088,
  "A_28": 41.05935934535715,
  "A_29": 70.04243653031514,
  "A_30": 108.00569348370648,
  "A_31": 26.547714559895194,
  "A_32": 39.85173112931724,
  "A_33": 85.60543414685687,
  "A_34": 3.5088448347944396,
  "A_35": 55.550897937836154,
  "A_36": 50.95693443412119,
  "A_37": 72.18535457844058,
  "A_38": 25.439360671708705,
  "A_39": 25.36019253683824,
  "A_40": 75.00137770215358,
  "A_41": 2.142918048125441,
  "A_42": 39.95211129778475,
  "A_43": 0.0,
  "A_44": 50.72038507367649,
  "A_45": 28.710738801003597,
  "A_46": 101.03226257142137,
  "A_47": 32.46979264110054,
  "A_48": 32.06128506516896,
  "A_49": 39.85173112931724,
  "A_50": 7.017689669588879,
  "A_51": 90.46898399936168,
  "A_52": 132.17340028109513,
  "A_53": 184.27685267095862,
  "A_54": 70.95040707268507,
  "A_55": 99.58371189796298,
  "A_56": 101.54962004961456,
  "A_57": 96.0764881249778,
  "A_58": 6.903649856263571,
  "A_59": 97.37272182021957,
  "A_60": 79.70346225863447,
  "A_61": 72.51675490428248,
  "A_62": 85.53385609983748,
  "A_63": 99.02551371527314,
  "A_64": 105.18192947569507,
  "A_65": 10.868653944359247,
  "A_66": 76.06268309875988,
  "A_67": 69.03556865121024,
  "A_68": 108.68653944359247,
  "A_69": 10.868653944359247,
  "A_70": 57.1712685967047,
  "A_71": 47.918750444316956,
  "A_72": 45.37155968715696,
  "A_73": 37.963256953391344,
  "A_74": 77.4710716517348,
  "A_75": 107.34274203557534,
  "A_76": 16.22594906467285,
  "A_77": 83.32634690675424,
  "A_78": 56.921059591402184,
  "A_79": 117.53055002004864,
  "A_80": 14.377498779153687,
  "A_81": 89.2283187949766,
  "A_82": 70.42023189646524,
  "A_83": 30.0766655876726,
  "A_84": 77.19458636547768,
  "A_85": 142.87027193915608,
  "A_86": 189.96858917880274,
  "A_87": 116.98158811976037,
  "A_88": 129.88413428079485,
  "A_89": 53.247972292678085,
  "A_90": 35.772687227896256,
  "A_91": 51.78758409810095,
  "A_92": 69.49775976240636,
  "A_93": 72.64055878757513,
  "A_94": 26.04527336362126,
  "A_95": 74.0380397308568,
  "A_96": 74.14265476622134,
  "A_97": 147.47252924747653,
  "A_98": 175.10605362667607,
  "A_99": 229.72670084704305,
  "A_100": 141.99780139377174
}