{
  "A_1": 204.06697630024092,
  "A_2": 70.0628568825635,
  "A_3": 138.48310063027103,
  "A_4": 166.22629172582202,
  "A_5": 51.9280132897164,
  "A_6": 101.56995243726858,
  "A_7": 95.4026290671534,
  "A_8": 73.66532117843488,
  "A_9": 14.491538592478996,
  "A_10": 38.53006309995201,
  "A_11": 96.33791889923891,
  "A_12": 39.851731129317244,
  "A_13": 0.0,
  "A_14": 43.47461577743699,
  "A_15": 45.639663204214315,
  "A_16": 89.3644879869538,
  "A_17": 32.978680385499636,
  "A_18": 135.1759711765783,
  "A_19": 117.22242261258454,
  "A_20": 152.1541683189679,
  "A_21": 67.14709447528435,
  "A_22": 2.4152564320798326,
  "A_23": 43.438826753927295,
  "A_24": 29.6902873903929,
  "A_25": 0.0,
  "A_26": 0.0,
  "A_27": 38.37176452932293,
  "A_28": 11.803943776444772,
  "A_29": 14.491538592478996,
  "A_30": 36.228846481197486,
  "A_31": 88.0206905789367,
  "A_32": 8.453397512279414,
  "A_33": 21.328800312786907,
  "A_34": 21.73730788871849,
  "A_35": 101.16843176339857,
  "A_36": 16.90679502455883,
  "A_37": 26.45378093955285,
  "A_38": 104.94961498214741,
  "A_39": 112.10167685271564,
  "A_40": 15.681272296764066,
  "A_41": 138.89766519683872,
  "A_42": 98.3267732436323,
  "A_43": 148.48885960365408,
  "A_44": 94.56771940353538,
  "A_45": 181.73987837310813,
  "A_46": 152.13305681633577,
  "A_47": 58.82223836801921,
  "A_48": 102.83973392236712,
  "A_49": 159.90221544866333,
  "A_50": 101.83661082170528,
  "A_51": 38.143684902672305,
  "A_52": 85.74160333883407,
  "A_53": 79.70346225863447,
  "A_54": 44.255841905790476,
  "A_55": 45.889872209516824,
  "A_56": 72.45769296239499,
  "A_57": 24.152564320798326,
  "A_58": 8.453397512279414,
  "A_59": 63.18728029825239,
  "A_60": 70.84155717042347,
  "A_61": 37.43647469723741,
  "A_62": 0.0,
  "A_63": 28.43840041704921,
  "A_64": 55.550897937836154,
  "A_65": 0.0,
  "A_66": 66.5199320506629,
  "A_67": 164.22801260346785,
  "A_68": 119.11089678851043,
  "A_69": 118.0122064393264,
  "A_70": 48.19022174869897,
  "A_71": 24.779726745419765,
  "A_72": 87.74136529292072,
  "A_73": 56.75852615387606,
  "A_74": 0.0,
  "A_75": 17.497414443433716,
  "A_76": 119.16626421743732,
  "A_77": 17.497414443433716,
  "A_78": 6.038141080199582,
  "A_79": 12.076282160399163,
  "A_80": 43.47461577743699,
  "A_81": 24.152564320798326,
  "A_82": 27.07670849727725,
  "A_83": 63.73619193305821,
  "A_84": 91.92014847790787,
  "A_85": 54.34326972179623,
  "A_86": 3.622884648119749,
  "A_87": 30.0766655876726,
  "A_88": 40.42277214277495,
  "A_89": 10.868653944359247,
  "A_90": 44.6822439934769,
  "A_91": 84.53397512279415,
  "A_92": 0.0,
  "A_93": 40.70442220735458,
  "A_94": 199.68578658376828,
  "A_95": 113.32719958051041,
  "A_96": 65.11692190431094,
  "A_97": 203.094226117354,
  "A_98": 100.22717290527126,
  "A_99": 9.66102572831933,
  "A_100": 44.6822439934769,
  "A_101": 22.944936104758412,
  "A_102": 24.132118835808768,
  "A_103": 130.35740893087285,
  "A_104": 133.97816986235878,
  "A_105": 64.00429545011556,
  "A_106": 35.76665537000137,
  "A_107": 176.4863814740691,
  "A_108": 153.69872606392,
  "A_109": 44.27373641754532,
  "A_110": 102.25259538815243,
  "A_111": 17.573981339587,
  "A_112": 62.68262742075034,
  "A_113": 84.83096872589391,
  "A_114": 89.0921496029994,
  "A_115": 14.491538592478996,
  "A_116": 2.1871768054292144,
  "A_117": 38.72658856998998,
  "A_118": 132.01611958648581,
  "A_119": 6.038141080199582,
  "A_120": 0.0,
  "A_121": 76.08057761051474,
  "A_122": 38.12155552402043,
  "A_123": 39.395571876016,
  "A_124": 1.2076282160399163,
  "A_125": 72.45769296239499,
  "A_126": 12.076282160399163,
  "A_127": 32.46979264110055,
  "A_128": 73.3929827944805,
  "A_129": 105.59043705162667,
  "A_130": 1.2867963509103797,
  "A_131": 8.453397512279414,
  "A_132": 100.6237549954898,
  "A_133": 33.699550235792344,
  "A_134": 0.0,
  "A_135": 43.47461577743699,
  "A_136": 135.3010568296736,
  "A_137": 24.152564320798326,
  "A_138": 3.214377072188161,
  "A_139": 72.79462249130718,
  "A_140": 173.2950008601052,
  "A_141": 61.57114450628089,
  "A_142": 79.70346225863447,
  "A_143": 69.27304792308041,
  "A_144": 77.65327145927242,
  "A_145": 83.05400852279983,
  "A_146": 0.0,
  "A_147": 0.0,
  "A_148": 61.77283475464135,
  "A_149": 36.11480666787218,
  "A_150": 24.064888753021943,
  "A_151": 10.323977176450462,
  "A_152": 109.3494908917236,
  "A_153": 27.002692574358672,
  "A_154": 7.245769296239498,
  "A_155": 39.561498233608,
  "A_156": 44.4320349881744,
  "A_157": 68.72076850094992,
  "A_158": 42.657600625573814,
  "A_159": 98.88934452329595,
  "A_160": 92.98737263507357,
  "A_161": 38.64410291327732,
  "A_162": 67.86372945868001,
  "A_163": 119.01051662004295,
  "A_164": 98.20849856340996,
  "A_165": 9.27464753103963,
  "A_166": 35.41183132933431,
  "A_167": 84.53397512279413,
  "A_168": 70.72751735709815,
  "A_169": 18.114423240598747,
  "A_170": 147.64967737402714,
  "A_171": 185.3193462107552,
  "A_172": 74.91973399227209,
  "A_173": 63.58518185738548,
  "A_174": 90.94483475541561,
  "A_175": 138.38179055037807,
  "A_176": 172.5646182672574,
  "A_177": 144.26662190908243,
  "A_178": 207.72302360041198,
  "A_179": 158.90195748050158
}