{
  "A_1": 250.3609327232331,
  "A_2": 69.62873904331983,
  "A_3": 151.32285263734553,
  "A_4": 163.97780359816534,
  "A_5": 205.76053350156752,
  "A_6": 96.13440652713936,
  "A_7": 147.1808135200348,
  "A_8": 189.06142288415217,
  "A_9": 133.96572915545056,
  "A_10": 181.50329131355153,
  "A_11": 60.69281803219026,
  "A_12": 217.74914009419027,
  "A_13": 101.69425897538582,
  "A_14": 204.2380423034142,
  "A_15": 165.91477139829206,
  "A_16": 89.45967824435758,
  "A_17": 174.1757400773538,
  "A_18": 72.64235577857299,
  "A_19": 145.8078998313042,
  "A_20": 133.52143255600927,
  "A_21": 64.74973255495937,
  "A_22": 102.37605997943848,
  "A_23": 133.73161767090505,
  "A_24": 106.00985223725152,
  "A_25": 84.20795320357522,
  "A_26": 117.6827916000416,
  "A_27": 37.71304794808884,
  "A_28": 19.208011643313352,
  "A_29": 166.34544605198738,
  "A_30": 108.55239343728418,
  "A_31": 33.81359004911766,
  "A_32": 54.662304738953594,
  "A_33": 73.78612169915074,
  "A_34": 93.3286249954771,
  "A_35": 9.66102572831933,
  "A_36": 114.15445632442427,
  "A_37": 78.66080535601986,
  "A_38": 26.33974112622754,
  "A_39": 82.93570870983626,
  "A_40": 46.59708241495173,
  "A_41": 97.31990536452739,
  "A_42": 41.72231079348829,
  "A_43": 105.0387733816563,
  "A_44": 120.12197440177115,
  "A_45": 25.36019253683824,
  "A_46": 32.06128506516896,
  "A_47": 155.91847490198163,
  "A_48": 60.17366356299923,
  "A_49": 90.70060734252557,
  "A_50": 103.44751900350121,
  "A_51": 71.02442299560363,
  "A_52": 25.36019253683824,
  "A_53": 71.6406778105318,
  "A_54": 51.42759527911139,
  "A_55": 121.98574309306925,
  "A_56": 16.90679502455883,
  "A_57": 132.9471745516743,
  "A_58": 121.01726547619118,
  "A_59": 3.622884648119749,
  "A_60": 80.50087387233926,
  "A_61": 69.54445639560933,
  "A_62": 103.00922912921362,
  "A_63": 3.622884648119749,
  "A_64": 115.67613070848765,
  "A_65": 101.161444861337,
  "A_66": 24.152564320798326,
  "A_67": 113.23958684458711,
  "A_68": 102.65930597308616,
  "A_69": 136.88578926147983,
  "A_70": 28.023948947817036,
  "A_71": 53.52625456993306,
  "A_72": 47.20211546092128,
  "A_73": 32.60596183307774,
  "A_74": 40.206555169984284,
  "A_75": 60.65798405284725,
  "A_76": 152.0853800062249,
  "A_77": 13.28391037643908,
  "A_78": 81.30170353885113,
  "A_79": 94.38633641008771,
  "A_80": 20.41563985935327,
  "A_81": 82.4914372431362,
  "A_82": 84.89726889725526,
  "A_83": 128.83744357321305,
  "A_84": 134.62442060394346,
  "A_85": 51.11099813785323,
  "A_86": 99.93694000956202,
  "A_87": 90.29977781903932,
  "A_88": 65.7335160112457,
  "A_89": 88.1568597709139,
  "A_90": 31.262164425060632,
  "A_91": 100.750474276765,
  "A_92": 111.23097816558791,
  "A_93": 33.81359004911766,
  "A_94": 55.69130199671039,
  "A_95": 114.44535523777607,
  "A_96": 36.99217809779613,
  "A_97": 14.491538592478996,
  "A_98": 33.541251665163266,
  "A_99": 140.85334432281022,
  "A_100": 7.245769296239498,
  "A_101": 33.11484957747683,
  "A_102": 106.01925188247105,
  "A_103": 91.50740603507924,
  "A_104": 13.28391037643908,
  "A_105": 72.26784023515324,
  "A_106": 52.613094116499425,
  "A_107": 15.022555715529972,
  "A_108": 72.36822040362074,
  "A_109": 96.8790896497463,
  "A_110": 69.90626733833795,
  "A_111": 8.453397512279414,
  "A_112": 54.27169167477685,
  "A_113": 82.44715335309122,
  "A_114": 33.81359004911766,
  "A_115": 56.94139197905623,
  "A_116": 99.2799575874727,
  "A_117": 53.20023265071413,
  "A_118": 61.58306999199394,
  "A_119": 69.15384333143258,
  "A_120": 41.0635942122542,
  "A_121": 37.43647469723741,
  "A_122": 52.80961958653739,
  "A_123": 125.06991999932201,
  "A_124": 52.88543250045382,
  "A_125": 28.983077184957992,
  "A_126": 77.0983530993129,
  "A_127": 32.355752827775234,
  "A_128": 40.34272436196149,
  "A_129": 42.79376981755101,
  "A_130": 75.06013805114631,
  "A_131": 139.02615633637058,
  "A_132": 10.868653944359247,
  "A_133": 52.18245716191595,
  "A_134": 63.69785193631381,
  "A_135": 78.49583404259455,
  "A_136": 69.95296397154091,
  "A_137": 74.74777577678519,
  "A_138": 75.12736813393315,
  "A_139": 32.60596183307774,
  "A_140": 128.8049595051749,
  "A_141": 39.71556193734004,
  "A_142": 57.966154369915984,
  "A_143": 79.17920584297404,
  "A_144": 42.679730004225696,
  "A_145": 42.38526224161942,
  "A_146": 49.59524251434922,
  "A_147": 47.21577510577909,
  "A_148": 15.471087181868294,
  "A_149": 67.06374173899931,
  "A_150": 152.77216985941146,
  "A_151": 43.22440677213448,
  "A_152": 50.482880669065096,
  "A_153": 116.65219841321678,
  "A_154": 55.300688932533646,
  "A_155": 50.44804668972209,
  "A_156": 97.74630745221384,
  "A_157": 105.51885900460726,
  "A_158": 96.62116489288658,
  "A_159": 31.90722136143691,
  "A_160": 140.8303101654741,
  "A_161": 77.80979817164486,
  "A_162": 49.512756857636575,
  "A_163": 101.03554239415175,
  "A_164": 92.76173088432213,
  "A_165": 82.45564821962651,
  "A_166": 30.190705400997906,
  "A_167": 62.474880181753754,
  "A_168": 79.51360953139275,
  "A_169": 35.978637475894985,
  "A_170": 49.90336992181331,
  "A_171": 95.27736748486947,
  "A_172": 48.932291066218085,
  "A_173": 33.81359004911766,
  "A_174": 137.52747841053147,
  "A_175": 132.5607963543946,
  "A_176": 84.41993530946883,
  "A_177": 93.2656046468461,
  "A_178": 89.58314283564366,
  "A_179": 177.67194314331022,
  "A_180": 46.049854673808234,
  "A_181": 62.686862287647386,
  "A_182": 90.75921689507092,
  "A_183": 158.12012816635863,
  "A_184": 43.47545772426815,
  "A_185": 59.041848260875746,
  "A_186": 156.80440403029397,
  "A_187": 46.41665446567075,
  "A_188": 64.45949965925011,
  "A_189": 47.91875044431695,
  "A_190": 53.54838394858494,
  "A_191": 31.125995233083433,
  "A_192": 126.97701753649841,
  "A_193": 119.01051662004294,
  "A_194": 75.48645217423845,
  "A_195": 149.15946397148934,
  "A_196": 114.55272230830516,
  "A_197": 85.30154160628982,
  "A_198": 70.62015028656907,
  "A_199": 32.790624649255754,
  "A_200": 167.58030559314864,
  "A_201": 89.73625149520902,
  "A_202": 108.57249963026716,
  "A_203": 88.16776738060717,
  "A_204": 123.0612861875816,
  "A_205": 112.15110038834193,
  "A_206": 79.70346225863447,
  "A_207": 75.93074877367974,
  "A_208": 151.03326062653767,
  "A_209": 65.15824013089095,
  "A_210": 69.03556865121024,
  "A_211": 127.68256898101221,
  "A_212": 74.09500308885168,
  "A_213": 79.99358205700818,
  "A_214": 116.53638674163483,
  "A_215": 160.96245270376744,
  "A_216": 188.5150119570986,
  "A_217": 108.341667968452,
  "A_218": 57.56188166088144,
  "A_219": 74.48741314402628,
  "A_220": 150.2649150280639,
  "A_221": 80.25904663623655,
  "A_222": 21.737307888718494,
  "A_223": 100.23314193131304,
  "A_224": 34.63484006787787,
  "A_225": 104.28408742804035,
  "A_226": 58.76527501002432,
  "A_227": 130.60329510468404,
  "A_228": 169.83810540143054,
  "A_229": 130.2611756647081,
  "A_230": 120.84519416336877,
  "A_231": 71.7273983341415,
  "A_232": 214.90805962747223
}