{
  "A_1": 241.7648063735158,
  "A_2": 215.7756041555758,
  "A_3": 167.02689519766284,
  "A_4": 160.11060357256125,
  "A_5": 113.38088311577494,
  "A_6": 161.07321269436238,
  "A_7": 146.80032895057323,
  "A_8": 99.68147826134269,
  "A_9": 107.07040365162096,
  "A_10": 82.12962630040757,
  "A_11": 122.92786903076896,
  "A_12": 92.98737263507357,
  "A_13": 100.38021873298352,
  "A_14": 47.09750042555674,
  "A_15": 121.83428062805434,
  "A_16": 142.89074255688686,
  "A_17": 46.43878384432264,
  "A_18": 26.43165156090096,
  "A_19": 139.60400832270125,
  "A_20": 174.111148932396,
  "A_21": 66.57443240001739,
  "A_22": 89.3644879869538,
  "A_23": 199.13691264807434,
  "A_24": 60.38141080199581,
  "A_25": 28.983077184957992,
  "A_26": 96.86470115539285,
  "A_27": 138.76320503126507,
  "A_28": 24.152564320798326,
  "A_29": 31.55666988677875,
  "A_30": 57.97038923681303,
  "A_31": 85.49139433353155,
  "A_32": 13.701918128555128,
  "A_33": 48.30512864159665,
  "A_34": 55.6691726180585,
  "A_35": 111.7910361711287,
  "A_36": 24.152564320798326,
  "A_37": 106.5257268837122,
  "A_38": 100.23314193131306,
  "A_39": 94.08096103778816,
  "A_40": 30.308980081220255,
  "A_41": 171.92475124194488,
  "A_42": 118.83855840455604,
  "A_43": 26.87499311617556,
  "A_44": 133.15735966657007,
  "A_45": 64.03309757156367,
  "A_46": 41.47802054874516,
  "A_47": 8.453397512279414,
  "A_48": 71.33771518139022,
  "A_49": 0.0,
  "A_50": 15.562997616541717,
  "A_51": 5.901971888222386,
  "A_52": 25.052065129374157,
  "A_53": 0.0,
  "A_54": 93.09544342235708,
  "A_55": 26.259693345414078,
  "A_56": 68.5138632087845,
  "A_57": 54.85129038662295,
  "A_58": 35.46032495353513,
  "A_59": 0.0,
  "A_60": 0.0,
  "A_61": 24.995943718210427,
  "A_62": 1.2076282160399163,
  "A_63": 44.80051867369925,
  "A_64": 79.78594791534712,
  "A_65": 65.37689497958078,
  "A_66": 8.571672192501763,
  "A_67": 105.25159743438108,
  "A_68": 96.17866528444314,
  "A_69": 133.09680232657948,
  "A_70": 115.67009885059277,
  "A_71": 61.31328258127425,
  "A_72": 40.26108065207999,
  "A_73": 60.017161983368,
  "A_74": 38.101411631925615,
  "A_75": 17.231861899611072,
  "A_76": 4.830512864159665,
  "A_77": 88.90229687575768,
  "A_78": 65.709099553142,
  "A_79": 0.0,
  "A_80": 31.616988465727673,
  "A_81": 68.38108693687317,
  "A_82": 19.185882264661466,
  "A_83": 1.2076282160399163,
  "A_84": 107.41070096785784,
  "A_85": 191.31577950688578,
  "A_86": 63.40593514694225,
  "A_87": 14.473644080724148,
  "A_88": 130.3649738859827,
  "A_89": 68.68074461054319,
  "A_90": 10.714590240627205,
  "A_91": 128.89281100213992,
  "A_92": 30.181280623037143,
  "A_93": 38.21770082559088,
  "A_94": 77.91536825117609,
  "A_95": 14.47364408072415,
  "A_96": 109.12564613197003,
  "A_97": 189.4460669222871,
  "A_98": 80.86416764680038,
  "A_99": 156.41292388654486,
  "A_100": 45.13744820261145,
  "A_101": 0.0,
  "A_102": 93.2299035879307,
  "A_103": 0.0,
  "A_104": 41.26011968229216,
  "A_105": 27.842679051704902,
  "A_106": 51.9491876242016,
  "A_107": 13.28391037643908,
  "A_108": 63.5429462857506,
  "A_109": 127.04943753034897,
  "A_110": 199.1692207869238,
  "A_111": 34.907178451832266,
  "A_112": 22.944936104758412,
  "A_113": 82.23699337093666,
  "A_114": 71.58699427526727,
  "A_115": 0.0,
  "A_116": 81.87518242820803,
  "A_117": 123.333624571536,
  "A_118": 33.62373732187592,
  "A_119": 13.28391037643908,
  "A_120": 73.04906636350672,
  "A_121": 121.66746205814877,
  "A_122": 1.2076282160399163,
  "A_123": 69.04920316332682,
  "A_124": 59.450355836807326,
  "A_125": 36.175162945932954,
  "A_126": 0.0,
  "A_127": 26.56782075287816,
  "A_128": 145.8225773521818,
  "A_129": 56.711716423337585,
  "A_130": 0.0,
  "A_131": 18.114423240598747,
  "A_132": 48.914396554463245,
  "A_133": 49.55945349083953,
  "A_134": 10.051638792496071,
  "A_135": 120.5568462232517,
  "A_136": 81.4488683051159,
  "A_137": 6.038141080199582,
  "A_138": 126.1311751304459,
  "A_139": 111.61912822112426,
  "A_140": 76.87969825062305,
  "A_141": 13.946861824570213,
  "A_142": 121.12855325435194,
  "A_143": 115.51681426183879,
  "A_144": 50.70249056192164,
  "A_145": 159.32334558631288,
  "A_146": 73.23891909074847,
  "A_147": 92.98737263507356,
  "A_148": 94.33021499892398,
  "A_149": 24.152564320798326,
  "A_150": 73.78359585865725,
  "A_151": 129.83816649708754,
  "A_152": 38.626208401522476,
  "A_153": 125.80764135260858,
  "A_154": 75.7384581705388,
  "A_155": 34.32671266041379,
  "A_156": 86.2325965714783,
  "A_157": 92.82481406480622,
  "A_158": 22.44982110255266,
  "A_159": 65.07575447417828,
  "A_160": 151.2725620221469,
  "A_161": 22.808766912781213,
  "A_162": 16.208054552918004,
  "A_163": 180.51783652997352,
  "A_164": 44.371565612778106,
  "A_165": 26.22570131290223,
  "A_166": 84.602801134649,
  "A_167": 125.81198931684116,
  "A_168": 86.06063835599141,
  "A_169": 98.17270953990027,
  "A_170": 100.47813589281061,
  "A_171": 0.0,
  "A_172": 89.12095172444752,
  "A_173": 38.14452684950348,
  "A_174": 1.2867963509103797,
  "A_175": 8.707841384478959,
  "A_176": 66.65610124264009,
  "A_177": 32.86887543907137,
  "A_178": 43.59289045765934,
  "A_179": 92.14388014032593,
  "A_180": 57.5218577704747,
  "A_181": 89.25712091642474,
  "A_182": 93.00431210266171,
  "A_183": 99.45528359028424,
  "A_184": 99.74285241542324,
  "A_185": 86.38663514246913,
  "A_186": 81.25225487048363,
  "A_187": 53.13564150575632,
  "A_188": 50.03614619372463,
  "A_189": 74.53506482139592,
  "A_190": 90.57211620299373,
  "A_191": 26.973161603414937,
  "A_192": 54.20710052981903,
  "A_193": 45.77583239619151,
  "A_194": 100.09697273933587,
  "A_195": 9.16060771771432,
  "A_196": 97.81788549923323,
  "A_197": 130.15150894835656,
  "A_198": 106.27128301151264,
  "A_199": 1.0935884027146072,
  "A_200": 62.66049804209845,
  "A_201": 84.39780593081694,
  "A_202": 89.22831879497662,
  "A_203": 0.0,
  "A_204": 44.6822439934769,
  "A_205": 100.84638081729379,
  "A_206": 106.02107400621014,
  "A_207": 3.7812209178606757,
  "A_208": 45.75370301753962,
  "A_209": 83.19017771477704,
  "A_210": 95.5106998544369,
  "A_211": 33.74465093992729,
  "A_212": 100.86854789505753,
  "A_213": 79.56729306665727,
  "A_214": 57.7584071309194,
  "A_215": 77.4710716517348,
  "A_216": 165.0832546547399,
  "A_217": 119.04616741347589,
  "A_218": 131.8773114566796,
  "A_219": 115.84281104831652,
  "A_220": 90.87325670839624,
  "A_221": 70.49764073944971,
  "A_222": 216.28686694402097
}