{
  "A_1": 216.1745864225817,
  "A_2": 128.58111474542133,
  "A_3": 36.000766854546875,
  "A_4": 94.33453783041531,
  "A_5": 2.142918048125441,
  "A_6": 105.80909190031652,
  "A_7": 129.5751649264996,
  "A_8": 40.88740112987026,
  "A_9": 145.96881220702107,
  "A_10": 90.6129569074904,
  "A_11": 82.55782537909187,
  "A_12": 11.786049264689925,
  "A_13": 63.646719374283975,
  "A_14": 93.40084392739783,
  "A_15": 91.92682122070411,
  "A_16": 64.91055696608194,
  "A_17": 8.181059128325023,
  "A_18": 65.96168360249062,
  "A_19": 0.0,
  "A_20": 111.23028701520413,
  "A_21": 1.0714590240627204,
  "A_22": 196.09693166727226,
  "A_23": 73.55795410790581,
  "A_24": 57.09545568278827,
  "A_25": 49.889710276955505,
  "A_26": 62.434856291347025,
  "A_27": 112.95871589498554,
  "A_28": 30.19070540099791,
  "A_29": 128.85345312937574,
  "A_30": 19.853106278801484,
  "A_31": 102.39392935845211,
  "A_32": 10.140156307103618,
  "A_33": 28.983077184957992,
  "A_34": 0.0,
  "A_35": 45.44557561007554,
  "A_36": 93.09866041323433,
  "A_37": 36.32922664966499,
  "A_38": 108.25927027633365,
  "A_39": 60.16687772286748,
  "A_40": 87.61218300300511,
  "A_41": 15.000426336878085,
  "A_42": 76.49413686743331,
  "A_43": 71.44319729632716,
  "A_44": 72.45769296239499,
  "A_45": 170.87971929528416,
  "A_46": 56.09980957264197,
  "A_47": 158.63703325520967,
  "A_48": 89.06567226011498,
  "A_49": 48.03279025764226,
  "A_50": 65.15061234392803,
  "A_51": 67.24747464375183,
  "A_52": 13.266015864684233,
  "A_53": 70.04243653031514,
  "A_54": 0.0,
  "A_55": 123.16683113437163,
  "A_56": 100.79304914040645,
  "A_57": 67.44156223789062,
  "A_58": 82.51609246228159,
  "A_59": 16.79275521123352,
  "A_60": 121.91337336470113,
  "A_61": 8.844010576456155,
  "A_62": 61.97022730425171,
  "A_63": 80.63449209108174,
  "A_64": 193.39317649862795,
  "A_65": 154.13893859291164,
  "A_66": 11.786049264689925,
  "A_67": 67.81004592341547,
  "A_68": 38.42449302042078,
  "A_69": 47.09750042555673,
  "A_70": 76.40987935246402,
  "A_71": 91.92682122070411
}