{
  "A_1": 189.9804392662921,
  "A_2": 65.90292325349787,
  "A_3": 120.82483664297351,
  "A_4": 33.77017323864505,
  "A_5": 179.73657270250817,
  "A_6": 133.4288561036933,
  "A_7": 59.90132517904483,
  "A_8": 91.09550553908178,
  "A_9": 27.661409155592764,
  "A_10": 30.190705400997906,
  "A_11": 1.2076282160399163,
  "A_12": 54.34326972179623,
  "A_13": 6.038141080199582,
  "A_14": 0.0,
  "A_15": 0.0,
  "A_16": 12.076282160399163,
  "A_17": 0.0,
  "A_18": 0.0,
  "A_19": 0.0,
  "A_20": 1.2076282160399163,
  "A_21": 1.2076282160399163,
  "A_22": 4.69434367218247,
  "A_23": 0.0,
  "A_24": 3.622884648119749,
  "A_25": 44.6822439934769,
  "A_26": 8.453397512279414,
  "A_27": 0.0,
  "A_28": 0.0,
  "A_29": 65.21192366615549,
  "A_30": 1.0714590240627204,
  "A_31": 28.754997558307373,
  "A_32": 78.9868272752388,
  "A_33": 63.30978984537178,
  "A_34": 6.83726172030791,
  "A_35": 176.75871985802348,
  "A_36": 66.9633615705318,
  "A_37": 87.06655119092963,
  "A_38": 63.25366843420805,
  "A_39": 17.143344385003527,
  "A_40": 44.769894428512075,
  "A_41": 45.464312068661556,
  "A_42": 76.80905011502914,
  "A_43": 0.0,
  "A_44": 3.622884648119749,
  "A_45": 154.8691201238296,
  "A_46": 13.16987056311377,
  "A_47": 0.0,
  "A_48": 90.57211620299371,
  "A_49": 109.89416765963237,
  "A_50": 0.0,
  "A_51": 16.498287448627238,
  "A_52": 79.56729306665729,
  "A_53": 49.512756857636575,
  "A_54": 0.0,
  "A_55": 19.04971307268427,
  "A_56": 67.24080190095562,
  "A_57": 0.0,
  "A_58": 37.30030550526021,
  "A_59": 101.30460095537579,
  "A_60": 3.5088448347944396,
  "A_61": 15.136595528855281,
  "A_62": 49.37658766565937,
  "A_63": 128.56070695954364,
  "A_64": 90.99161935321288,
  "A_65": 30.58131846517465,
  "A_66": 57.622237938942206,
  "A_67": 33.79569553736281,
  "A_68": 68.83480831427522,
  "A_69": 120.76282160399161,
  "A_70": 144.8396107099854,
  "A_71": 15.699166808518912,
  "A_72": 147.58508622906936,
  "A_73": 93.82469504184957,
  "A_74": 16.90679502455883,
  "A_75": 54.1892060180642,
  "A_76": 130.38962910512808,
  "A_77": 168.25773350022752,
  "A_78": 103.96064161479734,
  "A_79": 73.32140474746112,
  "A_80": 92.64345620409978,
  "A_81": 35.512211497801815,
  "A_82": 23.763635150283918,
  "A_83": 75.73845817053879,
  "A_84": 3.214377072188161,
  "A_85": 32.99486587085094,
  "A_86": 9.643131216564484,
  "A_87": 19.32205145663866,
  "A_88": 15.562997616541717,
  "A_89": 13.011571992484688,
  "A_90": 0.0,
  "A_91": 54.42575537850889,
  "A_92": 86.94923155487398,
  "A_93": 0.0,
  "A_94": 72.04918538646339,
  "A_95": 47.09750042555673,
  "A_96": 36.22884648119749,
  "A_97": 1.2076282160399163,
  "A_98": 12.87540280050749,
  "A_99": 92.87333282174825,
  "A_100": 3.622884648119749,
  "A_101": 41.05935934535716,
  "A_102": 80.9110904746744,
  "A_103": 45.889872209516824,
  "A_104": 15.154490040610128,
  "A_105": 57.131244706297956,
  "A_106": 109.97665331634505,
  "A_107": 56.68694810685668,
  "A_108": 155.97036144624832,
  "A_109": 40.34272436196148,
  "A_110": 69.92839671698984,
  "A_111": 107.7188283753219,
  "A_112": 74.67123401337312,
  "A_113": 84.30589549614353,
  "A_114": 0.0,
  "A_115": 90.86400785962408,
  "A_116": 115.81826892650668,
  "A_117": 60.267370988670514,
  "A_118": 0.0,
  "A_119": 98.61700613934156,
  "A_120": 121.74237019338092,
  "A_121": 1.2076282160399163,
  "A_122": 22.944936104758412,
  "A_123": 49.01233884703156,
  "A_124": 17.97825404862155,
  "A_125": 1.2076282160399163,
  "A_126": 66.4195518821954,
  "A_127": 78.49583404259455,
  "A_128": 0.0,
  "A_129": 1.2076282160399163,
  "A_130": 114.44979116660296,
  "A_131": 49.829429397118425,
  "A_132": 0.0,
  "A_133": 1.0714590240627204,
  "A_134": 44.17873465570077,
  "A_135": 28.166062033094814,
  "A_136": 14.882151656655736,
  "A_137": 62.12852587488079,
  "A_138": 62.79666723407564,
  "A_139": 115.9959448406231,
  "A_140": 72.4219039388853,
  "A_141": 3.622884648119749,
  "A_142": 32.19745425714615,
  "A_143": 3.350546264165357,
  "A_144": 26.56782075287816,
  "A_145": 81.12040850999779,
  "A_146": 36.75223581728555,
  "A_147": 54.34495361545856,
  "A_148": 62.879152890788305,
  "A_149": 3.622884648119749,
  "A_150": 26.686095433100512,
  "A_151": 80.9110904746744,
  "A_152": 30.19070540099791,
  "A_153": 0.0,
  "A_154": 60.245241610018624,
  "A_155": 10.754614131033938,
  "A_156": 0.0,
  "A_157": 15.562997616541717,
  "A_158": 76.08057761051472,
  "A_159": 1.2076282160399163,
  "A_160": 0.0,
  "A_161": 0.0,
  "A_162": 7.109600104262302,
  "A_163": 0.0,
  "A_164": 8.453397512279414,
  "A_165": 0.0,
  "A_166": 5.76580269624519,
  "A_167": 7.245769296239498,
  "A_168": 11.940112968421968,
  "A_169": 4.830512864159665,
  "A_170": 52.15522583679463,
  "A_171": 61.41708080254884,
  "A_172": 7.245769296239498,
  "A_173": 177.99787709793486,
  "A_174": 5.76580269624519,
  "A_175": 115.33818330355568,
  "A_176": 41.77080441768911,
  "A_177": 99.23312272419298,
  "A_178": 12.647323173856872,
  "A_179": 55.78744729828085,
  "A_180": 60.10907241804142,
  "A_181": 27.775448968918077,
  "A_182": 0.0,
  "A_183": 94.19500085111346,
  "A_184": 67.49101090625811,
  "A_185": 0.0,
  "A_186": 48.30512864159665,
  "A_187": 105.59043705162667,
  "A_188": 2.3012166187545233,
  "A_189": 21.737307888718494,
  "A_190": 115.1152935879688,
  "A_191": 39.44322355338566,
  "A_192": 3.860389052731139,
  "A_193": 38.50793372130012,
  "A_194": 31.17025399038721,
  "A_195": 14.491538592478996,
  "A_196": 22.53642852882682,
  "A_197": 89.22831879497662,
  "A_198": 101.96755240350691,
  "A_199": 29.17620973493008,
  "A_200": 24.52528287322022,
  "A_201": 123.55079658849337,
  "A_202": 32.06128506516896,
  "A_203": 7.245769296239498,
  "A_204": 54.85215746619532,
  "A_205": 87.5627343346376,
  "A_206": 31.398333617037824,
  "A_207": 130.45781423208157,
  "A_208": 21.973857249163192,
  "A_209": 99.63985844186794,
  "A_210": 109.02346897250467,
  "A_211": 79.33147255570823,
  "A_212": 74.15884025157263,
  "A_213": 1.0714590240627204,
  "A_214": 50.802870730389145,
  "A_215": 44.80051867369926,
  "A_216": 27.09460300903209,
  "A_217": 25.36019253683824,
  "A_218": 106.88055092437922,
  "A_219": 96.31303748542248,
  "A_220": 30.190705400997906,
  "A_221": 64.71150565555047,
  "A_222": 53.824957199436376,
  "A_223": 62.79666723407565,
  "A_224": 15.97234713930447,
  "A_225": 86.81306236289677,
  "A_226": 149.42419970122202,
  "A_227": 24.058944859721358,
  "A_228": 44.6822439934769,
  "A_229": 68.42630073834364,
  "A_230": 48.305128641596646,
  "A_231": 0.0,
  "A_232": 68.1876904931182,
  "A_233": 42.679730004225696,
  "A_234": 0.0,
  "A_235": 2.4152564320798326,
  "A_236": 22.694727099455903,
  "A_237": 36.54235229528453,
  "A_238": 0.0,
  "A_239": 44.6822439934769,
  "A_240": 67.0348516529569,
  "A_241": 27.775448968918077,
  "A_242": 45.85408318600713,
  "A_243": 134.94623278900656,
  "A_244": 177.97403869287942,
  "A_245": 220.95247132660842,
  "A_246": 171.24658191899977,
  "A_247": 116.33043649363611,
  "A_248": 5.901971888222386,
  "A_249": 137.1402582664206,
  "A_250": 50.37826563370056,
  "A_251": 78.04390965619037,
  "A_252": 22.602816664782484,
  "A_253": 0.0,
  "A_254": 78.35966485061735,
  "A_255": 86.83519174154867,
  "A_256": 0.0,
  "A_257": 19.32205145663866,
  "A_258": 104.24663964360954,
  "A_259": 42.26698756139707,
  "A_260": 0.0,
  "A_261": 21.737307888718494,
  "A_262": 24.451266950301644,
  "A_263": 0.0,
  "A_264": 1.0714590240627204,
  "A_265": 52.30374777108575,
  "A_266": 38.39389390797482,
  "A_267": 9.915469600518875,
  "A_268": 10.298454877732702,
  "A_269": 52.72713392982473,
  "A_270": 7.245769296239498,
  "A_271": 18.114423240598747,
  "A_272": 4.69434367218247,
  "A_273": 29.764303313311473,
  "A_274": 7.245769296239498,
  "A_275": 83.17141612344982,
  "A_276": 19.401219591509125,
  "A_277": 32.65445545727855,
  "A_278": 91.60778620354675,
  "A_279": 40.809992286885816,
  "A_280": 153.5141512123363,
  "A_281": 77.55111943254826,
  "A_282": 148.55097517360082,
  "A_283": 99.60925932942197,