{
  "A_1": 230.7010720917392,
  "A_2": 97.31651244446152,
  "A_3": 145.63875648283494,
  "A_4": 146.17824333968002,
  "A_5": 38.64410291327732,
  "A_6": 141.40564887768193,
  "A_7": 7.500213168439043,
  "A_8": 32.04339055341411,
  "A_9": 31.226375401550936,
  "A_10": 110.07712144940685,
  "A_11": 121.91676628476701,
  "A_12": 33.31752000274522,
  "A_13": 153.46319457949505,
  "A_14": 116.04037952711548,
  "A_15": 101.34610767751501,
  "A_16": 13.28391037643908,
  "A_17": 50.17051839470397,
  "A_18": 66.87899095822699,
  "A_19": 97.25012430850586,
  "A_20": 124.50395579959252,
  "A_21": 22.500639505317128,
  "A_22": 47.09750042555674,
  "A_23": 122.7191667476057,
  "A_24": 110.88816757522821,
  "A_25": 139.54950797334678,
  "A_26": 1.2076282160399163,
  "A_27": 64.77873573833729,
  "A_28": 35.02121826515757,
  "A_29": 137.31284480043823,
  "A_30": 152.97982913381372,
  "A_31": 67.90883016281495,
  "A_32": 167.5785588676332,
  "A_33": 106.27128301151264,
  "A_34": 67.66021708658047,
  "A_35": 126.6809538448241,
  "A_36": 83.4078775193002,
  "A_37": 76.77233118009399,
  "A_38": 87.57639397949542,
  "A_39": 71.92833460026512,
  "A_40": 74.41508111477003,
  "A_41": 0.0,
  "A_42": 35.82888403728367,
  "A_43": 43.18438288172775,
  "A_44": 99.86190621062366,
  "A_45": 51.471854036415166,
  "A_46": 11.581167158193416,
  "A_47": 9.252518152387744,
  "A_48": 112.074357563,
  "A_49": 104.74108862817275,
  "A_50": 1.0714590240627204,
  "A_51": 39.1453628707135,
  "A_52": 112.38004709456493,
  "A_53": 48.68208206091559,
  "A_54": 71.98532309100123,
  "A_55": 128.76493561476818,
  "A_56": 202.32987662473556
}