{
  "A_1": 55.86662799952194,
  "A_2": 110.95879057808094,
  "A_3": 0.0,
  "A_4": 14.491538592478996,
  "A_5": 14.06513650479256,
  "A_6": 68.23644801110191,
  "A_7": 33.94033446313408,
  "A_8": 58.20270373036068,
  "A_9": 87.18578091531867,
  "A_10": 26.413757049146117,
  "A_11": 130.48843847726877,
  "A_12": 147.32789032170527,
  "A_13": 35.025453132054615,
  "A_14": 18.730564958191394,
  "A_15": 74.66943702237526,
  "A_16": 90.92774449138011,
  "A_17": 0.0,
  "A_18": 32.161665233636455,
  "A_19": 5.493464312290798,
  "A_20": 100.61009535063198,
  "A_21": 19.55860081708336,
  "A_22": 0.0,
  "A_23": 77.406480506777,
  "A_24": 95.19488182815681,
  "A_25": 2.4152564320798326,
  "A_26": 103.00322240405993,
  "A_27": 32.02549604165927,
  "A_28": 129.3743794568234,
  "A_29": 10.596315560404856,
  "A_30": 135.48392265485376,
  "A_31": 59.700564842109834,
  "A_32": 54.11519009514562,
  "A_33": 76.92819187482387,
  "A_34": 95.0229236126699,
  "A_35": 0.0,
  "A_36": 39.17088516943126,
  "A_37": 129.60408014528326,
  "A_38": 29.66815801174101,
  "A_39": 0.0,
  "A_40": 83.54845750736304,
  "A_41": 93.93357007685236,
  "A_42": 18.799504067381765,
  "A_43": 0.0,
  "A_44": 45.61753382556243,
  "A_45": 64.3591194907826,
  "A_46": 2.279087240102637,
  "A_47": 0.0,
  "A_48": 35.784549881756206,
  "A_49": 118.3475651719118,
  "A_50": 30.857891716026078,
  "A_51": 15.953610680718457,
  "A_52": 136.14687410298487,
  "A_53": 105.29321725385583,
  "A_54": 68.61772426191219,
  "A_55": 94.0518447570747,
  "A_56": 86.2249687845154,
  "A_57": 5.493464312290798,
  "A_58": 47.09750042555674,
  "A_59": 96.86554310222401,
  "A_60": 37.26451648175052,
  "A_61": 45.42768109832069,
  "A_62": 116.44119648423106,
  "A_63": 67.71050770177914,
  "A_64": 108.25408036526991,
  "A_65": 106.93751428237411,
  "A_66": 160.3030072730377,
  "A_67": 58.14902019509614,
  "A_68": 80.54258165640833,
  "A_69": 76.61159473356571,
  "A_70": 14.491538592478996,
  "A_71": 100.20063273053371,
  "A_72": 6.564923336353519,
  "A_73": 39.85173112931724,
  "A_74": 123.54316880153044,
  "A_75": 68.73347310164104,
  "A_76": 22.944936104758412,
  "A_77": 7.245769296239498,
  "A_78": 11.689903963119463,
  "A_79": 8.453397512279414,
  "A_80": 0.0,
  "A_81": 74.05593424261164,
  "A_82": 4.716473050834356,
  "A_83": 0.0,
  "A_84": 18.409732950036187,
  "A_85": 13.147741184461884,
  "A_86": 14.3553694005018,
  "A_87": 48.54167800204135,
  "A_88": 126.71146499267577,
  "A_89": 38.60831388976763,
  "A_90": 164.80392936872394,
  "A_91": 33.659526345385615,
  "A_92": 80.64298695761704,
  "A_93": 40.579361687000485,
  "A_94": 101.01095000685945,
  "A_95": 46.67533320476734,
  "A_96": 0.0,
  "A_97": 2.4152564320798326,
  "A_98": 163.00762952125442,
  "A_99": 115.30585003196495,
  "A_100": 32.16166523363646,
  "A_101": 62.198306930902326,
  "A_102": 90.48102258241026,
  "A_103": 74.87294939447483,
  "A_104": 111.61921618571856,
  "A_105": 126.88510710182499,
  "A_106": 81.2343603587288,
  "A_107": 3.622884648119749,
  "A_108": 66.12931898648615,
  "A_109": 104.96406630835395,
  "A_110": 9.66102572831933,
  "A_111": 19.967108393014946,
  "A_112": 65.75402432808835,
  "A_113": 32.36422256156931,
  "A_114": 153.90740321434205,
  "A_115": 68.71990142137754,
  "A_116": 90.76101388606877,
  "A_117": 46.587657636990954,
  "A_118": 147.09659370417737,
  "A_119": 81.66255943741308,
  "A_120": 98.08323698112605,
  "A_121": 36.93605668663239,
  "A_122": 4.830512864159665,
  "A_123": 93.27578340704372,
  "A_124": 79.45325325333198,
  "A_125": 0.0,
  "A_126": 10.868653944359247,
  "A_127": 148.1978098938549,
  "A_128": 21.741542755615534,
  "A_129": 22.77297788927152,
  "A_130": 67.71390062184501,
  "A_131": 106.20231876958104,
  "A_132": 175.94152877697172,
  "A_133": 34.22633249194629,
  "A_134": 80.98415135342628,
  "A_135": 140.14607128552223,
  "A_136": 124.69711348230582,
  "A_137": 186.26063020162383,
  "A_138": 188.4093790457143
}