{
  "A_1": 244.4419836683107,
  "A_2": 182.9592184465606,
  "A_3": 100.14790423943586,
  "A_4": 116.30502729225387,
  "A_5": 120.97205167472072,
  "A_6": 112.54597345215691,
  "A_7": 176.15696663478428,
  "A_8": 108.12396816392884,
  "A_9": 86.2955917873681,
  "A_10": 81.82848579500507,
  "A_11": 46.89239212438917,
  "A_12": 71.29760332638918,
  "A_13": 2.142918048125441,
  "A_14": 65.46636753835503,
  "A_15": 80.56897103469848,
  "A_16": 113.5855390276004,
  "A_17": 52.01049894642905,
  "A_18": 0.0,
  "A_19": 28.93557630403572,
  "A_20": 131.83569163720483,
  "A_21": 69.27211801165494,
  "A_22": 2.142918048125441,
  "A_23": 92.98737263507357,
  "A_24": 93.79072814207892,
  "A_25": 15.699166808518912,
  "A_26": 30.190705400997906,
  "A_27": 124.36781174035654,
  "A_28": 49.10848414860202,
  "A_29": 13.011571992484688,
  "A_30": 61.58903901803573,
  "A_31": 59.0376133939787,
  "A_32": 38.64410291327732,
  "A_33": 0.0,
  "A_34": 39.851731129317244,
  "A_35": 2.142918048125441,
  "A_36": 0.0,
  "A_37": 0.0,
  "A_38": 6.038141080199582,
  "A_39": 48.18250599714174,
  "A_40": 0.0,
  "A_41": 37.927467929881644,
  "A_42": 97.17355741235258,
  "A_43": 65.17613464264578,
  "A_44": 60.71834033090802,
  "A_45": 45.07285705765364,
  "A_46": 39.03471597745406,
  "A_47": 41.05935934535715,
  "A_48": 130.6782912045105,
  "A_49": 88.98478253247033,
  "A_50": 0.0,
  "A_51": 26.56782075287816,
  "A_52": 113.51705230775212,
  "A_53": 24.152564320798326,
  "A_54": 0.0,
  "A_55": 43.81028866928776,
  "A_56": 91.19927862761517,
  "A_57": 27.775448968918077,
  "A_58": 19.142465454188855,
  "A_59": 13.16987056311377,
  "A_60": 22.67004674756931,
  "A_61": 18.409732950036187,
  "A_62": 1.0714590240627204,
  "A_63": 1.0935884027146072,
  "A_64": 29.78219782506632,
  "A_65": 25.36019253683824,
  "A_66": 8.453397512279414,
  "A_67": 0.0,
  "A_68": 46.28048527369356,
  "A_69": 10.868653944359247,
  "A_70": 38.60831388976763,
  "A_71": 48.50588897853166,
  "A_72": 87.17212127046086,
  "A_73": 65.41268400309048,
  "A_74": 36.31133213791014,
  "A_75": 50.51866969257479,
  "A_76": 105.47300431823547,
  "A_77": 197.70719896416682,
  "A_78": 84.39780593081696,
  "A_79": 0.0,
  "A_80": 26.56782075287816,
  "A_81": 110.42094991578634,
  "A_82": 1.0714590240627204,
  "A_83": 8.453397512279414,
  "A_84": 123.72908825476989,
  "A_85": 33.97612348664378,
  "A_86": 36.290120104313104,
  "A_87": 40.88740112987027,
  "A_88": 86.83519174154867,
  "A_89": 78.58348447762974,
  "A_90": 40.857643964255466,
  "A_91": 99.55229597142707,
  "A_92": 114.58851133181486,
  "A_93": 28.692844289248754,
  "A_94": 30.739617035803732,
  "A_95": 90.69039088321608,
  "A_96": 50.92114541061149,
  "A_97": 0.0,
  "A_98": 147.7782564781533,
  "A_99": 94.79060911912225,
  "A_100": 110.36562018597134,
  "A_101": 12.993677480729842,
  "A_102": 150.7636742777478,
  "A_103": 75.47543146720965,
  "A_104": 228.0110268334352,
  "A_105": 47.79105098613384,
  "A_106": 99.45780943077771,
  "A_107": 185.1526030390733,
  "A_108": 93.23662659620938,
  "A_109": 61.153300116982834,
  "A_110": 32.46979264110055,
  "A_111": 62.5285637170183,
  "A_112": 101.8535125901816,
  "A_113": 11.940112968421968,
  "A_114": 44.11967271381327,
  "A_115": 104.93172047039256,
  "A_116": 2.4152564320798326,
  "A_117": 12.603064416553101,
  "A_118": 9.66102572831933,
  "A_119": 35.02968799895165,
  "A_120": 55.49721440257161,
  "A_121": 0.0,
  "A_122": 45.889872209516824,
  "A_123": 53.662423761910254,
  "A_124": 29.531988819763818,
  "A_125": 0.0,
  "A_126": 33.67742085714046,
  "A_127": 57.44360698065909,
  "A_128": 43.83715556966126,
  "A_129": 7.636382360416238,
  "A_130": 103.80234304416827,
  "A_131": 213.4122342677627,
  "A_132": 58.94907074662994,
  "A_133": 46.665154444569716,
  "A_134": 196.3352780187148,
  "A_135": 65.54807408008962,
  "A_136": 3.5088448347944396,
  "A_137": 8.453397512279414,
  "A_138": 19.256505267514164,
  "A_139": 76.49074394736743,
  "A_140": 3.622884648119749,
  "A_141": 1.2076282160399163,
  "A_142": 31.262164425060625,
  "A_143": 0.0,
  "A_144": 0.0,
  "A_145": 7.245769296239498,
  "A_146": 107.36487141422725,
  "A_147": 21.583244184986448,
  "A_148": 0.0,
  "A_149": 70.04243653031514,
  "A_150": 33.38718796143122,
  "A_151": 10.754614131033938,
  "A_152": 15.699166808518912,
  "A_153": 21.601138696741298,
  "A_154": 115.81826892650665,
  "A_155": 0.0,
  "A_156": 0.0,
  "A_157": 54.34326972179624,
  "A_158": 72.18535457844058,
  "A_159": 0.0,
  "A_160": 6.428754144376322,
  "A_161": 128.61785881309774,
  "A_162": 22.246195633117583,
  "A_163": 25.36019253683824,
  "A_164": 61.53619742960236,
  "A_165": 53.71515225300811,
  "A_166": 100.62798986238683,
  "A_167": 13.147741184461884,
  "A_168": 134.69335971313382,
  "A_169": 61.215365421447146,
  "A_170": 135.82783908582752,
  "A_171": 84.92458818697088,
  "A_172": 78.22773052553721,
  "A_173": 68.83480831427522,
  "A_174": 69.40828720363213,
  "A_175": 63.98640093836072,
  "A_176": 58.10655842879022,
  "A_177": 23.74405674486674,
  "A_178": 59.41456681329764,
  "A_179": 125.5933344681513,
  "A_180": 59.29728487635382,
  "A_181": 36.11480666787218,
  "A_182": 60.635854674195365,
  "A_183": 38.89854678547687,
  "A_184": 75.96653779718942,
  "A_185": 71.91301619448619,
  "A_186": 92.17966916383565,
  "A_187": 64.07312146197042,
  "A_188": 80.63875209072,
  "A_189": 70.99985574105256,
  "A_190": 125.5575454446416,
  "A_191": 91.59412655868894,
  "A_192": 76.39961262767207,
  "A_193": 101.26881193186608,
  "A_194": 113.15869711694248,
  "A_195": 224.31412626239688,
  "A_196": 134.95392340782254,
  "A_197": 55.34323866343387,
  "A_198": 45.954463354474626,
  "A_199": 116.73142937994031,
  "A_200": 21.996979371093616,
  "A_201": 33.67742085714046,
  "A_202": 75.09160424316467,
  "A_203": 26.20357193425034,
  "A_204": 31.26216442506063,
  "A_205": 112.70003715588896,
  "A_206": 93.92266246715909,
  "A_207": 5.787932074897077,
  "A_208": 31.262164425060625,
  "A_209": 108.57249963026716,
  "A_210": 37.322434883912095,
  "A_211": 1.2076282160399163,
  "A_212": 78.59621421106206,
  "A_213": 91.9626102442138,
  "A_214": 121.916766284767,
  "A_215": 154.9133411820215,
  "A_216": 42.112923857665024,
  "A_217": 116.68377770257064,
  "A_218": 21.737307888718494,
  "A_219": 59.0376133939787,
  "A_220": 12.076282160399163,
  "A_221": 43.0661082015054,
  "A_222": 67.49101090625811,
  "A_223": 28.869037371632686,
  "A_224": 8.181059128325023,
  "A_225": 59.0376133939787,
  "A_226": 79.70346225863447,
  "A_227": 46.007996093291815,
  "A_228": 11.940112968421968,
  "A_229": 74.57512641091452,
  "A_230": 90.57211620299374,
  "A_231": 34.072268788214245,
  "A_232": 38.626208401522476,
  "A_233": 97.81788549923321,
  "A_234": 99.02551371527314,
  "A_235": 33.76678031857917,
  "A_236": 59.58652502878453,
  "A_237": 168.21514607021544,
  "A_238": 223.49538951775952,
  "A_239": 121.1328760858433,
  "A_240": 35.0475825107065,
  "A_241": 82.1459248830944,
  "A_242": 105.84488092382621,
  "A_243": 151.37622201334474,
  "A_244": 172.50669986509584,
  "A_245": 233.0473642818874
}