{
  "A_1": 204.0193246228713,
  "A_2": 184.01393906496497,
  "A_3": 187.07500641565792,
  "A_4": 121.83428062805436,
  "A_5": 132.68504006065876,
  "A_6": 158.97373658945077,
  "A_7": 135.11819100449344,
  "A_8": 89.22831879497662,
  "A_9": 29.940496395695405,
  "A_10": 92.98737263507357,
  "A_11": 86.81306236289677,
  "A_12": 98.91147390194783,
  "A_13": 123.7564829427092,
  "A_14": 76.85421365101716,
  "A_15": 69.69852009934137,
  "A_16": 86.94923155487398,
  "A_17": 67.41943285923874,
  "A_18": 81.65652757951818,
  "A_19": 97.81788549923321,
  "A_20": 77.28820582655464,
  "A_21": 112.30942409171222,
  "A_22": 95.79324213133013,
  "A_23": 185.2921902838576,
  "A_24": 96.47408809121612,
  "A_25": 83.86403677260142,
  "A_26": 88.1210707474042,
  "A_27": 196.58972189091435,
  "A_28": 150.10072282961664,
  "A_29": 176.07363903124048,
  "A_30": 146.9797390238344
}