{
  "A_1": 50.25434865307238,
  "A_2": 7.245769296239498,
  "A_3": 0.0,
  "A_4": 1.2076282160399163,
  "A_5": 3.622884648119749,
  "A_6": 16.071885360940808,
  "A_7": 5.493464312290798,
  "A_8": 112.37401523667002,
  "A_9": 31.639117844379562,
  "A_10": 85.5083338011197,
  "A_11": 43.47461577743699,
  "A_12": 0.0,
  "A_13": 138.14619623410005,
  "A_14": 63.66638574429547,
  "A_15": 0.0,
  "A_16": 58.42135857905053,
  "A_17": 98.62545074039441,
  "A_18": 34.050139409562355,
  "A_19": 1.2076282160399163,
  "A_20": 47.98956194272887,
  "A_21": 124.49699403027215,
  "A_22": 62.74298369881111,
  "A_23": 68.49089188330144,
  "A_24": 20.920292736855316,
  "A_25": 100.64916419687205,
  "A_26": 18.37310197969533,
  "A_27": 45.889872209516824,
  "A_28": 35.60072901240936,
  "A_29": 69.05691891488405,
  "A_30": 123.37464120522131,
  "A_31": 8.638060328457424,
  "A_32": 102.25079839715457,
  "A_33": 63.950611914851024,
  "A_34": 28.965182673203145,
  "A_35": 71.64067781053181,
  "A_36": 46.755380985580814,
  "A_37": 66.19570712244182,
  "A_38": 64.03309757156367,
  "A_39": 1.2076282160399163,
  "A_40": 69.95296397154092,
  "A_41": 81.01570551003894,
  "A_42": 58.338872922337885,
  "A_43": 156.0146202035521,
  "A_44": 8.707841384478959,
  "A_45": 123.30224634411198,
  "A_46": 17.886343613948128,
  "A_47": 0.0,
  "A_48": 0.0,
  "A_49": 0.0,
  "A_50": 0.0,
  "A_51": 0.0,
  "A_52": 17.143344385003527,
  "A_53": 74.21423281324073,
  "A_54": 90.77643282281262,
  "A_55": 37.16413631328301,
  "A_56": 0.0,
  "A_57": 119.24007907842606,
  "A_58": 113.91857298162215,
  "A_59": 3.622884648119749,
  "A_60": 44.69071372727098,
  "A_61": 25.132112910187622,
  "A_62": 0.0,
  "A_63": 18.114423240598747,
  "A_64": 81.3126111485444,
  "A_65": 0.0,
  "A_66": 0.0,
  "A_67": 130.29357176815193,
  "A_68": 54.52538156473953,
  "A_69": 9.66102572831933,
  "A_70": 13.928967312815365,
  "A_71": 53.86318409884527,
  "A_72": 148.68285923319854,
  "A_73": 34.88504907318037,
  "A_74": 18.114423240598747,
  "A_75": 1.0714590240627204,
  "A_76": 0.0,
  "A_77": 1.2076282160399163,
  "A_78": 0.0,
  "A_79": 7.720778105462278,
  "A_80": 3.622884648119749,
  "A_81": 0.0,
  "A_82": 0.0,
  "A_83": 6.473012901680097,
  "A_84": 0.0,
  "A_85": 0.0,
  "A_86": 0.0,
  "A_87": 32.81698889480467,
  "A_88": 16.071885360940808,
  "A_89": 59.93711420255454,
  "A_90": 51.233507684972615,
  "A_91": 7.500213168439043,
  "A_92": 112.12218516955828,
  "A_93": 35.696874313979826,
  "A_94": 48.30512864159665,
  "A_95": 198.91306788832077,
  "A_96": 12.857508288752644,
  "A_97": 112.60293681015182,
  "A_98": 118.68371558584593,
  "A_99": 66.46804550639621,
  "A_100": 13.600582915920933,
  "A_101": 109.01329021230704,
  "A_102": 38.31808099405839,
  "A_103": 81.45490016301079,
  "A_104": 71.64395763326216,
  "A_105": 9.66102572831933,
  "A_106": 52.99947231377912,
  "A_107": 0.0,
  "A_108": 62.914941914298005,
  "A_109": 15.408933912809674,
  "A_110": 69.53343568858054,
  "A_111": 32.29783442561366,
  "A_112": 85.08955950039619,
  "A_113": 11.985213672556906,
  "A_114": 0.0,
  "A_115": 1.2076282160399163,
  "A_116": 124.5422706635957,
  "A_117": 71.64998949115704,
  "A_118": 18.350972601043445,
  "A_119": 40.945319532031846,
  "A_120": 88.33123072955874,
  "A_121": 80.48468838698795,
  "A_122": 1.2076282160399163,
  "A_123": 46.108527058206676,
  "A_124": 0.0,
  "A_125": 0.0,
  "A_126": 10.935884027146072,
  "A_127": 88.32183108433921,
  "A_128": 4.830512864159665,
  "A_129": 46.46938295676861,
  "A_130": 33.81359004911766,
  "A_131": 15.699166808518912,
  "A_132": 2.142918048125441,
  "A_133": 60.42810743519878,
  "A_134": 72.69424232283967,
  "A_135": 150.0579469040454,
  "A_136": 19.304156944883815,
  "A_137": 27.603490753431185,
  "A_138": 22.808766912781213,
  "A_139": 77.1528785814086,
  "A_140": 37.648532201354726,
  "A_141": 10.714590240627205,
  "A_142": 53.20023265071413,
  "A_143": 38.35047709750221,
  "A_144": 1.2076282160399163,
  "A_145": 0.0,
  "A_146": 58.375503892678736,
  "A_147": 5.493464312290798,
  "A_148": 145.69809488487596,
  "A_149": 106.88055092437924,
  "A_150": 139.14869101623117,
  "A_151": 26.686095433100512,
  "A_152": 3.622884648119749,
  "A_153": 0.0,
  "A_154": 0.0,
  "A_155": 0.0,
  "A_156": 62.67665839470853,
  "A_157": 9.432946101668712,
  "A_158": 146.5212047264871,
  "A_159": 152.23842583393716,
  "A_160": 86.97220288035702,
  "A_161": 45.09582838313669,
  "A_162": 0.0,
  "A_163": 5.76580269624519,
  "A_164": 1.0714590240627204,
  "A_165": 0.0,
  "A_166": 0.0,
  "A_167": 1.2076282160399163,
  "A_168": 2.4152564320798326,
  "A_169": 0.0,
  "A_170": 0.0,
  "A_171": 10.8507594326044,
  "A_172": 155.81887384849222,
  "A_173": 103.83813206767796,
  "A_174": 14.201305696769758,
  "A_175": 88.84861334049315,
  "A_176": 60.13033471712094,
  "A_177": 3.280765208143822,
  "A_178": 63.50132646627585,
  "A_179": 89.13383225432725,
  "A_180": 2.4152564320798326,
  "A_181": 0.0,
  "A_182": 21.737307888718494,
  "A_183": 16.09401473959269,
  "A_184": 1.2076282160399163,
  "A_185": 39.67977291383035,
  "A_186": 144.8838066354361,
  "A_187": 114.15689420032348
}