{
  "A_1": 209.4460992063117,
  "A_2": 186.42380452405126,
  "A_3": 190.86465936820088,
  "A_4": 161.07321269436238,
  "A_5": 70.52400498499863,
  "A_6": 85.60543414685685,
  "A_7": 119.11914032763346,
  "A_8": 133.29523788495084,
  "A_9": 110.27779382174755,
  "A_10": 103.85602657943281,
  "A_11": 109.21332169974642,
  "A_12": 55.77378765342304,
  "A_13": 52.97215302406351,
  "A_14": 97.81788549923321,
  "A_15": 104.82858826676052,
  "A_16": 85.1168536573706,
  "A_17": 103.31134981152401,
  "A_18": 101.26881193186608,
  "A_19": 160.0340869418904,
  "A_20": 71.18196758399586,
  "A_21": 136.51959265540677,
  "A_22": 170.9782396409007,
  "A_23": 109.69065528753285,
  "A_24": 107.41409388792371,
  "A_25": 183.15687488995385,
  "A_26": 133.91479765535055,
  "A_27": 134.90101898753608,
  "A_28": 117.90326857247052,
  "A_29": 136.64908910458774,
  "A_30": 155.03930648105984,
  "A_31": 201.41684183500814,
  "A_32": 146.24456864378257,
  "A_33": 83.41306743036392,
  "A_34": 83.38838707847732,
  "A_35": 56.513507059637305,
  "A_36": 6.038141080199582,
  "A_37": 141.47864692458072,
  "A_38": 14.491538592478996,
  "A_39": 38.98103244218952,
  "A_40": 107.44817388502986,
  "A_41": 21.623268075393185,
  "A_42": 37.15987631364476,
  "A_43": 113.66082415395104,
  "A_44": 48.13740529300681,
  "A_45": 17.415682768957918,
  "A_46": 73.4797033180902,
  "A_47": 36.75562873735143,
  "A_48": 129.43832971687988,
  "A_49": 39.50961168934131,
  "A_50": 66.48414302715321,
  "A_51": 35.63048617802417,
  "A_52": 0.0,
  "A_53": 2.4152564320798326,
  "A_54": 165.87478520699722,
  "A_55": 8.707841384478959,
  "A_56": 18.350972601043445,
  "A_57": 68.37685206997614,
  "A_58": 33.25101876945402,
  "A_59": 63.578735309260296,
  "A_60": 55.09473868453492,
  "A_61": 57.37382592463755,
  "A_62": 65.68693247537827,
  "A_63": 0.0,
  "A_64": 117.11183855117821,
  "A_65": 62.84336386727862,
  "A_66": 5.515593690942684,
  "A_67": 42.74008628228647,
  "A_68": 72.35032589186591,
  "A_69": 165.38370400975867,
  "A_70": 198.1955909580939,
  "A_71": 53.52625456993306,
  "A_72": 169.29937252682237,
  "A_73": 13.402185056661429,
  "A_74": 50.86078913255072,
  "A_75": 78.32895264083588,
  "A_76": 66.58208531972153,
  "A_77": 42.07713483415534,
  "A_78": 45.88987220951682,
  "A_79": 121.054713260622,
  "A_80": 48.19108882827134,
  "A_81": 0.0,
  "A_82": 155.34401583571685,
  "A_83": 95.15242006185088,
  "A_84": 1.2076282160399163,
  "A_85": 95.43827986058635,
  "A_86": 86.21470205972346,
  "A_87": 62.61621415205346,
  "A_88": 70.97772636240067,
  "A_89": 56.12193895129386,
  "A_90": 54.34326972179623,
  "A_91": 7.500213168439043,
  "A_92": 144.59281975749,
  "A_93": 127.54805854995612,
  "A_94": 79.53150404314759,
  "A_95": 103.88563294860026,
  "A_96": 206.3363874349705
}