{
  "A_1": 220.73714656613137,
  "A_2": 188.30482684220283,
  "A_3": 206.81755376579432,
  "A_4": 117.66671921202581,
  "A_5": 146.76807107720614,
  "A_6": 101.25091742011122,
  "A_7": 127.7183580045219,
  "A_8": 181.2625070862098,
  "A_9": 55.827471188687575,
  "A_10": 95.24856536342135,
  "A_11": 138.58701194888116,
  "A_12": 132.0041941007728,
  "A_13": 151.97542426334925,
  "A_14": 68.89939945923304,
  "A_15": 173.94440576071406,
  "A_16": 48.86251001019656,
  "A_17": 104.26876902226144,
  "A_18": 41.49675700733117,
  "A_19": 9.252518152387744,
  "A_20": 158.15672143758758,
  "A_21": 0.0,
  "A_22": 4.422005288228077,
  "A_23": 16.90679502455883,
  "A_24": 6.587052715005405,
  "A_25": 66.05104306392933,
  "A_26": 12.6030644165531,
  "A_27": 66.1198942085254,
  "A_28": 115.94498820778188,
  "A_29": 48.523783490286505,
  "A_30": 76.70774003513617,
  "A_31": 74.94780726422455,
  "A_32": 11.259267008535987,
  "A_33": 90.55422169123888,
  "A_34": 36.80835722844928,
  "A_35": 54.13552248279965,
  "A_36": 44.35622207425797,
  "A_37": 51.42843722594256,
  "A_38": 83.97468366586087,
  "A_39": 9.546985914994021,
  "A_40": 85.50068088141559,
  "A_41": 1.2076282160399163,
  "A_42": 98.29521908701967,
  "A_43": 0.0,
  "A_44": 71.25427448051089,
  "A_45": 9.77930040854168,
  "A_46": 67.9701414850424,
  "A_47": 28.9472881614483,
  "A_48": 61.589039018035734,
  "A_49": 9.643131216564484,
  "A_50": 62.79147732301192,
  "A_51": 94.02304263562658,
  "A_52": 56.288707255717014,
  "A_53": 48.963820090089534,
  "A_54": 0.0,
  "A_55": 31.39833361703782,
  "A_56": 2.4152564320798326,
  "A_57": 1.2076282160399163,
  "A_58": 51.53644518137297,
  "A_59": 0.0,
  "A_60": 32.29783442561366,
  "A_61": 67.72756026670282,
  "A_62": 20.689662136969986,
  "A_63": 0.0,
  "A_64": 55.550897937836154,
  "A_65": 0.0,
  "A_66": 37.38966496669892,
  "A_67": 0.0,
  "A_68": 54.389966354999196,
  "A_69": 119.1933824452231,
  "A_70": 31.362544593528135,
  "A_71": 134.72059103825512,
  "A_72": 90.51843266772919,
  "A_73": 12.076282160399163,
  "A_74": 23.18148546520311,
  "A_75": 0.0,
  "A_76": 38.99892695394437,
  "A_77": 0.0,
  "A_78": 14.491538592478996,
  "A_79": 0.0,
  "A_80": 32.512342372000774,
  "A_81": 168.90194848977265,
  "A_82": 43.3026575619501,
  "A_83": 0.0,
  "A_84": 19.32205145663866,
  "A_85": 16.23018393156989,
  "A_86": 6.038141080199582,
  "A_87": 44.93752981250761,
  "A_88": 82.2412282378337,
  "A_89": 1.2076282160399163,
  "A_90": 66.60241770737555,
  "A_91": 144.2386366017243,
  "A_92": 40.37851338547118,
  "A_93": 59.418801680194676,
  "A_94": 12.993677480729842,
  "A_95": 34.907178451832266,
  "A_96": 0.0,
  "A_97": 92.84523441705456,
  "A_98": 3.350546264165357,
  "A_99": 71.0065284838488,
  "A_100": 60.05199596271101,
  "A_101": 52.79172507478253,
  "A_102": 78.657412435954,
  "A_103": 55.26066504212692,
  "A_104": 72.20748395709248,
  "A_105": 2.1650474267773276,
  "A_106": 59.83673403408704,
  "A_107": 10.051638792496071,
  "A_108": 91.067344302535,
  "A_109": 60.62219502933756,
  "A_110": 75.17069697981145,
  "A_111": 8.707841384478959,
  "A_112": 74.75890958114948,
  "A_113": 139.28738604870185,
  "A_114": 4.830512864159665,
  "A_115": 53.86498108984311,
  "A_116": 6.038141080199582,
  "A_117": 98.24414935684293,
  "A_118": 42.757980794041316,
  "A_119": 119.83258345289312,
  "A_120": 95.99400246826514,
  "A_121": 52.54151606948003,
  "A_122": 87.49304124321037,
  "A_123": 51.51950571378482,
  "A_124": 0.0,
  "A_125": 38.09942614536854,
  "A_126": 3.5088448347944396,
  "A_127": 8.453397512279414,
  "A_128": 1.2076282160399163,
  "A_129": 37.518960353950064,
  "A_130": 0.0,
  "A_131": 58.865655178491814,
  "A_132": 42.62181160206412,
  "A_133": 109.6864204206358,
  "A_134": 34.74887988120318,
  "A_135": 14.153654019400108,
  "A_136": 7.772551552393435,
  "A_137": 25.132112910187626,
  "A_138": 40.962258999620005,
  "A_139": 30.19070540099791,
  "A_140": 67.70203796798505,
  "A_141": 2.279087240102637,
  "A_142": 122.46744977782947,
  "A_143": 55.905721978503195,
  "A_144": 47.38254341020225,
  "A_145": 32.57017280956805,
  "A_146": 50.94930664715827,
  "A_147": 2.279087240102637,
  "A_148": 0.0,
  "A_149": 45.889872209516824,
  "A_150": 0.0,
  "A_151": 37.4364746972374,
  "A_152": 0.0,
  "A_153": 69.90029831229616,
  "A_154": 7.908720744370631,
  "A_155": 36.60156503361938,
  "A_156": 15.000426336878085,
  "A_157": 80.97057967316279,
  "A_158": 146.64280949492223,
  "A_159": 58.475884061146246,
  "A_160": 114.52963788548658,
  "A_161": 31.34465008177328,
  "A_162": 73.87455124916397,
  "A_163": 74.8729493944748,
  "A_164": 108.57067750652809,
  "A_165": 10.754614131033938,
  "A_166": 38.64410291327732,
  "A_167": 2.4152564320798326,
  "A_168": 29.51154333477426,
  "A_169": 0.0,
  "A_170": 45.4276810983207,
  "A_171": 1.0714590240627204,
  "A_172": 78.83613135883142,
  "A_173": 45.3869032256771,
  "A_174": 91.3523872871805,
  "A_175": 21.328800312786903,
  "A_176": 46.50940684717534,
  "A_177": 0.0,
  "A_178": 1.2076282160399163,
  "A_179": 10.8507594326044,
  "A_180": 0.0,
  "A_181": 9.38868734436494,
  "A_182": 0.0,
  "A_183": 22.500639505317128,
  "A_184": 21.31090580103206,
  "A_185": 72.27207510205028,
  "A_186": 31.925115873191757,
  "A_187": 91.38562533745551,
  "A_188": 140.9816218340416,
  "A_189": 56.56951537346549,
  "A_190": 126.35571104058324,
  "A_191": 52.57730509298973,
  "A_192": 110.30595505829433,
  "A_193": 32.54465051085028,
  "A_194": 61.47499920471042,
  "A_195": 138.6548829165693,
  "A_196": 113.63437194380779,
  "A_197": 103.00322240405993,
  "A_198": 22.580687286130594,
  "A_199": 64.78456653430236,
  "A_200": 28.983077184957992,
  "A_201": 93.10564731529591,
  "A_202": 30.308980081220255,
  "A_203": 91.3754717099991,
  "A_204": 13.16987056311377,
  "A_205": 39.697667425585195,
  "A_206": 0.0,
  "A_207": 66.92843962659448,
  "A_208": 1.0714590240627204,
  "A_209": 16.752731320826786,
  "A_210": 110.0022384469159,
  "A_211": 81.91181339854889,
  "A_212": 42.46096205820032,
  "A_213": 83.4462803478977,
  "A_214": 0.0,
  "A_215": 0.0,
  "A_216": 0.0,
  "A_217": 62.58891999507907,
  "A_218": 0.0,
  "A_219": 37.26451648175052,
  "A_220": 39.54021080178728,
  "A_221": 97.65863188443745,
  "A_222": 40.737572293035264,
  "A_223": 51.60199137049747,
  "A_224": 37.6730240576821,
  "A_225": 119.93722362099885,
  "A_226": 47.05831848198117,
  "A_227": 45.59708834057287,
  "A_228": 15.408933912809674,
  "A_229": 13.28391037643908,
  "A_230": 1.2076282160399163,
  "A_231": 44.00139803359093,
  "A_232": 34.09863303376317,
  "A_233": 65.72081141055457,
  "A_234": 15.54510310478687,
  "A_235": 95.09354661552263,
  "A_236": 167.35990401894338,
  "A_237": 84.85385208678267,
  "A_238": 60.363516290240966,
  "A_239": 7.772551552393435,
  "A_240": 118.20362996289495,
  "A_241": 13.351140459225904,
  "A_242": 10.187807984473267,
  "A_243": 0.0,
  "A_244": 12.076282160399163,
  "A_245": 26.919251873479332,
  "A_246": 8.453397512279414,
  "A_247": 18.232697920821096,
  "A_248": 58.920155527846305,
  "A_249": 139.90769980133848,
  "A_250": 66.50287948573921,
  "A_251": 83.0003249875353,
  "A_252": 82.44378556576656,
  "A_253": 8.453397512279414,
  "A_254": 38.64410291327732,
  "A_255": 8.571672192501763,
  "A_256": 102.66870561830571,
  "A_257": 75.31287289694232,
  "A_258": 71.75376257969043,
  "A_259": 19.32205145663866,
  "A_260": 54.37810370113924,
  "A_261": 22.77297788927152,
  "A_262": 28.869037371632686,
  "A_263": 68.39135366166511,
  "A_264": 0.0,
  "A_265": 25.769542059600997,
  "A_266": 103.72313721018597,
  "A_267": 83.12283453465469,
  "A_268": 67.98284608573353,
  "A_269": 39.851731129317244,
  "A_270": 59.915826770733815,
  "A_271": 0.0,
  "A_272": 22.40025933684963,
  "A_273": 5.629633504267994,
  "A_274": 36.719839713841736,
  "A_275": 3.622884648119749,
  "A_276": 33.91397021758516,
  "A_277": 48.78246222938309,
  "A_278": 13.28391037643908,
  "A_279": 148.4692811982369,
  "A_280": 55.8699329549935,
  "A_281": 42.0210134229916,