{
  "A_1": 143.22402783832092,
  "A_2": 141.19705969185418,
  "A_3": 58.831663145979974,
  "A_4": 51.348502542464615,
  "A_5": 17.437812147609804,
  "A_6": 39.42956390852784,
  "A_7": 124.06296415562278,
  "A_8": 210.64710494503782,
  "A_9": 69.46197073889667,
  "A_10": 221.2290445774599,
  "A_11": 167.67195213403915,
  "A_12": 80.6957154487149,
  "A_13": 151.0427482363515,
  "A_14": 42.27545729519115,
  "A_15": 120.6793809031123,
  "A_16": 172.71969984700922,
  "A_17": 70.92404282713613,
  "A_18": 101.11135530806817,
  "A_19": 168.4185830440913,
  "A_20": 116.23101136933528,
  "A_21": 47.941721769800004,
  "A_22": 136.3725158537363,
  "A_23": 12.625193795204986,
  "A_24": 160.54643043820846,
  "A_25": 125.50558350215124,
  "A_26": 79.56729306665727,
  "A_27": 82.78167013884543,
  "A_28": 39.99213518819148,
  "A_29": 72.45769296239497,
  "A_30": 63.25187144321019,
  "A_31": 54.89218135660206,
  "A_32": 121.51249357573246,
  "A_33": 106.79806526766657,
  "A_34": 44.6822439934769,
  "A_35": 98.90025213298921,
  "A_36": 66.60505664520457,
  "A_37": 76.443117402739,
  "A_38": 75.09073716359228,
  "A_39": 78.74517596832469,
  "A_40": 111.57994627754869,
  "A_41": 95.73955859606559,
  "A_42": 137.22532002910918,
  "A_43": 52.96368329026943,
  "A_44": 56.48618776992168,
  "A_45": 103.84320888140616,
  "A_46": 36.889246956093906,
  "A_47": 81.01147064314189,
  "A_48": 32.60596183307774,
  "A_49": 36.62369441227127,
  "A_50": 55.41472874585895,
  "A_51": 104.98444896149041,
  "A_52": 41.58443257510755,
  "A_53": 81.91520631861476,
  "A_54": 137.9995592554011,
  "A_55": 111.75776042174186,
  "A_56": 90.85536219664138,
  "A_57": 30.190705400997906,
  "A_58": 146.77398983776555,
  "A_59": 80.93151082692273,
  "A_60": 102.86789515891391,
  "A_61": 36.22884648119749,
  "A_62": 68.92999857167901,
  "A_63": 35.902824561978555,
  "A_64": 25.36019253683824,
  "A_65": 115.86926325845977,
  "A_66": 57.96096445885226,
  "A_67": 80.81747101359741,
  "A_68": 61.24172966699608,
  "A_69": 2.4152564320798326,
  "A_70": 51.05731460258868,
  "A_71": 35.23987311384742,
  "A_72": 38.626208401522476,
  "A_73": 97.74630745221384,
  "A_74": 72.24994572339841,
  "A_75": 18.895649368952228,
  "A_76": 89.902177852801,
  "A_77": 70.67044090176776,
  "A_78": 73.6653211784349,
  "A_79": 135.741960509049,
  "A_80": 22.94493610475841,
  "A_81": 84.58490662289415,
  "A_82": 145.28535244204733,
  "A_83": 71.94785017382921,
  "A_84": 11.53160539249038,
  "A_85": 102.88494772383758,
  "A_86": 56.74486650901826,
  "A_87": 70.84155717042347,
  "A_88": 183.82812014269044,
  "A_89": 104.3010268956285,
  "A_90": 26.123524153436875,
  "A_91": 12.330726032598708,
  "A_92": 120.06576502601315,
  "A_93": 85.74160333883405,
  "A_94": 58.41373079208762,
  "A_95": 26.141418665191722,
  "A_96": 178.61462200131697,
  "A_97": 35.16162232403181,
  "A_98": 165.13502810167108,
  "A_99": 50.10592724974617,
  "A_100": 45.53916993841129,
  "A_101": 127.22902353279876,
  "A_102": 52.872614802427165,
  "A_103": 98.15055502850717,
  "A_104": 55.247005397269106,
  "A_105": 107.27116398855597,
  "A_106": 37.43647469723741,
  "A_107": 33.14121382302575,
  "A_108": 66.4195518821954,
  "A_109": 123.77545816233689,
  "A_110": 41.66862725822375,
  "A_111": 68.47479436254446,
  "A_112": 154.898726492997,
  "A_113": 36.64158892402612,
  "A_114": 51.44792766676542,
  "A_115": 103.09858859065233,
  "A_116": 98.77530470997064,
  "A_117": 89.2504481736285,
  "A_118": 103.59813952168496,
  "A_119": 36.22884648119749,
  "A_120": 135.0858326001615,
  "A_121": 80.16290133466607,
  "A_122": 7.245769296239498,
  "A_123": 90.4468546207098,
  "A_124": 121.41878615006118,
  "A_125": 56.0418911704804,
  "A_126": 29.57369660383288,
  "A_127": 95.59912940445015,
  "A_128": 59.92345455769673,
  "A_129": 50.58421588169929,
  "A_130": 43.71212018204838,
  "A_131": 107.01669498361521,
  "A_132": 53.13564150575632,
  "A_133": 0.0,
  "A_134": 44.7826241619444,
  "A_135": 110.70419590943399,
  "A_136": 80.24811389380204,
  "A_137": 25.360192536838245,
  "A_138": 46.961331233579536,
  "A_139": 80.89319596291953,
  "A_140": 16.90679502455883,
  "A_141": 51.587577743402804,
  "A_142": 92.04509590092647,
  "A_143": 14.263458965828377,
  "A_144": 49.358693153904525,
  "A_145": 104.51199112550236,
  "A_146": 119.51940436444204,
  "A_147": 173.12115768902615,
  "A_148": 119.11089678851044,
  "A_149": 32.416109105836,
  "A_150": 68.15396235438925,
  "A_151": 157.97693437320797,
  "A_152": 143.3926433992244,
  "A_153": 60.70044581915318,
  "A_154": 59.80094501057734,
  "A_155": 76.55791119830116,
  "A_156": 55.550897937836154,
  "A_157": 9.66102572831933,
  "A_158": 99.97171115705194,
  "A_159": 36.891797929328625,
  "A_160": 2.1871768054292144,
  "A_161": 96.76768877425002,
  "A_162": 113.01237429750887,
  "A_163": 11.145227195210678,
  "A_164": 112.16302587405497,
  "A_165": 71.11389555437786,
  "A_166": 88.81981121904504,
  "A_167": 0.0,
  "A_168": 98.44670668477578,
  "A_169": 182.83685969588856,
  "A_170": 24.679346576952263,
  "A_171": 82.93901366530784,
  "A_172": 16.094014739592694,
  "A_173": 55.497214402571615,
  "A_174": 65.72081141055457,
  "A_175": 17.279513576980726,
  "A_176": 103.00322240405994,
  "A_177": 128.7649356147682,
  "A_178": 28.96941754010018,
  "A_179": 165.6133167336242,
  "A_180": 90.21802101182232,
  "A_181": 24.270839001020676,
  "A_182": 105.6158462530089,
  "A_183": 57.874218802501346,
  "A_184": 44.76472965018956,
  "A_185": 72.03129087470853,
  "A_186": 199.6049345552355,
  "A_187": 237.3125538312189
}