{
  "A_1": 239.4933092212642,
  "A_2": 189.30566286341286,
  "A_3": 182.24275939235355,
  "A_4": 87.54745362797055,
  "A_5": 34.907178451832266,
  "A_6": 45.66263452969737,
  "A_7": 68.72076850094992,
  "A_8": 0.0,
  "A_9": 57.966154369915984,
  "A_10": 112.03708570775784,
  "A_11": 39.851731129317244,
  "A_12": 0.0,
  "A_13": 54.34326972179623,
  "A_14": 57.912470834651444,
  "A_15": 0.0,
  "A_16": 0.0,
  "A_17": 71.25006474635506,
  "A_18": 28.151183450287427,
  "A_19": 49.03446822568345,
  "A_20": 0.0,
  "A_21": 26.159313176946572,
  "A_22": 18.114423240598747,
  "A_23": 0.0,
  "A_24": 10.732484752382051,
  "A_25": 13.28391037643908,
  "A_26": 3.7812209178606757,
  "A_27": 67.58205426135916,
  "A_28": 16.385089582133098,
  "A_29": 0.0,
  "A_30": 24.116775297288633,
  "A_31": 131.58869962277961,
  "A_32": 54.171311506309344,
  "A_33": 3.4867154561425533,
  "A_34": 83.00879472132937,
  "A_35": 9.66102572831933,
  "A_36": 27.775448968918077,
  "A_37": 1.0714590240627204,
  "A_38": 0.0,
  "A_39": 0.0,
  "A_40": 16.90679502455883,
  "A_41": 23.335549168935152,
  "A_42": 6.675570229612952,
  "A_43": 0.0,
  "A_44": 55.55089793783615,
  "A_45": 56.698358371374525,
  "A_46": 0.0,
  "A_47": 19.55860081708336,
  "A_48": 110.69328829974071,
  "A_49": 17.84208485664435,
  "A_50": 20.529679672678576,
  "A_51": 8.317228320302219,
  "A_52": 52.9075618791057,
  "A_53": 72.32152377041778,
  "A_54": 8.453397512279414,
  "A_55": 52.300731842138305,
  "A_56": 118.97472759653324,
  "A_57": 136.1691794108254,
  "A_58": 185.50658513290918,
  "A_59": 161.9242827105905,
  "A_60": 84.92882305386792,
  "A_61": 20.103277584992142,
  "A_62": 56.75852615387607,
  "A_63": 144.34942172506044,
  "A_64": 188.17634826904165,
  "A_65": 25.36019253683824,
  "A_66": 94.70388859551255,
  "A_67": 198.21348546984876,
  "A_68": 104.92322560385726,
  "A_69": 91.50740603507924,
  "A_70": 204.30615203214404,
  "A_71": 8.225317885628796,
  "A_72": 63.45961868220678,
  "A_73": 112.03708570775783,
  "A_74": 56.75852615387607,
  "A_75": 6.038141080199582,
  "A_76": 59.31418664483013,
  "A_77": 70.70538797844628,
  "A_78": 0.0,
  "A_79": 10.868653944359247,
  "A_80": 49.6531609165108,
  "A_81": 4.716473050834356,
  "A_82": 0.0,
  "A_83": 51.928013289716404,
  "A_84": 13.28391037643908,
  "A_85": 18.41396781693323,
  "A_86": 25.22402334486105,
  "A_87": 35.02121826515757,
  "A_88": 44.68224399347691,
  "A_89": 38.64410291327732,
  "A_90": 2.142918048125441,
  "A_91": 15.000426336878085,
  "A_92": 0.0,
  "A_93": 2.142918048125441,
  "A_94": 80.13143514264772,
  "A_95": 84.68105192446461,
  "A_96": 3.622884648119749,
  "A_97": 50.817372322078114,
  "A_98": 21.737307888718494,
  "A_99": 1.0714590240627204,
  "A_100": 2.4152564320798326,
  "A_101": 1.0714590240627204,
  "A_102": 21.539827374513845,
  "A_103": 0.0,
  "A_104": 3.622884648119749,
  "A_105": 23.199379976957957,
  "A_106": 17.143344385003527,
  "A_107": 41.58614160151109,
  "A_108": 11.123097816558792,
  "A_109": 52.04628796993875,
  "A_110": 20.529679672678576,
  "A_111": 22.28621952352432,
  "A_112": 71.27429270889957,
  "A_113": 15.642165751412179,
  "A_114": 53.13564150575632,
  "A_115": 18.114423240598747,
  "A_116": 28.402611393539516,
  "A_117": 44.936687865676454,
  "A_118": 165.6637204461584,
  "A_119": 111.18428153238494,
  "A_120": 88.64785300355814,
  "A_121": 177.46169519656138,
  "A_122": 99.1725905169436,
  "A_123": 196.11740228500298,
  "A_124": 74.1644825519785,
  "A_125": 129.59321023470184,
  "A_126": 86.10150419322932,
  "A_127": 12.076282160399163,
  "A_128": 50.378240500959336,
  "A_129": 62.66049804209845,
  "A_130": 60.38141080199581,
  "A_131": 1.0714590240627204,
  "A_132": 13.28391037643908,
  "A_133": 106.79806526766657,
  "A_134": 65.96873333640526,
  "A_135": 0.0,
  "A_136": 85.33309576290246,
  "A_137": 53.28028043152759,
  "A_138": 0.0,
  "A_139": 22.808766912781216,
  "A_140": 87.77048157363419,
  "A_141": 51.82873896186298,
  "A_142": 10.187807984473269,
  "A_143": 15.699166808518912,
  "A_144": 46.11276192510371,
  "A_145": 95.17698731640196,
  "A_146": 18.214803409066246,
  "A_147": 48.16895944961946,
  "A_148": 92.98737263507356,
  "A_149": 60.20002780854816,
  "A_150": 23.199379976957957,
  "A_151": 175.3068516627229,
  "A_152": 98.27308970836778,
  "A_153": 142.96302432066068,
  "A_154": 140.321422421075,
  "A_155": 35.02121826515757,
  "A_156": 100.81932542136109,
  "A_157": 50.08803273799133,
  "A_158": 8.453397512279414,
  "A_159": 121.46748083619183,
  "A_160": 0.0,
  "A_161": 21.737307888718494,
  "A_162": 88.54747283509063,
  "A_163": 53.13564150575631,
  "A_164": 3.214377072188161,
  "A_165": 56.62235696189887,
  "A_166": 19.32205145663866,
  "A_167": 2.4152564320798326,
  "A_168": 5.924101266874272,
  "A_169": 83.68117094742126,
  "A_170": 39.85173112931724,
  "A_171": 60.33460107145733,
  "A_172": 14.491538592478996,
  "A_173": 59.10220453893651,
  "A_174": 2.279087240102637,
  "A_175": 20.51178516092373,
  "A_176": 49.37658766565937,
  "A_177": 7.245769296239498,
  "A_178": 32.38719388705236,
  "A_179": 127.87239657551272,
  "A_180": 55.00622116992737,
  "A_181": 0.0,
  "A_182": 87.44022478751822,
  "A_183": 201.4533848407547,
  "A_184": 147.31438147329482,
  "A_185": 11.940112968421968,
  "A_186": 51.471854036415166,
  "A_187": 36.32583372959911,
  "A_188": 54.34326972179623,
  "A_189": 28.73455207331781,
  "A_190": 2.4152564320798326,
  "A_191": 12.076282160399163,
  "A_192": 41.05935934535715,
  "A_193": 14.491538592478996,
  "A_194": 0.0,
  "A_195": 1.2076282160399163,
  "A_196": 42.13081836941988,
  "A_197": 59.972903226064226,
  "A_198": 0.0,
  "A_199": 19.185882264661466,
  "A_200": 108.94098331579202,
  "A_201": 45.0549625458988,
  "A_202": 0.0,
  "A_203": 118.87434742806573,
  "A_204": 106.74438173240205,
  "A_205": 103.83813206767796,
  "A_206": 12.857508288752644,
  "A_207": 104.39983626776922,
  "A_208": 45.75370301753962,
  "A_209": 54.59855554082695,
  "A_210": 28.754997558307373,
  "A_211": 60.49968548221817,
  "A_212": 92.25284313992304,
  "A_213": 127.68762066199918,
  "A_214": 24.779726745419765,
  "A_215": 50.97482894587603,
  "A_216": 170.9138244251315,
  "A_217": 124.15762662546075,
  "A_218": 18.616525144866085,
  "A_219": 61.58903901803573,
  "A_220": 51.11099813785322,
  "A_221": 8.928406321502194,
  "A_222": 1.2076282160399163,
  "A_223": 78.49583404259457,
  "A_224": 72.34365314906965,
  "A_225": 0.0,
  "A_226": 2.279087240102637,
  "A_227": 99.02551371527314,
  "A_228": 5.673892261571767,
  "A_229": 1.2076282160399163,
  "A_230": 43.72905964963654,
  "A_231": 74.60061101052042,
  "A_232": 0.0,
  "A_233": 24.679346576952263,
  "A_234": 35.297791516009006,
  "A_235": 8.339357698954105,
  "A_236": 26.56782075287816,
  "A_237": 37.28241099350536,
  "A_238": 70.34357703571766,
  "A_239": 0.0,
  "A_240": 85.0765910059222,
  "A_241": 74.02438008599898,
  "A_242": 76.88135701154418,
  "A_243": 46.96217318041071,
  "A_244": 86.12540543013783,
  "A_245": 50.15018600704994,
  "A_246": 31.921722953125887,
  "A_247": 57.50996998387354,
  "A_248": 0.0,
  "A_249": 41.550352578001394,
  "A_250": 6.038141080199582,
  "A_251": 25.36019253683824,
  "A_252": 25.08785415288385,
  "A_253": 8.453397512279414,
  "A_254": 48.30512864159665,
  "A_255": 4.830512864159665,
  "A_256": 0.0,
  "A_257": 36.61945954537423,
  "A_258": 45.77583239619151,
  "A_259": 0.0,
  "A_260": 7.245769296239498,
  "A_261": 119.168815190672,
  "A_262": 43.47461577743699,
  "A_263": 13.011571992484688,
  "A_264": 43.1664883699729,
  "A_265": 92.62312381644574,
  "A_266": 45.889872209516824,
  "A_267": 8.571672192501763,
  "A_268": 114.53482779655032,
  "A_269": 54.97043214641768,
  "A_270": 151.72541631997655,
  "A_271": 86.91344253136428,
  "A_272": 142.9483467997831,
  "A_273": 126.76517366068153,
  "A_274": 32.19745425714615,
  "A_275": 86.5458007926706,
  "A_276": 158.10139170777262,
  "A_277": 26.005249473214526,
  "A_278": 179.49307413911376,
  "A_279": 44.26007677268751,
  "A_280": 57.73636571686182,