{
  "A_1": 247.77986303089682,
  "A_2": 193.31576765564347,
  "A_3": 147.40973509351656,
  "A_4": 141.98605183724732,
  "A_5": 116.91853007201749,
  "A_6": 82.60971192335856,
  "A_7": 94.06306652603331,
  "A_8": 101.38136891345893,
  "A_9": 220.40016677173674,
  "A_10": 84.85904199784638,
  "A_11": 118.21563084683166,
  "A_12": 129.99744524462452,
  "A_13": 58.76950987692135,
  "A_14": 105.59043705162665,
  "A_15": 84.90669367521605,
  "A_16": 156.9737735734343,
  "A_17": 98.84501036776851,
  "A_18": 204.62685837659302,
  "A_19": 74.81926585921028,
  "A_20": 168.87809751834658,
  "A_21": 111.66161512017139,
  "A_22": 90.17631322775325,
  "A_23": 99.21948821207639,
  "A_24": 73.63460896865341,
  "A_25": 163.9971809416527,
  "A_26": 158.31566089311804,
  "A_27": 81.12635240329837,
  "A_28": 198.7539273708605,
  "A_29": 71.75895249075415,
  "A_30": 26.46225067334693,
  "A_31": 169.7927408035127,
  "A_32": 78.70007526418976,
  "A_33": 68.39898144862804,
  "A_34": 84.11848064480097,
  "A_35": 59.23837373091371,
  "A_36": 144.80300487238577,
  "A_37": 65.32924330221115,
  "A_38": 92.85120344309635,
  "A_39": 74.35547881894612,
  "A_40": 44.44473958886552,
  "A_41": 124.32683280578313,
  "A_42": 41.590376468408124,
  "A_43": 112.7688631677438,
  "A_44": 102.93164435704054,
  "A_45": 44.64645496996721,
  "A_46": 67.72756026670282,
  "A_47": 16.22594906467285,
  "A_48": 135.6576778613385,
  "A_49": 42.92483706305879,
  "A_50": 144.19535802132842,
  "A_51": 58.338872922337885,
  "A_52": 12.466895224575904,
  "A_53": 20.90239822510047,
  "A_54": 51.928013289716404,
  "A_55": 0.0,
  "A_56": 70.1607112105375,
  "A_57": 10.868653944359247,
  "A_58": 6.564923336353519,
  "A_59": 53.490465546423366,
  "A_60": 52.38291590595621,
  "A_61": 34.55902715396145,
  "A_62": 46.14431608171636,
  "A_63": 75.31025909185452,
  "A_64": 54.91938754898215,
  "A_65": 175.50665695549117,
  "A_66": 56.53465626138127,
  "A_67": 95.24854023068013,
  "A_68": 115.2616164074024,
  "A_69": 68.71990142137753,
  "A_70": 111.79111156935238,
  "A_71": 28.811118969471103,
  "A_72": 7.636382360416238,
  "A_73": 19.576495328838206,
  "A_74": 12.739233608530297,
  "A_75": 60.34562177848613,
  "A_76": 74.60061101052042,
  "A_77": 47.82504301864567,
  "A_78": 17.982488915518587,
  "A_79": 1.2076282160399163,
  "A_80": 77.72307764803517,
  "A_81": 27.331152369476793,
  "A_82": 71.94247176720627,
  "A_83": 53.27010167132997,
  "A_84": 102.42275661264146,
  "A_85": 54.47001413581266,
  "A_86": 33.049303388352335,
  "A_87": 155.64616165076848,
  "A_88": 23.471718360912345,
  "A_89": 13.16987056311377,
  "A_90": 10.754614131033938,
  "A_91": 79.31708406135478,
  "A_92": 12.194556840621512,
  "A_93": 24.223187323651025,
  "A_94": 31.112335588225626,
  "A_95": 2.1650474267773276,
  "A_96": 63.77621582346494,
  "A_97": 8.317228320302219,
  "A_98": 0.0,
  "A_99": 1.0935884027146072,
  "A_100": 8.707841384478959,
  "A_101": 30.40936024968776,
  "A_102": 173.02434636981314,
  "A_103": 133.69582864739536,
  "A_104": 21.218995366358637,
  "A_105": 80.7935446439477,
  "A_106": 35.37264938575875,
  "A_107": 107.64991439887277,
  "A_108": 37.43647469723741,
  "A_109": 26.159313176946572,
  "A_110": 104.47620210199266,
  "A_111": 49.81230143397105,
  "A_112": 80.83611950758913,
  "A_113": 159.55664025676845,
  "A_114": 45.70001948227508,
  "A_115": 24.543177384975067,
  "A_116": 56.28023752192294,
  "A_117": 11.786049264689925,
  "A_118": 0.0,
  "A_119": 8.044889936347825,
  "A_120": 25.246152723512935,
  "A_121": 9.842295624431465,
  "A_122": 52.94840258360238,
  "A_123": 75.94440841853753,
  "A_124": 50.376468642702704,
  "A_125": 34.977801454684965,
  "A_126": 2.3012166187545233,
  "A_127": 83.25476885973484,
  "A_128": 108.63460263384336,
  "A_129": 46.28048527369356,
  "A_130": 164.90532741321124,
  "A_131": 102.17678247423599,
  "A_132": 16.362118256650046,
  "A_133": 19.7126645208154,
  "A_134": 16.208054552918,
  "A_135": 77.67881889073139,
  "A_136": 6.275645484810972,
  "A_137": 114.8429552040144,
  "A_138": 7.772551552393435,
  "A_139": 74.8729493944748,
  "A_140": 3.280765208143822,
  "A_141": 4.307965474902768,
  "A_142": 21.837688057185993,
  "A_143": 0.0,
  "A_144": 0.0,
  "A_145": 6.83726172030791,
  "A_146": 24.116775297288633,
  "A_147": 69.95296397154091,
  "A_148": 8.317228320302219,
  "A_149": 2.4152564320798326,
  "A_150": 111.71877954009611,
  "A_151": 29.392426707720745,
  "A_152": 6.5394010376357565,
  "A_153": 17.143344385003527,
  "A_154": 39.561498233608,
  "A_155": 12.857508288752644,
  "A_156": 39.6618784020755,
  "A_157": 45.545955778543046,
  "A_158": 9.66102572831933,
  "A_159": 10.714590240627205,
  "A_160": 19.870963091444484,
  "A_161": 73.16913803472693,
  "A_162": 5.76580269624519,
  "A_163": 18.114423240598747,
  "A_164": 18.487141793020633,
  "A_165": 9.66102572831933,
  "A_166": 77.51031642716346,
  "A_167": 25.87331514813437,
  "A_168": 0.0,
  "A_169": 54.81827853101901,
  "A_170": 52.75349817537366,
  "A_171": 8.181059128325023,
  "A_172": 78.10945584531486,
  "A_173": 7.8831984456528685,
  "A_174": 41.05935934535715,
  "A_175": 18.52461471019266,
  "A_176": 17.817404504757757,
  "A_177": 93.15837580639376,
  "A_178": 65.0041764271589,
  "A_179": 48.82935992451588,
  "A_180": 95.61870780986732,
  "A_181": 105.77509986780467,
  "A_182": 32.21703266256333,
  "A_183": 61.417080802548845,
  "A_184": 0.0,
  "A_185": 49.37658766565937,
  "A_186": 1.2076282160399163,
  "A_187": 41.60827098016298,
  "A_188": 10.051638792496073,
  "A_189": 75.83036860521223,
  "A_190": 40.68145088187154,
  "A_191": 7.245769296239498,
  "A_192": 133.2952378849508,
  "A_193": 21.737307888718494,
  "A_194": 43.69327062612684,
  "A_195": 24.429137571649758,
  "A_196": 103.83717702351126,
  "A_197": 98.36848102770138,
  "A_198": 26.808604980219897,
  "A_199": 122.12100750636219,
  "A_200": 77.85924684001236,
  "A_201": 115.57989744232289,
  "A_202": 111.16638702063011,
  "A_203": 22.944936104758412,
  "A_204": 155.8622655262236,
  "A_205": 38.766612460396715,
  "A_206": 4.285836096250882,
  "A_207": 123.95078416514843,
  "A_208": 4.558174480205274,
  "A_209": 4.422005288228077,
  "A_210": 74.51113845174618,
  "A_211": 60.32009947976836,
  "A_212": 0.0,
  "A_213": 68.52668090681115,
  "A_214": 14.3553694005018,
  "A_215": 30.190705400997906,
  "A_216": 35.84246828391778,
  "A_217": 10.073768171147957,
  "A_218": 101.22955459006684,
  "A_219": 3.622884648119749,
  "A_220": 10.482275747079546,
  "A_221": 19.71689938771244,
  "A_222": 65.21192366615549,
  "A_223": 22.725326211901873,
  "A_224": 112.7688631677438,
  "A_225": 36.447501329887345,
  "A_226": 105.12824594043055,
  "A_227": 49.37658766565937,
  "A_228": 185.71320139855044,
  "A_229": 40.60404203888708,
  "A_230": 67.51314028491001,
  "A_231": 19.422431625106164,
  "A_232": 101.73607985679041,
  "A_233": 0.0,
  "A_234": 38.60831388976763,
  "A_235": 9.915469600518875,
  "A_236": 76.90182762927495,
  "A_237": 3.350546264165357,
  "A_238": 90.02743943508493,
  "A_239": 8.844010576456155,
  "A_240": 106.01832197104558,
  "A_241": 81.20460319311398,
  "A_242": 21.73730788871849,
  "A_243": 23.31002687021739,
  "A_244": 69.08667608049885,
  "A_245": 2.4152564320798326,
  "A_246": 109.43197654843625,
  "A_247": 13.696652819267708,
  "A_248": 54.18920601806419,
  "A_249": 7.245769296239498,
  "A_250": 78.49583404259457,
  "A_251": 38.50793372130013,
  "A_252": 44.52818028974487,
  "A_253": 39.05684535610595,
  "A_254": 58.54650706399894,
  "A_255": 96.6102572831933,
  "A_256": 1.2076282160399163,
  "A_257": 29.91836701704352,
  "A_258": 8.20318850697691,
  "A_259": 39.57939274536284,
  "A_260": 12.466895224575904,
  "A_261": 71.84068416522996,
  "A_262": 4.488393424183738,
  "A_263": 62.99742757101065,
  "A_264": 24.933790449151807,
  "A_265": 4.488393424183738,
  "A_266": 0.0,
  "A_267": 96.58537586937689,
  "A_268": 22.71685647810779,
  "A_269": 81.67102917120715,
  "A_270": 147.0239977811382,
  "A_271": 48.30512864159665,