{
  "A_1": 152.3952792719456,
  "A_2": 75.0525102641834,
  "A_3": 82.69736235839372,
  "A_4": 27.54736934226746,
  "A_5": 2.4152564320798326,
  "A_6": 14.219200208524605,
  "A_7": 9.524856536342135,
  "A_8": 0.0,
  "A_9": 9.66102572831933,
  "A_10": 23.991714776934533,
  "A_11": 10.868653944359247,
  "A_12": 0.0,
  "A_13": 0.0,
  "A_14": 6.5394010376357565,
  "A_15": 2.5735927018207594,
  "A_16": 16.90679502455883,
  "A_17": 3.622884648119749,
  "A_18": 1.2076282160399163,
  "A_19": 10.986928624581596,
  "A_20": 65.63905460333756,
  "A_21": 19.68459124886293,
  "A_22": 4.558174480205274,
  "A_23": 44.25584190579047,
  "A_24": 83.37304353995718,
  "A_25": 30.190705400997906,
  "A_26": 96.67771356065121,
  "A_27": 64.79822617916017,
  "A_28": 134.55475264525742,
  "A_29": 19.286262433128968,
  "A_30": 82.6139467902556,
  "A_31": 96.75733408486376,
  "A_32": 136.6211289299708,
  "A_33": 119.42993180566779,
  "A_34": 3.622884648119749,
  "A_35": 34.57692166571629,
  "A_36": 120.76282160399164,
  "A_37": 9.546985914994021,
  "A_38": 3.4867154561425533,
  "A_39": 48.44553270047089,
  "A_40": 63.977818107231116,
  "A_41": 0.0,
  "A_42": 8.317228320302219,
  "A_43": 119.71772682547785,
  "A_44": 29.201732033647843,
  "A_45": 1.2076282160399163,
  "A_46": 72.45769296239499,
  "A_47": 26.06740274227315,
  "A_48": 4.716473050834356,
  "A_49": 1.2076282160399163,
  "A_50": 129.41194033858972,
  "A_51": 50.056478581378656,
  "A_52": 0.0,
  "A_53": 4.830512864159665,
  "A_54": 53.218127162468974,
  "A_55": 21.605373563638338,
  "A_56": 2.4152564320798326,
  "A_57": 3.4867154561425533,
  "A_58": 135.52818141215752,
  "A_59": 47.19788059402424,
  "A_60": 55.22487601861722,
  "A_61": 70.76997912340408,
  "A_62": 137.10429331372228,
  "A_63": 60.189007101519366,
  "A_64": 67.01092528330715,
  "A_65": 29.241755924054576,
  "A_66": 73.01327733999703,
  "A_67": 53.95689152451653,
  "A_68": 30.190705400997906,
  "A_69": 4.830512864159665,
  "A_70": 43.33844658545979,
  "A_71": 77.89747373942124,
  "A_72": 19.32205145663866,
  "A_73": 71.84143814746682,
  "A_74": 83.40364265240316,
  "A_75": 130.5880395307582,
  "A_76": 91.60097523067378,
  "A_77": 2.142918048125441,
  "A_78": 14.083031016547409,
  "A_79": 0.0,
  "A_80": 7.245769296239498,
  "A_81": 0.0,
  "A_82": 0.0,
  "A_83": 2.4152564320798326,
  "A_84": 0.0,
  "A_85": 7.636382360416238,
  "A_86": 51.51950571378481,
  "A_87": 16.222556144606976,
  "A_88": 56.40698193593937,
  "A_89": 61.974550135743044,
  "A_90": 22.260697224806556,
  "A_91": 3.5088448347944396,
  "A_92": 14.065136504792562,
  "A_93": 1.2076282160399163,
  "A_94": 1.2076282160399163,
  "A_95": 1.2076282160399163,
  "A_96": 2.4152564320798326,
  "A_97": 2.4152564320798326,
  "A_98": 3.622884648119749,
  "A_99": 2.4152564320798326,
  "A_100": 0.0,
  "A_101": 0.0,
  "A_102": 4.285836096250882,
  "A_103": 15.699166808518912,
  "A_104": 6.7896100429382615,
  "A_105": 30.05453620902071,
  "A_106": 12.87540280050749,
  "A_107": 3.622884648119749,
  "A_108": 1.2076282160399163,
  "A_109": 64.24084481056028,
  "A_110": 114.33401719413288,
  "A_111": 1.2076282160399163,
  "A_112": 78.5835473094828,
  "A_113": 146.99763353558927,
  "A_114": 17.551851960935114,
  "A_115": 185.09042463727343,
  "A_116": 18.48714179302064,
  "A_117": 99.2799575874727,
  "A_118": 78.05151231041206,
  "A_119": 0.0,
  "A_120": 16.770625832581633,
  "A_121": 62.14218551973859,
  "A_122": 10.732484752382051,
  "A_123": 0.0,
  "A_124": 34.34037230527159,
  "A_125": 115.56464186839706,
  "A_126": 1.2076282160399163,
  "A_127": 6.038141080199582,
  "A_128": 143.52559560032432,
  "A_129": 33.777801025607964,
  "A_130": 0.0,
  "A_131": 124.62907915179969,
  "A_132": 95.07660714793445,
  "A_133": 2.1871768054292144,
  "A_134": 21.601138696741298,
  "A_135": 151.2504954753481,
  "A_136": 23.90235531549582,
  "A_137": 0.0,
  "A_138": 57.93976499162584,
  "A_139": 17.477836038016537,
  "A_140": 37.094355257261476,
  "A_141": 2.4152564320798326,
  "A_142": 48.09738140260007,
  "A_143": 140.40397090964072,
  "A_144": 27.775448968918077,
  "A_145": 12.857508288752644,
  "A_146": 80.56123015040004,
  "A_147": 51.46582217852028,
  "A_148": 86.65899865916474,
  "A_149": 127.50965572135863,
  "A_150": 91.52953541373114,
  "A_151": 21.192631120809708,
  "A_152": 8.453397512279414,
  "A_153": 115.78753158398395,
  "A_154": 97.03831813180085,
  "A_155": 0.0,
  "A_156": 30.76174641445562,
  "A_157": 117.97386644258201,
  "A_158": 1.0935884027146072,
  "A_159": 2.4152564320798326,
  "A_160": 74.16994892319573,
  "A_161": 82.36721866961327,
  "A_162": 4.830512864159665,
  "A_163": 19.845440792726723,
  "A_164": 67.96333051216945,
  "A_165": 7.109600104262302,
  "A_166": 7.636382360416238,
  "A_167": 21.056461928832515,
  "A_168": 3.214377072188161,
  "A_169": 1.0714590240627204,
  "A_170": 15.681272296764066,
  "A_171": 47.68887382666848,
  "A_172": 26.830734358871783,
  "A_173": 29.10135186518034,
  "A_174": 158.06884480788136,
  "A_175": 36.22884648119749,
  "A_176": 4.285836096250882,
  "A_177": 54.34326972179623,
  "A_178": 24.97381433955854,
  "A_179": 7.245769296239498,
  "A_180": 32.5522782978132,
  "A_181": 145.65383612757216,
  "A_182": 94.75058522871552,
  "A_183": 25.886974792992177,
  "A_184": 28.846907992980796,
  "A_185": 11.786049264689925,
  "A_186": 11.803943776444772,
  "A_187": 25.526960841261406,
  "A_188": 9.66102572831933,
  "A_189": 130.42634804006326,
  "A_190": 70.66959895493659,
  "A_191": 4.830512864159665,
  "A_192": 105.53426537498049,
  "A_193": 74.49080606409215,
  "A_194": 62.16431489839049,
  "A_195": 3.622884648119749,
  "A_196": 55.32525618708472,
  "A_197": 63.60002274108102,
  "A_198": 42.235433404784416,
  "A_199": 0.0,
  "A_200": 70.04243653031514,
  "A_201": 41.60827098016298,
  "A_202": 0.0,
  "A_203": 0.0,
  "A_204": 94.18894386047737,
  "A_205": 94.09186864748143,
  "A_206": 0.0,
  "A_207": 100.96068452440198,
  "A_208": 12.466895224575904,
  "A_209": 100.731737818179,
  "A_210": 49.293146964780036,
  "A_211": 24.13466980904348,
  "A_212": 184.2537431153988,
  "A_213": 97.82116532196358,
  "A_214": 151.8155046309109,
  "A_215": 25.39079164928421,
  "A_216": 130.04414187782746,
  "A_217": 89.72105875313628,
  "A_218": 55.619723949691,
  "A_219": 5.924101266874272,
  "A_220": 0.0,
  "A_221": 28.62306323322722,
  "A_222": 115.27440897268784,
  "A_223": 3.2365064508400483,
  "A_224": 93.51415489122749,
  "A_225": 35.855172884608905,
  "A_226": 27.094603009032095,
  "A_227": 163.4040105495431,
  "A_228": 74.68826144555558,
  "A_229": 0.0,
  "A_230": 23.22150935560984,
  "A_231": 88.13896525915904,
  "A_232": 17.693173364864197,
  "A_233": 9.524856536342135,
  "A_234": 66.01527917316085,
  "A_235": 149.435019346321,
  "A_236": 30.357511404532914,
  "A_237": 10.8507594326044,
  "A_238": 155.83073650235215,
  "A_239": 88.88619935500068,
  "A_240": 49.81737824769926,
  "A_241": 124.75924161862322,
  "A_242": 82.88205030731294,
  "A_243": 74.87294939447482,
  "A_244": 86.25049108323314,
  "A_245": 75.91369620875605,
  "A_246": 95.22037899413336,
  "A_247": 166.86952653845924,
  "A_248": 213.56785620145084
}