{
  "A_1": 229.26120478037532,
  "A_2": 204.46099485085415,
  "A_3": 214.24375101131483,
  "A_4": 94.44944472331302,
  "A_5": 67.10463270897841,
  "A_6": 138.62703583928788,
  "A_7": 112.17325489973503,
  "A_8": 113.40301249442683,
  "A_9": 104.79131641151832,
  "A_10": 84.13908949260855,
  "A_11": 126.9013428526587,
  "A_12": 137.089150837132,
  "A_13": 133.60243538098942,
  "A_14": 163.74535087454095,
  "A_15": 82.22333372607885,
  "A_16": 119.97842875024337,
  "A_17": 84.4887613213237,
  "A_18": 69.45010808503672,
  "A_19": 106.74438173240203,
  "A_20": 101.38708661208842,
  "A_21": 144.79537708542284,
  "A_22": 131.7248688147568,
  "A_23": 91.55166479238304,
  "A_24": 3.4867154561425533,
  "A_25": 79.02682603290432,
  "A_26": 64.3812488694345,
  "A_27": 19.32205145663866,
  "A_28": 50.26422582037525,
  "A_29": 112.42071186987299,
  "A_30": 68.3726172030791,
  "A_31": 19.848833712792597,
  "A_32": 77.11624761106775,
  "A_33": 73.72651940332683,
  "A_34": 71.48661410679975,
  "A_35": 93.90900282230126,
  "A_36": 47.179986082269394,
  "A_37": 15.699166808518912,
  "A_38": 116.02155510393516,
  "A_39": 6.428754144376322,
  "A_40": 72.84830602657172,
  "A_41": 61.24172966699608,
  "A_42": 104.23965274154796,
  "A_43": 37.637235034172406,
  "A_44": 30.445149273197455,
  "A_45": 140.1102571292713,
  "A_46": 86.26572152441776,
  "A_47": 2.3582553749731003,
  "A_48": 66.7564814111076,
  "A_49": 90.382263475752,
  "A_50": 15.994476517956356,
  "A_51": 0.0,
  "A_52": 13.951096691467251,
  "A_53": 10.868653944359247,
  "A_54": 1.2076282160399163,
  "A_55": 57.88523950953014,
  "A_56": 30.44514927319745,
  "A_57": 90.45286134586348,
  "A_58": 73.9588338968745,
  "A_59": 25.75080560101498,
  "A_60": 67.35484171428092,
  "A_61": 37.37939824190699,
  "A_62": 53.13564150575631,
  "A_63": 26.756718435953207,
  "A_64": 0.0,
  "A_65": 20.529679672678576,
  "A_66": 42.485642410086925,
  "A_67": 48.3876142983093,
  "A_68": 135.25436019647063,
  "A_69": 80.31357211833223,
  "A_70": 119.71073992341626,
  "A_71": 143.52965453803273,
  "A_72": 54.18665504482948,
  "A_73": 56.70313359220798,
  "A_74": 57.33293495465844,
  "A_75": 74.50444057620874,
  "A_76": 9.546985914994021,
  "A_77": 39.579392745362846,
  "A_78": 16.08977987269565,
  "A_79": 122.32609067478853,
  "A_80": 125.08592955548471,
  "A_81": 146.98838468681714,
  "A_82": 9.66102572831933,
  "A_83": 28.420505905294362,
  "A_84": 1.2076282160399163,
  "A_85": 13.28391037643908,
  "A_86": 14.083031016547409,
  "A_87": 31.72084951885536,
  "A_88": 79.24559397892969,
  "A_89": 21.966229462200275,
  "A_90": 9.204866475018093,
  "A_91": 11.259267008535987,
  "A_92": 5.629633504267994,
  "A_93": 104.53429643334286,
  "A_94": 10.986928624581596,
  "A_95": 113.38088311577494,
  "A_96": 24.79762125717461,
  "A_97": 92.64090523086507,
  "A_98": 42.45588524447212,
  "A_99": 15.088943851485634,
  "A_100": 17.088064920670963,
  "A_101": 2.4152564320798326,
  "A_102": 52.59096473784753,
  "A_103": 91.92682122070411,
  "A_104": 22.26832501176947,
  "A_105": 67.44249214931608,
  "A_106": 73.19802812076935,
  "A_107": 30.64770660113031,
  "A_108": 97.58038109462184,
  "A_109": 49.086354769950134,
  "A_110": 6.837261720307911,
  "A_111": 24.951684960906654,
  "A_112": 1.0714590240627204,
  "A_113": 90.80866556343842,
  "A_114": 111.64389653760516,
  "A_115": 14.491538592478996,
  "A_116": 53.76280393037776,
  "A_117": 128.39059600053704,
  "A_118": 15.817441488741261,
  "A_119": 97.81788549923323,
  "A_120": 90.9881384685527,
  "A_121": 49.41142164500238,
  "A_122": 19.32205145663866,
  "A_123": 78.84546817219788,
  "A_124": 4.69434367218247,
  "A_125": 65.52333089634992,
  "A_126": 11.278003467121998,
  "A_127": 56.995075514320774,
  "A_128": 11.026990214100174,
  "A_129": 0.0,
  "A_130": 7.245769296239498,
  "A_131": 19.185882264661466,
  "A_132": 48.48799446677681,
  "A_133": 166.54532674297937,
  "A_134": 142.7799574335507,
  "A_135": 103.94272197030128,
  "A_136": 86.59345247004023,
  "A_137": 94.37030172118381,
  "A_138": 135.00743101389847,
  "A_139": 18.114423240598747,
  "A_140": 59.120940997522524,
  "A_141": 0.0,
  "A_142": 120.11771440213292,
  "A_143": 2.142918048125441,
  "A_144": 77.95115727468578,
  "A_145": 0.0,
  "A_146": 122.07852060731506,
  "A_147": 37.695153436333996,
  "A_148": 79.30586229239614,
  "A_149": 44.56904612698276,
  "A_150": 114.2572995015322,
  "A_151": 70.07123865176325,
  "A_152": 80.55351439884281,
  "A_153": 4.830512864159665,
  "A_154": 110.46941840724593,
  "A_155": 5.901971888222386,
  "A_156": 24.156799187695366,
  "A_157": 83.35514902820233,
  "A_158": 83.97044879896382,
  "A_159": 103.76136410959484,
  "A_160": 26.958433817054903,
  "A_161": 95.38473455539854,
  "A_162": 9.252518152387744,
  "A_163": 109.43203938028935,
  "A_164": 9.66102572831933,
  "A_165": 1.2076282160399163,
  "A_166": 21.174736609054865,
  "A_167": 0.0,
  "A_168": 76.24978379083709,
  "A_169": 0.0,
  "A_170": 36.31133213791014,
  "A_171": 23.980606105311434,
  "A_172": 149.57542340519524,
  "A_173": 181.45550140610516,
  "A_174": 25.246152723512935,
  "A_175": 155.4665253828362,
  "A_176": 5.924101266874272,
  "A_177": 80.1842767310811,
  "A_178": 4.3522242322065425,
  "A_179": 84.82331580618978,
  "A_180": 0.0,
  "A_181": 24.038524507473017,
  "A_182": 3.4867154561425533,
  "A_183": 23.453823849157498,
  "A_184": 117.58571638704566,
  "A_185": 162.6610113205985,
  "A_186": 17.551851960935114,
  "A_187": 54.2538851276163,
  "A_188": 33.730149348238314,
  "A_189": 29.869006313270322,
  "A_190": 28.215397604126796,
  "A_191": 1.0714590240627204,
  "A_192": 59.88343066728999,
  "A_193": 8.682319085761197,
  "A_194": 49.96796106677112,
  "A_195": 0.0,
  "A_196": 0.0,
  "A_197": 27.07670849727725,
  "A_198": 89.61194495709178,
  "A_199": 44.25584190579047,
  "A_200": 27.43332952894215,
  "A_201": 34.885049073180376,
  "A_202": 4.69434367218247,
  "A_203": 73.45595287762907,
  "A_204": 20.103277584992142,
  "A_205": 16.752731320826786,
  "A_206": 19.208011643313352,
  "A_207": 15.000426336878085,
  "A_208": 60.05971171426824,
  "A_209": 42.750353007078395,
  "A_210": 36.14540578031815,
  "A_211": 188.1686576502256,
  "A_212": 245.639269761335
}