{
  "A_1": 229.41431343994066,
  "A_2": 182.4317701727641,
  "A_3": 166.42795684144127,
  "A_4": 179.15526496425855,
  "A_5": 114.82674458592189,
  "A_6": 194.59825374143315,
  "A_7": 89.6419031846364,
  "A_8": 163.91225740904088,
  "A_9": 81.557831304713,
  "A_10": 108.79199642578817,
  "A_11": 142.51283409340124,
  "A_12": 75.98008434471171,
  "A_13": 151.26069936828694,
  "A_14": 89.92186935555371,
  "A_15": 78.50853864328568,
  "A_16": 128.13533531424756,
  "A_17": 156.5166215768545,
  "A_18": 96.50289021266423,
  "A_19": 153.26223318063023,
  "A_20": 100.30620281006495,
  "A_21": 87.73469255012449,
  "A_22": 170.04315087074502,
  "A_23": 82.32974575244124,
  "A_24": 162.65338353363558,
  "A_25": 104.43719608760571,
  "A_26": 32.26384239310181,
  "A_27": 54.954309492919464,
  "A_28": 3.622884648119749,
  "A_29": 3.214377072188161,
  "A_30": 2.4152564320798326,
  "A_31": 0.0,
  "A_32": 0.0,
  "A_33": 24.882745851716287,
  "A_34": 22.923648672937688,
  "A_35": 39.17088516943126,
  "A_36": 118.3763672933599,
  "A_37": 15.018320848632932,
  "A_38": 35.02121826515757,
  "A_39": 5.924101266874272,
  "A_40": 4.830512864159665,
  "A_41": 87.69719450021127,
  "A_42": 2.4152564320798326,
  "A_43": 0.0,
  "A_44": 45.88987220951682,
  "A_45": 115.43102364965458,
  "A_46": 25.360192536838245,
  "A_47": 0.0,
  "A_48": 48.50588897853166,
  "A_49": 102.00500018793772,
  "A_50": 0.0,
  "A_51": 5.629633504267994,
  "A_52": 169.12233749760725,
  "A_53": 93.91567556509752,
  "A_54": 48.014895745887415,
  "A_55": 50.68459605016679,
  "A_56": 16.774860699478673,
  "A_57": 88.98478253247035,
  "A_58": 23.13383378783346,
  "A_59": 32.60596183307774,
  "A_60": 88.5099747851774,
  "A_61": 36.22884648119748,
  "A_62": 40.58530558030107,
  "A_63": 0.0,
  "A_64": 66.77437592286245,
  "A_65": 50.82076524214399,
  "A_66": 28.8222276410942,
  "A_67": 140.19700278562223,
  "A_68": 98.81869638770203,
  "A_69": 0.0,
  "A_70": 49.51275685763657,
  "A_71": 86.8504221827333,
  "A_72": 8.339357698954105,
  "A_73": 0.0,
  "A_74": 52.01049894642906,
  "A_75": 57.91670570154848,
  "A_76": 1.2076282160399163,
  "A_77": 30.154916377488213,
  "A_78": 95.08084201483149,
  "A_79": 43.42093224217244,
  "A_80": 42.68396487112274,
  "A_81": 6.428754144376322,
  "A_82": 85.3509651419161,
  "A_83": 0.0,
  "A_84": 0.0,
  "A_85": 2.4152564320798326,
  "A_86": 0.0,
  "A_87": 0.0,
  "A_88": 0.0,
  "A_89": 40.32482985020663,
  "A_90": 61.108953395084754,
  "A_91": 16.90679502455883,
  "A_92": 140.04311501107878,
  "A_93": 31.398333617037828,
  "A_94": 0.0,
  "A_95": 59.256268242668554,
  "A_96": 40.28660295079775,
  "A_97": 0.0,
  "A_98": 32.33362344912335,
  "A_99": 62.506434338366404,
  "A_100": 43.22440677213449,
  "A_101": 1.2076282160399163,
  "A_102": 174.21330095912015,
  "A_103": 63.15572614163974,
  "A_104": 92.2349486281682,
  "A_105": 117.36949941425499,
  "A_106": 14.06513650479256,
  "A_107": 63.179627378548254,
  "A_108": 14.812370600634202,
  "A_109": 0.0,
  "A_110": 1.2076282160399163,
  "A_111": 0.0,
  "A_112": 9.66102572831933,
  "A_113": 4.285836096250882,
  "A_114": 45.16729333282056,
  "A_115": 2.3012166187545233,
  "A_116": 25.36019253683824,
  "A_117": 47.64131011389314,
  "A_118": 109.54685830859273,
  "A_119": 177.07108213238462,
  "A_120": 45.74427823957886,
  "A_121": 120.75685257794983,
  "A_122": 62.23409595441202,
  "A_123": 27.63927977694088,
  "A_124": 99.08068008227016,
  "A_125": 109.15963816448186,
  "A_126": 20.647954352900925,
  "A_127": 1.2076282160399163,
  "A_128": 3.622884648119749,
  "A_129": 0.0,
  "A_130": 1.2076282160399163,
  "A_131": 8.453397512279414,
  "A_132": 1.2076282160399163,
  "A_133": 0.0,
  "A_134": 54.60194846089283,
  "A_135": 120.26153651381424,
  "A_136": 1.2076282160399163,
  "A_137": 0.0,
  "A_138": 51.992604434674206,
  "A_139": 70.49262675757458,
  "A_140": 0.0,
  "A_141": 1.0714590240627204,
  "A_142": 101.22452804182109,
  "A_143": 21.7015188652088,
  "A_144": 0.0,
  "A_145": 38.72658856998998,
  "A_146": 124.26824838597898,
  "A_147": 16.3442237448952,
  "A_148": 8.317228320302219,
  "A_149": 117.69381230707037,
  "A_150": 152.42404369428186,
  "A_151": 71.03553166722673,
  "A_152": 59.646881306845295,
  "A_153": 31.020425153552207,
  "A_154": 63.72676715509745,
  "A_155": 54.115190095145614,
  "A_156": 165.45519409218375,
  "A_157": 85.20783418061855,
  "A_158": 2.142918048125441,
  "A_159": 0.0,
  "A_160": 0.0,
  "A_161": 0.0,
  "A_162": 0.0,
  "A_163": 1.2076282160399163,
  "A_164": 4.285836096250882,
  "A_165": 9.546985914994021,
  "A_166": 60.384778589320476,
  "A_167": 152.56691076179652,
  "A_168": 17.886343613948128,
  "A_169": 41.822690961955786,
  "A_170": 5.515593690942684,
  "A_171": 1.2076282160399163,
  "A_172": 88.03685093154678,
  "A_173": 50.44549571648738,
  "A_174": 9.842295624431465,
  "A_175": 0.0,
  "A_176": 60.754129354417714,
  "A_177": 1.2076282160399163,
  "A_178": 0.0,
  "A_179": 17.144299429170218,
  "A_180": 69.81679477956372,
  "A_181": 15.176619419262014,
  "A_182": 0.0,
  "A_183": 77.70431605670794,
  "A_184": 94.00938299076878,
  "A_185": 38.766612460396715,
  "A_186": 50.939039922366334,
  "A_187": 6.428754144376322,
  "A_188": 36.22884648119749,
  "A_189": 129.96917091074224,
  "A_190": 158.70221501958633,
  "A_191": 24.02062999571817,
  "A_192": 27.73965994540838,
  "A_193": 44.9187933539216,
  "A_194": 102.481491828893,
  "A_195": 14.491538592478996,
  "A_196": 94.84005778748976,
  "A_197": 19.69477000906056,
  "A_198": 190.32091251171755,
  "A_199": 43.18438288172775,
  "A_200": 37.50199575362068,
  "A_201": 50.92114541061149,
  "A_202": 74.6448697678242,
  "A_203": 78.35966485061738,
  "A_204": 8.067019314999714,
  "A_205": 0.0,
  "A_206": 74.87294939447482,
  "A_207": 86.14312401270406,
  "A_208": 5.924101266874272,
  "A_209": 0.0,
  "A_210": 35.868832529466715,
  "A_211": 51.27353157537935,
  "A_212": 17.065131294299754,
  "A_213": 15.408933912809674,
  "A_214": 99.24416856396299,
  "A_215": 119.58652134989333,
  "A_216": 26.93291151833714,
  "A_217": 98.05443485967791,
  "A_218": 93.48260073461483,
  "A_219": 8.044889936347825,
  "A_220": 93.76010389689174,
  "A_221": 32.673191915864564,
  "A_222": 1.0935884027146072,
  "A_223": 0.0,
  "A_224": 0.0,
  "A_225": 0.0,
  "A_226": 0.0,
  "A_227": 11.106158348970636,
  "A_228": 4.488393424183738,
  "A_229": 1.2076282160399163,
  "A_230": 18.350972601043445,
  "A_231": 2.279087240102637,
  "A_232": 0.0,
  "A_233": 13.28391037643908,
  "A_234": 0.0,
  "A_235": 0.0,
  "A_236": 0.0,
  "A_237": 56.236820711450335,
  "A_238": 0.0,
  "A_239": 0.0,
  "A_240": 77.7434100356892,
  "A_241": 64.22718516570245,
  "A_242": 96.91392362908931,
  "A_243": 61.1489772854915,
  "A_244": 51.50161120202996,
  "A_245": 142.60820027999364,
  "A_246": 37.36753558804703,
  "A_247": 63.36770824753336,
  "A_248": 37.63723503417241,
  "A_249": 2.4152564320798326,
  "A_250": 0.0,
  "A_251": 0.0,
  "A_252": 0.0,
  "A_253": 0.0,
  "A_254": 0.0,
  "A_255": 6.5394010376357565,
  "A_256": 0.0,
  "A_257": 5.629633504267994,
  "A_258": 16.48039293687239,
  "A_259": 0.0,
  "A_260": 12.076282160399163,
  "A_261": 82.1135287796506,
  "A_262": 12.857508288752644,
  "A_263": 6.701092528330714,
  "A_264": 67.28326366726154,
  "A_265": 84.48800733908682,
  "A_266": 99.51734889474855,
  "A_267": 145.3424917292308,
  "A_268": 60.18393028779117,
  "A_269": 25.36442740373528,
  "A_270": 3.3948050214691308,
  "A_271": 7.500213168439043,
  "A_272": 56.977181002565914,
  "A_273": 0.0,
  "A_274": 0.0,
  "A_275": 0.0,
  "A_276": 0.0,
  "A_277": 2.4152564320798326,
  "A_278": 1.0714590240627204,
  "A_279": 0.0,
  "A_280": 25.851185769482484,
  "A_281": 48.30512864159665,
  "A_282": 1.0935884027146072,
  "A_283": 0.0,
  "A_284": 53.099852482246625,
  "A_285": 78.30859512044063,
  "A_286": 0.0,
  "A_287": 3.214377072188161,
  "A_288": 63.62458999563209,
  "A_289": 19.480387726379586,
  "A_290": 1.2076282160399163,
  "A_291": 36.838114394064085,
  "A_292": 33.333592390760984,