{
  "A_1": 198.55001287490128,
  "A_2": 179.0004221455484,
  "A_3": 52.570519252857984,
  "A_4": 43.620938596870594,
  "A_5": 132.2365462934323,
  "A_6": 16.68295026480525,
  "A_7": 2.4152564320798326,
  "A_8": 11.808178643341812,
  "A_9": 64.41364497287832,
  "A_10": 65.69697300549915,
  "A_11": 82.19357656046404,
  "A_12": 35.33949930007807,
  "A_13": 38.10789587916262,
  "A_14": 7.131729482914189,
  "A_15": 67.45522188274842,
  "A_16": 93.75070425167219,
  "A_17": 16.90679502455883,
  "A_18": 3.622884648119749,
  "A_19": 84.15426966831066,
  "A_20": 34.42285796198425,
  "A_21": 0.0,
  "A_22": 87.11768375295948,
  "A_23": 153.71848039852577,
  "A_24": 36.50286875881421,
  "A_25": 25.324403513328548,
  "A_26": 30.989826041106237,
  "A_27": 193.5438472822941,
  "A_28": 37.44494443103149,
  "A_29": 99.72150215174943,
  "A_30": 1.2867963509103797,
  "A_31": 0.0,
  "A_32": 0.0,
  "A_33": 4.422005288228077,
  "A_34": 2.142918048125441,
  "A_35": 35.003323753402725,
  "A_36": 7.500213168439043,
  "A_37": 4.830512864159665,
  "A_38": 9.182737096366209,
  "A_39": 0.0,
  "A_40": 16.705079643457136,
  "A_41": 4.716473050834356,
  "A_42": 0.0,
  "A_43": 4.285836096250882,
  "A_44": 10.460146368427658,
  "A_45": 18.895649368952228,
  "A_46": 136.53748716716163,
  "A_47": 23.86233142508909,
  "A_48": 69.50622949620045,
  "A_49": 79.26772335758159,
  "A_50": 2.142918048125441,
  "A_51": 27.775448968918077,
  "A_52": 0.0,
  "A_53": 0.0,
  "A_54": 22.90914708124872,
  "A_55": 125.76010277257446,
  "A_56": 21.760279214201546,
  "A_57": 69.33427128071355,
  "A_58": 20.493890649168883,
  "A_59": 0.0,
  "A_60": 7.245769296239498,
  "A_61": 38.63044326841951,
  "A_62": 0.0,
  "A_63": 1.2076282160399163,
  "A_64": 55.24021955713735,
  "A_65": 20.529679672678576,
  "A_66": 3.622884648119749,
  "A_67": 33.29272655352309,
  "A_68": 139.89708121816932,
  "A_69": 92.57205408626899,
  "A_70": 25.95759779584488,
  "A_71": 102.18101734113303,
  "A_72": 88.95502536685554,
  "A_73": 0.0,
  "A_74": 2.4152564320798326,
  "A_75": 113.0080263332763,
  "A_76": 28.43840041704921,
  "A_77": 0.0,
  "A_78": 111.00730933502297,
  "A_79": 120.34732712599848,
  "A_80": 10.868653944359247,
  "A_81": 30.137021865733367,
  "A_82": 48.16895944961946,
  "A_83": 109.19542718799156,
  "A_84": 131.91472154199855,
  "A_85": 9.66102572831933,
  "A_86": 36.94536836725764,
  "A_87": 38.386492315682965,
  "A_88": 28.640957744982064,
  "A_89": 125.07745982169062,
  "A_90": 33.81359004911766,
  "A_91": 0.0,
  "A_92": 90.24609428377478,
  "A_93": 117.17558774930484,
  "A_94": 25.36019253683824,
  "A_95": 55.88704835177027,
  "A_96": 95.29949686352134,
  "A_97": 63.8587014801776,
  "A_98": 0.0,
  "A_99": 51.419012447981785,
  "A_100": 143.94428193645354,
  "A_101": 22.790872401026366,
  "A_102": 171.32984669069052,
  "A_103": 74.32308271550231,
  "A_104": 69.90626733833795,
  "A_105": 31.284293803712515,
  "A_106": 62.88431766911082,
  "A_107": 45.796252748439855,
  "A_108": 4.602433237509047,
  "A_109": 4.69434367218247,
  "A_110": 0.0,
  "A_111": 5.901971888222386,
  "A_112": 0.0,
  "A_113": 1.2076282160399163,
  "A_114": 0.0,
  "A_115": 5.696021640223654,
  "A_116": 23.652988257024482,
  "A_117": 2.142918048125441,
  "A_118": 0.0,
  "A_119": 102.96743338055025,
  "A_120": 84.17045515366198,
  "A_121": 2.142918048125441,
  "A_122": 62.66049804209845,
  "A_123": 46.359615709452186,
  "A_124": 114.49063187109964,
  "A_125": 68.02626289620613,
  "A_126": 46.18602386578543,
  "A_127": 140.7868933550015,
  "A_128": 192.452784720073,
  "A_129": 42.27545729519115,
  "A_130": 60.29193824322159,
  "A_131": 8.181059128325023,
  "A_132": 50.7007815355181,
  "A_133": 0.0,
  "A_134": 48.30512864159665,
  "A_135": 29.764303313311473,
  "A_136": 19.286262433128968,
  "A_137": 191.58217399753957,
  "A_138": 64.12257013033792,
  "A_139": 193.13533970636252,
  "A_140": 182.5866758233273,
  "A_141": 17.960359536866704,
  "A_142": 121.47850154322062,
  "A_143": 32.540415643953246,
  "A_144": 0.0,
  "A_145": 64.32333046727292,
  "A_146": 74.67123401337312,
  "A_147": 28.53878058551671,
  "A_148": 0.0,
  "A_149": 88.92019138751253,
  "A_150": 44.74947407626372,
  "A_151": 1.2076282160399163,
  "A_152": 3.622884648119749,
  "A_153": 125.72675162496395,
  "A_154": 33.42721185183796,
  "A_155": 0.0,
  "A_156": 105.2294680557292,
  "A_157": 83.91006738816182,
  "A_158": 0.0,
  "A_159": 124.38570625211139,
  "A_160": 19.488819761061826,
  "A_161": 63.01532208276551,
  "A_162": 72.22640891123771,
  "A_163": 23.726162233111893,
  "A_164": 42.82436892999698,
  "A_165": 18.29908605677675,
  "A_166": 35.275662137357116,
  "A_167": 84.13637515655583,
  "A_168": 0.0,
  "A_169": 1.2076282160399163,
  "A_170": 76.32136183785647,
  "A_171": 99.0280144230254,
  "A_172": 3.214377072188161,
  "A_173": 60.32772726673127,
  "A_174": 131.36061999612897,
  "A_175": 27.775448968918074,
  "A_176": 3.214377072188161,
  "A_177": 0.0,
  "A_178": 0.0,
  "A_179": 5.901971888222386,
  "A_180": 0.0,
  "A_181": 31.344650081773285,
  "A_182": 4.422005288228077,
  "A_183": 68.58459930897273,
  "A_184": 62.55916282946426,
  "A_185": 4.285836096250882,
  "A_186": 30.853656849129038,
  "A_187": 102.36663520147772,
  "A_188": 45.599639313807586,
  "A_189": 90.34911339007131,
  "A_190": 105.16826983083726,
  "A_191": 42.27122242829412,
  "A_192": 46.89831088494854,
  "A_193": 156.72356456813176,
  "A_194": 106.86265641262437,
  "A_195": 44.664349481722056,
  "A_196": 181.81809146381184,
  "A_197": 142.36477711482289,
  "A_198": 111.93998536202068,
  "A_199": 140.5051050603451,
  "A_200": 64.08678110682823,
  "A_201": 44.80559548742745,
  "A_202": 50.3118774977449,
  "A_203": 56.166197708597636,
  "A_204": 128.58630465648505,
  "A_205": 63.364290194726266,
  "A_206": 2.3012166187545233,
  "A_207": 30.989826041106237,
  "A_208": 74.55125030674722,
  "A_209": 0.0,
  "A_210": 2.4152564320798326,
  "A_211": 106.40046530142826,
  "A_212": 34.74887988120318,
  "A_213": 0.0,
  "A_214": 36.31133213791014,
  "A_215": 33.01870427590637,
  "A_216": 4.830512864159665,
  "A_217": 8.980179768433352,
  "A_218": 123.01702743027784,
  "A_219": 121.48958508210248,
  "A_220": 129.2638456608995,
  "A_221": 0.0,
  "A_222": 15.699166808518912,
  "A_223": 0.0,
  "A_224": 0.0,
  "A_225": 0.0,
  "A_226": 3.622884648119749,
  "A_227": 0.0,
  "A_228": 4.374353610858429,
  "A_229": 37.77340422614961,
  "A_230": 21.737307888718494,
  "A_231": 177.64981376465832,
  "A_232": 62.68262742075034,
  "A_233": 0.0,
  "A_234": 95.6060032091762,
  "A_235": 113.25985640038806,
  "A_236": 34.1795227614078,
  "A_237": 0.0,
  "A_238": 133.94696756412333,
  "A_239": 76.9051954165996,
  "A_240": 16.344223744895196,
  "A_241": 114.83275131107555,
  "A_242": 59.050317994669825,
  "A_243": 37.161585340048305,
  "A_244": 72.63293100061222,
  "A_245": 10.868653944359247,
  "A_246": 175.4115295299405,
  "A_247": 19.185882264661466,
  "A_248": 206.25074761923366,
  "A_249": 101.47050218022656,
  "A_250": 92.92426432184826,
  "A_251": 141.91966370129163,
  "A_252": 46.92554221006985,
  "A_253": 122.09623918988129,
  "A_254": 91.35839401233419,
  "A_255": 63.57957725609146,
  "A_256": 84.5074977799097,
  "A_257": 88.10317623564936,
  "A_258": 151.6878931373221,
  "A_259": 173.87883443884834,
  "A_260": 159.61961033991702,
  "A_261": 25.246152723512935,
  "A_262": 48.82672098668686,
  "A_263": 9.116348960410548,
  "A_264": 0.0,
  "A_265": 9.66102572831933,
  "A_266": 0.0,
  "A_267": 17.84208485664435,
  "A_268": 4.830512864159665,
  "A_269": 112.9187548364319,
  "A_270": 35.53010600955666,
  "A_271": 84.4853684012578,
  "A_272": 92.56097054738711,
  "A_273": 64.13103986413199,
  "A_274": 79.20548212392866,
  "A_275": 115.50590665214554,
  "A_276": 72.94529327497335,
  "A_277": 204.05248727492258,
  "A_278": 257.1020491419705
}