{
  "A_1": 235.15459383746813,
  "A_2": 187.66644264862276,
  "A_3": 128.05952240033113,
  "A_4": 166.26701933298318,
  "A_5": 70.72580833069462,
  "A_6": 30.190705400997906,
  "A_7": 79.60636191289733,
  "A_8": 6.428754144376322,
  "A_9": 68.62706107527865,
  "A_10": 38.542767700643125,
  "A_11": 25.36019253683824,
  "A_12": 76.8208248042948,
  "A_13": 30.26987353586837,
  "A_14": 123.48006048830513,
  "A_15": 18.623310984997836,
  "A_16": 40.60320009205592,
  "A_17": 75.48305925417256,
  "A_18": 34.29016965466724,
  "A_19": 112.42494673677002,
  "A_20": 46.414945439267214,
  "A_21": 1.2076282160399163,
  "A_22": 1.0714590240627204,
  "A_23": 13.16987056311377,
  "A_24": 0.0,
  "A_25": 0.0,
  "A_26": 36.63903795079141,
  "A_27": 35.284131871151196,
  "A_28": 10.714590240627205,
  "A_29": 3.350546264165357,
  "A_30": 20.00713228342168,
  "A_31": 141.09226872730102,
  "A_32": 78.85837383481883,
  "A_33": 63.85023174638352,
  "A_34": 3.622884648119749,
  "A_35": 0.0,
  "A_36": 2.279087240102637,
  "A_37": 0.0,
  "A_38": 20.12117209674699,
  "A_39": 7.772551552393435,
  "A_40": 31.380439105282974,
  "A_41": 7.772551552393435,
  "A_42": 51.83854073094217,
  "A_43": 46.755380985580814,
  "A_44": 114.56362991799843,
  "A_45": 59.25626824266856,
  "A_46": 79.25406371272378,
  "A_47": 91.65448283674971,
  "A_48": 45.15194979430042,
  "A_49": 50.17570830576771,
  "A_50": 58.60442546616052,
  "A_51": 1.0714590240627204,
  "A_52": 7.109600104262302,
  "A_53": 0.0,
  "A_54": 2.4152564320798326,
  "A_55": 1.2076282160399163,
  "A_56": 23.06321078498076,
  "A_57": 12.946025803360193,
  "A_58": 0.0,
  "A_59": 0.0,
  "A_60": 34.22123054547687,
  "A_61": 0.0,
  "A_62": 17.415682768957918,
  "A_63": 3.622884648119749,
  "A_64": 108.82694350246672,
  "A_65": 43.342681452356835,
  "A_66": 59.73539882145285,
  "A_67": 33.38718796143122,
  "A_68": 0.0,
  "A_69": 46.78937301809265,
  "A_70": 0.0,
  "A_71": 64.06210075494162,
  "A_72": 8.571672192501763,
  "A_73": 84.46239707577476,
  "A_74": 19.185882264661466,
  "A_75": 39.764897508372016,
  "A_76": 2.4152564320798326,
  "A_77": 0.0,
  "A_78": 84.93549579666416,
  "A_79": 32.06128506516896,
  "A_80": 0.0,
  "A_81": 1.2076282160399163,
  "A_82": 57.1491392180528,
  "A_83": 55.006221169927365,
  "A_84": 2.4152564320798326,
  "A_85": 47.02592237853735,
  "A_86": 145.70665258326434,
  "A_87": 40.360618873716334,
  "A_88": 41.14184500206981,
  "A_89": 44.27373641754532,
  "A_90": 103.36492024945304,
  "A_91": 49.470181993995126,
  "A_92": 22.636808697294327,
  "A_93": 111.63948574151951,
  "A_94": 47.15869865044867,
  "A_95": 133.4771737987055,
  "A_96": 116.98828599529782,
  "A_97": 58.42135857905053,
  "A_98": 123.98143354307683,
  "A_99": 64.1821472934206,
  "A_100": 18.826936454432914,
  "A_101": 23.07939627033206,
  "A_102": 40.92319015337996,
  "A_103": 1.2076282160399163,
  "A_104": 113.16725481533085,
  "A_105": 10.051638792496071,
  "A_106": 48.5595725137962,
  "A_107": 125.0349980553847,
  "A_108": 59.75329333320769,
  "A_109": 57.065698517173466,
  "A_110": 119.63767904466437,
  "A_111": 157.32859761410134,
  "A_112": 71.48661410679976,
  "A_113": 93.9217074229924,
  "A_114": 101.3879285589196,
  "A_115": 80.57564377749469,
  "A_116": 36.64158892402612,
  "A_117": 45.272863412351796,
  "A_118": 8.317228320302219,
  "A_119": 65.91508750025258,
  "A_120": 16.634456640604437,
  "A_121": 52.77223463395967,
  "A_122": 7.109600104262302,
  "A_123": 4.830512864159665,
  "A_124": 0.0,
  "A_125": 21.5653496732316,
  "A_126": 0.0,
  "A_127": 0.0,
  "A_128": 36.866275630610865,
  "A_129": 25.22402334486105,
  "A_130": 0.0,
  "A_131": 38.22617055938497,
  "A_132": 111.78928944561329,
  "A_133": 12.875402800507493,
  "A_134": 6.428754144376322,
  "A_135": 69.463654632559,
  "A_136": 43.94008671136347,
  "A_137": 44.40990560952251,
  "A_138": 165.12334137699972,
  "A_139": 171.426771107239,
  "A_140": 47.16209157051455,
  "A_141": 72.13599387466739,
  "A_142": 21.429180481254406,
  "A_143": 1.0935884027146072,
  "A_144": 1.0935884027146072,
  "A_145": 2.4152564320798326,
  "A_146": 0.0,
  "A_147": 0.0,
  "A_148": 1.0714590240627204,
  "A_149": 0.0,
  "A_150": 2.4152564320798326,
  "A_151": 2.142918048125441,
  "A_152": 10.868653944359247,
  "A_153": 14.609813272701345,
  "A_154": 4.69434367218247,
  "A_155": 3.5088448347944396,
  "A_156": 59.256268242668554,
  "A_157": 60.806857845515566,
  "A_158": 31.244269913305786,
  "A_159": 51.720266050719815,
  "A_160": 127.16330141448564,
  "A_161": 35.00755862029976,
  "A_162": 47.62428268171067,
  "A_163": 183.68270210194112,
  "A_164": 53.32877405572841,
  "A_165": 58.018882861013836,
  "A_166": 77.37153343009847,
  "A_167": 107.19958594153658,
  "A_168": 20.946656982404246,
  "A_169": 87.49887203917545,
  "A_170": 7.500213168439043,
  "A_171": 20.529679672678576,
  "A_172": 8.571672192501763,
  "A_173": 0.0,
  "A_174": 0.0,
  "A_175": 2.4152564320798326,
  "A_176": 0.0,
  "A_177": 0.0,
  "A_178": 5.901971888222386,
  "A_179": 9.643131216564484,
  "A_180": 0.0,
  "A_181": 3.622884648119749,
  "A_182": 0.0,
  "A_183": 25.08785415288385,
  "A_184": 0.0,
  "A_185": 32.434003617590854,
  "A_186": 16.50252231552428,
  "A_187": 141.2369956176666,
  "A_188": 159.6664200704555,
  "A_189": 136.51214079763247,
  "A_190": 40.22444968173913,
  "A_191": 1.2076282160399163,
  "A_192": 66.39316250390526,
  "A_193": 0.0,
  "A_194": 3.2365064508400483,
  "A_195": 0.0,
  "A_196": 5.357295120313602,
  "A_197": 2.4152564320798326,
  "A_198": 1.2076282160399163,
  "A_199": 21.601138696741295,
  "A_200": 117.77133424739036,
  "A_201": 63.86810112539716,
  "A_202": 124.41535032039066,
  "A_203": 147.7669970100828,
  "A_204": 17.415682768957918,
  "A_205": 55.22919885010857,
  "A_206": 132.03900294737457,
  "A_207": 82.07275090700699,
  "A_208": 4.558174480205274,
  "A_209": 60.36351629024097,
  "A_210": 55.827471188687575,
  "A_211": 44.58862453239993,
  "A_212": 9.66102572831933,
  "A_213": 76.1137025634542,
  "A_214": 81.00204586518113,
  "A_215": 1.2076282160399163,
  "A_216": 103.23389070305713,
  "A_217": 113.85056378385724,
  "A_218": 35.6569383881674,
  "A_219": 6.564923336353519,
  "A_220": 104.2933362768125,
  "A_221": 89.6656284923563,
  "A_222": 95.52598056110394,
  "A_223": 37.3572688632551,
  "A_224": 55.27855955388175,
  "A_225": 113.65745636662638,
  "A_226": 40.76996839647908,
  "A_227": 75.67207003458314,
  "A_228": 71.2891335925951,
  "A_229": 77.28820582655464,
  "A_230": 63.0859450856182,
  "A_231": 31.398333617037828,
  "A_232": 50.58421588169929,
  "A_233": 155.74483279283243,
  "A_234": 2.4152564320798326,
  "A_235": 177.5800327086368,
  "A_236": 50.23278476109813,
  "A_237": 129.44578157465415,
  "A_238": 51.57646907177971,
  "A_239": 59.70987652273507,
  "A_240": 32.2178746093945,
  "A_241": 56.42064158079718,
  "A_242": 41.50270090063175,
  "A_243": 148.56611765019113,
  "A_244": 108.71957643193763,
  "A_245": 0.0,
  "A_246": 1.2076282160399163,
  "A_247": 25.47846721706059,
  "A_248": 20.529679672678576,
  "A_249": 0.0,
  "A_250": 110.7094486523508,
  "A_251": 105.74873562225574,
  "A_252": 6.038141080199582,
  "A_253": 12.901767046056419,
  "A_254": 128.7132249996901,
  "A_255": 9.432946101668712,
  "A_256": 21.310905801032057,
  "A_257": 141.2838933127994,
  "A_258": 68.3726172030791,
  "A_259": 59.5107121148681,
  "A_260": 76.1272742437177,
  "A_261": 2.142918048125441,
  "A_262": 124.77631931628812,
  "A_263": 3.2365064508400483,
  "A_264": 0.0,
  "A_265": 7.245769296239498,
  "A_266": 3.622884648119749,
  "A_267": 9.643131216564484,
  "A_268": 5.467942013573036,
  "A_269": 24.197665024933265,
  "A_270": 13.28391037643908,
  "A_271": 40.206555169984284,
  "A_272": 2.4152564320798326,
  "A_273": 44.6822439934769,
  "A_274": 1.0714590240627204,
  "A_275": 60.32772726673127,
  "A_276": 8.044889936347825,
  "A_277": 22.944936104758412,
  "A_278": 18.000383427273434,
  "A_279": 8.20318850697691,
  "A_280": 0.0,
  "A_281": 1.2076282160399163,
  "A_282": 63.2876604667199,