{
  "A_1": 242.9747970672312,
  "A_2": 69.70539390406742,
  "A_3": 86.97557066768168,
  "A_4": 131.794008985877,
  "A_5": 148.10667857415953,
  "A_6": 89.64773398060147,
  "A_7": 77.01586744260025,
  "A_8": 174.26944750302508,
  "A_9": 147.13737157682098,
  "A_10": 39.056845356105946,
  "A_11": 46.67956807166438,
  "A_12": 93.42224445655407,
  "A_13": 88.89464395605353,
  "A_14": 4.69434367218247,
  "A_15": 27.775448968918077,
  "A_16": 56.62235696189887,
  "A_17": 8.453397512279414,
  "A_18": 1.2076282160399163,
  "A_19": 10.868653944359247,
  "A_20": 9.89853013293072,
  "A_21": 1.2076282160399163,
  "A_22": 47.31615527424658,
  "A_23": 127.10547097691838,
  "A_24": 73.55720012566897,
  "A_25": 74.71888569074277,
  "A_26": 29.21962654540269,
  "A_27": 52.67948225245509,
  "A_28": 73.73414719028975,
  "A_29": 112.21493755106286,
  "A_30": 0.0,
  "A_31": 2.279087240102637,
  "A_32": 128.94112869715212,
  "A_33": 62.865493245930494,
  "A_34": 53.099852482246625,
  "A_35": 203.40133564879827,
  "A_36": 66.26548817846336,
  "A_37": 85.2232908164742,
  "A_38": 55.550897937836154,
  "A_39": 72.36059261665784,
  "A_40": 38.143684902672305,
  "A_41": 0.0,
  "A_42": 46.92554221006985,
  "A_43": 116.13304394402576,
  "A_44": 22.795107267923406,
  "A_45": 7.245769296239498,
  "A_46": 123.96519779224312,
  "A_47": 122.14914361016776,
  "A_48": 2.4152564320798326,
  "A_49": 88.92788200632853,
  "A_50": 78.7366182699363,
  "A_51": 92.68600593500001,
  "A_52": 79.39533485117039,
  "A_53": 139.63620336421525,
  "A_54": 28.53878058551671,
  "A_55": 66.30551206887009,
  "A_56": 0.0,
  "A_57": 8.844010576456155,
  "A_58": 88.15685977091388,
  "A_59": 223.6409080894738,
  "A_60": 59.88343066729,
  "A_61": 85.00452287044882,
  "A_62": 210.6871916672976,
  "A_63": 29.167740001136004,
  "A_64": 42.24909304964223,
  "A_65": 26.56782075287816,
  "A_66": 31.771052169459722,
  "A_67": 15.699166808518912,
  "A_68": 103.64912128726738,
  "A_69": 56.70484261861152,
  "A_70": 0.0,
  "A_71": 77.81498808270858,
  "A_72": 90.83839759631199,
  "A_73": 27.77544896891807,
  "A_74": 34.404209467992544,
  "A_75": 127.93962665829955,
  "A_76": 117.00034971108758,
  "A_77": 15.699166808518912,
  "A_78": 77.29911343624792,
  "A_79": 161.82044679020402,
  "A_80": 97.49523136733896,
  "A_81": 42.929939009528205,
  "A_82": 124.74227701829383,
  "A_83": 26.295482368923768,
  "A_84": 103.74198676610749,
  "A_85": 106.85323163466362,
  "A_86": 105.05420488477074,
  "A_87": 79.51360953139275,
  "A_88": 101.44077014735298,
  "A_89": 58.116712056246634,
  "A_90": 69.63392895438356,
  "A_91": 111.18428153238496,
  "A_92": 117.49209692596871,
  "A_93": 115.17487075105149,
  "A_94": 37.164978260114175,
  "A_95": 149.6852283516235,
  "A_96": 89.2283187949766,
  "A_97": 132.93183101315418,
  "A_98": 56.59767661001227,
  "A_99": 77.97410346742761,
  "A_100": 6.038141080199582,
  "A_101": 39.85173112931724,
  "A_102": 3.4867154561425533,
  "A_103": 38.98103244218952,
  "A_104": 3.214377072188161,
  "A_105": 12.87540280050749,
  "A_106": 71.00238158154606,
  "A_107": 9.66102572831933,
  "A_108": 39.307054361408454,
  "A_109": 69.81679477956371,
  "A_110": 7.29010345176696,
  "A_111": 27.331152369476793,
  "A_112": 138.75967388112247,
  "A_113": 97.11996184168234,
  "A_114": 25.777169846563908,
  "A_115": 53.39199546628925,
  "A_116": 21.509228262067875,
  "A_117": 47.09750042555674,
  "A_118": 173.16057839364345,
  "A_119": 7.720778105462278,
  "A_120": 4.69434367218247,
  "A_121": 160.24938656962627,
  "A_122": 124.0902583125972,
  "A_123": 30.545529441664954,
  "A_124": 128.23052557165133,
  "A_125": 38.88065227372202,
  "A_126": 19.69477000906056,
  "A_127": 78.40636148382033,
  "A_128": 54.13212956273378,
  "A_129": 77.58934633195715,
  "A_130": 82.54618891990299,
  "A_131": 53.72710287146237,
  "A_132": 36.96665579907837,
  "A_133": 28.302231225072013,
  "A_134": 84.34412239555242,
  "A_135": 161.666056360836,
  "A_136": 25.460572705305744,
  "A_137": 111.68977635671817,
  "A_138": 40.88740112987027,
  "A_139": 79.44899325369371,
  "A_140": 15.128967741892367,
  "A_141": 73.32987448125519,
  "A_142": 68.47299737154661,
  "A_143": 0.0,
  "A_144": 0.0,
  "A_145": 61.68941918650324,
  "A_146": 112.15872817530484,
  "A_147": 114.872687236888,
  "A_148": 98.77443763039825,
  "A_149": 6.701092528330714,
  "A_150": 18.350972601043445,
  "A_151": 1.2076282160399163,
  "A_152": 0.0,
  "A_153": 0.0,
  "A_154": 18.114423240598747,
  "A_155": 11.09757551784103,
  "A_156": 88.22542188898585,
  "A_157": 69.07135767471993,
  "A_158": 20.78412354487812,
  "A_159": 151.39686856026412,
  "A_160": 25.618871275934826,
  "A_161": 217.36621764882955,
  "A_162": 54.66230473895359,
  "A_163": 10.714590240627205,
  "A_164": 47.097500425556746,
  "A_165": 43.94435927737236,
  "A_166": 36.0504040184736,
  "A_167": 93.76859876342704,
  "A_168": 18.36886711279829,
  "A_169": 72.57002374931673,
  "A_170": 68.55728001925712,
  "A_171": 0.0,
  "A_172": 133.83310367998664,
  "A_173": 19.44456100375805,
  "A_174": 8.044889936347825,
  "A_175": 1.0935884027146072,
  "A_176": 0.0,
  "A_177": 0.0,
  "A_178": 6.564923336353519,
  "A_179": 77.0761985879198,
  "A_180": 202.767425083157,
  "A_181": 9.643131216564484,
  "A_182": 97.88247664419103,
  "A_183": 130.6348492612967,
  "A_184": 5.493464312290798,
  "A_185": 78.46004501908487,
  "A_186": 108.34166796845199,
  "A_187": 134.91210252641798,
  "A_188": 15.000426336878085,
  "A_189": 64.53107770626951,
  "A_190": 103.61089438785848,
  "A_191": 125.07745982169064,
  "A_192": 89.7967837024584,
  "A_193": 3.622884648119749,
  "A_194": 41.43207789777905,
  "A_195": 80.17656097952388,
  "A_196": 10.714590240627203,
  "A_197": 60.72257519780506,
  "A_198": 1.2076282160399163,
  "A_199": 9.643131216564484,
  "A_200": 35.70459006553705,
  "A_201": 50.13229149529509,
  "A_202": 94.72178310726741,
  "A_203": 28.583039342820484,
  "A_204": 188.48864771154967,
  "A_205": 11.667774584467576,
  "A_206": 68.8135208824545,
  "A_207": 11.96308429390502,
  "A_208": 20.39351048070138,
  "A_209": 109.61484237361641,
  "A_210": 77.04466956404836,
  "A_211": 21.737307888718497,
  "A_212": 34.61694555612303,
  "A_213": 116.1168961577863,
  "A_214": 84.8172211164418,
  "A_215": 13.28391037643908,
  "A_216": 60.58217113893082,
  "A_217": 120.8741093821524,
  "A_218": 52.453086519466794,
  "A_219": 2.279087240102637,
  "A_220": 125.8740671876761,
  "A_221": 149.91252886329605,
  "A_222": 26.27842980400009,
  "A_223": 108.43207043865172,
  "A_224": 43.23711137282561,
  "A_225": 57.077561171033416,
  "A_226": 55.550897937836154,
  "A_227": 148.99690540122202,
  "A_228": 6.038141080199582,
  "A_229": 79.97908046531923,
  "A_230": 30.83576233737419,
  "A_231": 12.076282160399163,
  "A_232": 86.60711211489803,
  "A_233": 61.535355482771195,
  "A_234": 3.622884648119749,
  "A_235": 0.0,
  "A_236": 67.8253894619356,
  "A_237": 23.317654657180306,
  "A_238": 0.0,
  "A_239": 20.902398225100473,
  "A_240": 120.43679968477271,
  "A_241": 55.00622116992737,
  "A_242": 57.78477137646833,
  "A_243": 16.90679502455883,
  "A_244": 0.0,
  "A_245": 0.0,
  "A_246": 31.384673972180018,
  "A_247": 0.0,
  "A_248": 2.4152564320798326,
  "A_249": 64.20505578705057,
  "A_250": 39.95211129778475,
  "A_251": 12.076282160399163,
  "A_252": 19.55860081708336,
  "A_253": 66.42460356318239,
  "A_254": 87.09630835654444,
  "A_255": 82.43775370787166,
  "A_256": 93.18564483062694,
  "A_257": 125.61271181163863,
  "A_258": 170.15211387034213,
  "A_259": 24.679346576952263,
  "A_260": 57.68099828793495,
  "A_261": 11.786049264689925,
  "A_262": 33.65274050525386,
  "A_263": 74.12899512136352,
  "A_264": 10.460146368427658,
  "A_265": 154.23595097405448,
  "A_266": 52.09901646103661,
  "A_267": 171.7476031153942,
  "A_268": 129.532791124788,
  "A_269": 114.0480694308031,
  "A_270": 14.175783398051994,
  "A_271": 15.699166808518912,
  "A_272": 52.65216296273947,
  "A_273": 15.699166808518912,
  "A_274": 112.05324606036791,