{
  "A_1": 232.13765958037277,
  "A_2": 107.23621691187745,
  "A_3": 138.79803901060808,
  "A_4": 137.21766710940506,
  "A_5": 159.48683406800566,
  "A_6": 147.98762477895912,
  "A_7": 64.79483325909429,
  "A_8": 128.82546782201757,
  "A_9": 75.59709906749788,
  "A_10": 92.77971336067128,
  "A_11": 86.77811528621825,
  "A_12": 100.38021873298352,
  "A_13": 62.53024761068063,
  "A_14": 83.47945556631959,
  "A_15": 98.11319520867067,
  "A_16": 155.5660887372138,
  "A_17": 214.09731509454568,
  "A_18": 13.129846672707037,
  "A_19": 133.9045937624117,
  "A_20": 3.4867154561425533,
  "A_21": 32.72423651330009,
  "A_22": 22.944936104758412,
  "A_23": 14.609813272701345,
  "A_24": 44.80051867369925,
  "A_25": 105.50519935974945,
  "A_26": 89.54735381213396,
  "A_27": 45.58174480205274,
  "A_28": 122.85205611685254,
  "A_29": 30.05453620902071,
  "A_30": 115.28795552021012,
  "A_31": 126.04935549137582,
  "A_32": 87.86828563612576,
  "A_33": 80.09407532281121,
  "A_34": 47.588493658200974,
  "A_35": 6.973430912285107,
  "A_36": 56.644486340550756,
  "A_37": 50.72291091416998,
  "A_38": 16.08977987269565,
  "A_39": 93.15240678035195,
  "A_40": 83.39093805171204,
  "A_41": 121.12855325435196,
  "A_42": 71.10870564331412,
  "A_43": 96.75733408486377,
  "A_44": 199.1734807865621,
  "A_45": 31.42469786258675,
  "A_46": 11.483953715120732,
  "A_47": 29.051149214575982,
  "A_48": 46.82516204160235,
  "A_49": 11.940112968421968,
  "A_50": 89.57371805768288,
  "A_51": 60.63585467419537,
  "A_52": 50.72038507367648,
  "A_53": 4.830512864159665,
  "A_54": 58.1286878074421,
  "A_55": 49.9254993004652,
  "A_56": 0.0,
  "A_57": 9.66102572831933,
  "A_58": 58.651235196699005,
  "A_59": 24.751075420419035,
  "A_60": 0.0,
  "A_61": 23.33554916893515,
  "A_62": 145.0651393634013,
  "A_63": 15.471087181868294,
  "A_64": 0.0,
  "A_65": 50.51263783467991,
  "A_66": 107.22870222225005,
  "A_67": 50.43537978814283,
  "A_68": 0.0,
  "A_69": 47.72466285017818,
  "A_70": 135.91879447633426,
  "A_71": 51.61988588225232,
  "A_72": 73.4797033180902,
  "A_73": 51.51950571378482,
  "A_74": 111.53571265298613,
  "A_75": 25.59674189728294,
  "A_76": 105.90947206878401,
  "A_77": 44.9187933539216,
  "A_78": 42.390339055347624,
  "A_79": 92.58977266883525,
  "A_80": 31.31912778305552,
  "A_81": 83.11859966775764,
  "A_82": 20.42410959314735,
  "A_83": 94.73269071696068,
  "A_84": 29.426418740232585,
  "A_85": 26.940539305300057,
  "A_86": 46.99616521292255,
  "A_87": 67.92832060363783,
  "A_88": 133.2841292133277,
  "A_89": 54.34326972179624,
  "A_90": 162.97760846185668,
  "A_91": 106.33587415647045,
  "A_92": 18.000383427273437,
  "A_93": 119.45809304221456,
  "A_94": 30.190705400997906,
  "A_95": 59.84181084781524,
  "A_96": 53.50836005817821,
  "A_97": 73.6593521523931,
  "A_98": 0.0,
  "A_99": 27.366941392986487,
  "A_100": 2.142918048125441,
  "A_101": 118.27520800991434,
  "A_102": 1.0714590240627204,
  "A_103": 75.83704134800844,
  "A_104": 1.2076282160399163,
  "A_105": 16.90679502455883,
  "A_106": 0.0,
  "A_107": 79.94001161907917,
  "A_108": 74.06863884330275,
  "A_109": 8.707841384478959,
  "A_110": 73.38355801651974,
  "A_111": 68.69948106912919,
  "A_112": 86.77208342832336,
  "A_113": 55.36104521059441,
  "A_114": 0.0,
  "A_115": 56.80522278707903,
  "A_116": 29.918367017043515,
  "A_117": 20.529679672678576,
  "A_118": 0.0,
  "A_119": 71.87128327767591,
  "A_120": 135.91134261855996,
  "A_121": 0.0,
  "A_122": 47.004722911310935,
  "A_123": 48.968080089727785,
  "A_124": 40.478893553938676,
  "A_125": 0.0,
  "A_126": 92.17035748321038,
  "A_127": 30.190705400997906,
  "A_128": 10.8507594326044,
  "A_129": 127.88246223837481,
  "A_130": 115.2156737564363,
  "A_131": 51.09310362609838,
  "A_132": 195.6688708186647,
  "A_133": 15.61149124074253,
  "A_134": 115.85554078174884,
  "A_135": 33.8884479188674,
  "A_136": 46.14431608171637,
  "A_137": 25.89544452678626,
  "A_138": 104.37582193352516,
  "A_139": 77.12895221175887,
  "A_140": 100.83136400440964,
  "A_141": 52.12538070658553,
  "A_142": 125.00013894330048,
  "A_143": 93.48927347741106
}