{
  "A_1": 220.0920142315314,
  "A_2": 122.13298325755767,
  "A_3": 180.14505514569854,
  "A_4": 131.29602885117117,
  "A_5": 124.98311151111801,
  "A_6": 181.7620328845012,
  "A_7": 94.92431530245905,
  "A_8": 43.632952047177916,
  "A_9": 52.6215638502935,
  "A_10": 55.20877849786022,
  "A_11": 117.02589714254657,
  "A_12": 23.35767854758704,
  "A_13": 0.0,
  "A_14": 24.152564320798326,
  "A_15": 104.92748560349553,
  "A_16": 48.48765517477024,
  "A_17": 0.0,
  "A_18": 53.135641505756325,
  "A_19": 92.23494862816818,
  "A_20": 79.4599259961282,
  "A_21": 6.428754144376322,
  "A_22": 16.48039293687239,
  "A_23": 22.944936104758412,
  "A_24": 4.374353610858429,
  "A_25": 21.48709888341599,
  "A_26": 29.220468492233856,
  "A_27": 1.0714590240627204,
  "A_28": 0.0,
  "A_29": 19.967108393014946,
  "A_30": 0.0,
  "A_31": 0.0,
  "A_32": 28.53878058551671,
  "A_33": 7.245769296239498,
  "A_34": 0.0,
  "A_35": 2.4152564320798326,
  "A_36": 2.3012166187545233,
  "A_37": 0.0,
  "A_38": 0.0,
  "A_39": 16.90679502455883,
  "A_40": 52.18245716191595,
  "A_41": 41.05935934535715,
  "A_42": 2.142918048125441,
  "A_43": 76.08057761051472,
  "A_44": 96.49621746986799,
  "A_45": 0.0,
  "A_46": 3.622884648119749,
  "A_47": 110.26688621205429,
  "A_48": 60.38141080199581,
  "A_49": 2.4152564320798326,
  "A_50": 0.0,
  "A_51": 44.6822439934769,
  "A_52": 19.32205145663866,
  "A_53": 0.0,
  "A_54": 1.2076282160399163,
  "A_55": 22.944936104758412,
  "A_56": 0.0,
  "A_57": 1.2076282160399163,
  "A_58": 1.0714590240627204,
  "A_59": 2.142918048125441,
  "A_60": 0.0,
  "A_61": 0.0,
  "A_62": 4.830512864159665,
  "A_63": 19.422431625106164,
  "A_64": 9.252518152387744,
  "A_65": 53.25304910640629,
  "A_66": 169.64488488686413,
  "A_67": 80.76793438063562,
  "A_68": 191.6006716950839,
  "A_69": 24.77209895845685,
  "A_70": 19.32205145663866,
  "A_71": 17.886343613948128,
  "A_72": 28.692844289248754,
  "A_73": 11.922218456667121,
  "A_74": 4.602433237509047,
  "A_75": 2.4152564320798326,
  "A_76": 51.04458486915635,
  "A_77": 40.61590469274704,
  "A_78": 16.208054552918,
  "A_79": 60.71834033090801,
  "A_80": 9.66102572831933,
  "A_81": 65.07575447417828,
  "A_82": 130.09617921854158,
  "A_83": 45.43371295621559,
  "A_84": 0.0,
  "A_85": 1.2076282160399163,
  "A_86": 28.983077184957992,
  "A_87": 2.142918048125441,
  "A_88": 2.4152564320798326,
  "A_89": 8.453397512279414,
  "A_90": 8.453397512279414,
  "A_91": 27.775448968918074,
  "A_92": 20.529679672678576,
  "A_93": 2.4152564320798326,
  "A_94": 1.0935884027146072,
  "A_95": 20.766229033123274,
  "A_96": 0.0,
  "A_97": 4.69434367218247,
  "A_98": 35.38375805738184,
  "A_99": 2.4152564320798326,
  "A_100": 5.76580269624519,
  "A_101": 3.214377072188161,
  "A_102": 9.77930040854168,
  "A_103": 0.0,
  "A_104": 2.4152564320798326,
  "A_105": 32.7182926199995,
  "A_106": 1.2076282160399163,
  "A_107": 41.05935934535715,
  "A_108": 0.0,
  "A_109": 0.0,
  "A_110": 65.21192366615549,
  "A_111": 0.0,
  "A_112": 0.0,
  "A_113": 72.04918538646339,
  "A_114": 84.36201690730725,
  "A_115": 129.61773979014103,
  "A_116": 1.0714590240627204,
  "A_117": 38.21770082559088,
  "A_118": 21.013045118359905,
  "A_119": 57.055092500374954,
  "A_120": 4.422005288228078,
  "A_121": 40.7554668047901,
  "A_122": 127.85789498382374,
  "A_123": 57.62403492994005,
  "A_124": 165.72666539656575,
  "A_125": 97.81788549923323,
  "A_126": 104.98529090832159,
  "A_127": 77.98683320085996,
  "A_128": 46.961331233579536,
  "A_129": 84.8530101399515,
  "A_130": 20.529679672678576,
  "A_131": 15.861700246045034,
  "A_132": 39.35044603913985,
  "A_133": 6.038141080199582,
  "A_134": 2.4152564320798326,
  "A_135": 0.0,
  "A_136": 72.98447521854892,
  "A_137": 53.13564150575631,
  "A_138": 0.0,
  "A_139": 18.114423240598747,
  "A_140": 55.827471188687575,
  "A_141": 18.000383427273434,
  "A_142": 2.4152564320798326,
  "A_143": 74.87294939447482,
  "A_144": 89.36448798695382,
  "A_145": 0.0,
  "A_146": 4.422005288228077,
  "A_147": 54.34326972179623,
  "A_148": 57.829985177938795,
  "A_149": 0.0,
  "A_150": 13.928967312815367,
  "A_151": 143.66515771236737,
  "A_152": 16.61656212884959,
  "A_153": 47.59876038299291,
  "A_154": 147.53729632162296,
  "A_155": 172.6669713559114,
  "A_156": 6.038141080199582,
  "A_157": 66.53782656241775,
  "A_158": 198.54034933589887,
  "A_159": 61.47499920471043,
  "A_160": 48.69574170577339,
  "A_161": 50.334006876396785,
  "A_162": 82.91783933082263,
  "A_163": 0.0,
  "A_164": 39.99213518819147,
  "A_165": 97.81788549923323,
  "A_166": 19.185882264661466,
  "A_167": 22.944936104758412,
  "A_168": 97.78709789122806,
  "A_169": 61.78633103668119,
  "A_170": 6.038141080199582,
  "A_171": 31.70127111343818,
  "A_172": 86.94923155487396,
  "A_173": 56.75852615387607,
  "A_174": 2.4152564320798326,
  "A_175": 59.173782585955905,
  "A_176": 107.07040365162098,
  "A_177": 20.529679672678576,
  "A_178": 0.0,
  "A_179": 74.73678020249763,
  "A_180": 55.22487601861722,
  "A_181": 0.0,
  "A_182": 36.891797929328625,
  "A_183": 134.53772521307496,
  "A_184": 85.41558141961514,
  "A_185": 52.30241573580062,
  "A_186": 65.70715176569678,
  "A_187": 36.351356028316886,
  "A_188": 133.72332386629958,
  "A_189": 59.3447857572761,
  "A_190": 38.103661012265576,
  "A_191": 27.523530937212026,
  "A_192": 116.57037877414666,
  "A_193": 88.21805799580584,
  "A_194": 64.84764971478646,
  "A_195": 89.68531999510903,
  "A_196": 144.21664545314914,
  "A_197": 43.0661082015054,
  "A_198": 9.801429787193566,
  "A_199": 38.626208401522476,
  "A_200": 18.347579680977567,
  "A_201": 91.60778620354675,
  "A_202": 42.293351806946006,
  "A_203": 27.34904688123164,
  "A_204": 119.28866066722118,
  "A_205": 40.55894133475214,
  "A_206": 50.08124689785957,
  "A_207": 41.69678849477053,
  "A_208": 0.0,
  "A_209": 37.73304104373629,
  "A_210": 75.94440841853753,
  "A_211": 4.285836096250882,
  "A_212": 0.0,
  "A_213": 9.66102572831933,
  "A_214": 0.0,
  "A_215": 13.011571992484688,
  "A_216": 0.0,
  "A_217": 0.0,
  "A_218": 49.76720072983611,
  "A_219": 0.0,
  "A_220": 1.0714590240627204,
  "A_221": 17.960359536866704,
  "A_222": 14.105160395199295,
  "A_223": 3.4867154561425533,
  "A_224": 8.571672192501763,
  "A_225": 58.20270373036068,
  "A_226": 7.245769296239498,
  "A_227": 3.350546264165357,
  "A_228": 56.45463361330903,
  "A_229": 33.81359004911766,
  "A_230": 1.2076282160399163,
  "A_231": 79.22761150258054,
  "A_232": 101.98287080928583,
  "A_233": 1.0714590240627204,
  "A_234": 76.77233118009397,
  "A_235": 107.76900589318507,
  "A_236": 28.574569609026405,
  "A_237": 100.36655908812571,
  "A_238": 145.59449772553117,
  "A_239": 31.315734862989647,
  "A_240": 2.4152564320798326,
  "A_241": 10.618444939056742,
  "A_242": 125.47671854885006,
  "A_243": 0.0,
  "A_244": 3.622884648119749,
  "A_245": 60.38141080199582,
  "A_246": 107.47891122755254,
  "A_247": 1.0714590240627204,
  "A_248": 4.716473050834356,
  "A_249": 76.08057761051474,
  "A_250": 53.934762145864646,
  "A_251": 0.0,
  "A_252": 16.634456640604437,
  "A_253": 106.13511381953543,
  "A_254": 19.985002904769793,
  "A_255": 0.0,
  "A_256": 17.705915664667156,
  "A_257": 78.26775441594394,
  "A_258": 6.038141080199582,
  "A_259": 0.0,
  "A_260": 54.34326972179623,
  "A_261": 9.66102572831933,
  "A_262": 0.0,
  "A_263": 0.0,
  "A_264": 1.0714590240627204,
  "A_265": 2.142918048125441,
  "A_266": 0.0,
  "A_267": 30.66812695337865,
  "A_268": 12.076282160399163,
  "A_269": 111.42683761798332,
  "A_270": 157.63658679148867,
  "A_271": 43.72905964963653,
  "A_272": 3.214377072188161,
  "A_273": 55.46142537906192,
  "A_274": 92.99242431606055,
  "A_275": 65.35740453875792,
  "A_276": 45.60387418070462,
  "A_277": 7.109600104262302,
  "A_278": 1.2076282160399163,
  "A_279": 13.151976051358924,
  "A_280": 9.643131216564484,
  "A_281": 9.934206059104888,
  "A_282": 0.0,
  "A_283": 7.500213168439043,
  "A_284": 9.524856536342135,
  "A_285": 35.70629909194059,
  "A_286": 0.0,
  "A_287": 3.622884648119749,