{
  "A_1": 234.60991706955932,
  "A_2": 137.9315751903774,
  "A_3": 112.74853078008977,
  "A_4": 80.32119990529515,
  "A_5": 162.31747188074317,
  "A_6": 97.12419670857939,
  "A_7": 120.78324195623999,
  "A_8": 83.32634690675422,
  "A_9": 97.12758962864525,
  "A_10": 153.68109544594807,
  "A_11": 24.52528287322022,
  "A_12": 109.17063373876942,
  "A_13": 176.8651318843859,
  "A_14": 72.33243138011105,
  "A_15": 110.92983766018541,
  "A_16": 82.2981915958286,
  "A_17": 181.23183257554018,
  "A_18": 74.2388000677918,
  "A_19": 77.59114332295499,
  "A_20": 215.230927387667,
  "A_21": 166.34456640604438,
  "A_22": 95.33528588703105,
  "A_23": 161.9191430650092,
  "A_24": 147.176440423061,
  "A_25": 105.28230964416258,
  "A_26": 203.05921620882236
}