{
  "A_1": 178.0331132011375,
  "A_2": 86.0095937585559,
  "A_3": 153.44364130681913,
  "A_4": 168.8959920301014,
  "A_5": 51.74239542937171,
  "A_6": 67.80674096794391,
  "A_7": 155.46570856874627,
  "A_8": 96.83746983027154,
  "A_9": 58.471649194249196,
  "A_10": 16.384247635301932,
  "A_11": 35.59225927861529,
  "A_12": 85.56964512334716,
  "A_13": 96.60506737212958,
  "A_14": 104.10348354957077,
  "A_15": 20.63005984114608,
  "A_16": 57.4214776020072,
  "A_17": 109.05925799601437,
  "A_18": 25.73714595615718,
  "A_19": 79.97238258978177,
  "A_20": 146.9892266336483,
  "A_21": 94.78637425222522,
  "A_22": 87.86662687520466,
  "A_23": 47.17438148097539,
  "A_24": 95.79324213133013,
  "A_25": 43.601360191453416,
  "A_26": 40.945319532031846,
  "A_27": 88.31420329737628,
  "A_28": 94.47157410196492,
  "A_29": 5.357295120313602,
  "A_30": 46.65320382611546,
  "A_31": 59.78305049882249,
  "A_32": 54.76448189841894,
  "A_33": 44.282206151339395,
  "A_34": 70.92836565862748,
  "A_35": 18.54929506207926,
  "A_36": 0.0,
  "A_37": 73.32140474746112,
  "A_38": 88.92695209490304,
  "A_39": 44.326464908643175,
  "A_40": 33.541251665163266,
  "A_41": 155.2714450454189,
  "A_42": 58.76695890368664,
  "A_43": 53.89897312235495,
  "A_44": 84.42660805226507,
  "A_45": 45.16137457226119,
  "A_46": 0.0,
  "A_47": 7.245769296239498,
  "A_48": 1.0714590240627204,
  "A_49": 0.0,
  "A_50": 5.379424498965489,
  "A_51": 1.0714590240627204,
  "A_52": 18.989432192847197,
  "A_53": 2.4152564320798326,
  "A_54": 39.71556193734004,
  "A_55": 4.466264045531851,
  "A_56": 2.4152564320798326,
  "A_57": 0.0,
  "A_58": 67.84929069884413,
  "A_59": 32.355752827775234,
  "A_60": 0.0,
  "A_61": 28.42134785212553,
  "A_62": 119.39591464041473,
  "A_63": 40.37851338547117,
  "A_64": 99.82463435538148,
  "A_65": 20.302441992859123,
  "A_66": 20.493890649168883,
  "A_67": 43.03031917799571,
  "A_68": 2.279087240102637,
  "A_69": 0.0,
  "A_70": 0.0,
  "A_71": 0.0,
  "A_72": 0.0,
  "A_73": 0.0,
  "A_74": 0.0,
  "A_75": 18.623310984997836,
  "A_76": 15.000426336878085,
  "A_77": 116.21555473347962,
  "A_78": 0.0,
  "A_79": 47.09750042555674,
  "A_80": 25.11506034526394,
  "A_81": 1.0714590240627204,
  "A_82": 26.023143984969376,
  "A_83": 64.7676270667142,
  "A_84": 205.79035349903535,
  "A_85": 36.0568882657106,
  "A_86": 0.0,
  "A_87": 39.39572267246338,
  "A_88": 41.86271485236252,
  "A_89": 10.187807984473267,
  "A_90": 59.47492309135841,
  "A_91": 0.0,
  "A_92": 1.0935884027146072,
  "A_93": 3.350546264165357,
  "A_94": 0.0,
  "A_95": 2.142918048125441,
  "A_96": 1.2076282160399163,
  "A_97": 0.0,
  "A_98": 22.327927307593377,
  "A_99": 0.0,
  "A_100": 0.0,
  "A_101": 1.0714590240627204,
  "A_102": 38.1819118020812,
  "A_103": 53.490465546423366,
  "A_104": 103.5205798822531,
  "A_105": 83.68117094742126,
  "A_106": 13.28391037643908,
  "A_107": 43.34268145235683,
  "A_108": 23.468325440846474,
  "A_109": 43.63714921496311,
  "A_110": 81.79954544348023,
  "A_111": 0.0,
  "A_112": 0.0,
  "A_113": 80.33399247058057,
  "A_114": 25.36019253683824,
  "A_115": 0.0,
  "A_116": 0.0,
  "A_117": 48.62416365875401,
  "A_118": 44.12898439443852,
  "A_119": 0.0,
  "A_120": 14.47364408072415,
  "A_121": 0.0,
  "A_122": 21.42918048125441,
  "A_123": 44.18774474343127,
  "A_124": 17.84208485664435,
  "A_125": 64.83916741462176,
  "A_126": 81.81573092883151,
  "A_127": 11.395436200513185,
  "A_128": 27.639279776940878,
  "A_129": 128.5794936836121,
  "A_130": 26.922644793545203,
  "A_131": 114.49657576440023,
  "A_132": 2.3012166187545233,
  "A_133": 0.0,
  "A_134": 3.3948050214691308,
  "A_135": 22.11002644114039,
  "A_136": 8.317228320302219,
  "A_137": 1.2076282160399163,
  "A_138": 0.0,
  "A_139": 0.0,
  "A_140": 2.4152564320798326,
  "A_141": 12.058387648644317,
  "A_142": 84.73473545972915,
  "A_143": 52.45479554587033,
  "A_144": 97.13703953934726,
  "A_145": 122.93454177356519,
  "A_146": 10.526534504383319,
  "A_147": 34.168414089784704,
  "A_148": 54.87005197795017,
  "A_149": 26.45378093955285,
  "A_150": 0.0,
  "A_151": 109.38778062298559,
  "A_152": 41.74444017214017,
  "A_153": 0.0,
  "A_154": 42.26698756139707,
  "A_155": 133.86778686288224,
  "A_156": 45.06946413758777,
  "A_157": 0.0,
  "A_158": 39.03132305738819,
  "A_159": 55.69130199671038,
  "A_160": 15.154490040610128,
  "A_161": 0.0,
  "A_162": 114.70678601203718,
  "A_163": 87.30829046243807,
  "A_164": 63.01532208276549,
  "A_165": 152.47320333612524,
  "A_166": 25.2061288331062,
  "A_167": 131.57080511102475,
  "A_168": 75.87291833611243,
  "A_169": 130.64850890615446,
  "A_170": 11.786049264689925,
  "A_171": 63.55999885067428,
  "A_172": 15.000426336878085,
  "A_173": 53.099852482246625,
  "A_174": 29.584717310861667,
  "A_175": 30.19070540099791,
  "A_176": 123.12266034166217,
  "A_177": 38.22617055938497,
  "A_178": 51.11099813785323,
  "A_179": 84.39780593081694,
  "A_180": 39.01766341253038,
  "A_181": 45.71791399402993,
  "A_182": 44.59456842570052,
  "A_183": 0.0,
  "A_184": 38.76237759349967,
  "A_185": 57.434182202698324,
  "A_186": 119.78475584633485,
  "A_187": 23.354285627521165,
  "A_188": 0.0,
  "A_189": 3.214377072188161,
  "A_190": 56.95928649081107,
  "A_191": 8.59380157115365,
  "A_192": 94.49707126794145,
  "A_193": 90.90565281184004,
  "A_194": 62.361682315259614,
  "A_195": 79.66767323512478,
  "A_196": 212.51768460920883,
  "A_197": 21.17473660905486,
  "A_198": 92.73800557660222,
  "A_199": 44.63798523617314,
  "A_200": 30.3132149481173,
  "A_201": 50.84712948769291,
  "A_202": 39.58362761225989,
  "A_203": 42.23627535161558,
  "A_204": 47.17998608226939,
  "A_205": 79.19785433696575,
  "A_206": 10.460146368427658,
  "A_207": 86.49395194751577,
  "A_208": 15.272764720832477,
  "A_209": 48.16895944961946,
  "A_210": 116.73566424683735,
  "A_211": 139.43187417802574,
  "A_212": 163.32575975972748
}