{
  "A_1": 244.17903236320524,
  "A_2": 140.9570545794905,
  "A_3": 197.18886130906571,
  "A_4": 98.8926243460263,
  "A_5": 90.89294821114892,
  "A_6": 62.0060163277614,
  "A_7": 123.58742755883421,
  "A_8": 78.60891881175318,
  "A_9": 128.93791170627486,
  "A_10": 132.03314701866827,
  "A_11": 95.2664598751762,
  "A_12": 64.481629037902,
  "A_13": 94.19500085111349,
  "A_14": 95.40262906715338,
  "A_15": 91.37123684310205,
  "A_16": 101.30460095537576,
  "A_17": 108.55037025161528,
  "A_18": 148.12976299697812,
  "A_19": 52.88543250045382,
  "A_20": 92.98737263507356,
  "A_21": 79.70346225863447,
  "A_22": 55.8053418100357,
  "A_23": 76.08057761051472,
  "A_24": 73.07299273315648,
  "A_25": 70.27898589075984,
  "A_26": 139.83466405532778,
  "A_27": 145.98684494885268,
  "A_28": 100.09697273933585,
  "A_29": 120.82060177607647,
  "A_30": 49.99009044542301,
  "A_31": 81.24138495990223,
  "A_32": 46.84729142025423,
  "A_33": 156.0469911742547,
  "A_34": 160.1421577291739,
  "A_35": 80.83951242765501,
  "A_36": 133.11553878516548,
  "A_37": 58.9695162316195,
  "A_38": 48.96808008972779,
  "A_39": 81.83272066190212,
  "A_40": 7.636382360416238,
  "A_41": 10.298454877732702,
  "A_42": 99.75642409568674,
  "A_43": 72.92229681674908,
  "A_44": 35.25776762560227,
  "A_45": 71.2704850986034,
  "A_46": 25.851185769482484,
  "A_47": 80.31273017150107,
  "A_48": 25.36019253683824,
  "A_49": 57.48267582689913,
  "A_50": 22.246195633117583,
  "A_51": 65.0510741222917,
  "A_52": 94.27653146365944,
  "A_53": 0.0,
  "A_54": 73.55551623200662,
  "A_55": 67.16243801380448,
  "A_56": 5.76580269624519,
  "A_57": 109.84895385816193,
  "A_58": 59.342234784041395,
  "A_59": 77.86684949423405,
  "A_60": 0.0,
  "A_61": 6.038141080199582,
  "A_62": 8.453397512279414,
  "A_63": 7.544471925742817,
  "A_64": 2.142918048125441,
  "A_65": 44.80051867369925,
  "A_66": 3.214377072188161,
  "A_67": 51.07520911434353,
  "A_68": 110.93404739434123,
  "A_69": 59.39243743464575,
  "A_70": 77.49497288864333,
  "A_71": 12.076282160399163,
  "A_72": 0.0,
  "A_73": 8.453397512279414,
  "A_74": 0.0,
  "A_75": 0.0,
  "A_76": 16.90679502455883,
  "A_77": 25.430815539690943,
  "A_78": 123.38655412456369,
  "A_79": 96.49621746986801,
  "A_80": 12.327333112532834,
  "A_81": 4.830512864159665,
  "A_82": 0.0,
  "A_83": 0.0,
  "A_84": 12.857508288752644,
  "A_85": 1.2076282160399163,
  "A_86": 37.43647469723741,
  "A_87": 23.708267721357046,
  "A_88": 67.1752305790899,
  "A_89": 2.142918048125441,
  "A_90": 60.83661501113036,
  "A_91": 80.9680538326693,
  "A_92": 77.2345222912901,
  "A_93": 48.89574806047154,
  "A_94": 63.222114277595395,
  "A_95": 6.038141080199582,
  "A_96": 107.17078382008847,
  "A_97": 13.129846672707037,
  "A_98": 146.6291498500644,
  "A_99": 56.19595487421244,
  "A_100": 15.000426336878085,
  "A_101": 145.53234445647257,
  "A_102": 21.837688057185993,
  "A_103": 0.0,
  "A_104": 22.772977889271516,
  "A_105": 1.2076282160399163,
  "A_106": 3.214377072188161,
  "A_107": 4.422005288228077,
  "A_108": 15.272764720832477,
  "A_109": 24.116775297288633,
  "A_110": 14.219200208524605,
  "A_111": 127.99217922020878,
  "A_112": 50.36628988250508,
  "A_113": 54.57555908260268,
  "A_114": 4.830512864159665,
  "A_115": 0.0,
  "A_116": 0.0,
  "A_117": 0.0,
  "A_118": 3.214377072188161,
  "A_119": 15.272764720832477,
  "A_120": 126.88942993331634,
  "A_121": 41.95886015393299,
  "A_122": 8.044889936347825,
  "A_123": 0.0,
  "A_124": 1.0714590240627204,
  "A_125": 5.629633504267994,
  "A_126": 9.66102572831933,
  "A_127": 0.0,
  "A_128": 25.342298025083394,
  "A_129": 4.558174480205274,
  "A_130": 45.75370301753963,
  "A_131": 99.92501452384897,
  "A_132": 127.3497360889203,
  "A_133": 44.35622207425797,
  "A_134": 95.95821344475544,
  "A_135": 41.75714477283129,
  "A_136": 120.00538361521114,
  "A_137": 82.56629511288594,
  "A_138": 90.50053815597434,
  "A_139": 58.603583519329355,
  "A_140": 100.76752684168869,
  "A_141": 18.114423240598747,
  "A_142": 100.2365097186377,
  "A_143": 7.772551552393435,
  "A_144": 104.89169657998583,
  "A_145": 39.82017697270459,
  "A_146": 196.72063833997473,
  "A_147": 108.66165802977606,
  "A_148": 90.21114720709626,
  "A_149": 58.04864002662863,
  "A_150": 62.64260353034361,
  "A_151": 149.63256269237874,
  "A_152": 22.867828854668712,
  "A_153": 0.0,
  "A_154": 0.0,
  "A_155": 25.188234321351352,
  "A_156": 0.0,
  "A_157": 8.752100141782734,
  "A_158": 0.0,
  "A_159": 11.259267008535986,
  "A_160": 0.0,
  "A_161": 112.35110674304008,
  "A_162": 153.2367108819125,
  "A_163": 71.41503605978038,
  "A_164": 90.34232754993955,
  "A_165": 5.357295120313602,
  "A_166": 0.0,
  "A_167": 5.924101266874272,
  "A_168": 0.0,
  "A_169": 0.0,
  "A_170": 17.497414443433716,
  "A_171": 27.194983177499598,
  "A_172": 54.069222311438295,
  "A_173": 138.82173918558678,
  "A_174": 74.73678020249761,
  "A_175": 12.46350230451003,
  "A_176": 24.77972674541977,
  "A_177": 0.0,
  "A_178": 22.79087240102637,
  "A_179": 60.08013206651657,
  "A_180": 0.0,
  "A_181": 46.05748246077114,
  "A_182": 17.5442241739722,
  "A_183": 2.279087240102637,
  "A_184": 78.31021618224986,
  "A_185": 45.757937884436664,
  "A_186": 113.38839780540235,
  "A_187": 136.87459262526244,
  "A_188": 109.8871807575708,
  "A_189": 75.22861538197303,
  "A_190": 97.47405703285375,
  "A_191": 59.16859267489217,
  "A_192": 59.13799356244621,
  "A_193": 89.30230958515398,
  "A_194": 18.75948017697503,
  "A_195": 95.4399009223956,
  "A_196": 37.1862656919349,
  "A_197": 2.279087240102637,
  "A_198": 37.62621432714362,
  "A_199": 149.5058182783623,
  "A_200": 78.62255332386978,
  "A_201": 37.51896035395006,
  "A_202": 97.88247664419103,
  "A_203": 16.48039293687239,
  "A_204": 95.51391684531416,
  "A_205": 4.285836096250882,
  "A_206": 0.0,
  "A_207": 3.622884648119749,
  "A_208": 2.4152564320798326,
  "A_209": 6.495142280331983,
  "A_210": 17.551851960935114,
  "A_211": 6.701092528330714,
  "A_212": 5.467942013573036,
  "A_213": 86.82660891041907,
  "A_214": 156.7080827995349,
  "A_215": 102.49686050015433,
  "A_216": 79.63789093676877,
  "A_217": 4.830512864159665,
  "A_218": 0.0,
  "A_219": 1.2076282160399163,
  "A_220": 0.0,
  "A_221": 0.0,
  "A_222": 0.0,
  "A_223": 44.65840558842147,
  "A_224": 95.8041497410234,
  "A_225": 42.21330402613253,
  "A_226": 86.30412435301525,
  "A_227": 4.830512864159665,
  "A_228": 0.0,
  "A_229": 8.682319085761197,
  "A_230": 1.0714590240627204,
  "A_231": 4.830512864159665,
  "A_232": 31.398333617037824,
  "A_233": 51.54586995933374,
  "A_234": 94.17710633935863,
  "A_235": 3.214377072188161,
  "A_236": 94.59652152498347,
  "A_237": 21.25901925676537,
  "A_238": 48.96808008972779,
  "A_239": 0.0,
  "A_240": 90.58725867958404,
  "A_241": 0.0,
  "A_242": 42.29758667384304,
  "A_243": 0.0,
  "A_244": 45.99025237798432,
  "A_245": 146.81398859543103,
  "A_246": 56.977181002565914,
  "A_247": 22.835131158330142,
  "A_248": 57.77891544776205,
  "A_249": 53.30664467707652,
  "A_250": 6.428754144376322,
  "A_251": 54.57981908224093,
  "A_252": 123.01551946580415,
  "A_253": 57.99249348272369,
  "A_254": 1.0714590240627204,
  "A_255": 134.58967458919474,
  "A_256": 66.33524410174367,
  "A_257": 3.5088448347944396,
  "A_258": 22.90914708124872,
  "A_259": 0.0,
  "A_260": 2.1650474267773276,
  "A_261": 0.0,
  "A_262": 33.56769130893588,
  "A_263": 17.279513576980726,
  "A_264": 71.07810653086818,
  "A_265": 89.37539559664708,
  "A_266": 13.055830749788461,
  "A_267": 21.783250539684598,
  "A_268": 1.2076282160399163,
  "A_269": 3.214377072188161,
  "A_270": 0.0,
  "A_271": 0.0,
  "A_272": 2.142918048125441,
  "A_273": 41.78690193844609,
  "A_274": 61.47499920471042,
  "A_275": 13.034543317967739,
  "A_276": 78.37582520322744,
  "A_277": 0.0,
  "A_278": 15.000426336878085,
  "A_279": 46.50091198064005,
  "A_280": 1.2076282160399163,
  "A_281": 39.44322355338565,
  "A_282": 41.43207789777905,
  "A_283": 111.5493471651027,
  "A_284": 93.63147452728316,
  "A_285": 95.98034282340733,