{
  "A_1": 131.14568479314102,
  "A_2": 54.10576531718485,
  "A_3": 77.6975553493174,
  "A_4": 190.06482244496755,
  "A_5": 72.59592303915294,
  "A_6": 89.3644879869538,
  "A_7": 73.6653211784349,
  "A_8": 113.77149617995168,
  "A_9": 7.562441835721351,
  "A_10": 43.69201398906541,
  "A_11": 95.26645987517618,
  "A_12": 54.22922990847093,
  "A_13": 86.94923155487398,
  "A_14": 99.02551371527314,
  "A_15": 84.39780593081696,
  "A_16": 0.0,
  "A_17": 89.3644879869538,
  "A_18": 92.98737263507357,
  "A_19": 111.96730465173628,
  "A_20": 1.2076282160399163,
  "A_21": 44.9187933539216,
  "A_22": 123.82313497244775,
  "A_23": 35.66627520153386,
  "A_24": 8.98017976843335,
  "A_25": 55.905721978503195,
  "A_26": 21.192631120809708,
  "A_27": 133.37160371917426,
  "A_28": 64.66214495177728,
  "A_29": 55.47931989081677,
  "A_30": 183.54667114004064,
  "A_31": 61.432763633075574,
  "A_32": 47.47021897797863,
  "A_33": 137.4548824874923,
  "A_34": 23.63001693154143,
  "A_35": 257.31577797337957,
  "A_36": 57.018046839803816,
  "A_37": 20.529679672678576,
  "A_38": 108.89150951468329,
  "A_39": 64.37698886979625,
  "A_40": 1.2076282160399163,
  "A_41": 26.906660370123745,
  "A_42": 38.572524866257936,
  "A_43": 0.0,
  "A_44": 52.18245716191594,
  "A_45": 151.25547175811138,
  "A_46": 172.25744590396002,
  "A_47": 49.358693153904525,
  "A_48": 47.71100320532037,
  "A_49": 203.01823727424897,
  "A_50": 115.11254155280427,
  "A_51": 68.48749896323557,
  "A_52": 80.87953631806174,
  "A_53": 63.70301671463633,
  "A_54": 96.46710118915453,
  "A_55": 84.53397512279415,
  "A_56": 8.111278072303488,
  "A_57": 26.56782075287816,
  "A_58": 112.56386796391178,
  "A_59": 105.08471603262241,
  "A_60": 0.0,
  "A_61": 78.22349565864016,
  "A_62": 65.33019834637784,
  "A_63": 23.924484694147708,
  "A_64": 31.39833361703782,
  "A_65": 134.84585262053903,
  "A_66": 59.173782585955905,
  "A_67": 37.43647469723741,
  "A_68": 86.94923155487399,
  "A_69": 130.5583074978846,
  "A_70": 91.64357522705644,
  "A_71": 31.9293507400888,
  "A_72": 126.62900446870432,
  "A_73": 172.47714376141087,
  "A_74": 156.23928177739566,
  "A_75": 170.89677186020785,
  "A_76": 105.33341707345119,
  "A_77": 224.00939177499865,
  "A_78": 23.8104448808224,
  "A_79": 205.9546462284475,
  "A_80": 63.89025563679026,
  "A_81": 43.05866891010171,
  "A_82": 105.41847883613977,
  "A_83": 37.57687875611164,
  "A_84": 14.3553694005018,
  "A_85": 10.460146368427658,
  "A_86": 124.13549724680888,
  "A_87": 46.943436721824696,
  "A_88": 6.038141080199582,
  "A_89": 97.81788549923323,
  "A_90": 33.13274408923168,
  "A_91": 52.340755732545034,
  "A_92": 25.36019253683824,
  "A_93": 56.75852615387606,
  "A_94": 103.01093815561715,
  "A_95": 30.487699004097678,
  "A_96": 2.4152564320798326,
  "A_97": 96.33791889923891,
  "A_98": 59.1737825859559,
  "A_99": 33.60593077471538,
  "A_100": 26.804370113322857,
  "A_101": 147.68109330056305,
  "A_102": 132.53097635692671,
  "A_103": 41.55859611712443,
  "A_104": 129.55314864518326
}