{
  "A_1": 243.48460215668513,
  "A_2": 103.18449230017205,
  "A_3": 101.10532345017327,
  "A_4": 119.9985349432263,
  "A_5": 95.86630301008202,
  "A_6": 25.018073096862317,
  "A_7": 62.206776664696406,
  "A_8": 2.142918048125441,
  "A_9": 100.29773307627087,
  "A_10": 57.349899554987815,
  "A_11": 56.121059305350855,
  "A_12": 95.82204425277826,
  "A_13": 22.944936104758412,
  "A_14": 65.38716170437272,
  "A_15": 115.49891975008396,
  "A_16": 39.23472233215221,
  "A_17": 35.76665537000137,
  "A_18": 78.49583404259455,
  "A_19": 192.69789177890604,
  "A_20": 59.58217706455197,
  "A_21": 43.65588567354912,
  "A_22": 140.91285865403984,
  "A_23": 27.62138526518603,
  "A_24": 159.67311794599294,
  "A_25": 62.765113077463,
  "A_26": 42.36736772986457,
  "A_27": 39.39557187601601,
  "A_28": 43.00479687927795,
  "A_29": 82.7033690835474,
  "A_30": 25.188234321351352,
  "A_31": 30.190705400997906,
  "A_32": 0.0,
  "A_33": 63.151491274742696,
  "A_34": 121.82738169058709,
  "A_35": 40.08828048976194,
  "A_36": 177.17831097283695,
  "A_37": 104.80918579053196,
  "A_38": 70.15975616637081,
  "A_39": 32.605961833077735,
  "A_40": 47.76381966101253,
  "A_41": 99.92924939074601,
  "A_42": 118.90660530143282,
  "A_43": 62.41875877059003,
  "A_44": 87.10234021443932,
  "A_45": 164.6968764574602,
  "A_46": 56.60446245014403,
  "A_47": 36.759863604248466,
  "A_48": 68.4729973715466,
  "A_49": 86.2623286043519,
  "A_50": 108.51458122810558,
  "A_51": 47.48556251649877,
  "A_52": 10.209937363125153,
  "A_53": 61.99838854079849,
  "A_54": 101.95641859914261,
  "A_55": 118.45563595919532,
  "A_56": 0.0,
  "A_57": 36.22884648119749,
  "A_58": 65.53095868331283,
  "A_59": 25.756033211190562,
  "A_60": 39.54360372185316,
  "A_61": 158.94885517563435,
  "A_62": 123.78468187836783,
  "A_63": 65.41268400309048,
  "A_64": 47.48811348973348,
  "A_65": 40.3751204654053,
  "A_66": 44.61124399950579,
  "A_67": 192.0494419224639,
  "A_68": 41.67465911611864,
  "A_69": 3.214377072188161,
  "A_70": 16.362118256650046,
  "A_71": 198.0952107896264,
  "A_72": 113.05486119655602,
  "A_73": 32.043390553414106,
  "A_74": 57.40781795714939,
  "A_75": 8.980179768433352,
  "A_76": 42.10613801753328,
  "A_77": 67.92248980767276,
  "A_78": 123.62307835226717,
  "A_79": 29.087692220322534,
  "A_80": 0.0,
  "A_81": 82.50933175489105,
  "A_82": 146.43277517647385,
  "A_83": 39.918961212104065,
  "A_84": 53.7806984421326,
  "A_85": 164.3761072811581,
  "A_86": 71.18788634455522,
  "A_87": 44.338327562503125,
  "A_88": 66.11565934162836,
  "A_89": 193.8833906162941,
  "A_90": 88.88863723089987,
  "A_91": 272.6769722442253
}