{
  "A_1": 85.73985661331866,
  "A_2": 58.831663145979974,
  "A_3": 116.0590280211072,
  "A_4": 15.54510310478687,
  "A_5": 33.81359004911766,
  "A_6": 9.643131216564484,
  "A_7": 0.0,
  "A_8": 2.1871768054292144,
  "A_9": 3.622884648119749,
  "A_10": 22.944936104758412,
  "A_11": 5.357295120313602,
  "A_12": 40.17848189803181,
  "A_13": 136.32579408779213,
  "A_14": 101.65000021808206,
  "A_15": 11.940112968421968,
  "A_16": 4.830512864159665,
  "A_17": 116.09728005325728,
  "A_18": 55.62152094068885,
  "A_19": 3.622884648119749,
  "A_20": 49.30509758323429,
  "A_21": 101.96056550144534,
  "A_22": 36.41011637730962,
  "A_23": 2.142918048125441,
  "A_24": 82.31777000124578,
  "A_25": 101.89597435648751,
  "A_26": 47.84293753040053,
  "A_27": 72.2499457233984,
  "A_28": 24.116775297288633,
  "A_29": 105.02691072779633,
  "A_30": 74.2907745766528,
  "A_31": 77.24139609601616,
  "A_32": 108.93060349366456,
  "A_33": 76.29923245920457,
  "A_34": 33.81359004911766,
  "A_35": 73.22778528638415,
  "A_36": 8.453397512279414,
  "A_37": 91.23506765112485,
  "A_38": 3.2365064508400483,
  "A_39": 76.08057761051472,
  "A_40": 15.54510310478687,
  "A_41": 33.91397021758516,
  "A_42": 7.908720744370631,
  "A_43": 4.422005288228077,
  "A_44": 116.42753683937325,
  "A_45": 89.00267704422518,
  "A_46": 47.48724641016109,
  "A_47": 51.19696467922607,
  "A_48": 0.0,
  "A_49": 93.68945576129782,
  "A_50": 69.85681866997045,
  "A_51": 67.08079430392299,
  "A_52": 94.85096539718303,
  "A_53": 11.632940605124574,
  "A_54": 8.067019314999714,
  "A_55": 0.0,
  "A_56": 22.099847680942762,
  "A_57": 7.109600104262302,
  "A_58": 46.706862228638784,
  "A_59": 10.618444939056742,
  "A_60": 55.18908699510753,
  "A_61": 139.99961023601188,
  "A_62": 56.245290445244414,
  "A_63": 161.4723834569275,
  "A_64": 74.66943702237526,
  "A_65": 52.79172507478253,
  "A_66": 0.0,
  "A_67": 1.2076282160399163,
  "A_68": 1.0714590240627204,
  "A_69": 36.93350571339768,
  "A_70": 13.28391037643908,
  "A_71": 55.809576676932735,
  "A_72": 49.91607452250443,
  "A_73": 89.74744813142641,
  "A_74": 60.96515641614465,
  "A_75": 3.4867154561425533,
  "A_76": 4.374353610858429,
  "A_77": 0.0,
  "A_78": 1.0714590240627204,
  "A_79": 0.0,
  "A_80": 51.864992941085404,
  "A_81": 49.781677188783874,
  "A_82": 20.52967967267858,
  "A_83": 24.64355755344257,
  "A_84": 82.30158451589446,
  "A_85": 61.69194502699673,
  "A_86": 9.66102572831933,
  "A_87": 88.39085815812388,
  "A_88": 25.069959641129003,
  "A_89": 99.8500435567637,
  "A_90": 92.88000556454448,
  "A_91": 70.14281669878265,
  "A_92": 82.06503515544978,
  "A_93": 40.27294330593995,
  "A_94": 57.07756117103342,
  "A_95": 10.276325499080816,
  "A_96": 85.3236709849417,
  "A_97": 86.7652975881916,
  "A_98": 11.786049264689925,
  "A_99": 36.22884648119749,
  "A_100": 87.08021083578745,
  "A_101": 126.91225046235199,
  "A_102": 5.357295120313602,
  "A_103": 13.196234808662698,
  "A_104": 75.0958391100617,
  "A_105": 136.30778647870176,
  "A_106": 36.37348540696877,
  "A_107": 133.18694090299624,
  "A_108": 57.333802034230814,
  "A_109": 33.541251665163266,
  "A_110": 111.96211474067255,
  "A_111": 63.269765954965045,
  "A_112": 1.2076282160399163,
  "A_113": 71.64914754432588,
  "A_114": 87.26826657203134,
  "A_115": 82.43529069923127,
  "A_116": 17.82419034488951,
  "A_117": 104.3946463567055,
  "A_118": 84.4802915875296,
  "A_119": 56.19595487421244,
  "A_120": 9.66102572831933,
  "A_121": 42.62181160206411,
  "A_122": 2.142918048125441,
  "A_123": 53.86318409884526,
  "A_124": 4.830512864159665,
  "A_125": 114.51693328479547,
  "A_126": 21.234338904878776,
  "A_127": 10.986928624581596,
  "A_128": 41.42189913758143,
  "A_129": 3.622884648119749,
  "A_130": 68.83904318117227,
  "A_131": 9.66102572831933,
  "A_132": 77.50770262207567,
  "A_133": 18.114423240598747,
  "A_134": 116.31254198188125,
  "A_135": 75.93582558740793,
  "A_136": 4.285836096250882,
  "A_137": 65.44337108013076,
  "A_138": 0.0,
  "A_139": 44.47449675448032,
  "A_140": 0.0,
  "A_141": 1.2076282160399163,
  "A_142": 2.142918048125441,
  "A_143": 0.0,
  "A_144": 56.911634813441424,
  "A_145": 30.880021094677968,
  "A_146": 70.47974622769485,
  "A_147": 1.2076282160399163,
  "A_148": 85.6692461768366,
  "A_149": 5.493464312290798,
  "A_150": 62.709833613130435,
  "A_151": 174.50921385434705,
  "A_152": 82.11871869071432,
  "A_153": 51.53221031447593,
  "A_154": 24.270839001020676,
  "A_155": 102.08582708372924,
  "A_156": 5.357295120313602,
  "A_157": 15.471087181868294,
  "A_158": 1.0714590240627204,
  "A_159": 0.0,
  "A_160": 14.201305696769758,
  "A_161": 0.0,
  "A_162": 40.987781298337765,
  "A_163": 20.239446776969338,
  "A_164": 95.4672202121112,
  "A_165": 59.00182437046901,
  "A_166": 61.28598842429985,
  "A_167": 62.334476122879515,
  "A_168": 27.806048081364043,
  "A_169": 161.20088701980427,
  "A_170": 5.810061453548963,
  "A_171": 0.0,
  "A_172": 4.830512864159665,
  "A_173": 108.3912046014138,
  "A_174": 10.754614131033938,
  "A_175": 0.0,
  "A_176": 69.79127248084595,
  "A_177": 94.4604402976006,
  "A_178": 0.0,
  "A_179": 3.622884648119749,
  "A_180": 79.34165131590585,
  "A_181": 45.74004337268182,
  "A_182": 89.18310499350615,
  "A_183": 4.716473050834356,
  "A_184": 2.4152564320798326,
  "A_185": 12.371591869836607,
  "A_186": 6.631311472309179,
  "A_187": 0.0,
  "A_188": 37.60324300166057,
  "A_189": 48.054919636294144,
  "A_190": 13.832822011244904,
  "A_191": 16.336595957932282,
  "A_192": 13.16987056311377,
  "A_193": 24.02062999571817,
  "A_194": 7.9751088803262915,
  "A_195": 0.0,
  "A_196": 21.19263112080971,
  "A_197": 31.874913222587406,
  "A_198": 0.0,
  "A_199": 34.69519634593864,
  "A_200": 104.68479128782042,
  "A_201": 32.478262374894626,
  "A_202": 62.874892891150054,
  "A_203": 62.38815965814406,
  "A_204": 94.6128201076703,
  "A_205": 56.41893255439364,
  "A_206": 141.95693555653384,
  "A_207": 58.840132879774046,
  "A_208": 96.53705817436469,
  "A_209": 96.45619357946126,
  "A_210": 37.33513948460322,
  "A_211": 85.85045324109564,
  "A_212": 17.84631972354139,
  "A_213": 19.185882264661466,
  "A_214": 101.77175578296458,
  "A_215": 26.299717235820808,
  "A_216": 68.03652962099807,
  "A_217": 87.34492143277892,
  "A_218": 195.62037719446386,
  "A_219": 5.629633504267994,
  "A_220": 38.31808099405839,
  "A_221": 2.4152564320798326,
  "A_222": 29.065562841670644,
  "A_223": 89.41040550517869,
  "A_224": 0.0,
  "A_225": 2.4152564320798326,
  "A_226": 22.636808697294324,
  "A_227": 24.97381433955854,
  "A_228": 2.4152564320798326,
  "A_229": 1.2076282160399163,
  "A_230": 61.4995664592615,
  "A_231": 40.945319532031846,
  "A_232": 0.0,
  "A_233": 2.4152564320798326,
  "A_234": 53.54838394858495,
  "A_235": 22.795107267923406,
  "A_236": 0.0,
  "A_237": 8.707841384478959,
  "A_238": 49.51699172453361,
  "A_239": 1.2076282160399163,
  "A_240": 5.3572951203136014,
  "A_241": 16.88890051280398,
  "A_242": 8.317228320302219,
  "A_243": 12.555412739183451,
  "A_244": 33.23312425769918,
  "A_245": 117.38408897053827,
  "A_246": 54.28958618653169,
  "A_247": 47.42001632737427,
  "A_248": 115.03852562988568,
  "A_249": 64.09704783162015,
  "A_250": 0.0,
  "A_251": 48.89574806047153,
  "A_252": 125.38463218498802,
  "A_253": 46.58171374369037,
  "A_254": 0.0,
  "A_255": 57.285308410030005,
  "A_256": 45.617533825562425,
  "A_257": 4.830512864159665,
  "A_258": 0.0,
  "A_259": 25.460572705305744,
  "A_260": 3.622884648119749,
  "A_261": 0.0,
  "A_262": 44.04310581765999,
  "A_263": 17.725494070084334,
  "A_264": 0.0,
  "A_265": 22.79087240102637,
  "A_266": 122.53317189614256,
  "A_267": 5.76580269624519,
  "A_268": 4.830512864159665,
  "A_269": 34.57692166571629,
  "A_270": 64.35572657071674,
  "A_271": 12.466895224575904,
  "A_272": 13.011571992484688,
  "A_273": 33.81359004911766,
  "A_274": 176.34859122028266,
  "A_275": 141.70350956035406,
  "A_276": 12.857508288752644,
  "A_277": 11.123097816558792,
  "A_278": 70.82366265866862,