{
  "A_1": 228.7206497820281,
  "A_2": 53.20371353537431,
  "A_3": 134.21074824968935,
  "A_4": 60.27404373146674,
  "A_5": 77.95539214158282,
  "A_6": 148.16033697668286,
  "A_7": 47.530663220633706,
  "A_8": 69.92839671698984,
  "A_9": 0.0,
  "A_10": 37.14453277512462,
  "A_11": 74.8729493944748,
  "A_12": 61.48346893850451,
  "A_13": 87.7483521949823,
  "A_14": 39.135096145921565,
  "A_15": 41.085723590906085,
  "A_16": 116.18675261203151,
  "A_17": 73.30351023570627,
  "A_18": 22.90914708124872,
  "A_19": 89.65034778568928,
  "A_20": 83.10494002289983,
  "A_21": 111.74685281204859,
  "A_22": 4.830512864159665,
  "A_23": 70.76997912340408,
  "A_24": 147.54492410858586,
  "A_25": 94.90464893244759,
  "A_26": 43.523109401637804,
  "A_27": 68.81691380252039,
  "A_28": 70.06880077586408,
  "A_29": 72.74093895604264,
  "A_30": 52.65309287416494,
  "A_31": 55.27600858064705,
  "A_32": 110.86774722297989,
  "A_33": 71.25006474635506,
  "A_34": 13.538354248638624,
  "A_35": 84.24374222708491,
  "A_36": 123.81614807038618,
  "A_37": 50.820765242143985,
  "A_38": 168.42681401684368,
  "A_39": 165.66120717203555,
  "A_40": 57.52609263737175,
  "A_41": 82.556028388094,
  "A_42": 18.114423240598747,
  "A_43": 109.50778946235269,
  "A_44": 25.018073096862317,
  "A_45": 1.0935884027146072,
  "A_46": 47.07960591380189,
  "A_47": 86.94923155487398,
  "A_48": 1.0714590240627204,
  "A_49": 33.79569553736281,
  "A_50": 88.73033866027079,
  "A_51": 61.14474241859445,
  "A_52": 180.1680264711816,
  "A_53": 90.05624155653305,
  "A_54": 38.17428401511828,
  "A_55": 7.245769296239498,
  "A_56": 73.26104846940035,
  "A_57": 116.20189508862182,
  "A_58": 55.07345125271419,
  "A_59": 79.26169149968669,
  "A_60": 1.2076282160399163,
  "A_61": 27.775448968918077,
  "A_62": 66.22459720848424,
  "A_63": 23.72700417994306,
  "A_64": 2.4152564320798326,
  "A_65": 94.3241831410291,
  "A_66": 68.08238430736986,
  "A_67": 11.734162720423235,
  "A_68": 37.909573418126804,
  "A_69": 122.23937015117885,
  "A_70": 54.59771359399578,
  "A_71": 38.393893907974814,
  "A_72": 72.32152377041778,
  "A_73": 54.715988274218134,
  "A_74": 109.3716202703755,
  "A_75": 84.78841899499369,
  "A_76": 128.57282094081586,
  "A_77": 99.0364213249664,
  "A_78": 101.18630114241222,
  "A_79": 144.4940983499436,
  "A_80": 95.39564216509181,
  "A_81": 154.1848435447659,
  "A_82": 80.17656097952387,
  "A_83": 109.4856600837008,
  "A_84": 113.0906502200657,
  "A_85": 101.80406392181409,
  "A_86": 234.43978097781152,
  "A_87": 251.35837582437722
}