{
  "A_1": 174.22090361334182,
  "A_2": 119.81637283480057,
  "A_3": 27.1949831774996,
  "A_4": 29.278386894395435,
  "A_5": 20.902398225100473,
  "A_6": 0.0,
  "A_7": 0.0,
  "A_8": 70.51553525120453,
  "A_9": 0.0,
  "A_10": 107.81506164148666,
  "A_11": 217.50662170770377,
  "A_12": 73.91034027267366,
  "A_13": 65.41529780817828,
  "A_14": 19.32205145663866,
  "A_15": 127.91230736858392,
  "A_16": 87.46665186492024,
  "A_17": 0.0,
  "A_18": 49.42760713035368,
  "A_19": 82.14752081216243,
  "A_20": 51.676095258010356,
  "A_21": 0.0,
  "A_22": 92.86211105278963,
  "A_23": 177.50847979435864,
  "A_24": 74.1248482190608,
  "A_25": 84.88879916346119,
  "A_26": 3.350546264165357,
  "A_27": 71.5589210033148,
  "A_28": 20.379850835843577,
  "A_29": 42.26698756139707,
  "A_30": 20.810487790427047,
  "A_31": 17.97825404862155,
  "A_32": 108.61687148490647,
  "A_33": 19.32205145663866,
  "A_34": 91.783024241764,
  "A_35": 30.190705400997906,
  "A_36": 136.26175586314133,
  "A_37": 59.764402004830785,
  "A_38": 124.85541205293492,
  "A_39": 68.01779316241206,
  "A_40": 231.31731434029683,
  "A_41": 70.38020800605851,
  "A_42": 143.81582849603356,
  "A_43": 190.87580573893587,
  "A_44": 56.19595487421244,
  "A_45": 71.07894847769933,
  "A_46": 41.05935934535715,
  "A_47": 76.26005051562902,
  "A_48": 39.93421678602989,
  "A_49": 36.228846481197486,
  "A_50": 0.0,
  "A_51": 0.0,
  "A_52": 40.65085176942557,
  "A_53": 30.35492273218636,
  "A_54": 28.26644220156232,
  "A_55": 0.0,
  "A_56": 0.0,
  "A_57": 0.0,
  "A_58": 45.13744820261145,
  "A_59": 6.038141080199582,
  "A_60": 28.354959716169866,
  "A_61": 39.034715977454056,
  "A_62": 166.82857273662702,
  "A_63": 119.0930022767556,
  "A_64": 32.60596183307774,
  "A_65": 104.05771682779329,
  "A_66": 38.06363712185885,
  "A_67": 85.04709773409027,
  "A_68": 67.18711836569108,
  "A_69": 0.0,
  "A_70": 61.4315572614966,
  "A_71": 82.75011598223278,
  "A_72": 5.76580269624519,
  "A_73": 147.36551403532468,
  "A_74": 3.3948050214691308,
  "A_75": 5.357295120313602,
  "A_76": 52.77383056302769,
  "A_77": 81.56893997633611,
  "A_78": 7.816810309697209,
  "A_79": 16.90679502455883,
  "A_80": 118.376430125213,
  "A_81": 68.39051171483395,
  "A_82": 65.2876234827364,
  "A_83": 96.18469714233804,
  "A_84": 67.02881979506199,
  "A_85": 32.588067321322896,
  "A_86": 3.622884648119749,
  "A_87": 89.68531999510901,
  "A_88": 3.214377072188161,
  "A_89": 37.322434883912095,
  "A_90": 81.59521625729073,
  "A_91": 62.54645822877315,
  "A_92": 3.622884648119749,
  "A_93": 8.453397512279414,
  "A_94": 115.04041058547783,
  "A_95": 56.94487286371641,
  "A_96": 14.06513650479256,
  "A_97": 68.35472269132426,
  "A_98": 83.29055788324453,
  "A_99": 86.469145931923,
  "A_100": 157.10397373936968,
  "A_101": 101.81348869977487,
  "A_102": 155.4733363557092,
  "A_103": 148.78053763198398,
  "A_104": 83.17228320302219,
  "A_105": 128.93445595435588,
  "A_106": 77.72975039083138,
  "A_107": 131.03311524517758,
  "A_108": 85.82408899554672,
  "A_109": 41.56824708975625,
  "A_110": 48.54167800204135,
  "A_111": 169.9137675188996,
  "A_112": 138.43718311204614,
  "A_113": 75.52731801147635,
  "A_114": 87.87753448489792,
  "A_115": 193.93446034647087,
  "A_116": 91.65204496085053,
  "A_117": 135.53940318111614,
  "A_118": 69.79222752501263,
  "A_119": 113.86668643735545,
  "A_120": 154.42806564800676,
  "A_121": 51.06418840731474,
  "A_122": 33.88082013190448,
  "A_123": 119.28285500399733,
  "A_124": 99.81764745331989,
  "A_125": 22.71685647810779,
  "A_126": 10.868653944359247,
  "A_127": 40.74105317769545,
  "A_128": 35.820338905265906,
  "A_129": 0.0,
  "A_130": 33.387187961431216,
  "A_131": 99.0722103484761,
  "A_132": 57.33200504323297,
  "A_133": 93.10564731529591,
  "A_134": 70.4976407394497,
  "A_135": 11.392043280447309,
  "A_136": 145.5798202046536,
  "A_137": 31.14812461173532,
  "A_138": 0.0,
  "A_139": 7.109600104262302,
  "A_140": 113.16016738230434,
  "A_141": 63.323449490229585,
  "A_142": 0.0,
  "A_143": 33.67742085714046,
  "A_144": 87.6716722014935,
  "A_145": 11.826073155096658,
  "A_146": 0.0,
  "A_147": 42.49504205530647,
  "A_148": 136.6177108771637,
  "A_149": 62.28079258761498,
  "A_150": 39.71556193734004,
  "A_151": 120.28111491923143,
  "A_152": 106.01681400657188,
  "A_153": 67.42366772613578,
  "A_154": 79.70346225863449,
  "A_155": 121.96448079398974,
  "A_156": 94.17020740189136,
  "A_157": 117.05046439709766,
  "A_158": 141.75861309549802,
  "A_159": 158.02733808574214,
  "A_160": 230.83902570834366,
  "A_161": 195.30038713313982,
  "A_162": 228.96408551356942
}