{
  "A_1": 236.8319655534434,
  "A_2": 194.52339587168336,
  "A_3": 117.12108739995035,
  "A_4": 97.55570074273524,
  "A_5": 45.889872209516824,
  "A_6": 119.73985620412974,
  "A_7": 16.11614411824458,
  "A_8": 42.38526224161942,
  "A_9": 130.88590021343035,
  "A_10": 148.1041024681836,
  "A_11": 48.364190583484145,
  "A_12": 2.4152564320798326,
  "A_13": 46.65320382611546,
  "A_14": 38.235595337345735,
  "A_15": 0.0,
  "A_16": 20.52967967267858,
  "A_17": 49.90336992181331,
  "A_18": 22.03601051822181,
  "A_19": 0.0,
  "A_20": 54.7627728720154,
  "A_21": 96.48499570090938,
  "A_22": 33.62373732187592,
  "A_23": 0.0,
  "A_24": 115.76879512539796,
  "A_25": 136.38530841902173,
  "A_26": 55.11930593908599,
  "A_27": 138.38347444404036,
  "A_28": 54.50325218608764,
  "A_29": 27.754161537097353,
  "A_30": 0.0,
  "A_31": 0.0,
  "A_32": 1.2076282160399163,
  "A_33": 0.0,
  "A_34": 0.0,
  "A_35": 2.4152564320798326,
  "A_36": 41.14184500206981,
  "A_37": 50.76708170687945,
  "A_38": 30.036641697265864,
  "A_39": 11.786049264689925,
  "A_40": 118.5024456897338,
  "A_41": 88.39848594508679,
  "A_42": 69.71641461109621,
  "A_43": 22.944936104758412,
  "A_44": 74.63967985676047,
  "A_45": 23.4538238491575,
  "A_46": 119.92446875482531,
  "A_47": 29.78219782506632,
  "A_48": 131.50102405500323,
  "A_49": 158.00753348565394,
  "A_50": 7.851719687263898,
  "A_51": 51.471854036415166,
  "A_52": 88.95598041102221,
  "A_53": 108.23038019029123,
  "A_54": 2.4152564320798326,
  "A_55": 15.699166808518912,
  "A_56": 159.84423421464865,
  "A_57": 43.47461577743699,
  "A_58": 0.0,
  "A_59": 53.79001012275785,
  "A_60": 42.213304026132526,
  "A_61": 6.561530416287644,
  "A_62": 1.2076282160399163,
  "A_63": 64.91064493067623,
  "A_64": 1.0714590240627204,
  "A_65": 0.0,
  "A_66": 2.142918048125441,
  "A_67": 77.3706914832673,
  "A_68": 21.973857249163192,
  "A_69": 169.54616347931776,
  "A_70": 116.40291931933976,
  "A_71": 65.39139657126977,
  "A_72": 0.0,
  "A_73": 70.13008696535032,
  "A_74": 19.39267445949136,
  "A_75": 22.38236482509478,
  "A_76": 50.5126378346799,
  "A_77": 91.69450672715644,
  "A_78": 44.513264007825626,
  "A_79": 21.056461928832515,
  "A_80": 115.32704949919138,
  "A_81": 133.71465307057568,
  "A_82": 52.01049894642905,
  "A_83": 142.6958507150288,
  "A_84": 89.29290993993442,
  "A_85": 70.45517897314379,
  "A_86": 41.994649177442675,
  "A_87": 96.43829906770642,
  "A_88": 112.61056459711472,
  "A_89": 24.156799187695366,
  "A_90": 117.92116308422537,
  "A_91": 34.59481617747114,
  "A_92": 134.2474923173657,
  "A_93": 19.304156944883815,
  "A_94": 26.303952102717847,
  "A_95": 79.70346225863447,
  "A_96": 27.058813985522402,
  "A_97": 2.1871768054292144,
  "A_98": 2.142918048125441,
  "A_99": 12.076282160399163,
  "A_100": 21.991751760918035,
  "A_101": 1.2076282160399163,
  "A_102": 57.21552735400846,
  "A_103": 16.90679502455883,
  "A_104": 121.26472244632915,
  "A_105": 70.53850657668758,
  "A_106": 68.17183173340288,
  "A_107": 36.8705104975079,
  "A_108": 1.0714590240627204,
  "A_109": 0.0,
  "A_110": 0.0,
  "A_111": 0.0,
  "A_112": 0.0,
  "A_113": 0.0,
  "A_114": 9.643131216564484,
  "A_115": 45.19960147167008,
  "A_116": 54.834262954440476,
  "A_117": 76.35715086136616,
  "A_118": 22.67004674756931,
  "A_119": 63.64428149838479,
  "A_120": 53.72794481829353,
  "A_121": 4.285836096250882,
  "A_122": 7.245769296239498,
  "A_123": 73.42865872065468,
  "A_124": 0.0,
  "A_125": 0.0,
  "A_126": 85.99178721139535,
  "A_127": 37.16837118018005,
  "A_128": 0.0,
  "A_129": 8.044889936347825,
  "A_130": 56.19595487421244,
  "A_131": 77.39282086191918,
  "A_132": 31.78894668121456,
  "A_133": 66.77437592286245,
  "A_134": 211.72625458791654
}