{
  "A_1": 112.18848534091963,
  "A_2": 82.86839066245514,
  "A_3": 61.01883995140919,
  "A_4": 128.13708203976296,
  "A_5": 35.76665537000136,
  "A_6": 3.622884648119749,
  "A_7": 101.11820398005301,
  "A_8": 2.279087240102637,
  "A_9": 0.0,
  "A_10": 33.13274408923168,
  "A_11": 54.47772988736988,
  "A_12": 0.0,
  "A_13": 15.54510310478687,
  "A_14": 146.7474245302868,
  "A_15": 21.58324418498645,
  "A_16": 160.9523619081641,
  "A_17": 91.22996570465544,
  "A_18": 41.92486812142115,
  "A_19": 21.944100083548392,
  "A_20": 129.5957612079366,
  "A_21": 0.0,
  "A_22": 2.4152564320798326,
  "A_23": 178.13320434308088,
  "A_24": 47.905090799459146,
  "A_25": 42.127651644025065,
  "A_26": 165.70456115065508,
  "A_27": 32.17955974539131,
  "A_28": 44.52478736967898,
  "A_29": 76.74352905864586,
  "A_30": 74.22693741393184,
  "A_31": 55.22487601861722,
  "A_32": 0.0,
  "A_33": 44.22005288228078,
  "A_34": 186.44533071691367,
  "A_35": 44.45584826048861,
  "A_36": 1.2076282160399163,
  "A_37": 100.33773183393637,
  "A_38": 157.54992909973205,
  "A_39": 7.245769296239498,
  "A_40": 29.083457353425494,
  "A_41": 117.2691192457875,
  "A_42": 91.77275751697206,
  "A_43": 81.12974532336425,
  "A_44": 54.561924570486084,
  "A_45": 99.03480026315718,
  "A_46": 73.30107235980708,
  "A_47": 1.2076282160399163,
  "A_48": 12.993677480729842,
  "A_49": 80.91109047467438,
  "A_50": 89.85800706009155,
  "A_51": 105.46941033623978,
  "A_52": 152.56009978892354,
  "A_53": 222.66475242015042,
  "A_54": 76.86603860576525,
  "A_55": 17.591875851341847,
  "A_56": 58.338872922337885,
  "A_57": 39.930823865964015,
  "A_58": 25.36019253683824,
  "A_59": 150.31502971407397,
  "A_60": 25.56698473166814,
  "A_61": 0.0,
  "A_62": 76.00899956349535,
  "A_63": 124.63316322224934,
  "A_64": 11.962242347073854,
  "A_65": 45.796252748439855,
  "A_66": 45.88987220951682,
  "A_67": 97.70384568590791,
  "A_68": 0.0,
  "A_69": 37.11816852957569,
  "A_70": 49.54843278381074,
  "A_71": 35.003323753402725,
  "A_72": 21.737307888718494,
  "A_73": 19.32205145663866,
  "A_74": 103.51124306888664,
  "A_75": 98.29521908701966,
  "A_76": 100.87562276171342,
  "A_77": 43.68224991909805,
  "A_78": 96.496217469868,
  "A_79": 141.4192833897985,
  "A_80": 58.284435404836486,
  "A_81": 81.24802000358659,
  "A_82": 106.25338849975779,
  "A_83": 114.01895315008963,
  "A_84": 38.45085726596972,
  "A_85": 177.6479539418074,
  "A_86": 43.50521488988296,
  "A_87": 149.15177335267336,
  "A_88": 58.184809218605835,
  "A_89": 39.78279202012687,
  "A_90": 38.99892695394437,
  "A_91": 12.555412739183451,
  "A_92": 56.53288440312463,
  "A_93": 1.2076282160399163,
  "A_94": 49.875296649860836,
  "A_95": 4.69434367218247,
  "A_96": 7.245769296239498,
  "A_97": 0.0,
  "A_98": 16.638691507501477,
  "A_99": 54.34326972179623,
  "A_100": 9.38868734436494,
  "A_101": 4.716473050834356,
  "A_102": 21.447074993009256,
  "A_103": 148.68534737458015,
  "A_104": 38.99892695394437,
  "A_105": 23.51597711821612,
  "A_106": 6.038141080199582,
  "A_107": 53.021601692431005,
  "A_108": 69.77009814636075,
  "A_109": 6.038141080199582,
  "A_110": 25.36019253683824,
  "A_111": 99.15469600518877,
  "A_112": 95.14816006221261,
  "A_113": 0.0,
  "A_114": 144.9766218487938,
  "A_115": 79.53573891004463,
  "A_116": 119.3941427821581,
  "A_117": 35.27226921729124,
  "A_118": 109.15963816448186,
  "A_119": 54.934643122907985,
  "A_120": 18.350972601043445,
  "A_121": 92.88000556454446,
  "A_122": 49.02504344772268,
  "A_123": 69.12840899730912,
  "A_124": 81.17823894756506,
  "A_125": 73.8660815153699,
  "A_126": 71.05078724115256,
  "A_127": 30.445149273197455,
  "A_128": 24.68018852378343,
  "A_129": 30.19494026789495,
  "A_130": 26.830734358871783,
  "A_131": 40.46099904218383,
  "A_132": 0.0,
  "A_133": 26.56782075287816,
  "A_134": 98.41772863413905,
  "A_135": 55.296428932895395,
  "A_136": 0.0,
  "A_137": 65.87487511428662,
  "A_138": 7.245769296239498,
  "A_139": 7.772551552393435,
  "A_140": 65.25862029935844,
  "A_141": 3.622884648119749,
  "A_142": 10.986928624581596,
  "A_143": 0.0,
  "A_144": 1.2076282160399163,
  "A_145": 10.051638792496071,
  "A_146": 1.2076282160399163,
  "A_147": 11.87456677929747,
  "A_148": 80.00553267546246,
  "A_149": 32.06128506516896,
  "A_150": 156.71741961290135,
  "A_151": 112.6769527330704,
  "A_152": 57.63250466373414,
  "A_153": 49.512756857636575,
  "A_154": 64.51063222127995,
  "A_155": 69.19989907973421,
  "A_156": 2.279087240102637,
  "A_157": 9.66102572831933,
  "A_158": 49.687994895853805,
  "A_159": 9.116348960410548,
  "A_160": 69.54606489104798,
  "A_161": 36.31133213791014,
  "A_162": 81.60284404425364,
  "A_163": 84.81560005463257,
  "A_164": 15.699166808518912,
  "A_165": 46.52730135893019,
  "A_166": 17.754409288867972,
  "A_167": 12.076282160399163,
  "A_168": 1.2076282160399163,
  "A_169": 0.0,
  "A_170": 0.0,
  "A_171": 0.0,
  "A_172": 27.75755445716323,
  "A_173": 43.36057596411168,
  "A_174": 116.6956403564306,
  "A_175": 18.000383427273434,
  "A_176": 98.88934452329593,
  "A_177": 6.038141080199582,
  "A_178": 80.63023209144349,
  "A_179": 100.95303160469786,
  "A_180": 51.609707122054694,
  "A_181": 3.214377072188161,
  "A_182": 72.91289717152954,
  "A_183": 70.04243653031516,
  "A_184": 155.37785707178128,
  "A_185": 162.6016729185575,
  "A_186": 18.759480176975032,
  "A_187": 86.24190825210354,
  "A_188": 31.12344425984872,
  "A_189": 49.5033320796758,
  "A_190": 59.682670330354995,
  "A_191": 1.2076282160399163,
  "A_192": 14.491538592478996,
  "A_193": 0.0,
  "A_194": 0.0,
  "A_195": 8.453397512279414,
  "A_196": 4.830512864159665,
  "A_197": 84.27677921543005,
  "A_198": 88.2018473777133,
  "A_199": 30.534508734636162,
  "A_200": 42.929939009528205,
  "A_201": 8.339357698954105,
  "A_202": 80.22088256868074,
  "A_203": 97.24171740656487,
  "A_204": 40.39554081765364,
  "A_205": 1.2076282160399163,
  "A_206": 48.91439655446324,
  "A_207": 50.44804668972209,
  "A_208": 3.622884648119749,
  "A_209": 12.076282160399163,
  "A_210": 168.0645129856611,
  "A_211": 137.15380481394288,
  "A_212": 61.754010331461046,
  "A_213": 173.42606810561298,
  "A_214": 20.239446776969338,
  "A_215": 113.30411515769181,
  "A_216": 121.09717502692791,
  "A_217": 31.108100721328587,
  "A_218": 89.34438179397085,
  "A_219": 80.15103868080611,
  "A_220": 131.09770639013536,
  "A_221": 18.114423240598747,
  "A_222": 74.96813965187859,
  "A_223": 24.152564320798326,
  "A_224": 58.56863644265083,
  "A_225": 9.546985914994021,
  "A_226": 24.743183739673213,
  "A_227": 58.47504211431507,
  "A_228": 33.35743079581643,
  "A_229": 0.0,
  "A_230": 0.0,
  "A_231": 49.731411706326426,
  "A_232": 45.137146609716716,
  "A_233": 0.0,
  "A_234": 3.622884648119749,
  "A_235": 108.63285590832793,
  "A_236": 17.279513576980726,
  "A_237": 21.28652704204021,
  "A_238": 0.0,
  "A_239": 0.0,
  "A_240": 0.0,
  "A_241": 3.4867154561425533,
  "A_242": 0.0,
  "A_243": 7.245769296239498,
  "A_244": 55.05291780313033,
  "A_245": 15.357047368542986,
  "A_246": 5.901971888222386,
  "A_247": 14.491538592478996,
  "A_248": 105.32900627736552,
  "A_249": 58.6724095311842,
  "A_250": 12.058387648644317,
  "A_251": 84.41993530946884,
  "A_252": 112.94410120596106,
  "A_253": 99.94290903560382,
  "A_254": 35.02121826515757,
  "A_255": 92.09460740114704,
  "A_256": 99.82197028481124,
  "A_257": 99.88505346529533,
  "A_258": 18.214803409066246,
  "A_259": 53.43220785225521,
  "A_260": 73.08146246695054,
  "A_261": 16.49828744862724,
  "A_262": 186.22124719611838,
  "A_263": 98.7131263081708,
  "A_264": 29.61023960957943,
  "A_265": 90.50477302287138,
  "A_266": 16.071885360940804,
  "A_267": 179.23612955916195,
  "A_268": 70.78787363515893,
  "A_269": 53.526254569933066,
  "A_270": 18.114423240598747,
  "A_271": 60.24428656585194,
  "A_272": 14.491538592478996,
  "A_273": 0.0,
  "A_274": 0.0,
  "A_275": 0.0,
  "A_276": 0.0,
  "A_277": 15.905959003348809,
  "A_278": 106.29762212432036,
  "A_279": 120.53810976466568,