{
  "A_1": 210.2038262216163,
  "A_2": 127.6664714602552,
  "A_3": 121.73036930944423,
  "A_4": 152.8138776434805,
  "A_5": 91.77974441903362,
  "A_6": 60.24524161001862,
  "A_7": 7.772551552393435,
  "A_8": 107.47891122755256,
  "A_9": 134.70968342856185,
  "A_10": 26.56782075287816,
  "A_11": 10.868653944359247,
  "A_12": 42.880226447377815,
  "A_13": 101.32673033402764,
  "A_14": 13.28391037643908,
  "A_15": 62.79666723407564,
  "A_16": 64.83493254772473,
  "A_17": 61.45286982605853,
  "A_18": 1.2076282160399163,
  "A_19": 90.96272926717046,
  "A_20": 65.51055089743514,
  "A_21": 43.47461577743699,
  "A_22": 3.214377072188161,
  "A_23": 165.43807869540694,
  "A_24": 135.99979730131443,
  "A_25": 125.22990246361343,
  "A_26": 52.66158774070024,
  "A_27": 1.0935884027146072,
  "A_28": 64.05099208331853,
  "A_29": 79.58942244530917,
  "A_30": 2.4152564320798326,
  "A_31": 53.68981844984956,
  "A_32": 149.39694324335952,
  "A_33": 46.983460612231426,
  "A_34": 24.951684960906654,
  "A_35": 54.07093133784184,
  "A_36": 105.06365479547273,
  "A_37": 10.868653944359247,
  "A_38": 3.622884648119749,
  "A_39": 67.62718009823531,
  "A_40": 83.32634690675422,
  "A_41": 6.196477349940508,
  "A_42": 0.0,
  "A_43": 74.8729493944748,
  "A_44": 66.40688498061613,
  "A_45": 14.149419152503068,
  "A_46": 21.737307888718497,
  "A_47": 95.13029068319901,
  "A_48": 9.432946101668712,
  "A_49": 0.0,
  "A_50": 62.79666723407565,
  "A_51": 102.85339356722493,
  "A_52": 0.0,
  "A_53": 81.77659925073839,
  "A_54": 38.50793372130013,
  "A_55": 147.05131707085383,
  "A_56": 80.74682287800351,
  "A_57": 1.0714590240627204,
  "A_58": 106.25249628744419,
  "A_59": 118.70152213300646,
  "A_60": 51.67609525801035,
  "A_61": 67.62718009823531,
  "A_62": 59.52944857345412,
  "A_63": 31.81107605986645,
  "A_64": 159.98791809625325,
  "A_65": 150.2512553832061,
  "A_66": 11.553734771142267,
  "A_67": 92.44269586716477,
  "A_68": 45.07369900448481,
  "A_69": 17.29740808873557,
  "A_70": 162.37179630090904,
  "A_71": 16.366353123547086,
  "A_72": 120.34834500201823,
  "A_73": 127.18543079313753,
  "A_74": 88.38999107855149,
  "A_75": 20.529679672678576,
  "A_76": 48.38422137824344,
  "A_77": 1.0714590240627204,
  "A_78": 0.0,
  "A_79": 0.0,
  "A_80": 0.0,
  "A_81": 0.0,
  "A_82": 0.0,
  "A_83": 0.0,
  "A_84": 26.56782075287816,
  "A_85": 37.939418548335915,
  "A_86": 2.142918048125441,
  "A_87": 73.01327733999705,
  "A_88": 132.37265265355643,
  "A_89": 15.136595528855281,
  "A_90": 0.0,
  "A_91": 69.15384333143258,
  "A_92": 81.16034443581022,
  "A_93": 1.0714590240627204,
  "A_94": 0.0,
  "A_95": 93.10054536882649,
  "A_96": 19.071842451336153,
  "A_97": 0.0,
  "A_98": 48.13317042610976,
  "A_99": 67.86372945868001,
  "A_100": 20.493890649168883,
  "A_101": 79.16470425128506,
  "A_102": 19.208011643313352,
  "A_103": 170.65401471267964,
  "A_104": 52.851327370606455,
  "A_105": 28.578804475923445,
  "A_106": 24.565306763626957,
  "A_107": 0.0,
  "A_108": 0.0,
  "A_109": 0.0,
  "A_110": 0.0,
  "A_111": 0.0,
  "A_112": 0.0,
  "A_113": 14.47364408072415,
  "A_114": 17.143344385003527,
  "A_115": 114.09053119710903,
  "A_116": 43.711165137881686,
  "A_117": 139.3274350718498,
  "A_118": 0.0,
  "A_119": 92.572054086269,
  "A_120": 64.98807890640191,
  "A_121": 24.152564320798326,
  "A_122": 0.0,
  "A_123": 76.65405649987163,
  "A_124": 105.53852537461876,
  "A_125": 4.830512864159665,
  "A_126": 37.673024057682106,
  "A_127": 90.25032915067183,
  "A_128": 120.6733239124762,
  "A_129": 36.22884648119749,
  "A_130": 116.95008422863015,
  "A_131": 121.35173199646297,
  "A_132": 10.714590240627205,
  "A_133": 83.25314779792559,
  "A_134": 40.27717817283698,
  "A_135": 39.851731129317244,
  "A_136": 58.777979610715434,
  "A_137": 25.360192536838245,
  "A_138": 102.95980559358732,
  "A_139": 112.48802991725412,
  "A_140": 35.048424457537664,
  "A_141": 46.93833477535527,
  "A_142": 2.4152564320798326,
  "A_143": 23.240245814195852,
  "A_144": 11.734162720423235,
  "A_145": 27.775448968918077,
  "A_146": 1.0714590240627204,
  "A_147": 6.038141080199582,
  "A_148": 56.44021998621436,
  "A_149": 32.978680385499636,
  "A_150": 0.0,
  "A_151": 2.142918048125441,
  "A_152": 83.0003249875353,
  "A_153": 18.527165683427373,
  "A_154": 7.500213168439043,
  "A_155": 164.24756587614382,
  "A_156": 1.2076282160399163,
  "A_157": 63.697009989482645,
  "A_158": 33.23312425769918,
  "A_159": 1.0935884027146072,
  "A_160": 0.0,
  "A_161": 6.038141080199582,
  "A_162": 1.0714590240627204,
  "A_163": 23.980606105311438,
  "A_164": 0.0,
  "A_165": 12.857508288752646,
  "A_166": 0.0,
  "A_167": 20.529679672678576,
  "A_168": 15.136595528855281,
  "A_169": 37.909573418126804,
  "A_170": 87.4462315126719,
  "A_171": 6.701092528330714,
  "A_172": 2.3012166187545233,
  "A_173": 0.0,
  "A_174": 0.0,
  "A_175": 10.596315560404856,
  "A_176": 0.0,
  "A_177": 0.0,
  "A_178": 43.4030377304176,
  "A_179": 18.77737468872988,
  "A_180": 2.142918048125441,
  "A_181": 39.93421678602989,
  "A_182": 148.549178182603,
  "A_183": 50.653129858148446,
  "A_184": 99.41612677944988,
  "A_185": 151.0352084139829,
  "A_186": 2.4152564320798326,
  "A_187": 1.0714590240627204,
  "A_188": 0.0,
  "A_189": 0.0,
  "A_190": 0.0,
  "A_191": 2.142918048125441,
  "A_192": 4.422005288228077,
  "A_193": 9.66102572831933,
  "A_194": 1.2076282160399163,
  "A_195": 2.1871768054292144,
  "A_196": 82.69736235839372,
  "A_197": 10.868653944359247,
  "A_198": 96.7021425851255,
  "A_199": 49.032671234685594,
  "A_200": 28.983077184957992,
  "A_201": 77.46947572266677,
  "A_202": 19.32205145663866,
  "A_203": 0.0,
  "A_204": 73.02192300297972,
  "A_205": 25.224023344861045,
  "A_206": 1.2076282160399163,
  "A_207": 8.317228320302219,
  "A_208": 3.4867154561425533,
  "A_209": 5.3572951203136014,
  "A_210": 15.545103104786868,
  "A_211": 5.76580269624519,
  "A_212": 2.4152564320798326,
  "A_213": 1.2076282160399163,
  "A_214": 35.02121826515757,
  "A_215": 1.2076282160399163,
  "A_216": 2.4152564320798326,
  "A_217": 25.36019253683824,
  "A_218": 20.824989382116023,
  "A_219": 0.0,
  "A_220": 9.524856536342135,
  "A_221": 8.954657469715588,
  "A_222": 44.92903494597231,
  "A_223": 70.1249221870278,
  "A_224": 67.84583494692517,
  "A_225": 21.855582568940843,
  "A_226": 10.847366512538525,
  "A_227": 0.0,
  "A_228": 43.47461577743699,
  "A_229": 25.36019253683824,
  "A_230": 2.279087240102637,
  "A_231": 22.246195633117583,
  "A_232": 14.790241221982313,
  "A_233": 19.32205145663866,
  "A_234": 0.0,
  "A_235": 3.622884648119749,
  "A_236": 0.0,
  "A_237": 7.245769296239498,
  "A_238": 24.515104113022595,
  "A_239": 51.606314201988816,
  "A_240": 54.71598827421813,
  "A_241": 0.0,
  "A_242": 0.0,
  "A_243": 55.24277053037207,
  "A_244": 112.755203522886,
  "A_245": 16.48039293687239,
  "A_246": 42.36736772986457,
  "A_247": 62.62470901858876,
  "A_248": 3.2586358294919346,
  "A_249": 19.83093920103775,
  "A_250": 55.98820763521586,
  "A_251": 41.39628887426936,
  "A_252": 6.859428798071641,
  "A_253": 56.10404443953901,
  "A_254": 8.453397512279414,
  "A_255": 18.214803409066246,
  "A_256": 29.33790122562504,
  "A_257": 8.453397512279414,
  "A_258": 0.0,
  "A_259": 0.0,
  "A_260": 0.0,
  "A_261": 1.2076282160399163,
  "A_262": 28.070758678355517,
  "A_263": 1.2076282160399163,
  "A_264": 9.643131216564484,
  "A_265": 12.857508288752644,
  "A_266": 57.645209264425255,
  "A_267": 77.77580613913301,
  "A_268": 40.40064276412306,
  "A_269": 36.09267728922029,
  "A_270": 3.350546264165357,
  "A_271": 14.491538592478996,
  "A_272": 3.4867154561425533,
  "A_273": 3.214377072188161,
  "A_274": 0.0,
  "A_275": 13.19284188859682,
  "A_276": 0.0,
  "A_277": 2.4152564320798326,
  "A_278": 0.0,
  "A_279": 67.05698103160877,
  "A_280": 1.2076282160399163,
  "A_281": 27.094603009032095,
  "A_282": 9.66102572831933,
  "A_283": 3.622884648119749,
  "A_284": 9.643131216564484,
  "A_285": 51.247167329830425,
  "A_286": 120.83344460684432,
  "A_287": 145.77492567481215,