{
  "A_1": 230.48237954393753,
  "A_2": 226.32510998544217,
  "A_3": 190.56524045557254,
  "A_4": 74.24059705878965,
  "A_5": 138.09672243299133,
  "A_6": 38.862757761967174,
  "A_7": 118.43005082862445,
  "A_8": 116.19264623984967,
  "A_9": 29.6409266866197,
  "A_10": 95.16858041446099,
  "A_11": 92.27920738547198,
  "A_12": 81.8897719844913,
  "A_13": 0.0,
  "A_14": 6.038141080199582,
  "A_15": 78.55703226748649,
  "A_16": 7.131729482914189,
  "A_17": 0.0,
  "A_18": 13.28391037643908,
  "A_19": 64.5956688512273,
  "A_20": 0.0,
  "A_21": 1.2076282160399163,
  "A_22": 62.2587511735574,
  "A_23": 99.63478162813972,
  "A_24": 104.95628772494365,
  "A_25": 22.602816664782488,
  "A_26": 18.118658107495786,
  "A_27": 166.14282589220147,
  "A_28": 35.956508097243095,
  "A_29": 15.000426336878085,
  "A_30": 62.251990466166866,
  "A_31": 59.94567190094292,
  "A_32": 176.41582130306946,
  "A_33": 63.47919708762395,
  "A_34": 0.0,
  "A_35": 5.901971888222386,
  "A_36": 105.65502819658447,
  "A_37": 69.44407622714182,
  "A_38": 17.68802115291231,
  "A_39": 70.90614831538127,
  "A_40": 22.654703209049174,
  "A_41": 79.58942244530918,
  "A_42": 101.463741472836,
  "A_43": 55.441934938239044,
  "A_44": 13.266015864684233,
  "A_45": 2.4152564320798326,
  "A_46": 113.5637489409551,
  "A_47": 174.6905968477947,
  "A_48": 54.83426295444048,
  "A_49": 11.259267008535987,
  "A_50": 109.83529421330411,
  "A_51": 14.491538592478996,
  "A_52": 52.9075618791057,
  "A_53": 81.25648973738068,
  "A_54": 66.98540298458938,
  "A_55": 0.0,
  "A_56": 7.245769296239498,
  "A_57": 47.09750042555673,
  "A_58": 42.894149986018505,
  "A_59": 1.2076282160399163,
  "A_60": 1.2076282160399163,
  "A_61": 49.204629450172476,
  "A_62": 23.74829161176378,
  "A_63": 15.699166808518912,
  "A_64": 6.428754144376322,
  "A_65": 50.802870730389145,
  "A_66": 71.11389555437786,
  "A_67": 11.746942719338039,
  "A_68": 9.524856536342135,
  "A_69": 151.58751296885464,
  "A_70": 78.37837617646215,
  "A_71": 20.529679672678576,
  "A_72": 83.06923896398446,
  "A_73": 68.15819722128629,
  "A_74": 43.84733432985888,
  "A_75": 10.986928624581596,
  "A_76": 90.87325670839623,
  "A_77": 141.11779102601878,
  "A_78": 27.87582913738558,
  "A_79": 102.95377373569244,
  "A_80": 70.08913316351811,
  "A_81": 34.565059011856334,
  "A_82": 85.33309576290247,
  "A_83": 23.493847739564238,
  "A_84": 0.0,
  "A_85": 6.4339817545518985,
  "A_86": 63.14131251454506,
  "A_87": 7.131729482914189,
  "A_88": 0.0,
  "A_89": 0.0,
  "A_90": 57.622237938942206,
  "A_91": 6.916429855178373,
  "A_92": 5.493464312290798,
  "A_93": 112.06588782920593,
  "A_94": 43.84733432985888,
  "A_95": 40.18866065822944,
  "A_96": 113.9203448398788,
  "A_97": 28.7107388010036,
  "A_98": 9.937598979170762,
  "A_99": 48.83191089775059,
  "A_100": 102.76667304361523,
  "A_101": 80.14500682291121,
  "A_102": 25.917573905438147,
  "A_103": 6.196477349940508,
  "A_104": 78.00208877478578,
  "A_105": 9.66102572831933,
  "A_106": 20.430405344825147,
  "A_107": 99.39823226769504,
  "A_108": 23.90235531549582,
  "A_109": 0.0,
  "A_110": 88.1210707474042,
  "A_111": 63.7583213117101,
  "A_112": 10.868653944359247,
  "A_113": 10.323977176450462,
  "A_114": 95.74802832985966,
  "A_115": 197.48414588576193,
  "A_116": 63.04516721297461,
  "A_117": 103.06114080622152,
  "A_118": 119.0547753773467,
  "A_119": 6.038141080199582,
  "A_120": 111.93920624704259,
  "A_121": 61.14474241859445,
  "A_122": 7.131729482914189,
  "A_123": 16.928962102322558,
  "A_124": 97.64590215100512,
  "A_125": 72.92229681674908,
  "A_126": 43.655885673549115,
  "A_127": 80.93528073810705,
  "A_128": 97.8748237244869,
  "A_129": 84.27779709144983,
  "A_130": 10.346106555102349,
  "A_131": 27.28010777204127,
  "A_132": 100.13517450600352,
  "A_133": 9.116348960410548,
  "A_134": 0.0,
  "A_135": 84.00020596457863,
  "A_136": 122.78216196349547,
  "A_137": 37.08069561240367,
  "A_138": 19.985002904769793,
  "A_139": 139.16896057203212,
  "A_140": 66.41955188219539,
  "A_141": 54.46238634884975,
  "A_142": 32.48249724179166,
  "A_143": 0.0,
  "A_144": 144.4532325127057,
  "A_145": 41.335932596208586,
  "A_146": 0.0,
  "A_147": 16.071885360940808,
  "A_148": 58.747380498269465,
  "A_149": 43.08823758015728,
  "A_150": 10.868653944359247,
  "A_151": 53.47257103466852,
  "A_152": 21.623268075393185,
  "A_153": 31.26418761072955,
  "A_154": 15.953610680718457,
  "A_155": 46.82516204160235,
  "A_156": 112.2362249828836,
  "A_157": 54.325375210041386,
  "A_158": 75.6183864993186,
  "A_159": 96.92929230035065,
  "A_160": 76.36382360416238,
  "A_161": 226.33189582557395,
  "A_162": 172.12229458800257,
  "A_163": 71.87722717097651,
  "A_164": 61.88774164753906,
  "A_165": 43.63714921496311,
  "A_166": 69.44584808539847,
  "A_167": 111.26676718909762,
  "A_168": 64.16926676354088,
  "A_169": 0.0,
  "A_170": 27.775448968918077,
  "A_171": 124.88183913033691,
  "A_172": 62.4619493863916,
  "A_173": 0.0,
  "A_174": 80.9398925961225,
  "A_175": 173.72051073547803,
  "A_176": 57.13124470629796,
  "A_177": 26.395862537391267,
  "A_178": 110.41396301372474
}