{
  "A_1": 82.93501755945249,
  "A_2": 75.7954215285337,
  "A_3": 41.92571006825231,
  "A_4": 55.736402700845325,
  "A_5": 90.32190719769122,
  "A_6": 13.28391037643908,
  "A_7": 65.43057851484534,
  "A_8": 51.2914260871342,
  "A_9": 16.79275521123352,
  "A_10": 38.35387001756808,
  "A_11": 98.91147390194783,
  "A_12": 67.6271800982353,
  "A_13": 0.0,
  "A_14": 12.076282160399163,
  "A_15": 78.49583404259457,
  "A_16": 25.36019253683824,
  "A_17": 36.09267728922029,
  "A_18": 81.84638030675991,
  "A_19": 96.47408809121612,
  "A_20": 16.208054552918,
  "A_21": 81.82848579500508,
  "A_22": 55.69130199671039,
  "A_23": 9.432946101668712,
  "A_24": 103.80234304416827,
  "A_25": 93.42468233245326,
  "A_26": 125.5873654421095,
  "A_27": 125.8920119649134,
  "A_28": 157.08506135159507,
  "A_29": 44.273736417545315,
  "A_30": 36.19305745768779,
  "A_31": 207.95116605891567,
  "A_32": 96.36849287894367,
  "A_33": 0.0,
  "A_34": 89.14908782825309,
  "A_35": 94.11576988438995,
  "A_36": 57.966154369915984,
  "A_37": 16.49828744862724,
  "A_38": 104.67727659819302,
  "A_39": 36.09267728922029,
  "A_40": 0.0,
  "A_41": 100.29220387320056,
  "A_42": 42.15294774807177,
  "A_43": 54.20710052981904,
  "A_44": 7.245769296239498,
  "A_45": 77.15203663457744,
  "A_46": 92.98737263507357,
  "A_47": 1.2076282160399163,
  "A_48": 65.99314979450897,
  "A_49": 23.607887552889544,
  "A_50": 112.83620634786615,
  "A_51": 14.47364408072415,
  "A_52": 84.87090465170634,
  "A_53": 146.88359372226398,
  "A_54": 49.305009618639986,
  "A_55": 39.65001574821555,
  "A_56": 116.99260882678917,
  "A_57": 47.848969388295416,
  "A_58": 55.60023350886813,
  "A_59": 192.05967094814395,
  "A_60": 59.173782585955905,
  "A_61": 80.77492128269719,
  "A_62": 84.41993530946883,
  "A_63": 62.7787727223208,
  "A_64": 73.80576293642098,
  "A_65": 97.40937792330163,
  "A_66": 92.85120344309635,
  "A_67": 42.38526224161942,
  "A_68": 32.105543822472725,
  "A_69": 57.97038923681302,
  "A_70": 95.40262906715338,
  "A_71": 38.92067616412876,
  "A_72": 103.7198573874556,
  "A_73": 147.8216732886259,
  "A_74": 98.48083694736435,
  "A_75": 63.69616804265148,
  "A_76": 161.40167248948052,
  "A_77": 134.03304720283168,
  "A_78": 38.49427407644232,
  "A_79": 102.52313678110897,
  "A_80": 70.62286462262179,
  "A_81": 21.58324418498645,
  "A_82": 83.72786758062422,
  "A_83": 60.6189152066072,
  "A_84": 1.2076282160399163,
  "A_85": 30.409360249687758,
  "A_86": 31.170253990387202,
  "A_87": 48.16895944961946,
  "A_88": 1.2076282160399163,
  "A_89": 31.398333617037828,
  "A_90": 86.5407239789424,
  "A_91": 19.617361166076105,
  "A_92": 1.0714590240627204,
  "A_93": 116.3229218040087,
  "A_94": 59.97290322606423,
  "A_95": 0.0,
  "A_96": 62.79666723407565,
  "A_97": 46.983460612231426,
  "A_98": 9.27464753103963,
  "A_99": 15.699166808518912,
  "A_100": 114.97912439599159,
  "A_101": 47.09750042555674,
  "A_102": 1.2076282160399163,
  "A_103": 50.72038507367648,
  "A_104": 87.39254797740736,
  "A_105": 9.116348960410548,
  "A_106": 21.991751760918042,
  "A_107": 120.43679968477271,
  "A_108": 136.0168247334969,
  "A_109": 75.3137399765147,
  "A_110": 112.44707611542191,
  "A_111": 107.4039402604673,
  "A_112": 78.78595384096829,
  "A_113": 55.73246942684304,
  "A_114": 44.226084740175665,
  "A_115": 101.30460095537578,
  "A_116": 115.47614948653074,
  "A_117": 90.02743943508494,
  "A_118": 38.64410291327732,
  "A_119": 65.3523025922885,
  "A_120": 85.60543414685687,
  "A_121": 17.43018436064689,
  "A_122": 9.66102572831933,
  "A_123": 46.26259076193872,
  "A_124": 47.31615527424659,
  "A_125": 0.0,
  "A_126": 3.622884648119749,
  "A_127": 79.70346225863447,
  "A_128": 7.245769296239498,
  "A_129": 0.0,
  "A_130": 30.190705400997906,
  "A_131": 53.135641505756325,
  "A_132": 0.0,
  "A_133": 0.0,
  "A_134": 10.732484752382051,
  "A_135": 0.0,
  "A_136": 57.966154369915984,
  "A_137": 21.737307888718494,
  "A_138": 0.0,
  "A_139": 0.0,
  "A_140": 58.76527501002432,
  "A_141": 4.830512864159665,
  "A_142": 0.0,
  "A_143": 53.13564150575631,
  "A_144": 4.830512864159665,
  "A_145": 14.337474888746954,
  "A_146": 9.252518152387744,
  "A_147": 43.46526639769991,
  "A_148": 57.36779406674266,
  "A_149": 160.94806420941399,
  "A_150": 70.84155717042348,
  "A_151": 66.52077399749406,
  "A_152": 62.93188138188616,
  "A_153": 157.24014293134687,
  "A_154": 41.704416281733444,
  "A_155": 61.58903901803573,
  "A_156": 95.68446762729225,
  "A_157": 56.87680083409842,
  "A_158": 100.89609337944418,
  "A_159": 96.41020066301272,
  "A_160": 23.763635150283918,
  "A_161": 107.18357638537388,
  "A_162": 134.59222556242943,
  "A_163": 96.47092136582128,
  "A_164": 26.020593011734665,
  "A_165": 104.8355751688221,
  "A_166": 44.5682041801516,
  "A_167": 15.585126995193603,
  "A_168": 82.37316256291386,
  "A_169": 74.8729493944748,
  "A_170": 67.6271800982353,
  "A_171": 6.038141080199582,
  "A_172": 118.23352535858649,
  "A_173": 98.75317533131874,
  "A_174": 26.45378093955285,
  "A_175": 27.775448968918077,
  "A_176": 82.1187186907143,
  "A_177": 62.66049804209845,
  "A_178": 0.0,
  "A_179": 35.66627520153386,
  "A_180": 198.39391341912972,
  "A_181": 19.031818560929423,
  "A_182": 149.46138359186992,
  "A_183": 61.17110666414338,
  "A_184": 97.58980587258262,
  "A_185": 54.87089392478134,
  "A_186": 72.34365314906967,
  "A_187": 21.69473302507705,
  "A_188": 54.207100529819044,
  "A_189": 92.98737263507357,
  "A_190": 4.602433237509047,
  "A_191": 1.2076282160399163,
  "A_192": 91.898019099256,
  "A_193": 75.94440841853752,
  "A_194": 0.0,
  "A_195": 14.491538592478996,
  "A_196": 49.26254785233406,
  "A_197": 35.9565080972431,
  "A_198": 0.0,
  "A_199": 57.82998517793879,
  "A_200": 95.40262906715338,
  "A_201": 26.45378093955285,
  "A_202": 1.0714590240627204,
  "A_203": 113.8795920999764,
  "A_204": 8.225317885628796,
  "A_205": 16.770625832581633,
  "A_206": 1.2076282160399163,
  "A_207": 10.732484752382051,
  "A_208": 4.830512864159665,
  "A_209": 0.0,
  "A_210": 8.225317885628796,
  "A_211": 14.54003221667981,
  "A_212": 23.225744222506883,
  "A_213": 1.0714590240627204,
  "A_214": 1.2076282160399163,
  "A_215": 19.185882264661466,
  "A_216": 3.622884648119749,
  "A_217": 1.2076282160399163,
  "A_218": 9.66102572831933,
  "A_219": 5.924101266874272,
  "A_220": 4.909680999030129,
  "A_221": 3.622884648119749,
  "A_222": 39.83212759115885,
  "A_223": 10.051638792496071,
  "A_224": 68.7811247790107,
  "A_225": 5.357295120313602,
  "A_226": 2.4152564320798326,
  "A_227": 114.6114826572979,
  "A_228": 0.0,
  "A_229": 28.869037371632686,
  "A_230": 6.038141080199582,
  "A_231": 18.000383427273434,
  "A_232": 10.868653944359247,
  "A_233": 0.0,
  "A_234": 111.22007055589465,
  "A_235": 15.351932855702941,
  "A_236": 82.74588111533575,
  "A_237": 102.11462920517738,
  "A_238": 32.39830255867546,
  "A_239": 104.05159700530407,
  "A_240": 16.90679502455883,
  "A_241": 62.79666723407565,
  "A_242": 39.85173112931724,
  "A_243": 56.48618776992167,
  "A_244": 28.82901348122595,
  "A_245": 1.2076282160399163,
  "A_246": 40.514682577448376,
  "A_247": 45.48136463358524,
  "A_248": 59.1737825859559,
  "A_249": 0.0,
  "A_250": 44.9187933539216,
  "A_251": 56.27844053092509,
  "A_252": 0.0,
  "A_253": 49.49486234588173,
  "A_254": 106.15724319818733,
  "A_255": 64.00429545011556,
  "A_256": 4.69434367218247,
  "A_257": 147.9220157579815,
  "A_258": 98.61700613934156,
  "A_259": 10.868653944359247,
  "A_260": 3.622884648119749,
  "A_261": 136.9606722639708,
  "A_262": 14.377498779153687,
  "A_263": 28.641070842317596,
  "A_264": 80.1645852283284,
  "A_265": 37.19050055883194,
  "A_266": 65.72165335738573,
  "A_267": 87.47262089096203,
  "A_268": 135.11819100449344,
  "A_269": 30.989826041106237,
  "A_270": 2.4152564320798326,
  "A_271": 45.20902624963084,
  "A_272": 38.25772471599762,
  "A_273": 2.4152564320798326,
  "A_274": 26.395862537391267,
  "A_275": 34.50290574279772,
  "A_276": 66.48075010708735,
  "A_277": 60.58217113893082,