{
  "A_1": 191.57234709571915,
  "A_2": 179.4946323690699,
  "A_3": 95.92845627914063,
  "A_4": 218.29727261401803,
  "A_5": 102.08910690645962,
  "A_6": 12.897532179159379,
  "A_7": 63.714062554406325,
  "A_8": 11.962242347073854,
  "A_9": 110.27779382174754,
  "A_10": 45.994487244881356,
  "A_11": 0.0,
  "A_12": 33.81359004911766,
  "A_13": 55.77378765342304,
  "A_14": 73.47808225628097,
  "A_15": 17.161238896758373,
  "A_16": 135.74013838530993,
  "A_17": 137.47976390130873,
  "A_18": 68.69863912229803,
  "A_19": 211.9910280167611,
  "A_20": 50.02164460203566,
  "A_21": 140.20988331550197,
  "A_22": 145.13488272031097,
  "A_23": 93.44426073787042,
  "A_24": 196.3608003174325,
  "A_25": 164.06356907760835,
  "A_26": 42.26179765033335,
  "A_27": 139.1137942050351,
  "A_28": 33.509697508550616,
  "A_29": 163.65016061713717,
  "A_30": 155.36275229430282,
  "A_31": 69.54793728026951,
  "A_32": 9.66102572831933,
  "A_33": 1.0714590240627204,
  "A_34": 14.491538592478996,
  "A_35": 0.0,
  "A_36": 1.2076282160399163,
  "A_37": 0.0,
  "A_38": 0.0,
  "A_39": 0.0,
  "A_40": 101.66627366802766,
  "A_41": 100.59226367073023,
  "A_42": 110.28478072380912,
  "A_43": 136.7341885663882,
  "A_44": 2.142918048125441,
  "A_45": 0.0,
  "A_46": 3.622884648119749,
  "A_47": 3.622884648119749,
  "A_48": 0.0,
  "A_49": 1.0714590240627204,
  "A_50": 50.02077752246328,
  "A_51": 56.047897895634065,
  "A_52": 3.214377072188161,
  "A_53": 120.31852500455037,
  "A_54": 146.56633056336324,
  "A_55": 42.38526224161942,
  "A_56": 245.7245702850653,
  "A_57": 139.96825714132905,
  "A_58": 76.32907758941369,
  "A_59": 48.317833242287776,
  "A_60": 26.804370113322857,
  "A_61": 48.56209835428969,
  "A_62": 6.564923336353519,
  "A_63": 13.28391037643908,
  "A_64": 11.189485952514453,
  "A_65": 0.0,
  "A_66": 17.279513576980726,
  "A_67": 16.770625832581633,
  "A_68": 35.31652797459502,
  "A_69": 44.101778202058426,
  "A_70": 75.29236458009967,
  "A_71": 165.55539833146264,
  "A_72": 119.46572082917749,
  "A_73": 27.85793462563073,
  "A_74": 98.72585604160312,
  "A_75": 47.87872655391021,
  "A_76": 24.44787403023577,
  "A_77": 63.89025563679026,
  "A_78": 30.739617035803732,
  "A_79": 0.0,
  "A_80": 0.0,
  "A_81": 22.80876691278121,
  "A_82": 46.6413411722555,
  "A_83": 24.64355755344257,
  "A_84": 1.2076282160399163,
  "A_85": 92.18126509290366,
  "A_86": 99.05431583672126,
  "A_87": 3.350546264165357,
  "A_88": 0.0,
  "A_89": 47.60638816995583,
  "A_90": 1.0714590240627204,
  "A_91": 44.6822439934769,
  "A_92": 54.46154440201859,
  "A_93": 120.31756996038366,
  "A_94": 25.61463640903779,
  "A_95": 16.208054552918,
  "A_96": 89.82392706298539,
  "A_97": 54.904885957293175,
  "A_98": 42.485642410086925,
  "A_99": 21.73730788871849,
  "A_100": 68.61519842141868,
  "A_101": 11.803943776444772,
  "A_102": 36.913927307980515,
  "A_103": 48.423403321819,
  "A_104": 36.228846481197486,
  "A_105": 60.92513252573791,
  "A_106": 20.647954352900925,
  "A_107": 129.28081026122885,
  "A_108": 57.77630164267424,
  "A_109": 25.636765787689676,
  "A_110": 72.38611491537559,
  "A_111": 30.22214646027504,
  "A_112": 6.038141080199582,
  "A_113": 23.998500617066284,
  "A_114": 1.2076282160399163,
  "A_115": 0.0,
  "A_116": 0.0,
  "A_117": 0.0,
  "A_118": 3.350546264165357,
  "A_119": 2.4152564320798326,
  "A_120": 47.09750042555673,
  "A_121": 43.59289045765934,
  "A_122": 126.09523531048882,
  "A_123": 36.21095196944264,
  "A_124": 110.94773217194026,
  "A_125": 73.91034027267368,
  "A_126": 187.83338688223455,
  "A_127": 36.6203014922054,
  "A_128": 29.882577993533822,
  "A_129": 158.2313782454075,
  "A_130": 129.313847249574,
  "A_131": 67.51981302770623,
  "A_132": 8.844010576456155,
  "A_133": 69.69852009934137,
  "A_134": 18.114423240598747,
  "A_135": 45.15194979430042,
  "A_136": 19.32205145663866,
  "A_137": 67.9428221953268,
  "A_138": 4.909680999030129,
  "A_139": 59.173782585955905,
  "A_140": 0.0,
  "A_141": 25.364427403735284,
  "A_142": 32.15148647343884,
  "A_143": 0.0,
  "A_144": 1.2076282160399163,
  "A_145": 44.52139444961311,
  "A_146": 27.643514643837918,
  "A_147": 41.98098953258487,
  "A_148": 25.589114110320025,
  "A_149": 11.786049264689925,
  "A_150": 116.08718925765396,
  "A_151": 71.46871959504492,
  "A_152": 73.66532117843491,
  "A_153": 62.387204613977374,
  "A_154": 54.34326972179623,
  "A_155": 173.27278351685902,
  "A_156": 158.4179888490308,
  "A_157": 245.9016053142804,
  "A_158": 79.0140334676189,
  "A_159": 87.46902690896633,
  "A_160": 78.98587223107211,
  "A_161": 97.38214659818033,
  "A_162": 137.90272280344684,
  "A_163": 28.983077184957992,
  "A_164": 42.22017783085859,
  "A_165": 39.85173112931724,
  "A_166": 2.142918048125441,
  "A_167": 157.99926481378967,
  "A_168": 26.940539305300057,
  "A_169": 131.41938034512174,
  "A_170": 118.09045722914202,
  "A_171": 27.467321561453993,
  "A_172": 60.838412002128216,
  "A_173": 1.2076282160399163,
  "A_174": 81.8250928749392,
  "A_175": 21.19263112080971,
  "A_176": 71.56754153355624,
  "A_177": 11.786049264689925,
  "A_178": 0.0,
  "A_179": 20.39351048070138,
  "A_180": 5.924101266874272,
  "A_181": 3.622884648119749,
  "A_182": 45.9307129140135,
  "A_183": 66.09352996297648,
  "A_184": 3.622884648119749,
  "A_185": 0.0,
  "A_186": 74.56482198701073,
  "A_187": 12.28307435522906,
  "A_188": 0.0,
  "A_189": 40.34272436196148,
  "A_190": 38.50793372130013,
  "A_191": 166.430507814676,
  "A_192": 152.15416831896786
}