{
  "A_1": 243.40207880086066,
  "A_2": 186.35246523807353,
  "A_3": 137.20223560629063,
  "A_4": 190.58564824145026,
  "A_5": 188.96777829033397,
  "A_6": 139.5255564709558,
  "A_7": 168.83468070787393,
  "A_8": 200.77517781869773,
  "A_9": 237.78680865820485,
  "A_10": 75.52731801147634,
  "A_11": 164.04419173412103,
  "A_12": 110.10763259725852,
  "A_13": 103.04652611719702,
  "A_14": 109.04040844009285,
  "A_15": 114.5790865538541,
  "A_16": 132.7598979304085,
  "A_17": 153.26744822443519,
  "A_18": 89.49123240097023,
  "A_19": 87.64278211545107,
  "A_20": 79.51784439828978,
  "A_21": 166.5292292222224,
  "A_22": 173.11204707033073,
  "A_23": 92.10724916998507,
  "A_24": 122.22912855912814,
  "A_25": 107.10100276406692,
  "A_26": 60.48602583736036,
  "A_27": 119.23764120252685,
  "A_28": 2.279087240102637,
  "A_29": 12.78349236583407,
  "A_30": 75.77668506994769,
  "A_31": 4.466264045531851,
  "A_32": 40.59716823416103,
  "A_33": 6.038141080199582,
  "A_34": 24.995943718210427,
  "A_35": 17.960359536866704,
  "A_36": 55.65127810630365,
  "A_37": 50.2326716637626,
  "A_38": 88.15685977091391,
  "A_39": 64.07735632886745,
  "A_40": 68.01779316241206,
  "A_41": 68.89600653916716,
  "A_42": 147.9329233676748,
  "A_43": 130.05425780617205,
  "A_44": 35.43903752171441,
  "A_45": 76.58946535491381,
  "A_46": 18.689699120953495,
  "A_47": 68.91729397098788,
  "A_48": 15.044685094181858,
  "A_49": 32.46979264110055,
  "A_50": 5.4458126349211495,
  "A_51": 0.0,
  "A_52": 40.21427092154151,
  "A_53": 85.77040546028218,
  "A_54": 92.45360347685804,
  "A_55": 63.778653699364135,
  "A_56": 109.76389209547335,
  "A_57": 107.1961930214707,
  "A_58": 41.99888404433972,
  "A_59": 71.95208504072625,
  "A_60": 60.385645668892856,
  "A_61": 3.622884648119749,
  "A_62": 84.74744006042026,
  "A_63": 5.629633504267994,
  "A_64": 21.737307888718494,
  "A_65": 83.99681304451276,
  "A_66": 1.2076282160399163,
  "A_67": 78.05153744315328,
  "A_68": 38.53006309995202,
  "A_69": 78.12216044600598,
  "A_70": 45.42768109832069,
  "A_71": 3.4867154561425533,
  "A_72": 90.01883147121413,
  "A_73": 62.62470901858876,
  "A_74": 91.00696289173302,
  "A_75": 88.6299584918033,
  "A_76": 32.74042199865139,
  "A_77": 59.278397621320444,
  "A_78": 72.04237441359042,
  "A_79": 45.585979668949776,
  "A_80": 3.622884648119749,
  "A_81": 33.538700691928554,
  "A_82": 0.0,
  "A_83": 38.027094116112295,
  "A_84": 0.0,
  "A_85": 92.80013371291963,
  "A_86": 74.51113845174619,
  "A_87": 13.129846672707037,
  "A_88": 53.93476214586465,
  "A_89": 57.53720130899484,
  "A_90": 15.453192670113447,
  "A_91": 91.18138411586031,
  "A_92": 100.60319641316471,
  "A_93": 102.23307981458834,
  "A_94": 59.03335339434045,
  "A_95": 0.0,
  "A_96": 45.98346653785257,
  "A_97": 0.0,
  "A_98": 75.43717943505956,
  "A_99": 4.558174480205274,
  "A_100": 46.14431608171637,
  "A_101": 81.51102157417452,
  "A_102": 149.14070238016214,
  "A_103": 34.59481617747114,
  "A_104": 63.305554978474746,
  "A_105": 0.0,
  "A_106": 19.286262433128968,
  "A_107": 4.285836096250882,
  "A_108": 108.88729978052747,
  "A_109": 79.00895665389069,
  "A_110": 68.3862517151957,
  "A_111": 67.53770753946108,
  "A_112": 3.622884648119749,
  "A_113": 30.828134550411278,
  "A_114": 0.0,
  "A_115": 4.830512864159665,
  "A_116": 8.317228320302219,
  "A_117": 27.397540505432456,
  "A_118": 31.889326849682067,
  "A_119": 21.7015188652088,
  "A_120": 141.6242408945187,
  "A_121": 31.697036246541142,
  "A_122": 116.67858779150691,
  "A_123": 80.7033432356778,
  "A_124": 114.54251841536632,
  "A_125": 6.428754144376322,
  "A_126": 53.47257103466852,
  "A_127": 5.581981826898345,
  "A_128": 5.901971888222386,
  "A_129": 0.0,
  "A_130": 1.2076282160399163,
  "A_131": 17.143344385003527,
  "A_132": 6.038141080199582,
  "A_133": 24.152564320798326,
  "A_134": 19.55860081708336,
  "A_135": 33.81359004911766,
  "A_136": 76.22098166938896,
  "A_137": 65.97949014965116,
  "A_138": 15.681272296764066,
  "A_139": 62.06213773892513,
  "A_140": 69.20752686669712,
  "A_141": 88.26315869994076,
  "A_142": 97.38629350048305,
  "A_143": 19.286262433128968,
  "A_144": 69.85258380307341,
  "A_145": 50.48711553596214,
  "A_146": 6.038141080199582,
  "A_147": 22.15005033154712,
  "A_148": 1.0714590240627204,
  "A_149": 66.77437592286245,
  "A_150": 94.94043795595726,
  "A_151": 42.23119853788737,
  "A_152": 60.93032243680164,
  "A_153": 70.82270761450194,
  "A_154": 28.714973667900637,
  "A_155": 97.80750567710578,
  "A_156": 8.453397512279414,
  "A_157": 82.25393283852482,
  "A_158": 5.357295120313602,
  "A_159": 64.0731214619704,
  "A_160": 79.53150404314759,
  "A_161": 1.0714590240627204,
  "A_162": 54.72022314111517,
  "A_163": 154.56600669824064,
  "A_164": 42.13081836941987,
  "A_165": 60.30220496801351,
  "A_166": 20.529679672678576,
  "A_167": 92.86814291068453,
  "A_168": 23.880225936843935,
  "A_169": 51.928013289716404,
  "A_170": 0.0,
  "A_171": 0.0,
  "A_172": 0.0,
  "A_173": 24.058944859721358,
  "A_174": 0.0,
  "A_175": 4.830512864159665,
  "A_176": 35.143727812276964,
  "A_177": 33.215229745944335,
  "A_178": 68.67395877041143,
  "A_179": 110.95362579975841,
  "A_180": 93.17708713223855,
  "A_181": 68.01779316241206,
  "A_182": 53.206264508609024,
  "A_183": 136.69416467598145,
  "A_184": 67.33352914971898,
  "A_185": 10.714590240627205,
  "A_186": 64.39490851429231,
  "A_187": 51.59436358353456,
  "A_188": 11.848202533748545,
  "A_189": 75.3027192694859,
  "A_190": 5.76580269624519,
  "A_191": 33.36929344967638,
  "A_192": 1.0714590240627204,
  "A_193": 31.125995233083433,
  "A_194": 3.622884648119749,
  "A_195": 21.310905801032057,
  "A_196": 0.0,
  "A_197": 39.815942105807544,
  "A_198": 0.0,
  "A_199": 50.82076524214399,
  "A_200": 7.500213168439043,
  "A_201": 50.218258036667926
}