{
  "A_1": 222.93275540624285,
  "A_2": 138.9545405902393,
  "A_3": 189.8622274179228,
  "A_4": 62.89704740254315,
  "A_5": 220.52870817675102,
  "A_6": 204.26189327484025,
  "A_7": 93.85454017205866,
  "A_8": 142.22779110875572,
  "A_9": 135.62707874889253,
  "A_10": 96.16596068375202,
  "A_11": 41.704416281733444,
  "A_12": 92.17035748321038,
  "A_13": 55.49721440257161,
  "A_14": 112.95448102808851,
  "A_15": 157.21032293387896,
  "A_16": 96.8110176201283,
  "A_17": 87.83083785169497,
  "A_18": 134.53772521307496,
  "A_19": 101.01341301549985,
  "A_20": 90.20351942013335,
  "A_21": 118.28022199178946,
  "A_22": 102.84153091336496,
  "A_23": 52.98581266892131,
  "A_24": 211.6744308755029,
  "A_25": 133.94539676779652,
  "A_26": 109.99454782809988,
  "A_27": 46.46091322297453,
  "A_28": 191.21287349792476,
  "A_29": 116.38751294896652,
  "A_30": 64.7157405224475,
  "A_31": 137.23205560375848,
  "A_32": 35.55647025510559,
  "A_33": 129.37777237688925,
  "A_34": 41.822690961955786,
  "A_35": 51.69993366306578,
  "A_36": 58.80527376768983,
  "A_37": 55.75165827477115,
  "A_38": 0.0,
  "A_39": 0.0,
  "A_40": 1.2076282160399163,
  "A_41": 3.622884648119749,
  "A_42": 3.4867154561425533,
  "A_43": 1.0714590240627204,
  "A_44": 36.56577601010969,
  "A_45": 67.21867252230372,
  "A_46": 21.43963570160556,
  "A_47": 99.01185407041532,
  "A_48": 23.708267721357046,
  "A_49": 63.57468893792247,
  "A_50": 52.44113590101253,
  "A_51": 28.5745696090264,
  "A_52": 12.788795374233333,
  "A_53": 46.84732911936607,
  "A_54": 93.40678782069841,
  "A_55": 21.623268075393185,
  "A_56": 6.354813619681435,
  "A_57": 85.19266657128702,
  "A_58": 108.96978543724013,
  "A_59": 50.15781379401286,
  "A_60": 21.837688057186,
  "A_61": 132.912252607737,
  "A_62": 14.337474888746954,
  "A_63": 26.567820752878156,
  "A_64": 164.40568851758428,
  "A_65": 84.52962715856158,
  "A_66": 22.67259772080402,
  "A_67": 48.248052186266236,
  "A_68": 30.826425524007732,
  "A_69": 3.622884648119749,
  "A_70": 52.69134490631504,
  "A_71": 23.045316273225914,
  "A_72": 72.3215237704178,
  "A_73": 158.65538015630665,
  "A_74": 31.78894668121456,
  "A_75": 140.28467835339862,
  "A_76": 70.94193733889098,
  "A_77": 35.567578926728686,
  "A_78": 37.673866004513265,
  "A_79": 149.81800462353482,
  "A_80": 189.38225489230737,
  "A_81": 105.28230964416258,
  "A_82": 99.95381664529708,
  "A_83": 45.99025237798432,
  "A_84": 58.6240038715777,
  "A_85": 79.03955576633666,
  "A_86": 65.86806414141364,
  "A_87": 31.398333617037824,
  "A_88": 31.398333617037824,
  "A_89": 1.2076282160399163,
  "A_90": 74.36911333106272,
  "A_91": 1.0714590240627204,
  "A_92": 9.007574456372659,
  "A_93": 2.1871768054292144,
  "A_94": 0.0,
  "A_95": 9.007574456372659,
  "A_96": 29.201732033647843,
  "A_97": 80.93151082692275,
  "A_98": 1.2076282160399163,
  "A_99": 41.05935934535716,
  "A_100": 10.294370807283038,
  "A_101": 23.06321078498076,
  "A_102": 105.99195772549665,
  "A_103": 58.22059824211553,
  "A_104": 25.136460874420195,
  "A_105": 87.01382269983179,
  "A_106": 60.07328339453173,
  "A_107": 41.5205954123866,
  "A_108": 0.0,
  "A_109": 5.3572951203136014,
  "A_110": 50.72038507367649,
  "A_111": 73.99036292074592,
  "A_112": 24.779726745419765,
  "A_113": 58.71762333265467,
  "A_114": 53.864981089843106,
  "A_115": 9.524856536342135,
  "A_116": 3.622884648119749,
  "A_117": 1.2076282160399163,
  "A_118": 0.0,
  "A_119": 5.357295120313602,
  "A_120": 12.875402800507493,
  "A_121": 44.497556044557676,
  "A_122": 58.35676743409273,
  "A_123": 141.8947822874752,
  "A_124": 86.54072397894238,
  "A_125": 31.00359878329958,
  "A_126": 104.89593144688287,
  "A_127": 18.48714179302064,
  "A_128": 61.21643356294937,
  "A_129": 101.2296048555493,
  "A_130": 135.55550070187311,
  "A_131": 8.814366508176885,
  "A_132": 41.858479985465486,
  "A_133": 93.48260073461483,
  "A_134": 32.4518981293457,
  "A_135": 13.350411609730273,
  "A_136": 33.93186472934,
  "A_137": 18.0965287288439,
  "A_138": 188.50057319726272,
  "A_139": 11.940112968421968,
  "A_140": 13.951096691467251,
  "A_141": 26.56782075287816,
  "A_142": 45.14348006050635,
  "A_143": 32.44511228921395,
  "A_144": 56.33212406618963,
  "A_145": 114.41655311632798,
  "A_146": 79.122996467216,
  "A_147": 125.77373728469105,
  "A_148": 14.74598246467854,
  "A_149": 6.701092528330714,
  "A_150": 18.623310984997836,
  "A_151": 2.3012166187545233,
  "A_152": 9.007574456372659,
  "A_153": 8.707841384478959,
  "A_154": 1.2076282160399163,
  "A_155": 6.4339817545518985,
  "A_156": 64.52765965346241,
  "A_157": 86.18239392087395,
  "A_158": 40.24234419349398,
  "A_159": 17.165473763655417,
  "A_160": 37.12834728977332,
  "A_161": 140.05921253183578,
  "A_162": 67.84583494692517,
  "A_163": 75.35028298226126,
  "A_164": 111.73664891910974,
  "A_165": 77.06012619990403,
  "A_166": 0.0,
  "A_167": 5.76580269624519,
  "A_168": 6.4339817545518985,
  "A_169": 15.817441488741261,
  "A_170": 106.80897287735985,
  "A_171": 33.659526345385615,
  "A_172": 22.431926590797815,
  "A_173": 87.69466865971778,
  "A_174": 45.46347012183038,
  "A_175": 169.75129691322655,
  "A_176": 1.0714590240627204,
  "A_177": 14.609813272701345,
  "A_178": 5.493464312290798,
  "A_179": 16.366353123547086,
  "A_180": 10.868653944359247,
  "A_181": 39.165783222961835,
  "A_182": 25.188234321351352,
  "A_183": 88.98478253247032,
  "A_184": 55.343150698839565,
  "A_185": 75.96653779718942,
  "A_186": 113.51607213084422,
  "A_187": 14.491538592478996,
  "A_188": 126.95311629958988,
  "A_189": 0.0,
  "A_190": 8.044889936347827,
  "A_191": 70.26361721949849,
  "A_192": 22.830896291433103,
  "A_193": 40.61506274591588,
  "A_194": 145.4548476488938,
  "A_195": 143.33142004159123,
  "A_196": 80.63704306431646,
  "A_197": 95.28858925382808,
  "A_198": 53.09042770428586,
  "A_199": 64.00429545011556,
  "A_200": 73.41337801398763,
  "A_201": 82.18330983567213,
  "A_202": 76.23545812833672,
  "A_203": 81.89487393096074,
  "A_204": 106.40226229242612,
  "A_205": 103.27556078801432,
  "A_206": 39.970005809539586,
  "A_207": 6.038141080199582,
  "A_208": 70.2909365092141,
  "A_209": 1.0714590240627204,
  "A_210": 3.5088448347944396,
  "A_211": 0.0,
  "A_212": 34.84926004967068,
  "A_213": 1.0935884027146072,
  "A_214": 10.868653944359247,
  "A_215": 56.213849385967286,
  "A_216": 33.93609959623705,
  "A_217": 153.1984839825036,
  "A_218": 117.18663358907484,
  "A_219": 46.68644187639043,
  "A_220": 166.43880161928146,
  "A_221": 122.932103897666,
  "A_222": 81.00204586518113,
  "A_223": 234.8403968729973
}