{
  "A_1": 204.3212693759931,
  "A_2": 153.8622773774659,
  "A_3": 150.00182549288166,
  "A_4": 108.68653944359247,
  "A_5": 142.49898595298424,
  "A_6": 135.45254442742973,
  "A_7": 95.28858925382808,
  "A_8": 71.776847002509,
  "A_9": 62.49277469350861,
  "A_10": 187.47676585056968,
  "A_11": 68.39906941322235,
  "A_12": 66.41955188219539,
  "A_13": 138.4687372686588,
  "A_14": 84.53397512279415,
  "A_15": 14.083031016547409,
  "A_16": 110.9656266836951,
  "A_17": 53.412214756607746,
  "A_18": 165.21527694441437,
  "A_19": 103.85602657943281,
  "A_20": 55.69130199671038,
  "A_21": 92.87333282174825,
  "A_22": 98.91147390194783,
  "A_23": 72.45769296239497,
  "A_24": 50.47017606837398,
  "A_25": 73.6653211784349,
  "A_26": 85.74160333883404,
  "A_27": 86.69902254957148,
  "A_28": 84.8887991634612,
  "A_29": 70.94193733889098,
  "A_30": 120.76282160399164,
  "A_31": 147.69315701635287,
  "A_32": 83.90406066300817,
  "A_33": 140.28563339756528,
  "A_34": 103.23977176450464,
  "A_35": 36.0568882657106,
  "A_36": 144.4830148110617,
  "A_37": 12.857508288752644,
  "A_38": 125.70140525543479,
  "A_39": 93.72941681985148,
  "A_40": 7.245769296239498,
  "A_41": 55.6691726180585,
  "A_42": 41.78443892980569,
  "A_43": 50.01825168196979,
  "A_44": 57.077561171033416,
  "A_45": 1.2076282160399163,
  "A_46": 48.968080089727785,
  "A_47": 115.35614064716361,
  "A_48": 9.66102572831933,
  "A_49": 45.599639313807586,
  "A_50": 112.17906056295887,
  "A_51": 162.2671812655445,
  "A_52": 84.83511562819666,
  "A_53": 91.50041913301767,
  "A_54": 13.928967312815365,
  "A_55": 14.491538592478996,
  "A_56": 4.716473050834356,
  "A_57": 0.0,
  "A_58": 0.0,
  "A_59": 10.8507594326044,
  "A_60": 36.81946590007237,
  "A_61": 117.60538275705714,
  "A_62": 149.14334131799114,
  "A_63": 104.67028969613145,
  "A_64": 65.37689497958078,
  "A_65": 25.36019253683824,
  "A_66": 87.72025379028861,
  "A_67": 133.45777132247693,
  "A_68": 6.723221906982601,
  "A_69": 15.652357077980428,
  "A_70": 4.830512864159665,
  "A_71": 54.21133539671608,
  "A_72": 72.01084538971898,
  "A_73": 17.143344385003527,
  "A_74": 35.02121826515757,
  "A_75": 45.8846822984531,
  "A_76": 12.076282160399163,
  "A_77": 43.47461577743699,
  "A_78": 41.05935934535716,
  "A_79": 70.8542617711146,
  "A_80": 61.90807403519309,
  "A_81": 5.493464312290798,
  "A_82": 109.56727866084105,
  "A_83": 79.80807729399902,
  "A_84": 96.84423053766207,
  "A_85": 86.25470081738897,
  "A_86": 5.810061453548963,
  "A_87": 51.045451948728726,
  "A_88": 125.93354381979384,
  "A_89": 0.0,
  "A_90": 82.30158451589446,
  "A_91": 170.49165720434212,
  "A_92": 52.17651326861536,
  "A_93": 51.72035401531413,
  "A_94": 130.38530627363673,
  "A_95": 66.21189260779312,
  "A_96": 6.038141080199582,
  "A_97": 0.0,
  "A_98": 2.4152564320798326,
  "A_99": 0.0,
  "A_100": 1.2076282160399163,
  "A_101": 5.76580269624519,
  "A_102": 32.65445545727855,
  "A_103": 54.58405394913797,
  "A_104": 20.493890649168883,
  "A_105": 157.33794699383844,
  "A_106": 133.7444982007848,
  "A_107": 0.0,
  "A_108": 74.88565399516594,
  "A_109": 112.11438145340675,
  "A_110": 4.830512864159665,
  "A_111": 0.0,
  "A_112": 48.3553061594598,
  "A_113": 23.493847739564234,
  "A_114": 1.2076282160399163,
  "A_115": 37.53685486570491,
  "A_116": 178.92376728480082,
  "A_117": 27.371176259883526,
  "A_118": 43.438826753927295,
  "A_119": 4.285836096250882,
  "A_120": 72.79462249130717,
  "A_121": 74.8618155901105,
  "A_122": 4.330094853554655,
  "A_123": 25.36019253683824,
  "A_124": 6.038141080199582,
  "A_125": 1.2076282160399163,
  "A_126": 100.56929234524719,
  "A_127": 79.5442086438387,
  "A_128": 0.0,
  "A_129": 12.076282160399163,
  "A_130": 63.758321311710105,
  "A_131": 10.346106555102349,
  "A_132": 15.699166808518912,
  "A_133": 44.25584190579047,
  "A_134": 63.42806452559413,
  "A_135": 86.5695261003905,
  "A_136": 140.29831286551521,
  "A_137": 49.63103153785892,
  "A_138": 99.82463435538149,
  "A_139": 66.84499892571515,
  "A_140": 66.41955188219539,
  "A_141": 186.61125707450566,
  "A_142": 32.43400361759085,
  "A_143": 238.60727956198696
}