{
  "A_1": 233.7443705943835,
  "A_2": 100.19480193456866,
  "A_3": 172.53758800406595,
  "A_4": 105.08575904138338,
  "A_5": 102.76667304361524,
  "A_6": 165.44330630558255,
  "A_7": 68.11054554391664,
  "A_8": 64.53107770626951,
  "A_9": 65.84935281556886,
  "A_10": 70.05937599790332,
  "A_11": 72.56915666974436,
  "A_12": 0.0,
  "A_13": 45.735808505784775,
  "A_14": 94.47824684476114,
  "A_15": 4.830512864159665,
  "A_16": 15.54510310478687,
  "A_17": 141.91267679923007,
  "A_18": 61.92944943160812,
  "A_19": 83.32634690675422,
  "A_20": 37.845824220000154,
  "A_21": 127.07753593504265,
  "A_22": 90.0383470447782,
  "A_23": 0.0,
  "A_24": 7.245769296239498,
  "A_25": 125.47929465482599,
  "A_26": 52.4011120106058,
  "A_27": 0.0,
  "A_28": 17.202104733996272,
  "A_29": 88.27934418529206,
  "A_30": 24.152564320798326,
  "A_31": 2.1871768054292144,
  "A_32": 139.24907118469866,
  "A_33": 136.73758148645408,
  "A_34": 76.00305567019475,
  "A_35": 38.257724715997625,
  "A_36": 53.07517213036003,
  "A_37": 37.8091932496593,
  "A_38": 134.58457264272533,
  "A_39": 73.76228329409531,
  "A_40": 1.2076282160399163,
  "A_41": 8.748707221716858,
  "A_42": 3.622884648119749,
  "A_43": 0.0,
  "A_44": 30.85365684912904,
  "A_45": 24.020629995718174,
  "A_46": 36.22884648119749,
  "A_47": 13.582613005942399,
  "A_48": 0.0,
  "A_49": 20.073520419377342,
  "A_50": 10.460146368427658,
  "A_51": 2.4152564320798326,
  "A_52": 63.42043673863121,
  "A_53": 15.28321994118363,
  "A_54": 56.35001857794448,
  "A_55": 8.044889936347827,
  "A_56": 17.960359536866704,
  "A_57": 10.294370807283038,
  "A_58": 63.521746818524186,
  "A_59": 41.432077897779045,
  "A_60": 29.596316070938734,
  "A_61": 17.705915664667156,
  "A_62": 15.652357077980428,
  "A_63": 4.422005288228077,
  "A_64": 74.78347683570058,
  "A_65": 144.42338738249663,
  "A_66": 44.37411658601282,
  "A_67": 190.42138064477933,
  "A_68": 36.86024377271597,
  "A_69": 75.09244618999583,
  "A_70": 65.15824013089095,
  "A_71": 140.61313814851673,
  "A_72": 66.98116811769233,
  "A_73": 102.11462920517738,
  "A_74": 214.44630833924768,
  "A_75": 38.31045320709548,
  "A_76": 42.25432065981781,
  "A_77": 120.09711812069597,
  "A_78": 20.301600046027957,
  "A_79": 116.48789311743401,
  "A_80": 103.42704838577045,
  "A_81": 0.0,
  "A_82": 18.114423240598747,
  "A_83": 63.93271740309618,
  "A_84": 34.96753472989303,
  "A_85": 0.0,
  "A_86": 106.79464721485948,
  "A_87": 127.16263539684311,
  "A_88": 8.225317885628796,
  "A_89": 100.75989905472576,
  "A_90": 95.21701120680869,
  "A_91": 36.487525220294074,
  "A_92": 36.21095196944265,
  "A_93": 7.636382360416238,
  "A_94": 17.56974647268996,
  "A_95": 0.0,
  "A_96": 0.0,
  "A_97": 3.7020527829902123,
  "A_98": 0.0,
  "A_99": 4.69434367218247,
  "A_100": 13.015806859381728,
  "A_101": 8.453397512279414,
  "A_102": 32.99741684408565,
  "A_103": 77.3758562615898,
  "A_104": 66.04416925920327,
  "A_105": 2.142918048125441,
  "A_106": 83.18591771513877,
  "A_107": 103.53084660704505,
  "A_108": 176.263466625741,
  "A_109": 21.429180481254406,
  "A_110": 0.0,
  "A_111": 59.972903226064226,
  "A_112": 115.02582102919456,
  "A_113": 0.0,
  "A_114": 35.23987311384742,
  "A_115": 88.96781793214096,
  "A_116": 0.0,
  "A_117": 0.0,
  "A_118": 95.57700002579826,
  "A_119": 15.334917989891098,
  "A_120": 0.0,
  "A_121": 84.49224220598387,
  "A_122": 90.52266753462622,
  "A_123": 34.885049073180376,
  "A_124": 33.25101876945403,
  "A_125": 4.69434367218247,
  "A_126": 37.01430747644801,
  "A_127": 0.0,
  "A_128": 5.147185403641519,
  "A_129": 0.0,
  "A_130": 37.128347289773316,
  "A_131": 0.0,
  "A_132": 7.131729482914189,
  "A_133": 43.048213689750554,
  "A_134": 2.279087240102637,
  "A_135": 44.98094662298022,
  "A_136": 124.65952746779828,
  "A_137": 70.1955451898805,
  "A_138": 16.65742796608749,
  "A_139": 0.0,
  "A_140": 77.98344028079407,
  "A_141": 62.45283876769617,
  "A_142": 0.0,
  "A_143": 26.804370113322857,
  "A_144": 113.51946505091011,
  "A_145": 8.729970763130845,
  "A_146": 19.185882264661466,
  "A_147": 10.714590240627205,
  "A_148": 28.26644220156232,
  "A_149": 10.714590240627205,
  "A_150": 1.0714590240627204,
  "A_151": 21.053910955597804,
  "A_152": 5.810061453548963,
  "A_153": 23.19343608365737,
  "A_154": 0.0,
  "A_155": 6.564923336353519,
  "A_156": 2.142918048125441,
  "A_157": 0.0,
  "A_158": 51.75605507422951,
  "A_159": 140.74083760669984,
  "A_160": 30.19070540099791,
  "A_161": 4.830512864159665,
  "A_162": 48.24381731936919,
  "A_163": 84.84790819348208,
  "A_164": 4.830512864159665,
  "A_165": 2.142918048125441,
  "A_166": 94.63231054849318,
  "A_167": 46.26259076193872,
  "A_168": 33.58719431612937,
  "A_169": 69.22542137845197,
  "A_170": 22.60281666478248,
  "A_171": 96.39656615089615,
  "A_172": 85.37979239610542,
  "A_173": 12.143512243185988,
  "A_174": 28.302231225072013,
  "A_175": 58.42135857905053,
  "A_176": 0.0,
  "A_177": 6.038141080199582,
  "A_178": 112.73730901113115,
  "A_179": 58.12358586097269,
  "A_180": 0.0,
  "A_181": 59.45203973046966,
  "A_182": 128.7649356147682,
  "A_183": 16.50252231552428,
  "A_184": 66.347973835176,
  "A_185": 6.564923336353519,
  "A_186": 73.3436220907073,
  "A_187": 0.0,
  "A_188": 2.5735927018207594,
  "A_189": 0.0,
  "A_190": 0.0,
  "A_191": 1.2076282160399163,
  "A_192": 21.19263112080971,
  "A_193": 4.830512864159665,
  "A_194": 9.38868734436494,
  "A_195": 5.357295120313602,
  "A_196": 56.6129321839381,
  "A_197": 15.136595528855281,
  "A_198": 72.98447521854892,
  "A_199": 66.92081183963157,
  "A_200": 127.36603467160711,
  "A_201": 19.422431625106164,
  "A_202": 29.231577163856954,
  "A_203": 1.2076282160399163,
  "A_204": 10.596315560404856,
  "A_205": 12.076282160399163,
  "A_206": 0.0,
  "A_207": 33.81359004911766,
  "A_208": 49.91352354926972,
  "A_209": 0.0,
  "A_210": 7.500213168439043,
  "A_211": 31.469798566721686,
  "A_212": 27.094603009032095,
  "A_213": 121.89887177301216,
  "A_214": 66.50203753890806,
  "A_215": 12.739233608530297,
  "A_216": 0.0,
  "A_217": 57.113350194543116,
  "A_218": 0.0,
  "A_219": 0.0,
  "A_220": 2.4152564320798326,
  "A_221": 1.2076282160399163,
  "A_222": 16.752731320826786,
  "A_223": 19.977563613366097,
  "A_224": 14.74598246467854,
  "A_225": 32.67658483593044,
  "A_226": 70.75980036320647,
  "A_227": 32.60596183307774,
  "A_228": 176.55880146791964,
  "A_229": 37.51133256698715,
  "A_230": 11.922218456667121,
  "A_231": 70.1249221870278,
  "A_232": 13.28391037643908,
  "A_233": 23.589993041134697,
  "A_234": 147.9329233676748,
  "A_235": 32.89100481772326,
  "A_236": 131.6593226256323,
  "A_237": 117.7967434487726,
  "A_238": 28.921765862730535,
  "A_239": 85.08193171343328,
  "A_240": 33.35743079581642,
  "A_241": 118.3475651719118,
  "A_242": 55.98820763521585,
  "A_243": 0.0,
  "A_244": 1.2076282160399163,
  "A_245": 35.79310758014459,
  "A_246": 4.830512864159665,
  "A_247": 0.0,
  "A_248": 0.0,
  "A_249": 0.0,
  "A_250": 0.0,
  "A_251": 0.0,
  "A_252": 17.960359536866704,
  "A_253": 1.0714590240627204,
  "A_254": 0.0,
  "A_255": 22.944936104758405,
  "A_256": 89.54735381213396,
  "A_257": 4.285836096250882,
  "A_258": 38.744483081744825,
  "A_259": 0.0,
  "A_260": 1.0935884027146072,
  "A_261": 0.0,
  "A_262": 1.2076282160399163,
  "A_263": 18.114423240598747,
  "A_264": 4.716473050834356,
  "A_265": 3.372675642817244,
  "A_266": 86.2971877164361,
  "A_267": 117.89213476810619,
  "A_268": 19.16798775290662,
  "A_269": 83.02506817127498,
  "A_270": 77.58171854499423,
  "A_271": 120.44364835675754,
  "A_272": 19.694770009060555,
  "A_273": 8.748707221716858,
  "A_274": 28.02989284111762,
  "A_275": 58.97523393024905,
  "A_276": 0.0,
  "A_277": 14.882151656655736,
  "A_278": 82.22207708901743,
  "A_279": 0.0,
  "A_280": 0.0,
  "A_281": 4.285836096250882,
  "A_282": 0.0,
  "A_283": 0.0,
  "A_284": 0.0,
  "A_285": 12.076282160399163,
  "A_286": 9.116348960410548,
  "A_287": 7.245769296239498,
  "A_288": 72.93571770056522,
  "A_289": 151.773042864605,