{
  "A_1": 240.76213566219604,
  "A_2": 123.8400744400359,
  "A_3": 80.48553033381913,
  "A_4": 126.1507158367512,
  "A_5": 4.488393424183738,
  "A_6": 36.22884648119749,
  "A_7": 0.0,
  "A_8": 0.0,
  "A_9": 1.0714590240627204,
  "A_10": 0.0,
  "A_11": 7.636382360416238,
  "A_12": 0.0,
  "A_13": 0.0,
  "A_14": 43.28476305019525,
  "A_15": 38.14452684950348,
  "A_16": 2.1650474267773276,
  "A_17": 23.810444880822402,
  "A_18": 25.72273232906251,
  "A_19": 43.888200167096784,
  "A_20": 80.31696503839811,
  "A_21": 0.0,
  "A_22": 0.0,
  "A_23": 82.07019993377229,
  "A_24": 22.26409014487243,
  "A_25": 0.0,
  "A_26": 12.87540280050749,
  "A_27": 112.18416250942826,
  "A_28": 62.06213773892513,
  "A_29": 35.53010600955666,
  "A_30": 146.57987711088555,
  "A_31": 35.59733609234348,
  "A_32": 71.15644528527811,
  "A_33": 72.03213282153972,
  "A_34": 1.2076282160399163,
  "A_35": 26.46225067334693,
  "A_36": 3.214377072188161,
  "A_37": 25.018073096862317,
  "A_38": 0.0,
  "A_39": 0.0,
  "A_40": 14.491538592478996,
  "A_41": 42.99206714584561,
  "A_42": 1.2076282160399163,
  "A_43": 0.0,
  "A_44": 0.0,
  "A_45": 9.66102572831933,
  "A_46": 1.2076282160399163,
  "A_47": 0.0,
  "A_48": 65.72081141055457,
  "A_49": 89.94228970780206,
  "A_50": 91.44777860651412,
  "A_51": 167.0074927214343,
  "A_52": 36.48329035339703,
  "A_53": 85.97296278821503,
  "A_54": 21.50922826206788,
  "A_55": 62.35237063463437,
  "A_56": 40.206555169984284,
  "A_57": 43.92219219960862,
  "A_58": 109.25059355498861,
  "A_59": 43.59289045765934,
  "A_60": 0.0,
  "A_61": 28.983077184957992,
  "A_62": 68.56246993032084,
  "A_63": 32.49192201975243,
  "A_64": 0.0,
  "A_65": 61.77190484321589,
  "A_66": 149.20882467526255,
  "A_67": 7.772551552393435,
  "A_68": 80.8479821614491,
  "A_69": 24.801856124071655,
  "A_70": 135.26881152267717,
  "A_71": 50.623284727939335,
  "A_72": 53.13564150575632,
  "A_73": 98.62452082896897,
  "A_74": 59.81883952233218,
  "A_75": 154.30816990597518,
  "A_76": 45.350272255336236,
  "A_77": 95.54808480701463,
  "A_78": 59.933721282488655,
  "A_79": 77.97995939613389,
  "A_80": 1.2076282160399163,
  "A_81": 37.16413631328302,
  "A_82": 9.252518152387744,
  "A_83": 100.49849341320588,
  "A_84": 61.44767991499481,
  "A_85": 98.62791374903482,
  "A_86": 96.38969234617008,
  "A_87": 1.2076282160399163,
  "A_88": 30.17281088924306,
  "A_89": 52.205428487399,
  "A_90": 74.1869135235251,
  "A_91": 0.0,
  "A_92": 114.9841760769786,
  "A_93": 59.83673403408703,
  "A_94": 76.24902980860023,
  "A_95": 139.99444545768938,
  "A_96": 6.038141080199582,
  "A_97": 8.453397512279414,
  "A_98": 49.191899716740146,
  "A_99": 4.830512864159665,
  "A_100": 9.38868734436494,
  "A_101": 3.350546264165357,
  "A_102": 80.8122811025337,
  "A_103": 0.0,
  "A_104": 4.830512864159665,
  "A_105": 45.46347012183038,
  "A_106": 48.30512864159665,
  "A_107": 63.051111106275194,
  "A_108": 106.60827537227792,
  "A_109": 0.0,
  "A_110": 17.135716598040613,
  "A_111": 134.16225462548852,
  "A_112": 31.520843164157213,
  "A_113": 0.0,
  "A_114": 42.26698756139707,
  "A_115": 202.1411046053667,
  "A_116": 63.95577669317354,
  "A_117": 2.1871768054292144,
  "A_118": 112.78682051135175,
  "A_119": 64.53531257316654,
  "A_120": 49.37658766565937,
  "A_121": 64.22124127240187,
  "A_122": 95.8041497410234,
  "A_123": 109.56051795345053,
  "A_124": 72.43979845064013,
  "A_125": 0.0,
  "A_126": 0.0,
  "A_127": 0.0,
  "A_128": 0.0,
  "A_129": 18.350972601043445,
  "A_130": 8.453397512279414,
  "A_131": 33.19658125195263,
  "A_132": 6.428754144376323,
  "A_133": 0.0,
  "A_134": 4.422005288228077,
  "A_135": 50.80287073038914,
  "A_136": 59.42822645815544,
  "A_137": 3.350546264165357,
  "A_138": 3.622884648119749,
  "A_139": 72.69424232283967,
  "A_140": 88.61206398004843,
  "A_141": 5.357295120313602,
  "A_142": 60.75412935441772,
  "A_143": 0.0,
  "A_144": 12.257552056511297,
  "A_145": 2.142918048125441,
  "A_146": 4.830512864159665,
  "A_147": 1.2076282160399163,
  "A_148": 36.99217809779613,
  "A_149": 5.76580269624519,
  "A_150": 45.780067263088554,
  "A_151": 18.5535299289763,
  "A_152": 82.7279866035809,
  "A_153": 40.89587086366434,
  "A_154": 11.940954915253133,
  "A_155": 0.0,
  "A_156": 75.87291833611245,
  "A_157": 70.47899224545799,
  "A_158": 74.91379009897149,
  "A_159": 32.11084683087199,
  "A_160": 79.29495468270288,
  "A_161": 87.27088037711913,
  "A_162": 32.60596183307774,
  "A_163": 86.80277050536363,
  "A_164": 163.50015585111356,
  "A_165": 141.32391720320612,
  "A_166": 65.16247499778798,
  "A_167": 132.1582578045048,
  "A_168": 123.46640084344733,
  "A_169": 41.45844214332798,
  "A_170": 89.79339078239252,
  "A_171": 70.67986567972852,
  "A_172": 126.24929901422085,
  "A_173": 158.23416797968395,
  "A_174": 21.6011386967413,
  "A_175": 19.32205145663866,
  "A_176": 51.26929670848231,
  "A_177": 58.98392985871416,
  "A_178": 26.567820752878156,
  "A_179": 97.43064022238114,
  "A_180": 114.48961399507986,
  "A_181": 32.74042199865139,
  "A_182": 13.67452344061582,
  "A_183": 85.77464032717921,
  "A_184": 79.06771700288343,
  "A_185": 1.0714590240627204,
  "A_186": 84.21735284879477,
  "A_187": 107.509397242663,
  "A_188": 22.1287628997264,
  "A_189": 105.80993384714768,
  "A_190": 54.34326972179623,
  "A_191": 6.675570229612952,
  "A_192": 37.30030550526021,
  "A_193": 1.0714590240627204,
  "A_194": 63.86812625813837,
  "A_195": 58.20270373036068,
  "A_196": 16.042128195326004,
  "A_197": 117.31940986098616,
  "A_198": 82.43775370787166,
  "A_199": 21.5653496732316,
  "A_200": 50.72038507367648,
  "A_201": 82.67610005931422,
  "A_202": 13.28391037643908,
  "A_203": 88.11588083634047,
  "A_204": 3.622884648119749,
  "A_205": 39.4253290416308,
  "A_206": 127.35654706179326,
  "A_207": 47.47021897797863,
  "A_208": 43.65927859361499,
  "A_209": 69.24415783703799,
  "A_210": 110.60381574096648,
  "A_211": 88.51937443039695,
  "A_212": 3.622884648119749,
  "A_213": 35.02121826515757,
  "A_214": 123.03915680892973,
  "A_215": 93.98647449713881,
  "A_216": 0.0,
  "A_217": 25.360192536838245,
  "A_218": 121.80015036546577,
  "A_219": 32.72423651330009,
  "A_220": 3.622884648119749,
  "A_221": 114.03276359139485,
  "A_222": 148.35431147348612,
  "A_223": 107.73924872757024,
  "A_224": 39.27126533789876,
  "A_225": 91.5898916917919,
  "A_226": 74.85505488271997,
  "A_227": 153.20010504431283
}