{
  "A_1": 182.6240984750169,
  "A_2": 83.21230709342892,
  "A_3": 122.4972320761855,
  "A_4": 96.24600846456549,
  "A_5": 59.58649989604331,
  "A_6": 63.273246839625244,
  "A_7": 34.612710689225985,
  "A_8": 104.99604772156748,
  "A_9": 0.0,
  "A_10": 42.80105831250735,
  "A_11": 84.39780593081696,
  "A_12": 48.19108882827135,
  "A_13": 1.2076282160399163,
  "A_14": 96.6102572831933,
  "A_15": 109.74010395590035,
  "A_16": 44.6822439934769,
  "A_17": 8.044889936347825,
  "A_18": 104.65514721954113,
  "A_19": 31.811076059866455,
  "A_20": 44.6822439934769,
  "A_21": 54.053036826087,
  "A_22": 74.17844378973103,
  "A_23": 109.8583786361227,
  "A_24": 128.95403435977306,
  "A_25": 57.012970026075614,
  "A_26": 26.159313176946572,
  "A_27": 38.59729318273884,
  "A_28": 6.7896100429382615,
  "A_29": 35.8203389052659,
  "A_30": 3.5088448347944396,
  "A_31": 25.36019253683824,
  "A_32": 0.0,
  "A_33": 2.4152564320798326,
  "A_34": 21.737307888718494,
  "A_35": 57.96615436991599,
  "A_36": 0.0,
  "A_37": 0.0,
  "A_38": 31.39833361703782,
  "A_39": 68.56246993032083,
  "A_40": 18.114423240598747,
  "A_41": 28.929393649693452,
  "A_42": 88.78829476154421,
  "A_43": 193.0885048430828,
  "A_44": 55.769552786526006,
  "A_45": 35.8203389052659,
  "A_46": 126.73785437096592,
  "A_47": 15.018320848632932,
  "A_48": 155.10389762601764,
  "A_49": 16.95528864875964,
  "A_50": 65.21192366615549,
  "A_51": 193.73196585039108,
  "A_52": 85.50833380111972,
  "A_53": 33.268913281208874,
  "A_54": 2.4152564320798326,
  "A_55": 63.73195706616117,
  "A_56": 55.16451974055644,
  "A_57": 2.4152564320798326,
  "A_58": 1.0935884027146072,
  "A_59": 4.830512864159665,
  "A_60": 21.737307888718494,
  "A_61": 3.622884648119749,
  "A_62": 0.0,
  "A_63": 0.0,
  "A_64": 31.79417429139014,
  "A_65": 4.830512864159665,
  "A_66": 0.0,
  "A_67": 66.6364977044817,
  "A_68": 27.2358490147375,
  "A_69": 22.944936104758412,
  "A_70": 35.956508097243095,
  "A_71": 31.535344755846186,
  "A_72": 71.01256034174368,
  "A_73": 18.114423240598747,
  "A_74": 72.84830602657172,
  "A_75": 85.97815269927877,
  "A_76": 28.14816752133997,
  "A_77": 23.607887552889544,
  "A_78": 65.60677159722925,
  "A_79": 114.14421473237357,
  "A_80": 47.52378941590765,
  "A_81": 156.73975005348308,
  "A_82": 68.95308299449758,
  "A_83": 22.60281666478248,
  "A_84": 6.038141080199582,
  "A_85": 79.70346225863449,
  "A_86": 51.81397347639109,
  "A_87": 10.754614131033938,
  "A_88": 14.3553694005018,
  "A_89": 90.57211620299373,
  "A_90": 66.4195518821954,
  "A_91": 3.622884648119749,
  "A_92": 34.612710689225985,
  "A_93": 109.89416765963239,
  "A_94": 18.64544036364972,
  "A_95": 3.4867154561425533,
  "A_96": 27.389070771638377,
  "A_97": 94.19500085111346,
  "A_98": 19.185882264661466,
  "A_99": 0.0,
  "A_100": 74.41679014117358,
  "A_101": 71.11389555437786,
  "A_102": 7.245769296239498,
  "A_103": 2.142918048125441,
  "A_104": 93.73455646543277,
  "A_105": 137.95286262219813,
  "A_106": 21.973857249163192,
  "A_107": 75.80304931549661,
  "A_108": 7.109600104262302,
  "A_109": 55.550897937836154,
  "A_110": 11.392043280447309,
  "A_111": 43.79628973242336,
  "A_112": 5.357295120313602,
  "A_113": 0.0,
  "A_114": 0.0,
  "A_115": 0.0,
  "A_116": 2.142918048125441,
  "A_117": 14.74598246467854,
  "A_118": 7.772551552393435,
  "A_119": 8.453397512279414,
  "A_120": 16.08977987269565,
  "A_121": 20.529679672678576,
  "A_122": 9.204866475018093,
  "A_123": 9.432946101668712,
  "A_124": 3.5088448347944396,
  "A_125": 0.0,
  "A_126": 0.0,
  "A_127": 0.0,
  "A_128": 0.0,
  "A_129": 0.0,
  "A_130": 54.9423588744652,
  "A_131": 66.58452319562072,
  "A_132": 59.5107121148681,
  "A_133": 65.59311195237146,
  "A_134": 14.06513650479256,
  "A_135": 35.69263944708278,
  "A_136": 15.699166808518912,
  "A_137": 59.509932999890026,
  "A_138": 15.699166808518912,
  "A_139": 0.0,
  "A_140": 0.0,
  "A_141": 43.33844658545979,
  "A_142": 2.279087240102637,
  "A_143": 0.0,
  "A_144": 16.362118256650042,
  "A_145": 26.45378093955285,
  "A_146": 11.962242347073854,
  "A_147": 18.114423240598747,
  "A_148": 71.91301619448619,
  "A_149": 66.01104430626381,
  "A_150": 3.4867154561425533,
  "A_151": 4.830512864159665,
  "A_152": 38.89854678547687,
  "A_153": 24.995943718210427,
  "A_154": 1.2076282160399163,
  "A_155": 56.75852615387607,
  "A_156": 101.44077014735296,
  "A_157": 32.60596183307774,
  "A_158": 9.66102572831933,
  "A_159": 127.48175837859476,
  "A_160": 150.22105839461977,
  "A_161": 94.61109851489614,
  "A_162": 70.55132427471423,
  "A_163": 28.754997558307373,
  "A_164": 133.0473787909532,
  "A_165": 133.27383735579457,
  "A_166": 19.7126645208154,
  "A_167": 154.24340283182877,
  "A_168": 52.95605550330651,
  "A_169": 63.34981373577851,
  "A_170": 119.91506910960575,
  "A_171": 117.93723547224113,
  "A_172": 171.5316751691277,
  "A_173": 72.50618658659579,
  "A_174": 92.92182644594907,
  "A_175": 81.27363026689866,
  "A_176": 171.60995109168454,
  "A_177": 43.59289045765934,
  "A_178": 120.2223797029799,
  "A_179": 84.70921316101139,
  "A_180": 40.65085176942556,
  "A_181": 119.85050309738916,
  "A_182": 39.125759332555106,
  "A_183": 10.868653944359247,
  "A_184": 119.94580645212847,
  "A_185": 60.10907241804142,
  "A_186": 1.2076282160399163,
  "A_187": 66.41955188219539,
  "A_188": 102.53435855006757,
  "A_189": 20.41563985935327,
  "A_190": 6.973430912285107,
  "A_191": 81.98254949873711,
  "A_192": 77.28820582655464,
  "A_193": 8.339357698954105,
  "A_194": 6.038141080199582,
  "A_195": 71.48661410679976,
  "A_196": 53.13564150575632,
  "A_197": 1.0714590240627204,
  "A_198": 78.06611443306596,
  "A_199": 138.4329482451491,
  "A_200": 102.2041017639516,
  "A_201": 200.28578051512147,
  "A_202": 89.07425509124457,
  "A_203": 51.65567490576201,
  "A_204": 2.3012166187545233,
  "A_205": 1.2076282160399163,
  "A_206": 16.11190925134754,
  "A_207": 1.2076282160399163,
  "A_208": 28.983077184957992,
  "A_209": 36.09267728922029,
  "A_210": 0.0,
  "A_211": 0.0,
  "A_212": 72.32152377041778,
  "A_213": 32.105543822472725,
  "A_214": 1.0714590240627204,
  "A_215": 8.453397512279414,
  "A_216": 99.68846516340427,
  "A_217": 48.305128641596646,
  "A_218": 27.22906317460575,
  "A_219": 36.70194520208689,
  "A_220": 45.44557561007554,
  "A_221": 161.05775605850673,
  "A_222": 127.6825689810122,
  "A_223": 26.567820752878163,
  "A_224": 72.07554963201233,
  "A_225": 14.337474888746954,
  "A_226": 38.353870017568084,
  "A_227": 15.022555715529972,
  "A_228": 3.622884648119749,
  "A_229": 70.75631947854629,
  "A_230": 77.51712740003643,
  "A_231": 18.114423240598747,
  "A_232": 14.491538592478996,
  "A_233": 21.328800312786907,
  "A_234": 94.90637052522175,
  "A_235": 4.716473050834356,
  "A_236": 45.19113173787599,
  "A_237": 38.069819776201115,
  "A_238": 9.66102572831933,
  "A_239": 0.0,
  "A_240": 0.0,
  "A_241": 21.737307888718494,
  "A_242": 76.26266432071682,
  "A_243": 0.0,
  "A_244": 0.0,
  "A_245": 25.324403513328548,
  "A_246": 26.686095433100512,
  "A_247": 7.109600104262302,
  "A_248": 71.45082508329007,
  "A_249": 138.301076751922,
  "A_250": 121.02315910400932,
  "A_251": 15.699166808518912,
  "A_252": 55.55089793783615,
  "A_253": 106.5257268837122,
  "A_254": 148.41823660080138,
  "A_255": 1.0714590240627204,
  "A_256": 84.3799114190621,
  "A_257": 186.33552577048542,
  "A_258": 0.0,
  "A_259": 48.30512864159665,
  "A_260": 78.61410872281691,
  "A_261": 60.06055366109939,
  "A_262": 2.4152564320798326,
  "A_263": 43.47461577743698,
  "A_264": 132.47485494576296,
  "A_265": 16.774860699478673,
  "A_266": 8.453397512279414,
  "A_267": 111.62857813182623,
  "A_268": 37.1862656919349,
  "A_269": 9.66102572831933,
  "A_270": 23.607887552889544,
  "A_271": 70.70962284534332,
  "A_272": 63.595787874183976,
  "A_273": 6.117309215070045,
  "A_274": 34.612710689225985,
  "A_275": 39.83383661756239,
  "A_276": 27.389070771638373,
  "A_277": 0.0,
  "A_278": 133.543762996591,
  "A_279": 19.32205145663866,
  "A_280": 28.869037371632682,