{
  "A_1": 216.51663046433396,
  "A_2": 101.56327969447236,
  "A_3": 46.6710983378703,
  "A_4": 17.30164295563261,
  "A_5": 59.080163124878936,
  "A_6": 40.27717817283699,
  "A_7": 66.21357650145545,
  "A_8": 125.28178900788012,
  "A_9": 25.614636409037786,
  "A_10": 69.85859052822708,
  "A_11": 2.4152564320798326,
  "A_12": 128.42977794411263,
  "A_13": 139.52651151512248,
  "A_14": 58.03074551487379,
  "A_15": 102.94368294008912,
  "A_16": 46.59453144171701,
  "A_17": 0.0,
  "A_18": 32.49192201975243,
  "A_19": 0.0,
  "A_20": 0.0,
  "A_21": 1.2076282160399163,
  "A_22": 1.0714590240627204,
  "A_23": 0.0,
  "A_24": 1.0935884027146072,
  "A_25": 0.0,
  "A_26": 41.923071130423295,
  "A_27": 53.336401842691316,
  "A_28": 108.9298495114277,
  "A_29": 32.26384239310181,
  "A_30": 0.0,
  "A_31": 62.20254179779937,
  "A_32": 53.630869605297605,
  "A_33": 70.37858694424926,
  "A_34": 13.147741184461884,
  "A_35": 159.70220909396517,
  "A_36": 116.33899419202449,
  "A_37": 51.75605507422951,
  "A_38": 80.68544872392296,
  "A_39": 26.123524153436875,
  "A_40": 95.40262906715338,
  "A_41": 55.396834234104105,
  "A_42": 183.66236971428705,
  "A_43": 68.83480831427524,
  "A_44": 3.214377072188161,
  "A_45": 6.038141080199582,
  "A_46": 0.0,
  "A_47": 0.0,
  "A_48": 0.0,
  "A_49": 0.0,
  "A_50": 0.0,
  "A_51": 3.214377072188161,
  "A_52": 2.4152564320798326,
  "A_53": 0.0,
  "A_54": 0.0,
  "A_55": 119.77466505073151,
  "A_56": 3.350546264165357,
  "A_57": 108.24647771104823,
  "A_58": 39.40743452987596,
  "A_59": 0.0,
  "A_60": 9.546985914994021,
  "A_61": 48.487994466776804,
  "A_62": 1.0714590240627204,
  "A_63": 1.2076282160399163,
  "A_64": 70.95133698411053,
  "A_65": 8.453397512279414,
  "A_66": 32.02549604165927,
  "A_67": 94.7889000927187,
  "A_68": 74.33671722761889,
  "A_69": 108.26437222280309,
  "A_70": 30.60005492376066,
  "A_71": 13.928967312815365,
  "A_72": 18.36886711279829,
  "A_73": 0.0,
  "A_74": 0.0,
  "A_75": 14.194519856638008,
  "A_76": 0.0,
  "A_77": 6.561530416287644,
  "A_78": 4.374353610858429,
  "A_79": 0.0,
  "A_80": 16.362118256650046,
  "A_81": 12.70436193007545,
  "A_82": 0.0,
  "A_83": 13.810692632593017,
  "A_84": 102.54950102665788,
  "A_85": 10.051638792496071,
  "A_86": 79.37744033941554,
  "A_87": 155.72760429872014,
  "A_88": 85.53385609983748,
  "A_89": 70.92827769403317,
  "A_90": 91.53620815652737,
  "A_91": 18.637812576686805,
  "A_92": 108.43450831455088,
  "A_93": 101.94939399796917,
  "A_94": 7.131729482914189,
  "A_95": 74.17420892283398,
  "A_96": 93.89534317744346,
  "A_97": 28.674949777493907,
  "A_98": 15.220878176565789,
  "A_99": 0.0,
  "A_100": 87.23247754852164,
  "A_101": 23.493847739564234,
  "A_102": 14.491538592478996,
  "A_103": 125.81198931684116,
  "A_104": 138.9348490874866,
  "A_105": 33.659526345385615,
  "A_106": 80.95871701930282,
  "A_107": 130.42533016404346,
  "A_108": 86.20104241486564,
  "A_109": 59.7472614753128,
  "A_110": 45.69746850904038,
  "A_111": 90.24777817743713,
  "A_112": 56.18229522935462,
  "A_113": 0.0,
  "A_114": 49.37658766565937,
  "A_115": 82.94664145227077,
  "A_116": 10.868653944359247,
  "A_117": 0.0,
  "A_118": 82.78167013884544,
  "A_119": 64.27747578090113,
  "A_120": 0.0,
  "A_121": 85.0598902993757,
  "A_122": 157.685193513025,
  "A_123": 27.775448968918077,
  "A_124": 7.131729482914189,
  "A_125": 1.0714590240627204,
  "A_126": 0.0,
  "A_127": 0.0,
  "A_128": 15.136595528855283,
  "A_129": 0.0,
  "A_130": 62.55492796256722,
  "A_131": 31.78723765481102,
  "A_132": 119.4426364063589,
  "A_133": 134.82697793187629,
  "A_134": 61.589039018035734,
  "A_135": 59.37547283431637,
  "A_136": 12.993677480729842,
  "A_137": 2.4152564320798326,
  "A_138": 0.0,
  "A_139": 2.4152564320798326,
  "A_140": 1.0935884027146072,
  "A_141": 1.0714590240627204,
  "A_142": 12.058387648644317,
  "A_143": 1.2076282160399163,
  "A_144": 24.152564320798326,
  "A_145": 39.89683183345217,
  "A_146": 59.058787728463905,
  "A_147": 108.16124001917103,
  "A_148": 7.636382360416238,
  "A_149": 85.74160333883407,
  "A_150": 91.20012057444632,
  "A_151": 49.84968638654877,
  "A_152": 65.21021463975194,
  "A_153": 131.31296831875935,
  "A_154": 2.4152564320798326,
  "A_155": 47.73492957497011,
  "A_156": 57.46054644824725,
  "A_157": 66.86712830436703,
  "A_158": 77.58934633195715,
  "A_159": 1.2076282160399163,
  "A_160": 3.622884648119749,
  "A_161": 95.88683645966589,
  "A_162": 34.634840067877875,
  "A_163": 37.322434883912095,
  "A_164": 95.53181135706902,
  "A_165": 28.777968883790425,
  "A_166": 2.3012166187545233,
  "A_167": 82.40289459578744,
  "A_168": 105.51384502273216,
  "A_169": 7.500213168439043,
  "A_170": 99.09010486023094,
  "A_171": 120.74733983539477,
  "A_172": 56.45463361330903,
  "A_173": 116.0614910297476,
  "A_174": 105.4227137030368,
  "A_175": 93.8204601749525,
  "A_176": 113.69310716005933,
  "A_177": 3.214377072188161,
  "A_178": 82.81902995868194,
  "A_179": 38.73769724161308,
  "A_180": 15.703401675415952,
  "A_181": 73.01327733999705,
  "A_182": 81.7569077479857,
  "A_183": 2.4152564320798326,
  "A_184": 0.0,
  "A_185": 1.2076282160399163,
  "A_186": 0.0,
  "A_187": 35.82541571899411,
  "A_188": 40.880916882633265,
  "A_189": 91.06185279857654,
  "A_190": 31.12599523308343,
  "A_191": 104.1000906295049,
  "A_192": 96.51228985788376,
  "A_193": 64.17529862143577,
  "A_194": 63.10975835793242,
  "A_195": 75.69324436906834,
  "A_196": 26.567820752878163,
  "A_197": 38.92914589792284,
  "A_198": 10.298454877732702,
  "A_199": 1.0714590240627204,
  "A_200": 3.622884648119749,
  "A_201": 5.629633504267995,
  "A_202": 0.0,
  "A_203": 2.279087240102637,
  "A_204": 15.997869438022231,
  "A_205": 4.69434367218247,
  "A_206": 1.0714590240627204,
  "A_207": 46.49914012238341,
  "A_208": 132.94189667601626,
  "A_209": 45.03706803414395,
  "A_210": 53.42068449040183,
  "A_211": 87.72112086986098,
  "A_212": 7.816810309697209,
  "A_213": 10.732484752382051,
  "A_214": 23.616357286683623,
  "A_215": 52.55517571433784,
  "A_216": 83.8786263288847,
  "A_217": 6.428754144376322,
  "A_218": 65.12932491210731
}