{
  "A_1": 238.34264436321922,
  "A_2": 105.08567107678908,
  "A_3": 183.68026422604188,
  "A_4": 134.46370929015637,
  "A_5": 148.5260937597844,
  "A_6": 102.62876969249328,
  "A_7": 42.41162648716835,
  "A_8": 1.0935884027146072,
  "A_9": 121.49721286906542,
  "A_10": 89.92007236455586,
  "A_11": 35.80244439351105,
  "A_12": 77.48896616348964,
  "A_13": 30.36170857231811,
  "A_14": 84.28881779847863,
  "A_15": 36.1139395882998,
  "A_16": 65.72081141055457,
  "A_17": 75.26356245865155,
  "A_18": 71.58360135520138,
  "A_19": 57.11758506144015,
  "A_20": 92.99065245780392,
  "A_21": 156.64076475215376,
  "A_22": 127.97703674361848,
  "A_23": 44.478819585971664,
  "A_24": 121.11764564465868,
  "A_25": 57.557646793984404,
  "A_26": 96.76249886318628,
  "A_27": 6.473012901680097,
  "A_28": 67.17609765866229,
  "A_29": 48.405508810064156,
  "A_30": 17.202104733996272,
  "A_31": 0.0,
  "A_32": 8.707841384478959,
  "A_33": 37.246621969995665,
  "A_34": 26.940539305300057,
  "A_35": 0.0,
  "A_36": 3.4867154561425533,
  "A_37": 65.6569491150924,
  "A_38": 43.32986375433019,
  "A_39": 10.051638792496071,
  "A_40": 93.79740088487515,
  "A_41": 159.21855462175972,
  "A_42": 49.20462945017249,
  "A_43": 141.08040607344105,
  "A_44": 35.57859963375748,
  "A_45": 158.2809777102224,
  "A_46": 59.13967745610854,
  "A_47": 36.11480666787218,
  "A_48": 1.0935884027146072,
  "A_49": 0.0,
  "A_50": 0.0,
  "A_51": 1.2076282160399163,
  "A_52": 33.11484957747683,
  "A_53": 5.379424498965489,
  "A_54": 47.55450162568914,
  "A_55": 16.90679502455883,
  "A_56": 0.0,
  "A_57": 1.2076282160399163,
  "A_58": 0.0,
  "A_59": 0.0,
  "A_60": 5.357295120313602,
  "A_61": 39.11720163416672,
  "A_62": 10.868653944359247,
  "A_63": 9.546985914994021,
  "A_64": 172.2037623686955,
  "A_65": 86.68026095824425,
  "A_66": 98.17955821188511,
  "A_67": 0.0,
  "A_68": 64.32333046727291,
  "A_69": 10.714590240627205,
  "A_70": 2.279087240102637,
  "A_71": 17.614005229993733,
  "A_72": 13.24049356596647,
  "A_73": 35.30202638290604,
  "A_74": 66.07563545122161,
  "A_75": 27.775448968918077,
  "A_76": 26.005249473214526,
  "A_77": 40.87374148501246,
  "A_78": 44.27373641754532,
  "A_79": 2.279087240102637,
  "A_80": 0.0,
  "A_81": 65.25276437065217,
  "A_82": 56.55077891487949,
  "A_83": 0.0,
  "A_84": 0.0,
  "A_85": 110.33324921526872,
  "A_86": 76.96218390733571,
  "A_87": 41.39628887426935,
  "A_88": 69.85681866997045,
  "A_89": 42.52143143359662,
  "A_90": 91.53281523646149,
  "A_91": 61.07919622946996,
  "A_92": 75.66264525662237,
  "A_93": 10.714590240627205,
  "A_94": 8.571672192501763,
  "A_95": 70.51901613586473,
  "A_96": 47.24637421822505,
  "A_97": 45.367324820259924,
  "A_98": 63.690978131587755,
  "A_99": 3.280765208143822,
  "A_100": 53.45467652291367,
  "A_101": 35.41183132933431,
  "A_102": 130.63212235887335,
  "A_103": 13.082194995337389,
  "A_104": 20.529679672678576,
  "A_105": 115.83010644762541,
  "A_106": 127.0289040807651,
  "A_107": 3.214377072188161,
  "A_108": 18.641205496752683,
  "A_109": 2.4152564320798326,
  "A_110": 0.0,
  "A_111": 0.0,
  "A_112": 1.2076282160399163,
  "A_113": 17.202104733996272,
  "A_114": 28.402611393539516,
  "A_115": 21.58324418498645,
  "A_116": 169.4704008308838,
  "A_117": 49.51275685763657,
  "A_118": 81.18427080545995,
  "A_119": 32.92679384123294,
  "A_120": 7.245769296239498,
  "A_121": 2.4152564320798326,
  "A_122": 56.006102146970704,
  "A_123": 26.932911518337136,
  "A_124": 1.2076282160399163,
  "A_125": 1.2076282160399163,
  "A_126": 48.55702154056149,
  "A_127": 13.9689912032221,
  "A_128": 0.0,
  "A_129": 53.661556682337874,
  "A_130": 142.32475322441616,
  "A_131": 9.38868734436494,
  "A_132": 12.993677480729842,
  "A_133": 43.45672126568214,
  "A_134": 82.37220751874716,
  "A_135": 128.0840896548822,
  "A_136": 6.428754144376322,
  "A_137": 80.42854184308301,
  "A_138": 1.0714590240627204,
  "A_139": 0.0,
  "A_140": 0.0,
  "A_141": 0.0,
  "A_142": 4.830512864159665,
  "A_143": 75.0746396428353,
  "A_144": 36.737734225596576,
  "A_145": 148.51524898194424,
  "A_146": 65.12245110738124,
  "A_147": 26.395862537391267,
  "A_148": 95.14816006221263,
  "A_149": 96.35909323372411,
  "A_150": 47.927220178111035,
  "A_151": 3.214377072188161,
  "A_152": 47.09750042555673,
  "A_153": 106.83110225601173,
  "A_154": 15.585126995193603,
  "A_155": 1.2076282160399163,
  "A_156": 89.76600866082381,
  "A_157": 110.21073966814933,
  "A_158": 0.0,
  "A_159": 0.0,
  "A_160": 0.0,
  "A_161": 62.274119844818756,
  "A_162": 32.302069292510694,
  "A_163": 84.90669367521605,
  "A_164": 58.62815077388042,
  "A_165": 20.529679672678576,
  "A_166": 139.62871380732906,
  "A_167": 72.88314000591473,
  "A_168": 66.32593242111842,
  "A_169": 121.49552897540309,
  "A_170": 173.02782725447332,
  "A_171": 2.4152564320798326,
  "A_172": 89.37893931316034,
  "A_173": 0.0,
  "A_174": 0.0,
  "A_175": 35.75139979607553,
  "A_176": 7.500213168439043,
  "A_177": 76.94428939558087,
  "A_178": 22.127920952895234,
  "A_179": 87.34405435320654,
  "A_180": 119.6306921426028,
  "A_181": 26.56782075287816,
  "A_182": 185.77373360579986,
  "A_183": 28.9472881614483,
  "A_184": 75.87546930934715,
  "A_185": 160.65086954438436,
  "A_186": 54.33384494383547,
  "A_187": 102.61260933988319,
  "A_188": 99.08500291376153,
  "A_189": 29.33790122562504,
  "A_190": 50.72038507367648,
  "A_191": 62.90975200323427,
  "A_192": 28.983077184957992,
  "A_193": 166.26881632398104,
  "A_194": 3.214377072188161,
  "A_195": 100.70624065220245,
  "A_196": 89.01802058274532,
  "A_197": 45.58174480205274,
  "A_198": 151.19579406406376,
  "A_199": 33.19658125195263,
  "A_200": 34.98542924164788,
  "A_201": 0.0,
  "A_202": 29.73454614769667,
  "A_203": 0.0,
  "A_204": 21.918577784830628,
  "A_205": 8.067019314999714,
  "A_206": 53.194288757413545,
  "A_207": 9.77930040854168,
  "A_208": 136.82707917796952,
  "A_209": 34.84586712960481,
  "A_210": 42.173368100320104,
  "A_211": 108.96978543724012,
  "A_212": 20.41563985935327,
  "A_213": 35.486689199084054,
  "A_214": 29.654498366883203,
  "A_215": 72.8704354052236,
  "A_216": 2.4152564320798326,
  "A_217": 9.66102572831933,
  "A_218": 105.89935614043947,
  "A_219": 16.90679502455883,
  "A_220": 1.2076282160399163,
  "A_221": 36.75562873735143,
  "A_222": 119.92524786980337,
  "A_223": 56.624040855561205,
  "A_224": 10.8507594326044,
  "A_225": 13.28391037643908,
  "A_226": 112.76367325668008,
  "A_227": 135.1146598543508,
  "A_228": 29.918367017043515,
  "A_229": 121.88002221709064,
  "A_230": 29.73454614769667,
  "A_231": 55.22911088551426,
  "A_232": 0.0,
  "A_233": 0.0,
  "A_234": 4.285836096250882,
  "A_235": 1.2076282160399163,
  "A_236": 28.96941754010018,
  "A_237": 10.714590240627205,
  "A_238": 10.868653944359247,
  "A_239": 18.34757968097757,
  "A_240": 0.0,
  "A_241": 4.830512864159665,
  "A_242": 9.66102572831933,
  "A_243": 0.0,
  "A_244": 2.4152564320798326,
  "A_245": 11.940112968421968,
  "A_246": 0.0,
  "A_247": 3.214377072188161,
  "A_248": 89.47577576511458,
  "A_249": 48.96892203655895,
  "A_250": 0.0,
  "A_251": 84.10757303510769,
  "A_252": 142.0914836867018,
  "A_253": 1.0714590240627204,
  "A_254": 112.64557450564635,
  "A_255": 0.0,
  "A_256": 1.2076282160399163,
  "A_257": 0.0,
  "A_258": 4.69434367218247,
  "A_259": 20.630059841146082,
  "A_260": 61.697888920297316,
  "A_261": 13.147741184461884,
  "A_262": 18.505036304775487,
  "A_263": 4.830512864159665,
  "A_264": 2.4152564320798326,
  "A_265": 11.940112968421968,
  "A_266": 37.735177326740725,
  "A_267": 1.0714590240627204,
  "A_268": 0.0,
  "A_269": 101.15991176412207,
  "A_270": 51.928013289716404,
  "A_271": 0.0,
  "A_272": 0.0,
  "A_273": 82.67430306831636,
  "A_274": 66.347973835176,
  "A_275": 31.208480889796085,
  "A_276": 8.532565647149877,
  "A_277": 70.82366265866864,
  "A_278": 136.2448163955532,
  "A_279": 4.830512864159665,
  "A_280": 61.298806122326496,
  "A_281": 119.10994174434374,
  "A_282": 41.285729945604224,
  "A_283": 27.99410381760793,