{
  "A_1": 192.7132353174262,
  "A_2": 129.86032100848064,
  "A_3": 23.9108250492899,
  "A_4": 68.15396235438925,
  "A_5": 83.89822986704311,
  "A_6": 148.96537637735057,
  "A_7": 60.7677638665343,
  "A_8": 51.655674905762005,
  "A_9": 91.94471573245895,
  "A_10": 85.72370882707921,
  "A_11": 1.2076282160399163,
  "A_12": 68.58118125616564,
  "A_13": 110.26761506154993,
  "A_14": 18.527165683427373,
  "A_15": 12.993677480729842,
  "A_16": 106.81509269984903,
  "A_17": 58.23753770970369,
  "A_18": 65.21192366615549,
  "A_19": 115.08626527184964,
  "A_20": 79.71436986832775,
  "A_21": 117.98575422918319,
  "A_22": 96.67484842815112,
  "A_23": 84.89651491501841,
  "A_24": 114.55272230830516,
  "A_25": 44.98518148987726,
  "A_26": 44.6822439934769,
  "A_27": 44.001398033590924,
  "A_28": 48.30512864159665,
  "A_29": 18.616525144866085,
  "A_30": 34.69519634593864,
  "A_31": 4.716473050834356,
  "A_32": 74.42865279503353,
  "A_33": 7.772551552393435,
  "A_34": 0.0,
  "A_35": 43.57499594590448,
  "A_36": 120.62390037684989,
  "A_37": 42.62181160206411,
  "A_38": 99.27995758747268,
  "A_39": 146.643827370942,
  "A_40": 0.0,
  "A_41": 60.22734709826376,
  "A_42": 51.677804284413895,
  "A_43": 28.869037371632686,
  "A_44": 0.0,
  "A_45": 20.529679672678576,
  "A_46": 100.61676809342822,
  "A_47": 23.607887552889544,
  "A_48": 2.4152564320798326,
  "A_49": 25.360192536838245,
  "A_50": 54.68443411760548,
  "A_51": 114.42932054887217,
  "A_52": 4.69434367218247,
  "A_53": 109.76983598877393,
  "A_54": 142.1867870414411,
  "A_55": 56.20018974110947,
  "A_56": 41.085723590906085,
  "A_57": 34.75734961499726,
  "A_58": 55.6691726180585,
  "A_59": 38.59729318273884,
  "A_60": 0.0,
  "A_61": 0.0,
  "A_62": 0.0,
  "A_63": 2.279087240102637,
  "A_64": 56.66905359510184,
  "A_65": 63.59662982101514,
  "A_66": 103.16581867343916,
  "A_67": 1.0935884027146072,
  "A_68": 50.1757083057677,
  "A_69": 68.83480831427524,
  "A_70": 0.0,
  "A_71": 0.0,
  "A_72": 27.639279776940874,
  "A_73": 37.027967121305814,
  "A_74": 1.2076282160399163,
  "A_75": 1.2076282160399163,
  "A_76": 147.0225149494057,
  "A_77": 48.11527591435492,
  "A_78": 37.38279116197287,
  "A_79": 67.55560205121593,
  "A_80": 31.90722136143691,
  "A_81": 32.90127154251518,
  "A_82": 66.22630623488779,
  "A_83": 13.28391037643908,
  "A_84": 43.33844658545979,
  "A_85": 0.0,
  "A_86": 60.603521402604635,
  "A_87": 88.35855001927436,
  "A_88": 54.30748069828655,
  "A_89": 66.52840178445697,
  "A_90": 98.59824454801432,
  "A_91": 24.661452065197416,
  "A_92": 125.11324884520033,
  "A_93": 120.12281634860233,
  "A_94": 135.38861930011444,
  "A_95": 46.11699679200075,
  "A_96": 38.64410291327732,
  "A_97": 40.096750223556015,
  "A_98": 32.41610910583601,
  "A_99": 75.50858155289032,
  "A_100": 24.79762125717461,
  "A_101": 115.11254155280426,
  "A_102": 80.21235000303356,
  "A_103": 139.87277785740116,
  "A_104": 174.77487949550522,
  "A_105": 44.340966500332144,
  "A_106": 90.53537213531735,
  "A_107": 37.65512954592726,
  "A_108": 54.62999660010408,
  "A_109": 8.453397512279414,
  "A_110": 27.85793462563073,
  "A_111": 0.0,
  "A_112": 23.012166187545233,
  "A_113": 43.18438288172775,
  "A_114": 93.9514645886072,
  "A_115": 16.49828744862724,
  "A_116": 6.564923336353519,
  "A_117": 123.28614882335498,
  "A_118": 107.17078382008847,
  "A_119": 53.3287740557284,
  "A_120": 7.500213168439043,
  "A_121": 90.04275784086386,
  "A_122": 5.379424498965489,
  "A_123": 0.0,
  "A_124": 0.0,
  "A_125": 1.2076282160399163,
  "A_126": 17.143344385003527,
  "A_127": 11.786049264689925,
  "A_128": 35.93861358548825,
  "A_129": 1.2076282160399163,
  "A_130": 29.848585961021982,
  "A_131": 74.54692747525588,
  "A_132": 6.903649856263571,
  "A_133": 2.3012166187545233,
  "A_134": 46.79360788498969,
  "A_135": 4.830512864159665,
  "A_136": 28.929393649693452,
  "A_137": 1.2076282160399163,
  "A_138": 0.0,
  "A_139": 0.0,
  "A_140": 69.85774858139592,
  "A_141": 0.0,
  "A_142": 0.0,
  "A_143": 94.61111108126677,
  "A_144": 133.9240842032346,
  "A_145": 25.88697479299218,
  "A_146": 32.22381850269508,
  "A_147": 5.357295120313602,
  "A_148": 104.13927257308046,
  "A_149": 8.615930949805536,
  "A_150": 54.936440113905824,
  "A_151": 36.88237315136785,
  "A_152": 0.0,
  "A_153": 1.2076282160399163,
  "A_154": 0.0,
  "A_155": 1.2076282160399163,
  "A_156": 0.0,
  "A_157": 10.026116493778309,
  "A_158": 18.114423240598747,
  "A_159": 106.23549398800296,
  "A_160": 77.60724084371199,
  "A_161": 54.715988274218134,
  "A_162": 28.052022219769505,
  "A_163": 1.0935884027146072,
  "A_164": 61.24935745395899,
  "A_165": 89.88701024346949,
  "A_166": 73.5478633123025,
  "A_167": 0.0,
  "A_168": 117.5056686062322,
  "A_169": 182.7304728022674,
  "A_170": 44.16561536477937,
  "A_171": 54.07940107163592,
  "A_172": 4.558174480205274,
  "A_173": 73.8660815153699,
  "A_174": 33.71225483648347,
  "A_175": 56.99507551432076,
  "A_176": 27.53370969740965,
  "A_177": 5.357295120313602,
  "A_178": 2.4152564320798326,
  "A_179": 72.04918538646339,
  "A_180": 18.114423240598747,
  "A_181": 54.34326972179623,
  "A_182": 8.571672192501763,
  "A_183": 146.96288752084058
}