{
  "A_1": 242.18510120508364,
  "A_2": 98.612658175109,
  "A_3": 175.5466808458979,
  "A_4": 79.69403748067371,
  "A_5": 161.60744680829063,
  "A_6": 92.40351392358922,
  "A_7": 96.63404542276629,
  "A_8": 44.6822439934769,
  "A_9": 108.84388297005486,
  "A_10": 20.824989382116023,
  "A_11": 45.4115835775637,
  "A_12": 1.2076282160399163,
  "A_13": 15.538317264655118,
  "A_14": 95.84594548968678,
  "A_15": 42.26698756139707,
  "A_16": 0.0,
  "A_17": 56.43250423465714,
  "A_18": 120.21115793402126,
  "A_19": 15.000426336878085,
  "A_20": 59.2741627544234,
  "A_21": 88.49378929982609,
  "A_22": 86.0827677346433,
  "A_23": 53.35429635444617,
  "A_24": 98.53780030535924,
  "A_25": 35.9318277453565,
  "A_26": 135.21761612879425,
  "A_27": 71.89512168273134,
  "A_28": 1.0935884027146072,
  "A_29": 20.824989382116023,
  "A_30": 0.0,
  "A_31": 3.280765208143822,
  "A_32": 6.038141080199582,
  "A_33": 28.28433671331716,
  "A_34": 13.28391037643908,
  "A_35": 98.21601325303736,
  "A_36": 0.0,
  "A_37": 24.798463204005778,
  "A_38": 8.181059128325023,
  "A_39": 43.42093224217245,
  "A_40": 4.830512864159665,
  "A_41": 22.146657411481247,
  "A_42": 1.2076282160399163,
  "A_43": 15.54510310478687,
  "A_44": 55.457278476759186,
  "A_45": 0.0,
  "A_46": 12.327333112532834,
  "A_47": 17.025069704781178,
  "A_48": 0.0,
  "A_49": 21.719413376963647,
  "A_50": 9.66102572831933,
  "A_51": 0.0,
  "A_52": 3.4867154561425533,
  "A_53": 8.453397512279414,
  "A_54": 0.0,
  "A_55": 8.181059128325023,
  "A_56": 114.858185645199,
  "A_57": 66.70279787584305,
  "A_58": 32.57017280956805,
  "A_59": 169.10275909219007,
  "A_60": 21.5653496732316,
  "A_61": 88.18488277738393,
  "A_62": 3.3948050214691308,
  "A_63": 5.401553877617376,
  "A_64": 1.0935884027146072,
  "A_65": 1.0935884027146072,
  "A_66": 0.0,
  "A_67": 2.279087240102637,
  "A_68": 0.0,
  "A_69": 15.000426336878085,
  "A_70": 42.70015035647404,
  "A_71": 10.714590240627205,
  "A_72": 91.4537224998147,
  "A_73": 121.12533626347468,
  "A_74": 21.5653496732316,
  "A_75": 74.08473636405975,
  "A_76": 103.37773794747969,
  "A_77": 93.9514645886072,
  "A_78": 49.305009618639986,
  "A_79": 0.0,
  "A_80": 83.91772030786596,
  "A_81": 19.462455515512897,
  "A_82": 1.2076282160399163,
  "A_83": 41.83124866034417,
  "A_84": 68.39303755532744,
  "A_85": 0.0,
  "A_86": 0.0,
  "A_87": 90.29279091697776,
  "A_88": 59.88267668505313,
  "A_89": 0.0,
  "A_90": 39.67977291383035,
  "A_91": 13.28391037643908,
  "A_92": 139.93078422415704,
  "A_93": 47.12894148483387,
  "A_94": 31.362544593528128,
  "A_95": 63.030665621285635,
  "A_96": 118.11171952822153,
  "A_97": 33.8884479188674,
  "A_98": 92.43162489465355,
  "A_99": 35.25776762560227,
  "A_100": 0.0,
  "A_101": 5.357295120313602,
  "A_102": 95.92242442124575,
  "A_103": 33.13274408923168,
  "A_104": 4.830512864159665,
  "A_105": 77.61147571060903,
  "A_106": 76.2388510484026,
  "A_107": 0.0,
  "A_108": 14.67280848859113,
  "A_109": 51.247167329830425,
  "A_110": 32.84251119352244,
  "A_111": 0.0,
  "A_112": 55.55089793783615,
  "A_113": 28.029892841117622,
  "A_114": 0.0,
  "A_115": 1.0714590240627204,
  "A_116": 86.33126771354226,
  "A_117": 95.23235474532882,
  "A_118": 26.549926241123313,
  "A_119": 39.851731129317244,
  "A_120": 2.142918048125441,
  "A_121": 0.0,
  "A_122": 0.0,
  "A_123": 0.0,
  "A_124": 57.468174235210164,
  "A_125": 10.596315560404856,
  "A_126": 54.870051977950176,
  "A_127": 79.68556774687963,
  "A_128": 133.12234975803847,
  "A_129": 71.11131944840194,
  "A_130": 15.699166808518912,
  "A_131": 191.06989333307462,
  "A_132": 113.27775091214289,
  "A_133": 43.81154530634919,
  "A_134": 59.73801262654064,
  "A_135": 24.389113681243025,
  "A_136": 64.9395852822011,
  "A_137": 140.10181252821846,
  "A_138": 123.47921854147397,
  "A_139": 118.72617735215185,
  "A_140": 92.97371299021574,
  "A_141": 19.422431625106164,
  "A_142": 91.32187613932885,
  "A_143": 83.03693082513493,
  "A_144": 6.428754144376322,
  "A_145": 93.46047135596295,
  "A_146": 67.01092528330716,
  "A_147": 23.07939627033206,
  "A_148": 122.60851985434627,
  "A_149": 35.95819199090543,
  "A_150": 52.41137873539773,
  "A_151": 44.226084740175665,
  "A_152": 127.35654706179326,
  "A_153": 77.24299202508419,
  "A_154": 2.1871768054292144,
  "A_155": 56.07768019399009,
  "A_156": 59.31418664483013,
  "A_157": 27.775448968918077,
  "A_158": 3.622884648119749,
  "A_159": 87.29039595068322,
  "A_160": 99.18039423309514,
  "A_161": 1.0714590240627204,
  "A_162": 98.34038262300768,
  "A_163": 81.38418919556379,
  "A_164": 30.545529441664954,
  "A_165": 39.54360372185316,
  "A_166": 27.63927977694088,
  "A_167": 121.62134347799405,
  "A_168": 71.09081113155929,
  "A_169": 37.21262993748383,
  "A_170": 106.92826543360196,
  "A_171": 4.558174480205274,
  "A_172": 11.106158348970638,
  "A_173": 0.0,
  "A_174": 0.0,
  "A_175": 0.0,
  "A_176": 43.2482200444487,
  "A_177": 40.34272436196149,
  "A_178": 67.14709447528435,
  "A_179": 9.284034609888558,
  "A_180": 63.71829742130337,
  "A_181": 9.643131216564484,
  "A_182": 95.11239617144415,
  "A_183": 62.79666723407565,
  "A_184": 62.11242835412379,
  "A_185": 23.69640506749709,
  "A_186": 22.944936104758412,
  "A_187": 5.467942013573036,
  "A_188": 0.0,
  "A_189": 8.453397512279414,
  "A_190": 39.76405556154086,
  "A_191": 3.622884648119749,
  "A_192": 2.279087240102637,
  "A_193": 72.43130358410484,
  "A_194": 9.66526059521637,
  "A_195": 51.901623911426256,
  "A_196": 103.80234304416828,
  "A_197": 21.373059070090676,
  "A_198": 123.79486063856544,
  "A_199": 4.422005288228077,
  "A_200": 66.82286954706325,
  "A_201": 79.8513810071361,
  "A_202": 32.17955974539131,
  "A_203": 20.18756023270265,
  "A_204": 123.47156562176984,
  "A_205": 112.59275804995417,
  "A_206": 10.07376817114796,
  "A_207": 17.302635698911146,
  "A_208": 1.0714590240627204,
  "A_209": 0.0,
  "A_210": 4.422005288228077,
  "A_211": 61.6682071529062,
  "A_212": 65.96762749579119,
  "A_213": 41.12395049031497,
  "A_214": 1.0935884027146072,
  "A_215": 0.0,
  "A_216": 3.622884648119749,
  "A_217": 0.0,
  "A_218": 0.0,
  "A_219": 0.0,
  "A_220": 0.0,
  "A_221": 4.285836096250882,
  "A_222": 67.69177124319313,
  "A_223": 24.79762125717461,
  "A_224": 26.413757049146117,
  "A_225": 1.0714590240627204,
  "A_226": 9.66102572831933,
  "A_227": 0.0,
  "A_228": 0.0,
  "A_229": 5.357295120313602,
  "A_230": 8.453397512279414,
  "A_231": 38.23983020424278,
  "A_232": 40.49678806569352,
  "A_233": 100.16156388429366,
  "A_234": 57.966154369915984,
  "A_235": 90.21715393224994,
  "A_236": 75.45066315072876,
  "A_237": 32.83996022028773,
  "A_238": 86.44029354499244,
  "A_239": 112.62257804742208,
  "A_240": 1.2076282160399163,
  "A_241": 7.245769296239498,
  "A_242": 62.45275080310187,
  "A_243": 40.784469988168055,
  "A_244": 1.2076282160399163,
  "A_245": 3.622884648119749,
  "A_246": 104.49409661374752,
  "A_247": 35.649222636610176,
  "A_248": 9.643131216564484,
  "A_249": 102.84915870032788,
  "A_250": 15.044685094181858,
  "A_251": 122.99246017572676,
  "A_252": 53.135641505756325,
  "A_253": 91.4920373638179,
  "A_254": 5.357295120313602,
  "A_255": 123.48783907171546,
  "A_256": 8.571672192501763,
  "A_257": 15.699166808518912,
  "A_258": 1.0714590240627204,
  "A_259": 6.038141080199582,
  "A_260": 0.0,
  "A_261": 81.47532051525914,
  "A_262": 5.401553877617376,
  "A_263": 45.987701404749615,
  "A_264": 10.986928624581596,
  "A_265": 42.85836096250882,
  "A_266": 30.137021865733367,
  "A_267": 23.045316273225914,
  "A_268": 6.038141080199582,
  "A_269": 22.264932091703596,
  "A_270": 52.79775693267743,
  "A_271": 98.52254473143341,
  "A_272": 179.1314893910562,
  "A_273": 24.56191384356108,
  "A_274": 3.622884648119749,
  "A_275": 70.41852287006171,
  "A_276": 54.34326972179623,
  "A_277": 1.2076282160399163,
  "A_278": 30.17281088924306,
  "A_279": 83.0003249875353,
  "A_280": 82.40196468436196,
  "A_281": 168.89425787095664,
  "A_282": 73.21508068569304,
  "A_283": 6.701092528330714,