{
  "A_1": 220.11753653024917,
  "A_2": 123.61718472444903,
  "A_3": 171.26507961654409,
  "A_4": 81.43871467765949,
  "A_5": 87.47929363375826,
  "A_6": 37.02796712130582,
  "A_7": 35.02121826515757,
  "A_8": 49.319511210328955,
  "A_9": 0.0,
  "A_10": 0.0,
  "A_11": 0.0,
  "A_12": 1.2076282160399163,
  "A_13": 0.0,
  "A_14": 35.76665537000136,
  "A_15": 95.9464387554898,
  "A_16": 88.41130364311343,
  "A_17": 142.57075249556283,
  "A_18": 62.1177690616349,
  "A_19": 44.08565554856022,
  "A_20": 130.50552874130435,
  "A_21": 32.996574897254476,
  "A_22": 5.810061453548963,
  "A_23": 73.43127252574246,
  "A_24": 95.69443275918943,
  "A_25": 21.623268075393185,
  "A_26": 1.2076282160399163,
  "A_27": 118.47674746182742,
  "A_28": 135.47301504516048,
  "A_29": 7.500213168439044,
  "A_30": 111.2021760441398,
  "A_31": 25.93123355029595,
  "A_32": 15.000426336878085,
  "A_33": 86.82396997259005,
  "A_34": 40.45760612211795,
  "A_35": 54.0172478025773,
  "A_36": 10.754614131033938,
  "A_37": 80.36969352949595,
  "A_38": 3.622884648119749,
  "A_39": 34.912255265560475,
  "A_40": 57.36779406674266,
  "A_41": 1.0935884027146072,
  "A_42": 65.19402915440062,
  "A_43": 45.563850290297886,
  "A_44": 0.0,
  "A_45": 24.152564320798326,
  "A_46": 72.09588201966636,
  "A_47": 31.39833361703782,
  "A_48": 13.928967312815365,
  "A_49": 82.98411436944278,
  "A_50": 145.49655543296285,
  "A_51": 67.60928558648047,
  "A_52": 71.10531272324826,
  "A_53": 8.980179768433352,
  "A_54": 17.68802115291231,
  "A_55": 0.0,
  "A_56": 0.0,
  "A_57": 1.2076282160399163,
  "A_58": 0.0,
  "A_59": 0.0,
  "A_60": 36.21095196944265,
  "A_61": 88.97799669233859,
  "A_62": 16.208054552918,
  "A_63": 177.7519280922706,
  "A_64": 76.959632934101,
  "A_65": 63.76961847889242,
  "A_66": 37.55474937745976,
  "A_67": 0.0,
  "A_68": 69.81435690366452,
  "A_69": 78.50674165228783,
  "A_70": 0.0,
  "A_71": 0.0,
  "A_72": 58.45459662932552,
  "A_73": 3.5088448347944396,
  "A_74": 0.0,
  "A_75": 40.58954044719811,
  "A_76": 179.0761219621293,
  "A_77": 67.79215141166063,
  "A_78": 16.22594906467285,
  "A_79": 16.22594906467285,
  "A_80": 13.582613005942399,
  "A_81": 2.3012166187545233,
  "A_82": 4.307965474902768,
  "A_83": 0.0,
  "A_84": 2.4152564320798326,
  "A_85": 0.0,
  "A_86": 3.4867154561425533,
  "A_87": 6.428754144376322,
  "A_88": 101.68155437469471,
  "A_89": 42.91204449777336,
  "A_90": 114.96874457386414,
  "A_91": 72.96658070679408,
  "A_92": 13.946861824570213,
  "A_93": 122.99150513156009,
  "A_94": 77.65573446791282,
  "A_95": 17.65826398729751,
  "A_96": 51.928013289716404,
  "A_97": 38.12155552402043,
  "A_98": 8.453397512279414,
  "A_99": 3.214377072188161,
  "A_100": 44.764729650189565,
  "A_101": 2.3012166187545233,
  "A_102": 0.0,
  "A_103": 0.0,
  "A_104": 12.194556840621512,
  "A_105": 0.0,
  "A_106": 43.81154530634919,
  "A_107": 15.699166808518912,
  "A_108": 40.71723990538123,
  "A_109": 41.388661087306446,
  "A_110": 122.2400361688214,
  "A_111": 37.38279116197286,
  "A_112": 82.30242646272563,
  "A_113": 66.41955188219539,
  "A_114": 121.31840598159368,
  "A_115": 78.49583404259457,
  "A_116": 18.114423240598747,
  "A_117": 24.152564320798326,
  "A_118": 124.20676113456291,
  "A_119": 15.585126995193603,
  "A_120": 0.0,
  "A_121": 89.1083099556095,
  "A_122": 31.284293803712515,
  "A_123": 3.622884648119749,
  "A_124": 10.986928624581596,
  "A_125": 128.93791170627486,
  "A_126": 21.333035179683947,
  "A_127": 50.648807026657096,
  "A_128": 158.79073253419386,
  "A_129": 49.20462945017248,
  "A_130": 2.4152564320798326,
  "A_131": 44.378351452909854,
  "A_132": 128.88500728598837,
  "A_133": 121.36789234907305,
  "A_134": 0.0,
  "A_135": 11.049923840471381,
  "A_136": 78.41152626214284,
  "A_137": 22.51853401707198,
  "A_138": 1.2076282160399163,
  "A_139": 133.79647270964577,
  "A_140": 112.98328314953662,
  "A_141": 115.89055069028048,
  "A_142": 151.28346963184018,
  "A_143": 48.91313991740182,
  "A_144": 65.29440932286815,
  "A_145": 72.19890112596288,
  "A_146": 68.43477047213773,
  "A_147": 198.34602298071837,
  "A_148": 141.24972535109893,
  "A_149": 72.56738481148773,
  "A_150": 28.7107388010036,
  "A_151": 19.848833712792597,
  "A_152": 85.92446916401421,
  "A_153": 76.72563454689102,
  "A_154": 23.57209852937985,
  "A_155": 65.73870592230942,
  "A_156": 154.7846866796717,
  "A_157": 137.97937766419443,
  "A_158": 8.571672192501763,
  "A_159": 56.62235696189887,
  "A_160": 54.389966354999196,
  "A_161": 1.2076282160399163,
  "A_162": 0.0,
  "A_163": 70.06285688256348,
  "A_164": 28.929393649693452,
  "A_165": 10.187807984473269,
  "A_166": 22.500639505317128,
  "A_167": 115.5329997471901,
  "A_168": 6.701092528330714,
  "A_169": 41.72231079348828,
  "A_170": 15.953610680718457,
  "A_171": 4.602433237509047,
  "A_172": 92.30226667554932,
  "A_173": 86.76622749961709,
  "A_174": 0.0,
  "A_175": 9.38868734436494,
  "A_176": 88.46223514321343,
  "A_177": 84.48029158752959,
  "A_178": 34.730985369448334,
  "A_179": 137.8796635133695,
  "A_180": 57.53975228222954,
  "A_181": 58.35760938092389,
  "A_182": 49.27525245302518,
  "A_183": 107.98777383921042,
  "A_184": 47.72466285017818,
  "A_185": 0.0,
  "A_186": 39.75811166824027,
  "A_187": 54.34326972179623,
  "A_188": 35.202488161269706,
  "A_189": 1.2076282160399163,
  "A_190": 90.70910220906089,
  "A_191": 44.55283550889024,
  "A_192": 0.0,
  "A_193": 20.529679672678576,
  "A_194": 166.71987363081283,
  "A_195": 72.44487526436835,
  "A_196": 2.4152564320798326,
  "A_197": 120.10312484584962,
  "A_198": 12.330726032598708,
  "A_199": 139.8499573283655,
  "A_200": 0.0,
  "A_201": 18.5237727633615,
  "A_202": 7.245769296239498,
  "A_203": 2.4152564320798326,
  "A_204": 0.0,
  "A_205": 13.810692632593017,
  "A_206": 22.944936104758412,
  "A_207": 0.0,
  "A_208": 7.245769296239498,
  "A_209": 82.37316256291386,
  "A_210": 79.83018153990969,
  "A_211": 52.566284385960934,
  "A_212": 131.7233357175419,
  "A_213": 63.019556949662544,
  "A_214": 83.52710724368923,
  "A_215": 197.92478567135447
}