{
  "A_1": 152.20729893392541,
  "A_2": 152.54240633909853,
  "A_3": 74.95024514012374,
  "A_4": 45.88987220951682,
  "A_5": 140.2124342887367,
  "A_6": 30.154916377488213,
  "A_7": 105.94949595919076,
  "A_8": 85.17308816586984,
  "A_9": 33.1293511691658,
  "A_10": 62.204338788797216,
  "A_11": 0.0,
  "A_12": 2.4152564320798326,
  "A_13": 62.79666723407565,
  "A_14": 95.84417363143012,
  "A_15": 26.940539305300057,
  "A_16": 48.31188934898718,
  "A_17": 46.907647698315,
  "A_18": 80.95448215240579,
  "A_19": 4.830512864159665,
  "A_20": 59.65543900523369,
  "A_21": 135.88921323990806,
  "A_22": 1.2076282160399163,
  "A_23": 1.2076282160399163,
  "A_24": 63.706472466555276,
  "A_25": 68.39474658173098,
  "A_26": 0.0,
  "A_27": 17.279513576980722,
  "A_28": 127.56586509711664,
  "A_29": 145.19019988375544,
  "A_30": 44.78262416194441,
  "A_31": 69.92839671698984,
  "A_32": 79.56132404061546,
  "A_33": 3.622884648119749,
  "A_34": 1.2076282160399163,
  "A_35": 1.2076282160399163,
  "A_36": 1.2076282160399163,
  "A_37": 14.444728861940511,
  "A_38": 0.0,
  "A_39": 17.143344385003527,
  "A_40": 0.0,
  "A_41": 66.78209167441968,
  "A_42": 47.99700123413257,
  "A_43": 11.786049264689925,
  "A_44": 120.87089239127513,
  "A_45": 120.36701862875117,
  "A_46": 58.651235196699005,
  "A_47": 125.0943992892788,
  "A_48": 127.3931528993929,
  "A_49": 56.70484261861153,
  "A_50": 140.45907444478468,
  "A_51": 120.9831352136026,
  "A_52": 98.30548581181158,
  "A_53": 63.20307622611465,
  "A_54": 13.889860767463478,
  "A_55": 147.36124146931576,
  "A_56": 24.389113681243025,
  "A_57": 17.65826398729751,
  "A_58": 76.61582960046275,
  "A_59": 119.98307830737065,
  "A_60": 109.8583786361227,
  "A_61": 41.58359062827638,
  "A_62": 4.716473050834356,
  "A_63": 16.67871539790821,
  "A_64": 60.46813132560551,
  "A_65": 63.96087863964296,
  "A_66": 0.0,
  "A_67": 69.35222862432148,
  "A_68": 84.20795320357522,
  "A_69": 25.114218398432776,
  "A_70": 1.2076282160399163,
  "A_71": 101.91732462016131,
  "A_72": 58.356767434092724,
  "A_73": 50.515276772508926,
  "A_74": 18.641205496752683,
  "A_75": 75.3681774940161,
  "A_76": 60.52181486087005,
  "A_77": 8.866139955108041,
  "A_78": 112.32387541791874,
  "A_79": 57.79419615442909,
  "A_80": 82.47954945653504,
  "A_81": 47.80215965775693,
  "A_82": 82.7637756270906,
  "A_83": 206.71792757956368,
  "A_84": 88.73033866027079,
  "A_85": 143.4930235676919,
  "A_86": 108.45843468420063,
  "A_87": 186.04021606104794,
  "A_88": 74.47291155233731,
  "A_89": 76.84814409401041,
  "A_90": 196.0110530904937,
  "A_91": 34.27906098304413,
  "A_92": 35.956508097243095,
  "A_93": 15.427670371395685,
  "A_94": 30.190705400997906,
  "A_95": 3.622884648119749,
  "A_96": 0.0,
  "A_97": 32.33107247588864,
  "A_98": 0.0,
  "A_99": 15.652357077980428,
  "A_100": 2.142918048125441,
  "A_101": 50.82076524214399,
  "A_102": 36.75562873735142,
  "A_103": 203.13227708757427,
  "A_104": 84.41474539840512,
  "A_105": 47.99700123413257,
  "A_106": 96.03834919016322,
  "A_107": 22.216476166614626,
  "A_108": 29.915816043808803,
  "A_109": 16.344223744895196,
  "A_110": 17.886343613948128,
  "A_111": 0.0,
  "A_112": 0.0,
  "A_113": 1.2076282160399163,
  "A_114": 1.2076282160399163,
  "A_115": 0.0,
  "A_116": 22.055588923638993,
  "A_117": 30.030697803965282,
  "A_118": 53.98145877906761,
  "A_119": 22.11002644114039,
  "A_120": 21.328800312786903,
  "A_121": 94.19404580694679,
  "A_122": 115.97993528446041,
  "A_123": 34.33697938520572,
  "A_124": 38.6525726470714,
  "A_125": 76.70255012407245,
  "A_126": 146.05143609381048,
  "A_127": 134.64901299123574,
  "A_128": 96.4357229617305,
  "A_129": 98.89685921292333,
  "A_130": 82.07773975614089,
  "A_131": 18.114423240598747,
  "A_132": 7.8831984456528685,
  "A_133": 17.95357369673495,
  "A_134": 6.564923336353519,
  "A_135": 11.026990214100174,
  "A_136": 0.0,
  "A_137": 17.56974647268996,
  "A_138": 23.63001693154143,
  "A_139": 0.0,
  "A_140": 0.0,
  "A_141": 14.083031016547409,
  "A_142": 59.90132517904484,
  "A_143": 1.2076282160399163,
  "A_144": 0.0,
  "A_145": 186.08870968524877,
  "A_146": 16.344223744895196,
  "A_147": 128.37432255059144,
  "A_148": 107.60995334031912,
  "A_149": 138.54423602330985,
  "A_150": 62.68930016354657,
  "A_151": 41.19381951093081,
  "A_152": 96.98297583561519,
  "A_153": 59.13883550927737,
  "A_154": 3.622884648119749,
  "A_155": 23.730397100008933,
  "A_156": 90.43168701137829,
  "A_157": 24.569541630523993,
  "A_158": 18.77737468872988,
  "A_159": 151.82051861278603,
  "A_160": 120.91674707764693,
  "A_161": 16.728352561834935,
  "A_162": 85.91089748375072,
  "A_163": 27.621385265186035,
  "A_164": 35.63651803591905,
  "A_165": 2.279087240102637,
  "A_166": 28.4247407721914,
  "A_167": 59.901325179044846,
  "A_168": 127.1565155743539,
  "A_169": 47.179986082269394,
  "A_170": 135.3274210752225,
  "A_171": 78.23440326833344,
  "A_172": 40.945319532031846,
  "A_173": 127.2851449439625,
  "A_174": 137.17932711266064,
  "A_175": 50.84881338135525,
  "A_176": 34.86715456142553,
  "A_177": 100.71987516431903,
  "A_178": 40.40064276412306,
  "A_179": 0.0,
  "A_180": 37.02796712130582,
  "A_181": 84.3662517742043,
  "A_182": 84.48374733944857,
  "A_183": 1.2076282160399163,
  "A_184": 33.66376121228265,
  "A_185": 63.28766046671989,
  "A_186": 0.0,
  "A_187": 0.0,
  "A_188": 10.935884027146072,
  "A_189": 41.72231079348829,
  "A_190": 113.1858404774695,
  "A_191": 35.06631896929251,
  "A_192": 20.493890649168883,
  "A_193": 51.24716732983042,
  "A_194": 92.59156965983308,
  "A_195": 84.32367691056285,
  "A_196": 129.46791095330605,
  "A_197": 80.79186075028537,
  "A_198": 85.34400337259574,
  "A_199": 167.23647712676913,
  "A_200": 7.632989440350364,
  "A_201": 13.015806859381728,
  "A_202": 7.245769296239498,
  "A_203": 39.38729063778115,
  "A_204": 10.187807984473267,
  "A_205": 177.57477996571996,
  "A_206": 37.1504766684252,
  "A_207": 179.46826812352097,
  "A_208": 186.4068650564631
}