{
  "A_1": 50.6480153453084,
  "A_2": 38.64410291327732,
  "A_3": 67.44579710478766,
  "A_4": 2.4152564320798326,
  "A_5": 33.541251665163266,
  "A_6": 0.0,
  "A_7": 43.04821368975055,
  "A_8": 90.04699270776092,
  "A_9": 0.0,
  "A_10": 22.672597720804017,
  "A_11": 132.91460251904186,
  "A_12": 52.69134490631503,
  "A_13": 10.986928624581596,
  "A_14": 130.37945034493046,
  "A_15": 22.90914708124872,
  "A_16": 105.07456240516599,
  "A_17": 49.50333207967581,
  "A_18": 67.4092540990411,
  "A_19": 65.81440573889033,
  "A_20": 55.09473868453492,
  "A_21": 87.29547276441141,
  "A_22": 45.889872209516824,
  "A_23": 84.96789190010797,
  "A_24": 0.0,
  "A_25": 93.31487738602499,
  "A_26": 31.284293803712515,
  "A_27": 35.424535930025435,
  "A_28": 15.953610680718457,
  "A_29": 34.353076905962716,
  "A_30": 28.14816752133997,
  "A_31": 34.46711671928803,
  "A_32": 201.77508392848225,
  "A_33": 128.60257810643066,
  "A_34": 31.502948652402367,
  "A_35": 65.19402915440064,
  "A_36": 120.04618662059595,
  "A_37": 31.605125811867723,
  "A_38": 1.2076282160399163,
  "A_39": 0.0,
  "A_40": 3.622884648119749,
  "A_41": 0.0,
  "A_42": 2.4152564320798326,
  "A_43": 16.90679502455883,
  "A_44": 149.59772871303574,
  "A_45": 21.99175176091804,
  "A_46": 186.12933676144496,
  "A_47": 225.01362071627454,
  "A_48": 109.66608803298178,
  "A_49": 35.62285839106125,
  "A_50": 2.4152564320798326,
  "A_51": 8.844010576456155,
  "A_52": 110.00545543779316,
  "A_53": 78.49583404259457,
  "A_54": 8.453397512279414,
  "A_55": 105.85578853351947,
  "A_56": 92.87754255590407,
  "A_57": 0.0,
  "A_58": 78.63792199513112,
  "A_59": 89.56524832388881,
  "A_60": 34.48077636414583,
  "A_61": 25.75080560101498,
  "A_62": 7.500213168439043,
  "A_63": 15.154490040610128,
  "A_64": 0.0,
  "A_65": 1.2076282160399163,
  "A_66": 0.0,
  "A_67": 1.2076282160399163,
  "A_68": 52.11087911489656,
  "A_69": 99.58974375585788,
  "A_70": 77.66092437897655,
  "A_71": 28.692844289248754,
  "A_72": 168.39789879806006,
  "A_73": 26.321846614472694,
  "A_74": 127.00500284385657,
  "A_75": 30.603447843826537,
  "A_76": 19.32205145663866,
  "A_77": 8.748707221716858,
  "A_78": 0.0,
  "A_79": 25.75080560101498,
  "A_80": 11.803943776444772,
  "A_81": 186.52955053277108,
  "A_82": 59.80941474437142,
  "A_83": 7.522342547090929,
  "A_84": 79.63026314980584,
  "A_85": 61.589039018035734,
  "A_86": 2.4152564320798326,
  "A_87": 3.622884648119749,
  "A_88": 0.0,
  "A_89": 77.45317713997996,
  "A_90": 0.0,
  "A_91": 0.0,
  "A_92": 13.147741184461884,
  "A_93": 43.4278060468985,
  "A_94": 0.0,
  "A_95": 20.346700750162896,
  "A_96": 110.10931649092083,
  "A_97": 85.36358177801291,
  "A_98": 2.142918048125441,
  "A_99": 117.63093018851613,
  "A_100": 1.0714590240627204,
  "A_101": 113.18938419398275,
  "A_102": 0.0,
  "A_103": 0.0,
  "A_104": 0.0,
  "A_105": 0.0,
  "A_106": 0.0,
  "A_107": 0.0,
  "A_108": 15.408933912809674,
  "A_109": 17.978254048621547,
  "A_110": 23.877674963609223,
  "A_111": 34.9275988040806,
  "A_112": 14.904281035307623,
  "A_113": 28.833248348122986,
  "A_114": 0.0,
  "A_115": 3.280765208143822,
  "A_116": 40.05249146625225,
  "A_117": 1.2076282160399163,
  "A_118": 0.0,
  "A_119": 3.622884648119749,
  "A_120": 25.109983531535736,
  "A_121": 0.0,
  "A_122": 0.0,
  "A_123": 65.53095868331283,
  "A_124": 97.41857650659136,
  "A_125": 54.93987073308356,
  "A_126": 24.837645147581345,
  "A_127": 64.81356971768031,
  "A_128": 15.066814472833748,
  "A_129": 1.2076282160399163,
  "A_130": 87.68100901485995,
  "A_131": 1.0714590240627204,
  "A_132": 44.40990560952251,
  "A_133": 55.91683065012629,
  "A_134": 90.62989637507857,
  "A_135": 47.09750042555674,
  "A_136": 25.958439742676042,
  "A_137": 62.270701792011664,
  "A_138": 38.59041937801278,
  "A_139": 42.26698756139707,
  "A_140": 1.2076282160399163,
  "A_141": 0.0,
  "A_142": 0.0,
  "A_143": 65.05042067101974,
  "A_144": 0.0,
  "A_145": 0.0,
  "A_146": 16.362118256650046,
  "A_147": 93.16861739844448,
  "A_148": 0.0,
  "A_149": 34.34037230527159,
  "A_150": 100.3156275880257,
  "A_151": 139.76975875110463,
  "A_152": 53.727014906868064,
  "A_153": 73.01327733999703,
  "A_154": 23.980606105311434,
  "A_155": 0.0,
  "A_156": 0.0,
  "A_157": 0.0,
  "A_158": 3.214377072188161,
  "A_159": 0.0,
  "A_160": 9.66102572831933,
  "A_161": 11.211615331166339,
  "A_162": 77.92645179005797,
  "A_163": 87.92707111785973,
  "A_164": 67.40757020537878,
  "A_165": 32.72423651330009,
  "A_166": 15.817441488741261,
  "A_167": 0.0,
  "A_168": 36.48329035339704,
  "A_169": 59.059742772630585,
  "A_170": 0.0,
  "A_171": 0.0,
  "A_172": 48.405508810064156,
  "A_173": 8.317228320302219,
  "A_174": 0.0,
  "A_175": 135.7266546696407,
  "A_176": 0.0,
  "A_177": 62.74298369881111,
  "A_178": 0.0,
  "A_179": 0.0,
  "A_180": 0.0,
  "A_181": 0.0,
  "A_182": 1.0714590240627204,
  "A_183": 32.17277390525956,
  "A_184": 22.927041593003565,
  "A_185": 15.699166808518912,
  "A_186": 24.789993470211698,
  "A_187": 8.317228320302219,
  "A_188": 53.27010167132997,
  "A_189": 21.056461928832515,
  "A_190": 122.74468904632346,
  "A_191": 45.011545735426196,
  "A_192": 16.48039293687239,
  "A_193": 64.11314535237715,
  "A_194": 49.61313702610407,
  "A_195": 94.67413142989776,
  "A_196": 71.18451855723058,
  "A_197": 7.245769296239498,
  "A_198": 1.2076282160399163,
  "A_199": 3.622884648119749,
  "A_200": 137.11897083459988,
  "A_201": 0.0,
  "A_202": 7.017689669588879,
  "A_203": 3.622884648119749,
  "A_204": 32.043390553414106,
  "A_205": 0.0,
  "A_206": 0.0,
  "A_207": 67.55560205121593,
  "A_208": 14.47364408072415,
  "A_209": 14.06513650479256,
  "A_210": 50.720385073676496,
  "A_211": 177.96617214487478,
  "A_212": 139.1418172115051,
  "A_213": 1.2076282160399163,
  "A_214": 18.114423240598747,
  "A_215": 0.0,
  "A_216": 0.0,
  "A_217": 0.0,
  "A_218": 17.497414443433716,
  "A_219": 34.168414089784704,
  "A_220": 82.41985919611682,
  "A_221": 53.81646233290108,
  "A_222": 50.57986791746673,
  "A_223": 30.018747185511018,
  "A_224": 78.22094468540547,
  "A_225": 137.97255412495082,
  "A_226": 93.62553063398258,
  "A_227": 6.038141080199582,
  "A_228": 72.66353011305819,
  "A_229": 99.77942055391102,
  "A_230": 53.916867634109806,
  "A_231": 2.142918048125441,
  "A_232": 49.34079864214968,
  "A_233": 122.75919063801243,
  "A_234": 35.09268321484144,
  "A_235": 105.44661493994533,
  "A_236": 30.379603084072958,
  "A_237": 18.979932016662733,
  "A_238": 60.12694179705505,
  "A_239": 0.0,
  "A_240": 1.0714590240627204,
  "A_241": 18.759480176975032,
  "A_242": 102.47293413050461,
  "A_243": 33.81359004911766,
  "A_244": 92.65795779578875,
  "A_245": 155.19580806069106,
  "A_246": 11.922218456667121,
  "A_247": 52.11087911489656,
  "A_248": 1.2076282160399163,
  "A_249": 15.408933912809674,
  "A_250": 11.786049264689925,
  "A_251": 51.247167329830425,
  "A_252": 96.23995147392938,
  "A_253": 66.2041768562359,
  "A_254": 103.60155757449203,
  "A_255": 104.05339399630193,
  "A_256": 46.8072675298475,
  "A_257": 111.40377832790597,
  "A_258": 138.62785265337783,
  "A_259": 10.754614131033938,
  "A_260": 2.279087240102637,
  "A_261": 79.85053906030495,
  "A_262": 6.881520477611684,
  "A_263": 19.576495328838206,
  "A_264": 0.0,
  "A_265": 60.46134548547376,
  "A_266": 18.236932787718136,
  "A_267": 71.04231750735849,
  "A_268": 104.58356917252175,
  "A_269": 26.339741126227544,
  "A_270": 68.93423343857604,
  "A_271": 15.699166808518912,
  "A_272": 92.95062856739717,
  "A_273": 4.422005288228077,
  "A_274": 61.01883995140919,
  "A_275": 1.2076282160399163,
  "A_276": 46.653203826115444,
  "A_277": 15.699166808518912,
  "A_278": 38.64410291327732,
  "A_279": 9.182737096366209,
  "A_280": 99.27230466776857,
  "A_281": 58.87676385011491,
  "A_282": 7.58873068304659,
  "A_283": 2.4152564320798326,
  "A_284": 13.28391037643908,
  "A_285": 7.522342547090929,
  "A_286": 0.0,
  "A_287": 0.0,
  "A_288": 0.0,
  "A_289": 0.0,
  "A_290": 0.0,
  "A_291": 0.0,
  "A_292": 0.0,
  "A_293": 0.0,