{
  "A_1": 231.80744049336863,
  "A_2": 32.61103864680595,
  "A_3": 70.06285688256348,
  "A_4": 63.226437109086746,
  "A_5": 0.0,
  "A_6": 0.0,
  "A_7": 0.0,
  "A_8": 1.2076282160399163,
  "A_9": 3.4867154561425533,
  "A_10": 2.1650474267773276,
  "A_11": 2.142918048125441,
  "A_12": 14.491538592478996,
  "A_13": 14.491538592478996,
  "A_14": 28.929393649693452,
  "A_15": 39.85173112931724,
  "A_16": 25.460572705305744,
  "A_17": 56.396715211147445,
  "A_18": 132.22206983448456,
  "A_19": 54.91515268208511,
  "A_20": 103.02619372954298,
  "A_21": 107.98081206989006,
  "A_22": 82.13565815830248,
  "A_23": 141.40057206395372,
  "A_24": 131.3224559285732,
  "A_25": 27.094603009032095,
  "A_26": 56.35425344484152,
  "A_27": 2.4152564320798326,
  "A_28": 10.640574317708628,
  "A_29": 20.350093670228773,
  "A_30": 0.0,
  "A_31": 0.0,
  "A_32": 6.5394010376357565,
  "A_33": 1.0714590240627204,
  "A_34": 0.0,
  "A_35": 1.2076282160399163,
  "A_36": 0.0,
  "A_37": 0.0,
  "A_38": 14.06513650479256,
  "A_39": 44.585143647739756,
  "A_40": 36.44750132988734,
  "A_41": 16.888900512803982,
  "A_42": 89.00351899105634,
  "A_43": 82.64550094686824,
  "A_44": 74.58695136566261,
  "A_45": 36.75562873735143,
  "A_46": 1.0714590240627204,
  "A_47": 43.0661082015054,
  "A_48": 6.653440850961066,
  "A_49": 21.39518844874257,
  "A_50": 0.0,
  "A_51": 0.0,
  "A_52": 0.0,
  "A_53": 1.0714590240627204,
  "A_54": 1.2076282160399163,
  "A_55": 0.0,
  "A_56": 77.33490245975761,
  "A_57": 32.49192201975243,
  "A_58": 71.5614719765495,
  "A_59": 83.98929835488536,
  "A_60": 0.0,
  "A_61": 82.7441720889322,
  "A_62": 83.77053040886,
  "A_63": 3.622884648119749,
  "A_64": 20.529679672678576,
  "A_65": 78.25229778008828,
  "A_66": 35.297791516009006,
  "A_67": 1.2076282160399163,
  "A_68": 91.30737454763988,
  "A_69": 43.891593087162654,
  "A_70": 32.96078587374479,
  "A_71": 95.93869787119137,
  "A_72": 2.142918048125441,
  "A_73": 56.43673910155417,
  "A_74": 18.373101979695328,
  "A_75": 86.92614713205539,
  "A_76": 19.071842451336156,
  "A_77": 17.279513576980726,
  "A_78": 15.42682842456452,
  "A_79": 85.89216102516471,
  "A_80": 30.66571421022069,
  "A_81": 147.13464467439763,
  "A_82": 146.7194392229286,
  "A_83": 78.05922806196929,
  "A_84": 106.86445340362224,
  "A_85": 15.272764720832477,
  "A_86": 1.0935884027146072,
  "A_87": 44.6822439934769,
  "A_88": 20.51178516092373,
  "A_89": 50.293982985990056,
  "A_90": 21.737307888718494,
  "A_91": 82.40196468436197,
  "A_92": 35.9207190737334,
  "A_93": 63.67827353089663,
  "A_94": 123.83064966207513,
  "A_95": 107.66177705273272,
  "A_96": 43.0524485566476,
  "A_97": 118.07247475279286,
  "A_98": 85.5662270705401,
  "A_99": 58.43925309080538,
  "A_100": 70.7538816026471,
  "A_101": 95.62128391584325,
  "A_102": 118.21891066956199,
  "A_103": 161.34641815788916,
  "A_104": 28.822227641094198,
  "A_105": 125.88003621371794,
  "A_106": 137.03451225770075,
  "A_107": 2.3012166187545233,
  "A_108": 0.0,
  "A_109": 1.2076282160399163,
  "A_110": 37.20668604418324,
  "A_111": 49.51275685763657,
  "A_112": 5.6960216402236545,
  "A_113": 0.0,
  "A_114": 95.9403189330006,
  "A_115": 33.25101876945403,
  "A_116": 173.34160952871383,
  "A_117": 99.16589264140615,
  "A_118": 8.453397512279414,
  "A_119": 71.27642899190398,
  "A_120": 64.57533646357327,
  "A_121": 14.491538592478996,
  "A_122": 28.487962182752245,
  "A_123": 129.87641852923764,
  "A_124": 100.22615502925147,
  "A_125": 0.0,
  "A_126": 3.4867154561425533,
  "A_127": 102.01254001030632,
  "A_128": 6.83726172030791,
  "A_129": 58.94814083520447,
  "A_130": 29.083457353425494,
  "A_131": 0.0,
  "A_132": 3.214377072188161,
  "A_133": 0.0,
  "A_134": 2.4152564320798326,
  "A_135": 1.2076282160399163,
  "A_136": 15.699166808518912,
  "A_137": 5.357295120313602,
  "A_138": 0.0,
  "A_139": 8.707841384478959,
  "A_140": 8.181059128325023,
  "A_141": 7.636382360416238,
  "A_142": 38.029645089347,
  "A_143": 88.95598041102222,
  "A_144": 93.7149152281625,
  "A_145": 1.0714590240627204,
  "A_146": 20.482869942140095,
  "A_147": 84.98917933192868,
  "A_148": 96.88257053440648,
  "A_149": 0.0,
  "A_150": 1.2076282160399163,
  "A_151": 60.99067871486241,
  "A_152": 7.131729482914189,
  "A_153": 1.2076282160399163,
  "A_154": 115.79356344187886,
  "A_155": 98.2415355517551,
  "A_156": 0.0,
  "A_157": 75.69840914739086,
  "A_158": 85.85045324109564,
  "A_159": 90.56173638086628,
  "A_160": 56.86314118924061,
  "A_161": 5.4458126349211495,
  "A_162": 89.22405879533835,
  "A_163": 0.0,
  "A_164": 0.0,
  "A_165": 1.2076282160399163,
  "A_166": 4.69434367218247,
  "A_167": 0.0,
  "A_168": 15.453192670113447,
  "A_169": 25.460572705305744,
  "A_170": 100.86460205468462,
  "A_171": 72.43979845064013,
  "A_172": 213.23096437165054,
  "A_173": 56.72273713036637,
  "A_174": 24.161034054592406,
  "A_175": 96.4688981801524,
  "A_176": 46.80726752984749,
  "A_177": 80.54258165640832,
  "A_178": 102.15041822868706,
  "A_179": 50.184178039561786,
  "A_180": 1.0714590240627204,
  "A_181": 52.42069041602297,
  "A_182": 122.00949353353037,
  "A_183": 14.491538592478996,
  "A_184": 4.830512864159665,
  "A_185": 74.31629687537055,
  "A_186": 69.199873946993,
  "A_187": 0.0,
  "A_188": 14.491538592478996,
  "A_189": 98.88235762123435,
  "A_190": 3.860389052731139,
  "A_191": 0.0,
  "A_192": 17.82419034488951,
  "A_193": 16.90679502455883,
  "A_194": 0.0,
  "A_195": 0.0,
  "A_196": 2.4152564320798326,
  "A_197": 35.13949294537992,
  "A_198": 31.398333617037824,
  "A_199": 110.6684068859243,
  "A_200": 23.572098529379847,
  "A_201": 3.214377072188161,
  "A_202": 42.07713483415533,
  "A_203": 55.124495850149714,
  "A_204": 1.2076282160399163,
  "A_205": 76.04902345390208,
  "A_206": 22.808766912781213,
  "A_207": 164.79128759988592,
  "A_208": 86.8036124521948,
  "A_209": 62.79666723407564,
  "A_210": 23.69640506749709,
  "A_211": 114.61731345326297,
  "A_212": 83.60959290040188,
  "A_213": 1.2076282160399163,
  "A_214": 15.699166808518912,
  "A_215": 41.05935934535716,
  "A_216": 71.29940031738704,
  "A_217": 1.0714590240627204,
  "A_218": 44.11967271381327,
  "A_219": 138.22941074030834,
  "A_220": 16.638691507501477,
  "A_221": 46.92554221006985,
  "A_222": 2.142918048125441,
  "A_223": 117.2480077431554,
  "A_224": 12.194556840621512,
  "A_225": 0.0,
  "A_226": 0.0,
  "A_227": 0.0,
  "A_228": 18.957802638010847,
  "A_229": 65.66889973354667,
  "A_230": 69.9155790189632,
  "A_231": 99.03482539589838,
  "A_232": 92.29953977312599,
  "A_233": 21.1492143103371,
  "A_234": 0.0,
  "A_235": 4.830512864159665,
  "A_236": 0.0,
  "A_237": 15.000426336878085,
  "A_238": 19.071842451336156,
  "A_239": 54.171311506309344,
  "A_240": 92.11835784160817,
  "A_241": 118.9856352062265,
  "A_242": 55.644492266171895,
  "A_243": 108.42774760716036,
  "A_244": 42.26698756139707,
  "A_245": 95.62032887167656,
  "A_246": 6.038141080199582,
  "A_247": 91.7618499072788,
  "A_248": 26.73458905730132,
  "A_249": 65.74294078920644,
  "A_250": 202.81849481333376,
  "A_251": 51.66837950645312,
  "A_252": 55.550897937836154,
  "A_253": 175.01244673196967,
  "A_254": 143.60886037201504,
  "A_255": 94.96518113969695,
  "A_256": 62.21620144265717,
  "A_257": 113.99015102864152,
  "A_258": 16.752731320826786,
  "A_259": 84.07601887849505,
  "A_260": 44.93668786567645,
  "A_261": 11.049923840471381,
  "A_262": 28.846907992980796,
  "A_263": 28.184798491680827,
  "A_264": 27.85793462563073,
  "A_265": 0.0,
  "A_266": 12.076282160399163,
  "A_267": 0.0,
  "A_268": 0.0,
  "A_269": 0.0,
  "A_270": 0.0,
  "A_271": 0.0,
  "A_272": 4.285836096250882,
  "A_273": 26.56782075287816,
  "A_274": 72.66190905124895,
  "A_275": 5.76580269624519,
  "A_276": 64.85011272342685,
  "A_277": 72.13590591007309,
  "A_278": 21.25901925676537,
  "A_279": 49.855718244443665,
  "A_280": 11.506083093772617,
  "A_281": 89.10729207958973,
  "A_282": 73.42178491592861,
  "A_283": 0.0,
  "A_284": 0.0,
  "A_285": 97.88679947568238,
  "A_286": 58.302304783850104,