{
  "A_1": 112.57872141397796,
  "A_2": 166.76073946805076,
  "A_3": 3.4867154561425533,
  "A_4": 23.317654657180306,
  "A_5": 0.0,
  "A_6": 36.70194520208688,
  "A_7": 15.953610680718457,
  "A_8": 118.13817173836476,
  "A_9": 77.98088930755935,
  "A_10": 147.09038591709384,
  "A_11": 12.630459104492408,
  "A_12": 113.86001369455923,
  "A_13": 87.34066143314067,
  "A_14": 1.2076282160399163,
  "A_15": 117.8462800817344,
  "A_16": 33.15487346788356,
  "A_17": 0.0,
  "A_18": 65.89019352006554,
  "A_19": 163.24595073995573,
  "A_20": 20.257341288724188,
  "A_21": 0.0,
  "A_22": 95.54970586882386,
  "A_23": 121.95836097150055,
  "A_24": 101.76665383649517,
  "A_25": 57.79843102132614,
  "A_26": 19.304156944883815,
  "A_27": 130.06108134541566,
  "A_28": 48.18166405031058,
  "A_29": 81.23012549183174,
  "A_30": 81.20239151188586,
  "A_31": 50.72038507367648,
  "A_32": 30.759195441220907,
  "A_33": 17.433577280712765,
  "A_34": 66.9930307715523,
  "A_35": 181.30924141852464,
  "A_36": 55.55089793783615,
  "A_37": 70.04243653031514,
  "A_38": 127.24250724846794,
  "A_39": 17.75017442197093,
  "A_40": 15.42682842456452,
  "A_41": 113.936467493377,
  "A_42": 46.711122228277034,
  "A_43": 9.66102572831933,
  "A_44": 115.65484327666692,
  "A_45": 90.52266753462624,
  "A_46": 115.43261957872261,
  "A_47": 47.72466285017818,
  "A_48": 39.307054361408454,
  "A_49": 174.7528129487064,
  "A_50": 115.71775052796241,
  "A_51": 43.04482076968468,
  "A_52": 0.0,
  "A_53": 1.2076282160399163,
  "A_54": 0.0,
  "A_55": 50.584215881699286,
  "A_56": 2.142918048125441,
  "A_57": 49.38505739945346,
  "A_58": 158.1692249763489,
  "A_59": 77.28820582655464,
  "A_60": 61.52593070481042,
  "A_61": 10.868653944359247,
  "A_62": 36.49599495408816,
  "A_63": 7.245769296239498,
  "A_64": 80.7391322591875,
  "A_65": 95.34985031057312,
  "A_66": 57.96615436991598,
  "A_67": 60.00350233851019,
  "A_68": 29.401084937074042,
  "A_69": 1.2076282160399163,
  "A_70": 87.48445841208077,
  "A_71": 151.5219667797301,
  "A_72": 6.83726172030791,
  "A_73": 144.8021629255546,
  "A_74": 84.6522498030165,
  "A_75": 58.840132879774046,
  "A_76": 110.81156297996307,
  "A_77": 158.4069053101489,
  "A_78": 76.01503142139023,
  "A_79": 90.15418384910137,
  "A_80": 109.8871807575708,
  "A_81": 164.84998511702554
}