{
  "A_1": 2.4152564320798326,
  "A_2": 12.674755560908023,
  "A_3": 0.0,
  "A_4": 1.2076282160399163,
  "A_5": 2.4152564320798326,
  "A_6": 0.0,
  "A_7": 2.4152564320798326,
  "A_8": 0.0,
  "A_9": 64.2314200325995,
  "A_10": 26.808604980219897,
  "A_11": 139.00651509910028,
  "A_12": 53.099852482246625,
  "A_13": 83.94069163334902,
  "A_14": 15.062579605936705,
  "A_15": 109.4856600837008,
  "A_16": 103.59459580517168,
  "A_17": 17.864214235296238,
  "A_18": 97.3089474893517,
  "A_19": 116.38249896709141,
  "A_20": 79.2209136270431,
  "A_21": 1.0935884027146072,
  "A_22": 83.44462158697658,
  "A_23": 88.20355640411685,
  "A_24": 7.245769296239498,
  "A_25": 4.558174480205274,
  "A_26": 164.52759487891421,
  "A_27": 62.914941914298,
  "A_28": 0.0,
  "A_29": 93.41543348368111,
  "A_30": 34.81610996399001,
  "A_31": 0.0,
  "A_32": 0.0,
  "A_33": 63.40593514694224,
  "A_34": 63.115702251232996,
  "A_35": 179.29746601413063,
  "A_36": 55.04105514927038,
  "A_37": 18.77737468872988,
  "A_38": 48.06762423698527,
  "A_39": 32.86040570527729,
  "A_40": 39.45592815407677,
  "A_41": 28.846907992980796,
  "A_42": 113.85726165939468,
  "A_43": 66.61436832582982,
  "A_44": 0.0,
  "A_45": 0.0,
  "A_46": 0.0,
  "A_47": 0.0,
  "A_48": 1.0714590240627204,
  "A_49": 4.285836096250882,
  "A_50": 16.859985294020344,
  "A_51": 7.500213168439043,
  "A_52": 8.707841384478959,
  "A_53": 3.3948050214691308,
  "A_54": 16.270207821976623,
  "A_55": 24.661452065197416,
  "A_56": 63.3719431144304,
  "A_57": 158.77866881840407,
  "A_58": 50.56632136994445,
  "A_59": 0.0,
  "A_60": 49.767200729836105,
  "A_61": 16.362960203481208,
  "A_62": 11.259267008535987,
  "A_63": 2.4152564320798326,
  "A_64": 70.73598709089225,
  "A_65": 3.2586358294919346,
  "A_66": 97.97436194612324,
  "A_67": 110.40981611142202,
  "A_68": 144.71532930460938,
  "A_69": 26.822264625077704,
  "A_70": 23.240245814195852,
  "A_71": 1.2076282160399163,
  "A_72": 0.0,
  "A_73": 0.0,
  "A_74": 1.0714590240627204,
  "A_75": 0.0,
  "A_76": 9.66526059521637,
  "A_77": 4.285836096250882,
  "A_78": 0.0,
  "A_79": 22.77297788927152,
  "A_80": 23.877674963609223,
  "A_81": 11.962242347073854,
  "A_82": 88.81207033474658,
  "A_83": 67.81184291441332,
  "A_84": 10.868653944359247,
  "A_85": 49.584221807320425,
  "A_86": 84.07178401159803,
  "A_87": 92.4714979886129,
  "A_88": 7.636382360416238,
  "A_89": 44.35622207425797,
  "A_90": 125.99909000891833,
  "A_91": 107.82947526858135,
  "A_92": 8.317228320302219,
  "A_93": 99.1378193694537,
  "A_94": 46.97403583427066,
  "A_95": 92.04509590092646,
  "A_96": 25.75080560101498,
  "A_97": 34.68333369207868,
  "A_98": 3.214377072188161,
  "A_99": 4.285836096250882,
  "A_100": 2.5735927018207594,
  "A_101": 1.0714590240627204,
  "A_102": 1.0714590240627204,
  "A_103": 0.0,
  "A_104": 0.0,
  "A_105": 1.2076282160399163,
  "A_106": 0.0,
  "A_107": 3.3505462641653576,
  "A_108": 69.69936204617252,
  "A_109": 77.68972650042465,
  "A_110": 80.66340730986539,
  "A_111": 11.734162720423235,
  "A_112": 26.431651560900963,
  "A_113": 146.5891259596577,
  "A_114": 1.2076282160399163,
  "A_115": 4.3522242322065425,
  "A_116": 57.71075545354975,
  "A_117": 52.26917768552564,
  "A_118": 3.214377072188161,
  "A_119": 17.592717798173013,
  "A_120": 5.559852448246459,
  "A_121": 3.7812209178606757,
  "A_122": 1.2076282160399163,
  "A_123": 0.0,
  "A_124": 0.0,
  "A_125": 1.2076282160399163,
  "A_126": 0.0,
  "A_127": 10.051638792496071,
  "A_128": 1.0714590240627204,
  "A_129": 53.20023265071413,
  "A_130": 143.2206851837375,
  "A_131": 114.86845236999095,
  "A_132": 84.68105192446461,
  "A_133": 0.0,
  "A_134": 22.38236482509478,
  "A_135": 0.0,
  "A_136": 0.0,
  "A_137": 0.0,
  "A_138": 2.1871768054292144,
  "A_139": 0.0,
  "A_140": 8.615930949805536,
  "A_141": 1.2076282160399163,
  "A_142": 2.142918048125441,
  "A_143": 11.940112968421968,
  "A_144": 0.0,
  "A_145": 6.038141080199582,
  "A_146": 1.2076282160399163,
  "A_147": 17.279513576980726,
  "A_148": 2.4152564320798326,
  "A_149": 1.2076282160399163,
  "A_150": 83.27266337148968,
  "A_151": 15.272764720832477,
  "A_152": 106.12812691747386,
  "A_153": 102.92494648150313,
  "A_154": 26.594184998427085,
  "A_155": 2.1871768054292144,
  "A_156": 1.2076282160399163,
  "A_157": 9.915469600518875,
  "A_158": 0.0,
  "A_159": 0.0,
  "A_160": 0.0,
  "A_161": 0.0,
  "A_162": 1.2076282160399163,
  "A_163": 6.701092528330714,
  "A_164": 0.0,
  "A_165": 0.0,
  "A_166": 19.031818560929423,
  "A_167": 87.14999189180898,
  "A_168": 30.44514927319745,
  "A_169": 5.357295120313602,
  "A_170": 142.88729937133857,
  "A_171": 71.48661410679976,
  "A_172": 14.337474888746954,
  "A_173": 96.01366883827663,
  "A_174": 30.199175134791986,
  "A_175": 0.0,
  "A_176": 42.26698756139707,
  "A_177": 30.221304513443876,
  "A_178": 2.4152564320798326,
  "A_179": 6.428754144376322,
  "A_180": 32.96078587374478,
  "A_181": 4.830512864159665,
  "A_182": 19.845440792726723,
  "A_183": 37.11045277801848,
  "A_184": 124.60085508339982,
  "A_185": 62.97953305925581,
  "A_186": 51.60199137049747,
  "A_187": 106.2464015976962,
  "A_188": 55.677642351852576,
  "A_189": 102.02542054018606,
  "A_190": 83.98495039065278,
  "A_191": 37.26451648175051,
  "A_192": 10.051638792496071,
  "A_193": 122.75080886881265,
  "A_194": 27.500559611728974,
  "A_195": 58.29545611186526,
  "A_196": 0.0,
  "A_197": 43.57499594590449,
  "A_198": 86.68780078061286,
  "A_199": 45.65236780490544,
  "A_200": 98.21940617310322,
  "A_201": 48.17742918341354,
  "A_202": 0.0,
  "A_203": 77.56475394466486,
  "A_204": 125.8450263051863,
  "A_205": 50.870100813175966,
  "A_206": 124.14396698060295,
  "A_207": 31.56933678835803,
  "A_208": 64.73607291010156,
  "A_209": 81.79701960298672,
  "A_210": 90.27930720130855,
  "A_211": 102.5495010266579,
  "A_212": 0.0,
  "A_213": 65.66211389341493,
  "A_214": 79.99358205700818,
  "A_215": 13.9689912032221,
  "A_216": 1.2076282160399163,
  "A_217": 6.564923336353518,
  "A_218": 76.65405649987164,
  "A_219": 1.0935884027146072,
  "A_220": 0.0,
  "A_221": 44.24650509242401,
  "A_222": 21.350929691438793,
  "A_223": 3.280765208143822,
  "A_224": 5.493464312290798,
  "A_225": 9.819361998060257,
  "A_226": 9.643131216564484,
  "A_227": 45.40978658656584,
  "A_228": 18.77737468872988,
  "A_229": 25.36019253683824,
  "A_230": 16.362118256650042,
  "A_231": 0.0,
  "A_232": 0.0,
  "A_233": 13.28391037643908,
  "A_234": 3.3948050214691308,
  "A_235": 32.31996380426554,
  "A_236": 0.0,
  "A_237": 22.8308962914331,
  "A_238": 17.31614454732158,
  "A_239": 12.058387648644317,
  "A_240": 11.848202533748545,
  "A_241": 0.0,
  "A_242": 1.2076282160399163,
  "A_243": 1.2076282160399163,
  "A_244": 0.0,
  "A_245": 4.285836096250882,
  "A_246": 0.0,
  "A_247": 0.0,
  "A_248": 76.40393545916342,
  "A_249": 92.83922769190087,
  "A_250": 26.549926241123313,
  "A_251": 8.453397512279414,
  "A_252": 59.200146831504824,
  "A_253": 109.36394221793014,
  "A_254": 47.70854019667996,
  "A_255": 43.250771017683405,
  "A_256": 44.101778202058426,
  "A_257": 43.98350352183608,
  "A_258": 132.16838629922,
  "A_259": 77.7076210121795,
  "A_260": 173.83794346886924,
  "A_261": 37.963256953391344,
  "A_262": 134.21074824968935,
  "A_263": 20.103277584992142,
  "A_264": 152.72022048329168,
  "A_265": 97.04512910467383,
  "A_266": 103.66617385219106,
  "A_267": 114.36632533298238,
  "A_268": 7.9751088803262915,
  "A_269": 38.59729318273884,
  "A_270": 0.0,
  "A_271": 2.142918048125441,
  "A_272": 3.622884648119749,
  "A_273": 5.401553877617376,
  "A_274": 0.0,
  "A_275": 13.28391037643908,
  "A_276": 88.10317623564934,
  "A_277": 53.781540388963776,
  "A_278": 5.924101266874272,
  "A_279": 53.66242376191025,
  "A_280": 13.266015864684233,
  "A_281": 2.4152564320798326,
  "A_282": 144.59621267755585,
  "A_283": 7.245769296239498,
  "A_284": 0.0,
  "A_285": 63.42127868546237,
  "A_286": 82.71432695872309,
  "A_287": 0.0,
  "A_288": 1.0714590240627204,
  "A_289": 111.89909439204155,