{
  "A_1": 116.30416021268148,
  "A_2": 54.39599821289409,
  "A_3": 39.16749224936539,
  "A_4": 142.61565213776794,
  "A_5": 73.45766190403262,
  "A_6": 1.2076282160399163,
  "A_7": 70.97772636240067,
  "A_8": 75.64051587797049,
  "A_9": 23.103272374499337,
  "A_10": 23.471718360912348,
  "A_11": 118.10316182983314,
  "A_12": 131.3163612388252,
  "A_13": 78.0864593870906,
  "A_14": 122.47235066236907,
  "A_15": 13.928967312815365,
  "A_16": 112.58513026299129,
  "A_17": 71.25006474635506,
  "A_18": 0.0,
  "A_19": 0.0,
  "A_20": 1.2076282160399163,
  "A_21": 13.69325989920183,
  "A_22": 13.28391037643908,
  "A_23": 9.889947301801113,
  "A_24": 17.415682768957915,
  "A_25": 11.940112968421968,
  "A_26": 75.17078494440575,
  "A_27": 9.915469600518875,
  "A_28": 122.87679930059221,
  "A_29": 39.86443573000836,
  "A_30": 51.03263425070209,
  "A_31": 105.14103850571595,
  "A_32": 60.38141080199581,
  "A_33": 63.340388957817744,
  "A_34": 24.152564320798326,
  "A_35": 45.889872209516824,
  "A_36": 18.66333487540457,
  "A_37": 149.02839672598157,
  "A_38": 85.96023305478269,
  "A_39": 16.071885360940808,
  "A_40": 65.14127553056156,
  "A_41": 67.90036042902086,
  "A_42": 110.29992320039945,
  "A_43": 0.0,
  "A_44": 32.29783442561366,
  "A_45": 131.3163612388252,
  "A_46": 123.27147130247738,
  "A_47": 7.500213168439043,
  "A_48": 60.8579904075454,
  "A_49": 121.73496860108908,
  "A_50": 37.186265691934906,
  "A_51": 76.8753502863905,
  "A_52": 0.0,
  "A_53": 38.572524866257936,
  "A_54": 92.72594186081244,
  "A_55": 30.717487657151842,
  "A_56": 37.23136639606984,
  "A_57": 20.824989382116023,
  "A_58": 12.857508288752644,
  "A_59": 36.95986995894661,
  "A_60": 49.10169830847027,
  "A_61": 141.8277532666182,
  "A_62": 146.46583729756023,
  "A_63": 108.15277028537696,
  "A_64": 24.687816310746342,
  "A_65": 90.04258191167526,
  "A_66": 0.0,
  "A_67": 2.4152564320798326,
  "A_68": 2.4152564320798326,
  "A_69": 29.45808599418077,
  "A_70": 10.714590240627205,
  "A_71": 31.226375401550932,
  "A_72": 11.734162720423235,
  "A_73": 53.8810786106001,
  "A_74": 25.2061288331062,
  "A_75": 6.428754144376322,
  "A_76": 16.90679502455883,
  "A_77": 43.88735822026562,
  "A_78": 12.857508288752644,
  "A_79": 41.29590870580185,
  "A_80": 27.87582913738558,
  "A_81": 73.7657013469024,
  "A_82": 110.34597894870106,
  "A_83": 88.58474469033283,
  "A_84": 41.72315274031945,
  "A_85": 5.357295120313602,
  "A_86": 0.0,
  "A_87": 8.453397512279414,
  "A_88": 0.0,
  "A_89": 16.974025107345653,
  "A_90": 3.214377072188161,
  "A_91": 18.48714179302064,
  "A_92": 0.0,
  "A_93": 21.737307888718494,
  "A_94": 50.939039922366334,
  "A_95": 58.04864002662863,
  "A_96": 74.23117228082887,
  "A_97": 87.96700704367215,
  "A_98": 84.49818609928444,
  "A_99": 120.18401457349427,
  "A_100": 26.841843030494882,
  "A_101": 8.317228320302219,
  "A_102": 60.155769051244384,
  "A_103": 57.576358119829194,
  "A_104": 3.214377072188161,
  "A_105": 0.0,
  "A_106": 9.204866475018093,
  "A_107": 10.051638792496071,
  "A_108": 4.830512864159665,
  "A_109": 0.0,
  "A_110": 66.00849333302911,
  "A_111": 49.55869950860268,
  "A_112": 0.0,
  "A_113": 22.500639505317128,
  "A_114": 86.16101852445892,
  "A_115": 38.766612460396715,
  "A_116": 1.2076282160399163,
  "A_117": 117.87432822094567,
  "A_118": 88.08951659079155,
  "A_119": 46.63530931436061,
  "A_120": 38.103661012265576,
  "A_121": 25.750805601014985,
  "A_122": 3.350546264165357,
  "A_123": 53.76280393037776,
  "A_124": 35.64838068977902,
  "A_125": 3.5088448347944396,
  "A_126": 41.05935934535715,
  "A_127": 0.0,
  "A_128": 9.38868734436494,
  "A_129": 2.142918048125441,
  "A_130": 49.1688404266628,
  "A_131": 1.2076282160399163,
  "A_132": 15.000426336878085,
  "A_133": 0.0,
  "A_134": 0.0,
  "A_135": 1.2076282160399163,
  "A_136": 7.245769296239498,
  "A_137": 74.37496925976899,
  "A_138": 49.59524251434922,
  "A_139": 67.20501287744591,
  "A_140": 134.06118330663725,
  "A_141": 156.73203430192586,
  "A_142": 24.973814339558544,
  "A_143": 83.51005467876554,
  "A_144": 67.86796432557705,
  "A_145": 180.17823036412045,
  "A_146": 110.84036510141118,
  "A_147": 36.66371830267801,
  "A_148": 51.989211514608336,
  "A_149": 103.92494055588197,
  "A_150": 106.94693906033487,
  "A_151": 33.81359004911766,
  "A_152": 38.31045320709548,
  "A_153": 54.93464312290798,
  "A_154": 3.4867154561425533,
  "A_155": 86.6768931709196,
  "A_156": 4.69434367218247,
  "A_157": 0.0,
  "A_158": 26.686095433100512,
  "A_159": 103.24580362239955,
  "A_160": 6.450883523028209,
  "A_161": 90.73708751641904,
  "A_162": 97.84668762068134,
  "A_163": 48.54167800204135,
  "A_164": 173.88127231474755,
  "A_165": 87.18578091531867,
  "A_166": 199.89237771666834,
  "A_167": 61.04943906385516,
  "A_168": 34.09016329996909,
  "A_169": 55.38401653607747,
  "A_170": 153.6232021765277,
  "A_171": 58.48351184810915,
  "A_172": 113.31531179390922,
  "A_173": 51.89390815986903,
  "A_174": 3.622884648119749,
  "A_175": 57.62403492994005,
  "A_176": 85.31943611804468,
  "A_177": 83.1331012594466,
  "A_178": 30.97193152935139,
  "A_179": 1.0714590240627204,
  "A_180": 110.0812683517096,
  "A_181": 122.7337814366302,
  "A_182": 41.74444017214017,
  "A_183": 111.3085880705022,
  "A_184": 76.84390922711336,
  "A_185": 83.30845239499938,
  "A_186": 34.885049073180376,
  "A_187": 17.437812147609804,
  "A_188": 55.224876018617216,
  "A_189": 2.4152564320798326,
  "A_190": 79.27280017130978,
  "A_191": 111.89816448061607,
  "A_192": 12.076282160399163,
  "A_193": 2.1871768054292144,
  "A_194": 38.74448308174482,
  "A_195": 70.21164271063749,
  "A_196": 0.0,
  "A_197": 15.778334943389375,
  "A_198": 92.71503425111916,
  "A_199": 7.245769296239498,
  "A_200": 0.0,
  "A_201": 91.50041913301767,
  "A_202": 123.99750593109259,
  "A_203": 10.8507594326044,
  "A_204": 55.5193437812235,
  "A_205": 6.428754144376322,
  "A_206": 52.9075618791057,
  "A_207": 26.395862537391267,
  "A_208": 122.06384308643749,
  "A_209": 45.889872209516824,
  "A_210": 54.96788117318296,
  "A_211": 35.95395712400839,
  "A_212": 4.602433237509047,
  "A_213": 15.000426336878085,
  "A_214": 19.32205145663866,
  "A_215": 0.0,
  "A_216": 2.4152564320798326,
  "A_217": 0.0,
  "A_218": 4.830512864159665,
  "A_219": 1.0935884027146072,
  "A_220": 1.0714590240627204,
  "A_221": 15.000426336878085,
  "A_222": 0.0,
  "A_223": 22.94493610475841,
  "A_224": 10.758848997930977,
  "A_225": 110.52391875660041,
  "A_226": 108.7129036891414,
  "A_227": 38.26364347655699,
  "A_228": 44.41414047641955,
  "A_229": 0.0,
  "A_230": 8.453397512279414,
  "A_231": 106.03723435882023,
  "A_232": 1.0935884027146072,
  "A_233": 1.2076282160399163,
  "A_234": 9.915469600518875,
  "A_235": 20.23944677696934,
  "A_236": 1.2076282160399163,
  "A_237": 5.401553877617376,
  "A_238": 20.529679672678576,
  "A_239": 0.0,
  "A_240": 28.184798491680827,
  "A_241": 37.1862656919349,
  "A_242": 0.0,
  "A_243": 0.0,
  "A_244": 62.79835112773798,
  "A_245": 42.328185786289,
  "A_246": 4.830512864159665,
  "A_247": 0.0,
  "A_248": 127.02985912493179,
  "A_249": 136.74869015807718,
  "A_250": 108.76902510030513,
  "A_251": 54.58405394913797,
  "A_252": 32.22381850269508,
  "A_253": 45.836188674252284,
  "A_254": 15.066814472833748,
  "A_255": 22.79087240102637,
  "A_256": 21.008810251462865,
  "A_257": 91.00691262625057,
  "A_258": 1.2076282160399163,
  "A_259": 19.19011713155851,
  "A_260": 21.42918048125441,
  "A_261": 17.223467564040682,
  "A_262": 186.89721740420597,
  "A_263": 25.342298025083394,
  "A_264": 3.622884648119749,
  "A_265": 14.150261099334234,
  "A_266": 11.87456677929747,
  "A_267": 0.0,
  "A_268": 0.0,
  "A_269": 0.0,
  "A_270": 26.977170275640912,
  "A_271": 0.0,
  "A_272": 17.86421423529624,
  "A_273": 2.4152564320798326,
  "A_274": 11.922218456667121,
  "A_275": 0.0,
  "A_276": 21.447074993009256,
  "A_277": 78.03880770972094,
  "A_278": 135.8499433317382,
  "A_279": 83.16370037189257,
  "A_280": 88.15685977091388,
  "A_281": 27.23161414784046,