{
  "A_1": 172.03518450690387,
  "A_2": 136.21326223894056,
  "A_3": 164.80250936884454,
  "A_4": 151.6631750863236,
  "A_5": 107.73335509975209,
  "A_6": 129.12089062879053,
  "A_7": 119.69559744682594,
  "A_8": 136.69853777295523,
  "A_9": 76.18942751277632,
  "A_10": 202.96658949102394,
  "A_11": 26.023143984969376,
  "A_12": 109.61484237361643,
  "A_13": 167.0815966089472,
  "A_14": 108.55037025161528,
  "A_15": 26.317611747575654,
  "A_16": 18.114423240598747,
  "A_17": 76.7119749020332,
  "A_18": 95.2664598751762,
  "A_19": 45.889872209516824,
  "A_20": 21.281148635417253,
  "A_21": 80.77492128269719,
  "A_22": 67.41943285923873,
  "A_23": 5.924101266874272,
  "A_24": 4.830512864159665,
  "A_25": 104.92748560349553,
  "A_26": 60.245241610018624,
  "A_27": 15.699166808518912,
  "A_28": 51.670402692122046,
  "A_29": 187.63682371308474,
  "A_30": 59.173782585955905,
  "A_31": 0.0,
  "A_32": 95.11239617144413,
  "A_33": 51.928013289716404,
  "A_34": 12.235422677859411,
  "A_35": 105.0099712602082,
  "A_36": 60.38141080199581,
  "A_37": 44.6822439934769,
  "A_38": 78.8727874619135,
  "A_39": 29.065562841670644,
  "A_40": 2.4152564320798326,
  "A_41": 12.194556840621512,
  "A_42": 44.804753540596295,
  "A_43": 14.491538592478996,
  "A_44": 0.0,
  "A_45": 12.076282160399163,
  "A_46": 35.02121826515758,
  "A_47": 4.830512864159665,
  "A_48": 11.786049264689925,
  "A_49": 47.961212210622875,
  "A_50": 3.4867154561425533,
  "A_51": 103.2976901666662,
  "A_52": 122.88784514036223,
  "A_53": 30.32893547775587,
  "A_54": 31.616988465727676,
  "A_55": 145.13404077347982,
  "A_56": 86.40455478696519,
  "A_57": 10.986928624581596,
  "A_58": 120.56598197468833,
  "A_59": 74.095091053446,
  "A_60": 29.373690249134736,
  "A_61": 111.2888965677495,
  "A_62": 66.83896706782025,
  "A_63": 7.245769296239498,
  "A_64": 127.80769233321939,
  "A_65": 131.87298862518827,
  "A_66": 55.615489082793964,
  "A_67": 60.61796016244051,
  "A_68": 37.018542343345054,
  "A_69": 136.95983031713962,
  "A_70": 146.58573303959182,
  "A_71": 68.92152883788492,
  "A_72": 64.06888659507337,
  "A_73": 144.35185960095964,
  "A_74": 80.68130182162024,
  "A_75": 81.30170353885114,
  "A_76": 157.22546541046927,
  "A_77": 4.716473050834356,
  "A_78": 67.14463146664393,
  "A_79": 57.01297002607561,
  "A_80": 27.09121008896622,
  "A_81": 1.2076282160399163,
  "A_82": 83.27266337148968,
  "A_83": 63.30555497847474,
  "A_84": 0.0,
  "A_85": 62.10045260292832,
  "A_86": 0.0,
  "A_87": 40.69511052672934,
  "A_88": 41.384426220409395,
  "A_89": 28.7107388010036,
  "A_90": 0.0,
  "A_91": 62.568562474683816,
  "A_92": 41.35806197486047,
  "A_93": 50.49230544702587,
  "A_94": 0.0,
  "A_95": 72.45769296239499,
  "A_96": 65.21192366615549,
  "A_97": 28.26644220156232,
  "A_98": 25.36019253683824,
  "A_99": 76.08057761051472,
  "A_100": 0.0,
  "A_101": 1.2076282160399163,
  "A_102": 99.2799575874727,
  "A_103": 27.77544896891807,
  "A_104": 0.0,
  "A_105": 85.56964512334717,
  "A_106": 21.737307888718494,
  "A_107": 3.280765208143822,
  "A_108": 100.17945839604852,
  "A_109": 137.20742551735432,
  "A_110": 59.10397639719315,
  "A_111": 62.67665839470854,
  "A_112": 137.71555927951658,
  "A_113": 67.62718009823531,
  "A_114": 0.0,
  "A_115": 28.983077184957992,
  "A_116": 83.21230709342892,
  "A_117": 0.0,
  "A_118": 0.0,
  "A_119": 79.70346225863447,
  "A_120": 54.72640579545744,
  "A_121": 0.0,
  "A_122": 60.38141080199582,
  "A_123": 71.21427572284537,
  "A_124": 39.17088516943126,
  "A_125": 1.2076282160399163,
  "A_126": 92.28863216343272,
  "A_127": 55.550897937836154,
  "A_128": 35.02121826515757,
  "A_129": 40.37851338547117,
  "A_130": 34.22633249194629,
  "A_131": 19.32205145663866,
  "A_132": 29.78219782506632,
  "A_133": 149.5560460617079,
  "A_134": 43.048213689750554,
  "A_135": 0.0,
  "A_136": 73.78359585865725,
  "A_137": 46.12642156996152,
  "A_138": 0.0,
  "A_139": 50.83526683383296,
  "A_140": 50.1757083057677,
  "A_141": 76.47119067469147,
  "A_142": 69.30451411509875,
  "A_143": 153.4555039606791,
  "A_144": 82.64031103580452,
  "A_145": 104.36395927966521,
  "A_146": 81.354432029949,
  "A_147": 102.51136209184332,
  "A_148": 85.63093131283341,
  "A_149": 19.32205145663866,
  "A_150": 173.6133070277669,
  "A_151": 83.01821949929015,
  "A_152": 87.83083785169497,
  "A_153": 40.062758191044175,
  "A_154": 19.185882264661466,
  "A_155": 34.93014977731531,
  "A_156": 32.87914216386329,
  "A_157": 0.0,
  "A_158": 149.3560774061216,
  "A_159": 98.61700613934156,
  "A_160": 8.453397512279414,
  "A_161": 83.19017771477702,
  "A_162": 102.05520283854207,
  "A_163": 33.48756812989872,
  "A_164": 61.807693866725586,
  "A_165": 132.54887086868158,
  "A_166": 27.51249766381261,
  "A_167": 39.85173112931724,
  "A_168": 55.14239036190457,
  "A_169": 4.716473050834356,
  "A_170": 0.0,
  "A_171": 69.77009814636077,
  "A_172": 87.79997484546611,
  "A_173": 0.0,
  "A_174": 38.64410291327732,
  "A_175": 50.86078913255072,
  "A_176": 27.85793462563073,
  "A_177": 0.0,
  "A_178": 38.371764529322924,
  "A_179": 121.78150187147408,
  "A_180": 43.5392069223948,
  "A_181": 11.940112968421968,
  "A_182": 113.90766537192887,
  "A_183": 93.41714251008466,
  "A_184": 88.93806076652616,
  "A_185": 142.79199601659926,
  "A_186": 61.46133955985262,
  "A_187": 106.69670492229116,
  "A_188": 115.26237038963924,
  "A_189": 66.1198942085254,
  "A_190": 60.44600194695363,
  "A_191": 61.03070260526914,
  "A_192": 77.5068606752445,
  "A_193": 98.75317533131876,
  "A_194": 157.88519986772314,
  "A_195": 112.88290298106911,
  "A_196": 140.29654100725858,
  "A_197": 245.71501984339832
}