{
  "A_1": 228.25948911322234,
  "A_2": 112.90079749282397,
  "A_3": 81.8190610170443,
  "A_4": 142.75457336490967,
  "A_5": 63.13359676298785,
  "A_6": 163.1097815479785,
  "A_7": 84.9245881869709,
  "A_8": 176.0515724844417,
  "A_9": 94.99412149122179,
  "A_10": 123.56170419818665,
  "A_11": 133.81865235378007,
  "A_12": 98.88934452329595,
  "A_13": 64.2092906539476,
  "A_14": 86.62320963565504,
  "A_15": 83.32634690675424,
  "A_16": 115.38763197192317,
  "A_17": 60.19155807475408,
  "A_18": 89.44697364366647,
  "A_19": 92.57886505914198,
  "A_20": 67.49101090625811,
  "A_21": 29.6656070385063,
  "A_22": 109.78012784630707,
  "A_23": 37.713047948088835,
  "A_24": 22.808766912781213,
  "A_25": 85.46926495487966,
  "A_26": 63.01612633048484,
  "A_27": 78.38179422926926,
  "A_28": 14.3553694005018,
  "A_29": 106.02107400621013,
  "A_30": 88.04281995758859,
  "A_31": 15.699166808518912,
  "A_32": 83.71695997093096,
  "A_33": 90.16360862706213,
  "A_34": 96.4740880912161,
  "A_35": 27.775448968918077,
  "A_36": 33.13274408923168,
  "A_37": 129.1217325756217,
  "A_38": 28.929393649693452,
  "A_39": 65.99314979450897,
  "A_40": 88.15685977091388,
  "A_41": 87.03688198990915,
  "A_42": 24.951684960906654,
  "A_43": 38.64410291327732,
  "A_44": 97.01177795706332,
  "A_45": 14.491538592478996,
  "A_46": 115.2156737564363,
  "A_47": 172.2286437825119,
  "A_48": 46.671098337870305,
  "A_49": 115.23356826819114,
  "A_50": 148.26402210062193,
  "A_51": 166.3665575546195,
  "A_52": 99.88922550033928,
  "A_53": 26.44012129469504,
  "A_54": 149.44546200030155,
  "A_55": 200.22274760011985,
  "A_56": 97.4202855329949,
  "A_57": 55.55089793783615,
  "A_58": 68.69863912229803,
  "A_59": 129.87641852923764,
  "A_60": 5.924101266874272,
  "A_61": 70.04243653031514,
  "A_62": 51.928013289716404,
  "A_63": 43.47461577743699,
  "A_64": 67.96410962714751,
  "A_65": 102.64839836339289,
  "A_66": 74.87294939447482,
  "A_67": 44.49239126623517,
  "A_68": 105.06365479547271,
  "A_69": 23.99850061706628,
  "A_70": 95.2664598751762,
  "A_71": 30.05453620902071,
  "A_72": 42.016778556094565,
  "A_73": 16.90679502455883,
  "A_74": 18.114423240598747,
  "A_75": 69.90626733833795,
  "A_76": 59.26143302099106,
  "A_77": 0.0,
  "A_78": 74.97332956294233,
  "A_79": 126.27320025112938,
  "A_80": 50.53053234643475,
  "A_81": 38.26195958289466,
  "A_82": 94.44944472331302,
  "A_83": 128.0962413352663,
  "A_84": 117.35519888449586,
  "A_85": 16.90679502455883,
  "A_86": 96.15409802989207,
  "A_87": 85.09820516337888,
  "A_88": 96.53867923617393,
  "A_89": 128.94388073231664,
  "A_90": 10.868653944359247,
  "A_91": 95.21277633991166,
  "A_92": 38.64410291327732,
  "A_93": 25.10998353153574,
  "A_94": 30.190705400997906,
  "A_95": 56.62235696189887,
  "A_96": 46.14431608171637,
  "A_97": 33.81359004911766,
  "A_98": 59.0376133939787,
  "A_99": 37.20839507058679,
  "A_100": 73.55128136510959,
  "A_101": 34.885049073180376,
  "A_102": 110.81156297996307,
  "A_103": 71.6048887870221,
  "A_104": 69.93506945978606,
  "A_105": 120.2436420020594,
  "A_106": 175.18600087652462,
  "A_107": 48.413978543858235,
  "A_108": 108.53247573986042,
  "A_109": 121.83428062805434,
  "A_110": 69.25422349990008,
  "A_111": 39.85173112931724,
  "A_112": 115.65997035587756,
  "A_113": 105.86277543558104,
  "A_114": 75.73666117954096,
  "A_115": 56.16016585070274,
  "A_116": 57.0350994047275,
  "A_117": 36.91392730798051,
  "A_118": 32.60596183307774,
  "A_119": 108.43633043828997,
  "A_120": 102.64839836339289,
  "A_121": 36.22884648119749,
  "A_122": 69.90626733833795,
  "A_123": 80.9110904746744,
  "A_124": 49.47696783412687,
  "A_125": 24.152564320798326,
  "A_126": 164.98719731776376,
  "A_127": 87.8845213869595,
  "A_128": 29.54152669506012,
  "A_129": 91.2707184445578,
  "A_130": 31.65277748923737,
  "A_131": 191.51496904749396,
  "A_132": 203.28997247241387,
  "A_133": 114.6709969885275,
  "A_134": 177.98424258581827,
  "A_135": 221.74396417975385,
  "A_136": 238.0155291697568
}