{
  "A_1": 236.41922311061478,
  "A_2": 56.653798021176,
  "A_3": 101.44077014735298,
  "A_4": 108.1545672763748,
  "A_5": 25.224023344861045,
  "A_6": 211.77654520311518,
  "A_7": 61.5762213200091,
  "A_8": 114.22670038908622,
  "A_9": 53.27604556463055,
  "A_10": 180.59356147929566,
  "A_11": 59.972903226064226,
  "A_12": 78.91524922821941,
  "A_13": 64.20505578705057,
  "A_14": 34.52080025455256,
  "A_15": 23.498082606461274,
  "A_16": 52.699902604703425,
  "A_17": 107.1995859415366,
  "A_18": 73.68574153068325,
  "A_19": 0.0,
  "A_20": 38.76237759349968,
  "A_21": 165.55049744692303,
  "A_22": 82.33737353940417,
  "A_23": 63.03321659452034,
  "A_24": 89.000239168326,
  "A_25": 90.95933634710458,
  "A_26": 46.41665446567076,
  "A_27": 2.142918048125441,
  "A_28": 48.11527591435492,
  "A_29": 122.82735063222474,
  "A_30": 64.91329643487586,
  "A_31": 79.86843357205979,
  "A_32": 99.24762431588195,
  "A_33": 143.489630647626,
  "A_34": 11.786049264689925,
  "A_35": 84.53397512279415,
  "A_36": 189.42471665861328,
  "A_37": 94.79060911912225,
  "A_38": 28.252028574467655,
  "A_39": 19.208011643313352,
  "A_40": 190.46222134927604,
  "A_41": 56.006102146970704,
  "A_42": 0.0,
  "A_43": 27.775448968918077,
  "A_44": 18.43949011565099,
  "A_45": 4.830512864159665,
  "A_46": 8.840617656390279,
  "A_47": 89.8733757313529,
  "A_48": 70.10702767527296,
  "A_49": 43.519716481571926,
  "A_50": 38.59041937801278,
  "A_51": 46.002202996438584,
  "A_52": 80.95778710787735,
  "A_53": 59.59328573617506,
  "A_54": 40.38359019919938,
  "A_55": 31.39833361703782,
  "A_56": 139.2975019770464,
  "A_57": 101.26362202080236,
  "A_58": 0.0,
  "A_59": 78.27019229184313,
  "A_60": 7.908720744370631,
  "A_61": 11.123097816558792,
  "A_62": 37.9453624416365,
  "A_63": 8.954657469715588,
  "A_64": 0.0,
  "A_65": 6.275645484810972,
  "A_66": 90.71252026186797,
  "A_67": 175.9340140873443,
  "A_68": 24.211626262685826,
  "A_69": 31.57960351314996,
  "A_70": 99.2729706854111,
  "A_71": 94.62477072612458,
  "A_72": 16.071885360940804,
  "A_73": 76.90011860287139,
  "A_74": 35.23987311384742,
  "A_75": 81.73147341386223,
  "A_76": 113.99015102864153,
  "A_77": 83.29055788324453,
  "A_78": 84.953390308419,
  "A_79": 37.14624180152817,
  "A_80": 134.65324785813277,
  "A_81": 128.32844273147845,
  "A_82": 180.72873792799427,
  "A_83": 40.79549069519685,
  "A_84": 103.38441069027591,
  "A_85": 115.72879636773243,
  "A_86": 122.66823524750569,
  "A_87": 94.19500085111348,
  "A_88": 104.43977219358163,
  "A_89": 45.25836182066282,
  "A_90": 123.28936581423224,
  "A_91": 129.58195076663137,
  "A_92": 48.85404027640248,
  "A_93": 118.91678406163044,
  "A_94": 174.08901955374412,
  "A_95": 158.42366884854843,
  "A_96": 130.778671372978,
  "A_97": 29.91836701704352,
  "A_98": 169.28046013904773,
  "A_99": 78.16641920330974,
  "A_100": 208.2719352352178,
  "A_101": 174.7485152499563,
  "A_102": 102.88237161786165,
  "A_103": 76.96218390733573,
  "A_104": 138.58701194888113,
  "A_105": 80.31273017150107,
  "A_106": 78.2004112358216,
  "A_107": 84.30589549614352,
  "A_108": 149.37568094428002,
  "A_109": 39.23727330538692,
  "A_110": 121.86797106767148,
  "A_111": 128.11625956365498,
  "A_112": 102.55805872504628,
  "A_113": 165.8892239668331,
  "A_114": 183.89044934093766,
  "A_115": 234.679660426469
}