{
  "A_1": 232.84395244075282,
  "A_2": 109.9935927839332,
  "A_3": 190.21543039678062,
  "A_4": 170.66689524255935,
  "A_5": 150.71178773348112,
  "A_6": 114.9296757276241,
  "A_7": 63.40254222687636,
  "A_8": 143.43104622782187,
  "A_9": 46.395367033850036,
  "A_10": 14.201305696769758,
  "A_11": 125.53965093288676,
  "A_12": 69.81679477956371,
  "A_13": 67.98200413890235,
  "A_14": 19.32205145663866,
  "A_15": 68.63732780007058,
  "A_16": 15.699166808518912,
  "A_17": 1.2076282160399163,
  "A_18": 107.35890238818544,
  "A_19": 0.0,
  "A_20": 2.4152564320798326,
  "A_21": 56.56104563967142,
  "A_22": 11.922218456667121,
  "A_23": 71.85933265922166,
  "A_24": 35.52247822259375,
  "A_25": 136.1019744607798,
  "A_26": 178.4889582951734,
  "A_27": 0.0,
  "A_28": 45.729022665653034,
  "A_29": 0.0,
  "A_30": 58.75846403715135,
  "A_31": 3.214377072188161,
  "A_32": 85.60543414685685,
  "A_33": 33.25948850324811,
  "A_34": 87.09630835654444,
  "A_35": 31.10810072132859,
  "A_36": 194.10444564177126,
  "A_37": 87.90993058834175,
  "A_38": 43.99800511352505,
  "A_39": 74.76558232394572,
  "A_40": 36.197292324584836,
  "A_41": 0.0,
  "A_42": 20.239446776969338,
  "A_43": 124.86971258269405,
  "A_44": 40.86950661811542,
  "A_45": 75.66264525662237,
  "A_46": 42.26698756139707,
  "A_47": 0.0,
  "A_48": 10.868653944359247,
  "A_49": 1.2076282160399163,
  "A_50": 108.32386142129147,
  "A_51": 76.6499095975689,
  "A_52": 108.03713454298364,
  "A_53": 71.58783622209843,
  "A_54": 119.81976575486645,
  "A_55": 85.75259891312163,
  "A_56": 76.95029612073455,
  "A_57": 90.84263246320906,
  "A_58": 15.562997616541717,
  "A_59": 94.45449640430002,
  "A_60": 32.70634200154524,
  "A_61": 91.10980606884094,
  "A_62": 41.041464833602305,
  "A_63": 85.88792615826766,
  "A_64": 90.72699672081572,
  "A_65": 103.63725863340741,
  "A_66": 45.91029256176516,
  "A_67": 143.394415257481,
  "A_68": 181.0648883419284,
  "A_69": 41.12395049031497,
  "A_70": 11.927370668619009,
  "A_71": 0.0,
  "A_72": 1.0714590240627204,
  "A_73": 15.585126995193603,
  "A_74": 3.622884648119749,
  "A_75": 116.55521116481515,
  "A_76": 67.46029869647663,
  "A_77": 15.699166808518912,
  "A_78": 94.09186864748143,
  "A_79": 72.50438959559793,
  "A_80": 100.75056224135932,
  "A_81": 108.13487577362211,
  "A_82": 28.21032079039859,
  "A_83": 0.0,
  "A_84": 69.02962475790966,
  "A_85": 111.6106836200714,
  "A_86": 12.076282160399163,
  "A_87": 47.99700123413257,
  "A_88": 124.52513013407773,
  "A_89": 20.27206907508422,
  "A_90": 104.89921126961323,
  "A_91": 1.2076282160399163,
  "A_92": 7.245769296239498,
  "A_93": 0.0,
  "A_94": 23.86233142508909,
  "A_95": 31.208480889796085,
  "A_96": 98.413493767242,
  "A_97": 41.77503928458614,
  "A_98": 30.835762337374195,
  "A_99": 68.42630073834366,
  "A_100": 182.67763121383402,
  "A_101": 63.51234717330463,
  "A_102": 147.20019086352212,
  "A_103": 187.26718392146333,
  "A_104": 20.850511680833783,
  "A_105": 84.52698822073256,
  "A_106": 66.55476603000591,
  "A_107": 57.715945364613475,
  "A_108": 100.4144118274252,
  "A_109": 79.506823691261,
  "A_110": 53.45467652291367,
  "A_111": 2.4152564320798326,
  "A_112": 66.85449910189959,
  "A_113": 34.36673655082052,
  "A_114": 0.0,
  "A_115": 41.84058547371063,
  "A_116": 0.0,
  "A_117": 36.22884648119749,
  "A_118": 2.142918048125441,
  "A_119": 69.01767413945538,
  "A_120": 151.5737025275494,
  "A_121": 55.11083620529192,
  "A_122": 58.651235196699005,
  "A_123": 57.183973197395815,
  "A_124": 0.0,
  "A_125": 0.0,
  "A_126": 103.96409736671632,
  "A_127": 4.285836096250882,
  "A_128": 70.53342976295939,
  "A_129": 74.47534942823648,
  "A_130": 17.437812147609804,
  "A_131": 80.65347987708004,
  "A_132": 143.17303350636786,
  "A_133": 73.72991232339271,
  "A_134": 74.5732917208048,
  "A_135": 105.44728095758788,
  "A_136": 41.23036251667736,
  "A_137": 47.91356053325323,
  "A_138": 16.90679502455883,
  "A_139": 0.0,
  "A_140": 7.245769296239498,
  "A_141": 0.0,
  "A_142": 125.02055929554882,
  "A_143": 12.857508288752644,
  "A_144": 73.66097321420233,
  "A_145": 179.7033346522332,
  "A_146": 194.4825300344455,
  "A_147": 23.067445651877797,
  "A_148": 86.76361369452928,
  "A_149": 107.28905850031082,
  "A_150": 62.10639649622891,
  "A_151": 34.74887988120318,
  "A_152": 169.1104748437473,
  "A_153": 112.31090692344472,
  "A_154": 0.0,
  "A_155": 80.84554428554989,
  "A_156": 0.0,
  "A_157": 24.152564320798326,
  "A_158": 37.010072609550974,
  "A_159": 56.75852615387607,
  "A_160": 111.60030379794392,
  "A_161": 48.677847194018554,
  "A_162": 118.74407186390668,
  "A_163": 10.868653944359247,
  "A_164": 2.4152564320798326,
  "A_165": 89.33545967083464,
  "A_166": 123.60613888467901,
  "A_167": 26.053743097415342,
  "A_168": 39.525709210098306,
  "A_169": 73.44571128557835,
  "A_170": 131.11983576878725,
  "A_171": 89.17463525971206,
  "A_172": 151.21732025692617,
  "A_173": 39.54360372185315,
  "A_174": 0.0,
  "A_175": 65.65346823043222,
  "A_176": 0.0,
  "A_177": 80.90410357261283,
  "A_178": 57.32956716733378,
  "A_179": 101.861027279809,
  "A_180": 16.90679502455883,
  "A_181": 37.11045277801848,
  "A_182": 152.7883176456509
}