{
  "A_1": 239.9978867005426,
  "A_2": 234.78190041778745,
  "A_3": 214.6308454917195,
  "A_4": 216.5270731183145,
  "A_5": 149.64456357631542,
  "A_6": 189.10568164145593,
  "A_7": 144.40130826932716,
  "A_8": 154.08446337629837,
  "A_9": 175.14092530513088,
  "A_10": 192.1838895216669,
  "A_11": 176.18602008364468,
  "A_12": 86.16281551545677,
  "A_13": 156.04695347514283,
  "A_14": 153.10491478690906,
  "A_15": 108.26013735590604,
  "A_16": 124.04602468803465,
  "A_17": 85.42828602030625,
  "A_18": 138.54359513840853,
  "A_19": 113.11701446561463,
  "A_20": 104.59044297724779,
  "A_21": 21.373059070090676,
  "A_22": 69.17776970108233,
  "A_23": 24.116775297288633,
  "A_24": 19.32205145663866,
  "A_25": 72.18863440117093,
  "A_26": 130.91487826406708,
  "A_27": 71.75979443758533,
  "A_28": 32.60596183307774,
  "A_29": 85.85976492172088,
  "A_30": 54.117627971044804,
  "A_31": 0.0,
  "A_32": 12.146905163251864,
  "A_33": 0.0,
  "A_34": 2.142918048125441,
  "A_35": 0.0,
  "A_36": 5.467942013573036,
  "A_37": 6.5394010376357565,
  "A_38": 47.08213175429538,
  "A_39": 14.216649235289895,
  "A_40": 71.11389555437786,
  "A_41": 0.0,
  "A_42": 31.26216442506063,
  "A_43": 0.0,
  "A_44": 15.585126995193603,
  "A_45": 0.0,
  "A_46": 17.143344385003527,
  "A_47": 29.646028633089124,
  "A_48": 140.90844785795417,
  "A_49": 5.924101266874272,
  "A_50": 82.64199492946685,
  "A_51": 11.620122907097926,
  "A_52": 0.0,
  "A_53": 0.0,
  "A_54": 0.0,
  "A_55": 24.679346576952263,
  "A_56": 0.0,
  "A_57": 24.13890467594052,
  "A_58": 4.830512864159665,
  "A_59": 35.37604230582462,
  "A_60": 16.252313310221776,
  "A_61": 4.830512864159665,
  "A_62": 26.752483569056167,
  "A_63": 134.81691226901418,
  "A_64": 47.382543410202246,
  "A_65": 87.23247754852164,
  "A_66": 5.515593690942684,
  "A_67": 49.37658766565937,
  "A_68": 0.0,
  "A_69": 74.9137900989715,
  "A_70": 0.0,
  "A_71": 45.13744820261145,
  "A_72": 54.229204775729706,
  "A_73": 22.11002644114039,
  "A_74": 25.052065129374157,
  "A_75": 84.39261601975322,
  "A_76": 173.6686493239526,
  "A_77": 107.03789445084163,
  "A_78": 41.56824708975624,
  "A_79": 139.19532481758102,
  "A_80": 94.06814333976152,
  "A_81": 104.41161095703487,
  "A_82": 50.53053234643475,
  "A_83": 47.916199471082244,
  "A_84": 95.64245825032845,
  "A_85": 0.0,
  "A_86": 8.044889936347825,
  "A_87": 80.64298695761704,
  "A_88": 51.539084119201995,
  "A_89": 1.0714590240627204,
  "A_90": 22.94493610475841,
  "A_91": 31.925115873191764,
  "A_92": 81.75690774798568,
  "A_93": 47.79105098613384,
  "A_94": 125.17783999015813,
  "A_95": 88.12107074740422,
  "A_96": 15.272764720832477,
  "A_97": 62.56858760742503,
  "A_98": 55.221483098551346,
  "A_99": 22.944936104758412,
  "A_100": 52.478608818184554,
  "A_101": 141.1578149164255,
  "A_102": 115.97654236439453,
  "A_103": 27.194983177499598,
  "A_104": 143.86092920016847,
  "A_105": 72.1061487444583,
  "A_106": 32.86040570527729,
  "A_107": 37.43647469723741,
  "A_108": 62.65878901569491,
  "A_109": 39.85173112931724,
  "A_110": 0.0,
  "A_111": 8.453397512279414,
  "A_112": 1.2076282160399163,
  "A_113": 89.49367027686942,
  "A_114": 30.81786782561935,
  "A_115": 53.28028043152759,
  "A_116": 71.27642899190398,
  "A_117": 8.866139955108043,
  "A_118": 1.2076282160399163,
  "A_119": 27.621385265186035,
  "A_120": 37.963256953391344,
  "A_121": 0.0,
  "A_122": 6.038141080199582,
  "A_123": 110.21233559721736,
  "A_124": 74.31987829099565,
  "A_125": 0.0,
  "A_126": 38.99637598070966,
  "A_127": 134.56652733452307,
  "A_128": 16.50252231552428,
  "A_129": 161.6842775982268,
  "A_130": 20.39351048070138,
  "A_131": 0.0,
  "A_132": 38.626208401522476,
  "A_133": 8.044889936347825,
  "A_134": 105.03979125767606,
  "A_135": 159.2109268347968,
  "A_136": 43.579230812801526,
  "A_137": 96.6833181619452,
  "A_138": 19.55181497695161,
  "A_139": 42.912044497773365,
  "A_140": 0.0,
  "A_141": 32.245947881346964,
  "A_142": 9.643131216564484,
  "A_143": 48.43187305561308,
  "A_144": 15.880436704631046,
  "A_145": 2.4152564320798326,
  "A_146": 84.80544642717615,
  "A_147": 41.49423116683767,
  "A_148": 1.2076282160399163,
  "A_149": 1.2076282160399163,
  "A_150": 51.928013289716404,
  "A_151": 39.73769131599193,
  "A_152": 1.2076282160399163,
  "A_153": 0.0,
  "A_154": 56.995075514320774,
  "A_155": 45.678732050454364,
  "A_156": 3.214377072188161,
  "A_157": 135.82282510395243,
  "A_158": 1.2076282160399163,
  "A_159": 65.03996545066859,
  "A_160": 24.81551576892946,
  "A_161": 1.2076282160399163,
  "A_162": 105.44728095758788,
  "A_163": 19.576495328838206,
  "A_164": 2.142918048125441,
  "A_165": 25.61547835586895,
  "A_166": 39.93421678602989,
  "A_167": 114.53828354846928,
  "A_168": 96.83143797237665,
  "A_169": 21.056461928832515,
  "A_170": 140.79780096469474,
  "A_171": 91.14982995924765,
  "A_172": 72.45769296239499,
  "A_173": 47.09750042555673,
  "A_174": 158.1456127659645,
  "A_175": 48.932291066218085,
  "A_176": 4.285836096250882,
  "A_177": 46.82516204160234,
  "A_178": 108.39630654788323,
  "A_179": 48.99867920217375,
  "A_180": 21.737307888718494,
  "A_181": 65.3744571036816,
  "A_182": 41.27038640708409,
  "A_183": 87.49304124321037,
  "A_184": 127.2594467160561,
  "A_185": 11.53160539249038,
  "A_186": 54.8666590578843,
  "A_187": 70.78024584819602,
  "A_188": 46.5051719802783,
  "A_189": 117.47768329887403,
  "A_190": 89.77723042978243,
  "A_191": 90.57116115882704,
  "A_192": 27.485216073208836,
  "A_193": 71.09600104262302,
  "A_194": 104.77342189976348,
  "A_195": 22.681067454598097,
  "A_196": 47.48811348973347,
  "A_197": 126.00268399091405,
  "A_198": 141.5663224923571,
  "A_199": 39.016821465699216,
  "A_200": 96.67151833993833,
  "A_201": 74.65247242204589,
  "A_202": 32.27993991385881,
  "A_203": 1.2076282160399163,
  "A_204": 54.34326972179623,
  "A_205": 101.2976140533142,
  "A_206": 38.23983020424278,
  "A_207": 0.0,
  "A_208": 68.45519082438608,
  "A_209": 169.15899360068934,
  "A_210": 56.73297872241709,
  "A_211": 17.619308238392996,
  "A_212": 133.53083220122883,
  "A_213": 68.94365821653682,
  "A_214": 34.59481617747113,
  "A_215": 236.21421534041212,
  "A_216": 24.002735483963324,
  "A_217": 89.45544337746054,
  "A_218": 16.770625832581633,
  "A_219": 71.61759338771323,
  "A_220": 74.99122407469716,
  "A_221": 165.50965674242636,
  "A_222": 156.0546189612176,
  "A_223": 30.266405217578814,
  "A_224": 118.73119133402696,
  "A_225": 23.041923353160037,
  "A_226": 87.35168214016946,
  "A_227": 16.41061188085086,
  "A_228": 16.770625832581633,
  "A_229": 12.647323173856872,
  "A_230": 15.272764720832477,
  "A_231": 14.491538592478996,
  "A_232": 89.34563843103227,
  "A_233": 83.66751130256347,
  "A_234": 47.688119844431625,
  "A_235": 1.2076282160399163,
  "A_236": 1.0714590240627204,
  "A_237": 0.0,
  "A_238": 14.491538592478996,
  "A_239": 0.0,
  "A_240": 5.901971888222386,
  "A_241": 5.147185403641519,
  "A_242": 82.38407017260712,
  "A_243": 55.387409456143345,
  "A_244": 52.77986242092258,
  "A_245": 103.73763880187494,
  "A_246": 90.36436896399714,
  "A_247": 23.85554558495734,
  "A_248": 46.907647698315,
  "A_249": 32.60596183307774,
  "A_250": 17.143344385003527,
  "A_251": 59.1737825859559,
  "A_252": 4.330094853554655,
  "A_253": 13.055830749788461,
  "A_254": 7.908720744370631,
  "A_255": 1.2076282160399163,
  "A_256": 28.754997558307373,
  "A_257": 13.24049356596647,
  "A_258": 156.44102229123854,
  "A_259": 141.9860267045061,
  "A_260": 111.22007055589465,
  "A_261": 31.9999737429415,
  "A_262": 57.4214776020072,
  "A_263": 42.39796684231054,
  "A_264": 87.26496161655976,
  "A_265": 80.48468838698795,
  "A_266": 17.68802115291231,
  "A_267": 159.04091640675517,
  "A_268": 2.1650474267773276,
  "A_269": 170.22700943920373,
  "A_270": 7.500213168439043,
  "A_271": 60.32772726673128,
  "A_272": 18.114423240598747,
  "A_273": 109.62432998343027,
  "A_274": 52.169639463889304,
  "A_275": 71.22274545663944,
  "A_276": 121.8996885871021,