{
  "A_1": 203.69933456154726,
  "A_2": 121.20782192018734,
  "A_3": 149.88355081265934,
  "A_4": 111.49240893984904,
  "A_5": 90.29977781903933,
  "A_6": 92.588151607026,
  "A_7": 77.60724084371199,
  "A_8": 29.804327203718206,
  "A_9": 80.77492128269719,
  "A_10": 125.41172528003258,
  "A_11": 101.81514746069598,
  "A_12": 112.30942409171222,
  "A_13": 50.47017606837398,
  "A_14": 73.18947042238096,
  "A_15": 103.85602657943278,
  "A_16": 79.56729306665729,
  "A_17": 91.64357522705644,
  "A_18": 53.23602167422382,
  "A_19": 65.0757544741783,
  "A_20": 70.04243653031514,
  "A_21": 93.51415489122749,
  "A_22": 116.73142937994031,
  "A_23": 88.15685977091388,
  "A_24": 92.85120344309638,
  "A_25": 35.297791516009006,
  "A_26": 98.63913551799344,
  "A_27": 95.4026290671534,
  "A_28": 103.7198573874556,
  "A_29": 156.89804862411216,
  "A_30": 102.64839836339289,
  "A_31": 135.91731164460177,
  "A_32": 110.8294574917179,
  "A_33": 83.95771906553148,
  "A_34": 142.28479216586248,
  "A_35": 52.88543250045381,
  "A_36": 51.23774255186966,
  "A_37": 61.96599243735466,
  "A_38": 163.45190098795445,
  "A_39": 67.98200413890237,
  "A_40": 87.50658779073268,
  "A_41": 118.48098232872445,
  "A_42": 104.58864598624996,
  "A_43": 92.71503425111916,
  "A_44": 129.87641852923764,
  "A_45": 108.55037025161528,
  "A_46": 119.168815190672,
  "A_47": 111.50755141643934,
  "A_48": 47.78258125233976,
  "A_49": 110.28478072380912,
  "A_50": 82.11871869071432,
  "A_51": 83.08281064424796,
  "A_52": 113.38677674359309,
  "A_53": 106.87373995150627,
  "A_54": 111.64984043090574,
  "A_55": 177.28133007913345,
  "A_56": 116.95429396278595,
  "A_57": 75.14178176102781,
  "A_58": 47.76045187368787,
  "A_59": 94.05883165913627,
  "A_60": 101.44077014735298,
  "A_61": 159.8290163398347,
  "A_62": 161.90554625200448,
  "A_63": 116.73142937994031,
  "A_64": 97.56866923720928,
  "A_65": 124.08848645434055,
  "A_66": 87.17212127046086,
  "A_67": 127.25782565424687,
  "A_68": 122.33618147039186,
  "A_69": 104.2287451318547,
  "A_70": 162.49085009610945,
  "A_71": 205.12310435215414,
  "A_72": 64.18895826629358,
  "A_73": 114.37980904865158,
  "A_74": 168.2670954463352,
  "A_75": 162.11491455281032,
  "A_76": 70.261091379005,
  "A_77": 91.37123684310205,
  "A_78": 127.7335004811122,
  "A_79": 63.54633920581647,
  "A_80": 118.9755444106232,
  "A_81": 135.02031154377818,
  "A_82": 60.89453341329194,
  "A_83": 79.56729306665729,
  "A_84": 130.12662753454015,
  "A_85": 85.48017256457294,
  "A_86": 135.09754445757406,
  "A_87": 84.54488273248741,
  "A_88": 106.13511381953543,
  "A_89": 113.24471392379773,
  "A_90": 167.53094488937543,
  "A_91": 121.15343466816837,
  "A_92": 110.53922459600867,
  "A_93": 84.07178401159803,
  "A_94": 153.83489525589718,
  "A_95": 266.29671172404977
}