{
  "A_1": 122.95527628507892,
  "A_2": 44.63543426293842,
  "A_3": 153.4360135198562,
  "A_4": 120.64878179066632,
  "A_5": 24.64355755344257,
  "A_6": 103.83473914761208,
  "A_7": 62.79666723407565,
  "A_8": 70.04243653031514,
  "A_9": 22.94493610475841,
  "A_10": 0.0,
  "A_11": 59.037613393978695,
  "A_12": 78.49583404259457,
  "A_13": 0.0,
  "A_14": 3.350546264165357,
  "A_15": 96.3600482778908,
  "A_16": 62.79666723407565,
  "A_17": 0.0,
  "A_18": 58.1014564823208,
  "A_19": 215.49136541864954,
  "A_20": 103.00322240405993,
  "A_21": 49.82942939711842,
  "A_22": 103.13939159603713,
  "A_23": 32.268077259998854,
  "A_24": 195.61274940750096,
  "A_25": 5.6960216402236545,
  "A_26": 70.19978005677754,
  "A_27": 35.53010600955666,
  "A_28": 46.98430255906259,
  "A_29": 149.92716868506176,
  "A_30": 170.80236071778214,
  "A_31": 60.59880901362424,
  "A_32": 18.777374688729875,
  "A_33": 49.51275685763656,
  "A_34": 95.4026290671534,
  "A_35": 12.076282160399163,
  "A_36": 1.0935884027146072,
  "A_37": 59.0376133939787,
  "A_38": 66.41955188219539,
  "A_39": 0.0,
  "A_40": 11.53160539249038,
  "A_41": 77.01586744260025,
  "A_42": 48.30512864159665,
  "A_43": 5.629633504267994,
  "A_44": 5.629633504267994,
  "A_45": 179.84298472887056,
  "A_46": 62.79666723407565,
  "A_47": 5.924101266874272,
  "A_48": 58.32097841058304,
  "A_49": 121.09975113290382,
  "A_50": 160.83320758199872,
  "A_51": 59.5107121148681,
  "A_52": 161.22382064617545,
  "A_53": 28.846907992980796,
  "A_54": 154.98826188362432,
  "A_55": 27.846071971770776,
  "A_56": 99.95381664529708,
  "A_57": 13.9689912032221,
  "A_58": 125.03923292228174,
  "A_59": 94.36597888969246,
  "A_60": 170.34280854441502,
  "A_61": 46.004753969673295,
  "A_62": 8.910398712411816,
  "A_63": 57.966154369915984,
  "A_64": 60.38141080199582,
  "A_65": 19.185882264661466,
  "A_66": 3.622884648119749,
  "A_67": 13.28391037643908,
  "A_68": 90.57211620299373,
  "A_69": 4.716473050834356,
  "A_70": 0.0,
  "A_71": 43.47461577743699,
  "A_72": 51.928013289716404,
  "A_73": 19.04971307268427,
  "A_74": 7.245769296239498,
  "A_75": 106.27128301151262,
  "A_76": 84.53397512279415,
  "A_77": 61.847717757132315,
  "A_78": 52.248845297871604,
  "A_79": 149.3398919207703,
  "A_80": 130.9148405649552,
  "A_81": 109.74941563652561,
  "A_82": 136.95022960999026
}