{
  "A_1": 66.1983837593827,
  "A_2": 26.27758785716892,
  "A_3": 1.0714590240627204,
  "A_4": 54.680199250708434,
  "A_5": 4.422005288228077,
  "A_6": 32.46979264110054,
  "A_7": 82.84115933733383,
  "A_8": 0.0,
  "A_9": 71.74706470415299,
  "A_10": 16.403826040719107,
  "A_11": 44.88300433041191,
  "A_12": 96.72853196341566,
  "A_13": 76.34094024327365,
  "A_14": 249.09385300781668,
  "A_15": 89.02057155598003,
  "A_16": 105.43710219739026,
  "A_17": 28.846907992980796,
  "A_18": 0.0,
  "A_19": 46.03196016205338,
  "A_20": 69.54445639560933,
  "A_21": 2.4152564320798326,
  "A_22": 60.09964764008066,
  "A_23": 14.263458965828377,
  "A_24": 95.61609400477951,
  "A_25": 3.5088448347944396,
  "A_26": 72.34365314906968,
  "A_27": 78.38083918510257,
  "A_28": 17.573981339587,
  "A_29": 36.978606417532625,
  "A_30": 0.0,
  "A_31": 0.0,
  "A_32": 0.0,
  "A_33": 1.2076282160399163,
  "A_34": 0.0,
  "A_35": 0.0,
  "A_36": 44.6822439934769,
  "A_37": 116.69892017916095,
  "A_38": 72.67379683785012,
  "A_39": 2.3012166187545233,
  "A_40": 9.090826661692784,
  "A_41": 13.465180272551214,
  "A_42": 42.13928810321396,
  "A_43": 22.636808697294327,
  "A_44": 2.4152564320798326,
  "A_45": 0.0,
  "A_46": 96.96682804937578,
  "A_47": 1.2076282160399163,
  "A_48": 2.4152564320798326,
  "A_49": 2.4152564320798326,
  "A_50": 4.285836096250882,
  "A_51": 78.69659437952956,
  "A_52": 47.41653544271409,
  "A_53": 103.74027773970394,
  "A_54": 28.741337913449563,
  "A_55": 94.12342280409409,
  "A_56": 49.22252396192732,
  "A_57": 17.570588419521126,
  "A_58": 92.41546454204345,
  "A_59": 0.0,
  "A_60": 94.20945217732002,
  "A_61": 9.116348960410548,
  "A_62": 127.87663144240975,
  "A_63": 49.61737189300111,
  "A_64": 83.66327643566643,
  "A_65": 77.51956527593562,
  "A_66": 8.453397512279414,
  "A_67": 16.888900512803982,
  "A_68": 228.30888751610735,
  "A_69": 68.69863912229805,
  "A_70": 106.42616352933464,
  "A_71": 27.823942593118886,
  "A_72": 193.13107970672425,
  "A_73": 79.05141842019661,
  "A_74": 11.031187381885369,
  "A_75": 169.68490877727086,
  "A_76": 29.33790122562504,
  "A_77": 4.830512864159665,
  "A_78": 30.379603084072954,
  "A_79": 4.830512864159665,
  "A_80": 75.67207003458314,
  "A_81": 89.23760534286063,
  "A_82": 151.27856874730057,
  "A_83": 40.08828048976194,
  "A_84": 48.287234129841806,
  "A_85": 28.763467292101453,
  "A_86": 61.589039018035734,
  "A_87": 204.10782957110823,
  "A_88": 135.81003253866697,
  "A_89": 41.21769561509808,
  "A_90": 19.985002904769793,
  "A_91": 1.2076282160399163,
  "A_92": 49.512756857636575,
  "A_93": 72.0779875079115,
  "A_94": 0.0,
  "A_95": 0.0,
  "A_96": 4.830512864159665,
  "A_97": 70.04243653031514,
  "A_98": 16.362118256650046,
  "A_99": 6.038141080199582,
  "A_100": 59.93711420255453,
  "A_101": 88.10317623564936,
  "A_102": 49.51275685763657,
  "A_103": 71.25006474635506,
  "A_104": 218.16957315583488,
  "A_105": 240.05067802349353,
  "A_106": 129.99045834256293,
  "A_107": 101.03476327917366,
  "A_108": 45.20902624963084,
  "A_109": 95.23836147048252,
  "A_110": 83.73993129641403,
  "A_111": 71.02621998660149,
  "A_112": 49.653160916510814,
  "A_113": 13.28391037643908,
  "A_114": 119.66326417523521,
  "A_115": 63.87236112503541,
  "A_116": 56.80362685801101,
  "A_117": 1.2076282160399163,
  "A_118": 53.64452925015541,
  "A_119": 110.66434794821586,
  "A_120": 14.491538592478996,
  "A_121": 3.622884648119749,
  "A_122": 111.62159122976468,
  "A_123": 73.06791591942826,
  "A_124": 2.279087240102637,
  "A_125": 96.76165691635512,
  "A_126": 2.4152564320798326,
  "A_127": 55.42319847965304,
  "A_128": 139.38950037631412,
  "A_129": 22.944936104758412,
  "A_130": 18.000383427273437,
  "A_131": 131.04402285487083,
  "A_132": 113.37065409009489,
  "A_133": 110.07703348481255,
  "A_134": 9.66102572831933,
  "A_135": 99.2705328095119,
  "A_136": 101.29430909784263,
  "A_137": 12.194556840621512,
  "A_138": 58.38313167964165,
  "A_139": 33.65274050525386,
  "A_140": 9.318906288343404,
  "A_141": 43.61075983667297,
  "A_142": 56.16193770895938,
  "A_143": 6.675570229612952,
  "A_144": 28.5473382839051,
  "A_145": 1.2076282160399163,
  "A_146": 1.2076282160399163,
  "A_147": 1.2076282160399163,
  "A_148": 0.0,
  "A_149": 35.50119079077303,
  "A_150": 9.66102572831933,
  "A_151": 12.466895224575904,
  "A_152": 0.0,
  "A_153": 65.70291689879973,
  "A_154": 113.47427638218088,
  "A_155": 15.290659232587325,
  "A_156": 107.84566075393266,
  "A_157": 4.830512864159665,
  "A_158": 0.0,
  "A_159": 0.0,
  "A_160": 1.2076282160399163,
  "A_161": 3.214377072188161,
  "A_162": 24.79762125717461,
  "A_163": 5.493464312290798,
  "A_164": 1.0714590240627204,
  "A_165": 57.622237938942206,
  "A_166": 42.77587530579616,
  "A_167": 26.395862537391267,
  "A_168": 85.62237361444502,
  "A_169": 82.51017370172221,
  "A_170": 123.01456442163743,
  "A_171": 20.529679672678576,
  "A_172": 44.769894428512075,
  "A_173": 88.60704999817332,
  "A_174": 71.85933265922165,
  "A_175": 6.038141080199582,
  "A_176": 6.7896100429382615,
  "A_177": 147.20976643793028,
  "A_178": 20.30160004602796,
  "A_179": 0.0,
  "A_180": 58.053804804951156,
  "A_181": 112.00295544516925,
  "A_182": 21.623268075393185,
  "A_183": 4.716473050834356,
  "A_184": 90.3106854287326,
  "A_185": 124.8876070944489,
  "A_186": 82.06503515544978,
  "A_187": 120.83681239416899,
  "A_188": 14.491538592478996,
  "A_189": 0.0,
  "A_190": 0.0,
  "A_191": 2.4152564320798326,
  "A_192": 0.0,
  "A_193": 1.2076282160399163,
  "A_194": 0.0,
  "A_195": 96.8195753185167,
  "A_196": 32.68844748979039,
  "A_197": 49.81398532763338,
  "A_198": 93.72338496195658,
  "A_199": 1.0714590240627204,
  "A_200": 1.2076282160399163,
  "A_201": 59.93711420255453,
  "A_202": 76.39961262767207,
  "A_203": 1.2076282160399163,
  "A_204": 10.714590240627205,
  "A_205": 51.05731460258869,
  "A_206": 64.68256530402562,
  "A_207": 2.4152564320798326,
  "A_208": 0.0,
  "A_209": 0.0,
  "A_210": 0.0,
  "A_211": 11.922218456667121,
  "A_212": 140.12475872096027,
  "A_213": 0.0,
  "A_214": 55.69382783720388,
  "A_215": 50.8692588663448,
  "A_216": 51.56620234698777,
  "A_217": 16.336595957932282,
  "A_218": 28.94389524138242,
  "A_219": 58.40346406729569,
  "A_220": 43.01845652413575,
  "A_221": 16.770625832581633,
  "A_222": 98.88235762123436,
  "A_223": 62.26214409362328,
  "A_224": 1.2076282160399163,
  "A_225": 87.9960102270501,
  "A_226": 162.84083608409,
  "A_227": 112.03009880569624,
  "A_228": 7.500213168439043,
  "A_229": 64.88590174693655,
  "A_230": 33.81359004911766,
  "A_231": 29.34561697718226,
  "A_232": 49.14850803900875,
  "A_233": 0.0,
  "A_234": 1.2076282160399163,
  "A_235": 73.8302924918602,
  "A_236": 39.19301454808315,
  "A_237": 2.4152564320798326,
  "A_238": 22.127920952895234,
  "A_239": 106.81923960215177,
  "A_240": 43.329021807499025,
  "A_241": 7.908720744370631,
  "A_242": 107.93078534847433,
  "A_243": 1.2076282160399163,
  "A_244": 111.74079582141246,
  "A_245": 12.466895224575904,
  "A_246": 35.37604230582462,
  "A_247": 2.142918048125441,
  "A_248": 152.5645105850092,
  "A_249": 35.31652797459502,
  "A_250": 21.215602446292763,
  "A_251": 65.28252153626697,
  "A_252": 1.2076282160399163,
  "A_253": 40.10362402828208,
  "A_254": 3.622884648119749,
  "A_255": 64.33443913889602,
  "A_256": 87.89722598765061,
  "A_257": 58.67081360211618,
  "A_258": 164.92244280998796,
  "A_259": 31.693643326475268,
  "A_260": 84.3799114190621,
  "A_261": 39.135096145921565,
  "A_262": 69.78280274705187,
  "A_263": 32.06128506516896,
  "A_264": 96.47736791394647,
  "A_265": 5.76580269624519,
  "A_266": 99.51734889474854,
  "A_267": 72.48829207484094,
  "A_268": 80.10677992350234,
  "A_269": 10.868653944359247,
  "A_270": 93.51415489122749,
  "A_271": 9.002309147085239,
  "A_272": 16.366353123547086,
  "A_273": 6.038141080199582,
  "A_274": 1.2076282160399163,
  "A_275": 1.2076282160399163,
  "A_276": 5.581981826898345,
  "A_277": 4.830512864159665,
  "A_278": 117.63261408217846,