{
  "A_1": 231.18020267052353,
  "A_2": 95.68427913173302,
  "A_3": 107.55206007089876,
  "A_4": 68.72413628827458,
  "A_5": 45.64389807111135,
  "A_6": 65.10211871972722,
  "A_7": 34.28668877000705,
  "A_8": 0.0,
  "A_9": 0.0,
  "A_10": 0.0,
  "A_11": 0.0,
  "A_12": 2.4152564320798326,
  "A_13": 0.0,
  "A_14": 4.285836096250882,
  "A_15": 0.0,
  "A_16": 0.0,
  "A_17": 2.1650474267773276,
  "A_18": 0.0,
  "A_19": 0.0,
  "A_20": 75.27632989119576,
  "A_21": 0.0,
  "A_22": 0.0,
  "A_23": 3.4867154561425533,
  "A_24": 27.5677896945158,
  "A_25": 2.4152564320798326,
  "A_26": 0.0,
  "A_27": 79.78000402204654,
  "A_28": 99.97348301530856,
  "A_29": 24.661452065197416,
  "A_30": 111.30348612403279,
  "A_31": 24.547449950983953,
  "A_32": 59.67324555239422,
  "A_33": 59.424833538089565,
  "A_34": 120.05709423028921,
  "A_35": 7.017689669588879,
  "A_36": 9.66102572831933,
  "A_37": 87.37900142988508,
  "A_38": 19.185882264661466,
  "A_39": 5.629633504267994,
  "A_40": 0.0,
  "A_41": 54.46491218934324,
  "A_42": 2.142918048125441,
  "A_43": 2.142918048125441,
  "A_44": 38.744483081744825,
  "A_45": 42.48564241008692,
  "A_46": 76.55882854335601,
  "A_47": 145.19182094556464,
  "A_48": 42.62181160206411,
  "A_49": 111.31526081329841,
  "A_50": 56.05978568223524,
  "A_51": 9.687389973868257,
  "A_52": 34.907178451832266,
  "A_53": 26.708224811752395,
  "A_54": 3.4867154561425533,
  "A_55": 8.453397512279414,
  "A_56": 53.08195797049178,
  "A_57": 49.05056574644044,
  "A_58": 43.03031917799571,
  "A_59": 36.399849652517695,
  "A_60": 46.53492914589311,
  "A_61": 48.16037661848985,
  "A_62": 0.0,
  "A_63": 77.67116597102728,
  "A_64": 34.885049073180376,
  "A_65": 0.0,
  "A_66": 0.0,
  "A_67": 100.36232422122868,
  "A_68": 14.631942651353231,
  "A_69": 1.2076282160399163,
  "A_70": 30.05453620902071,
  "A_71": 27.275030958313064,
  "A_72": 23.998500617066284,
  "A_73": 24.661452065197416,
  "A_74": 91.18390995635382,
  "A_75": 36.31133213791014,
  "A_76": 114.78408175768614,
  "A_77": 64.01700005080669,
  "A_78": 216.6189835529879,
  "A_79": 146.46160243066322,
  "A_80": 53.77391260200086,
  "A_81": 104.03729647554493,
  "A_82": 79.07192673703926,
  "A_83": 8.044889936347825,
  "A_84": 8.571672192501763,
  "A_85": 12.076282160399163,
  "A_86": 33.67742085714046,
  "A_87": 110.36903823877842,
  "A_88": 2.4152564320798326,
  "A_89": 3.622884648119749,
  "A_90": 93.92266246715909,
  "A_91": 36.17516294593295,
  "A_92": 0.0,
  "A_93": 22.212316697941276,
  "A_94": 75.80823922656035,
  "A_95": 1.2076282160399163,
  "A_96": 10.714590240627203,
  "A_97": 126.18137778105026,
  "A_98": 91.50143700903745,
  "A_99": 1.0714590240627204,
  "A_100": 55.08870682664003,
  "A_101": 87.79504882818526,
  "A_102": 34.0680339213172,
  "A_103": 200.0866412399957,
  "A_104": 30.09963691315565,
  "A_105": 12.076282160399163,
  "A_106": 80.89319596291955,
  "A_107": 102.52737164800598,
  "A_108": 60.463896458708476,
  "A_109": 12.076282160399163,
  "A_110": 16.90679502455883,
  "A_111": 102.963173380912,
  "A_112": 86.42326611280998,
  "A_113": 17.978254048621547,
  "A_114": 64.85443555491821,
  "A_115": 26.708224811752395,
  "A_116": 4.830512864159665,
  "A_117": 108.1102833863298,
  "A_118": 174.71032604965927,
  "A_119": 57.141486298348674,
  "A_120": 54.97043214641768,
  "A_121": 138.15362295913312,
  "A_122": 143.01322697126506,
  "A_123": 90.02743943508494,
  "A_124": 117.00525059562719,
  "A_125": 18.5237727633615,
  "A_126": 74.83197045990138,
  "A_127": 24.038524507473017,
  "A_128": 126.79058286206376,
  "A_129": 57.50396325871986,
  "A_130": 0.0,
  "A_131": 3.622884648119749,
  "A_132": 60.990678714862405,
  "A_133": 16.520416827279128,
  "A_134": 0.0,
  "A_135": 8.453397512279414,
  "A_136": 37.322434883912095,
  "A_137": 2.4152564320798326,
  "A_138": 17.433577280712765,
  "A_139": 61.044362250126945,
  "A_140": 88.6945496367611,
  "A_141": 11.53160539249038,
  "A_142": 0.0,
  "A_143": 26.940539305300053,
  "A_144": 93.32430216398575,
  "A_145": 43.57499594590449,
  "A_146": 24.13466980904348,
  "A_147": 89.91339962175964,
  "A_148": 184.37303567164093,
  "A_149": 22.90914708124872,
  "A_150": 136.3239970967943,
  "A_151": 34.52926998834664,
  "A_152": 63.323449490229585,
  "A_153": 34.00672259908974,
  "A_154": 38.35810488446512,
  "A_155": 91.64357522705643,
  "A_156": 77.00220779774244,
  "A_157": 31.262164425060625,
  "A_158": 39.44322355338565,
  "A_159": 140.83536184646107,
  "A_160": 32.61019669997478,
  "A_161": 92.17035748321037,
  "A_162": 93.92347928124903,
  "A_163": 10.868653944359247,
  "A_164": 57.45036768804962,
  "A_165": 9.66102572831933,
  "A_166": 64.68256530402562,
  "A_167": 10.868653944359247,
  "A_168": 83.79695748626202,
  "A_169": 0.0,
  "A_170": 0.0,
  "A_171": 3.622884648119749,
  "A_172": 4.69434367218247,
  "A_173": 3.350546264165357,
  "A_174": 0.0,
  "A_175": 1.2076282160399163,
  "A_176": 42.94951741494538,
  "A_177": 2.4152564320798326,
  "A_178": 2.279087240102637,
  "A_179": 24.152564320798326,
  "A_180": 12.076282160399163,
  "A_181": 14.491538592478996,
  "A_182": 83.9663018966611,
  "A_183": 129.37353750999222,
  "A_184": 38.21770082559089,
  "A_185": 30.46727865184934,
  "A_186": 9.643131216564484,
  "A_187": 18.114423240598747,
  "A_188": 186.19088684471413,
  "A_189": 108.45845981694184,
  "A_190": 15.357047368542984,
  "A_191": 24.152564320798326,
  "A_192": 94.94028715950991,
  "A_193": 158.41795114991888,
  "A_194": 8.844010576456155,
  "A_195": 112.20983560459345,
  "A_196": 128.00082488319146,
  "A_197": 144.77238062719857,
  "A_198": 0.0,
  "A_199": 17.84208485664435,
  "A_200": 72.13167104317606,
  "A_201": 43.190301642287125,
  "A_202": 0.0,
  "A_203": 114.3578555991883,
  "A_204": 96.5931795855284,
  "A_205": 3.622884648119749,
  "A_206": 28.43840041704921,
  "A_207": 62.3923945250411,
  "A_208": 149.02923867281274,
  "A_209": 37.53685486570491,
  "A_210": 79.92211710732433,
  "A_211": 105.18192947569507,
  "A_212": 178.60699421435405,
  "A_213": 226.30285494308407
}