{
  "A_1": 209.83019032413958,
  "A_2": 157.6290972346025,
  "A_3": 124.04358681213546,
  "A_4": 67.53950453045894,
  "A_5": 64.10891048548011,
  "A_6": 78.49583404259457,
  "A_7": 105.59043705162667,
  "A_8": 113.69235317782247,
  "A_9": 177.00899169517908,
  "A_10": 99.68846516340426,
  "A_11": 44.432034988174394,
  "A_12": 28.983077184957992,
  "A_13": 72.93502655018142,
  "A_14": 179.5390042237092,
  "A_15": 42.876255474263665,
  "A_16": 45.81829416249742,
  "A_17": 36.22884648119749,
  "A_18": 165.71651176910933,
  "A_19": 20.125406963644032,
  "A_20": 170.96733203120743,
  "A_21": 154.05456798060683,
  "A_22": 55.99847436000778,
  "A_23": 59.35757832256153,
  "A_24": 27.547369342267455,
  "A_25": 152.88171091205683,
  "A_26": 136.5521646880392,
  "A_27": 5.3572951203136014,
  "A_28": 52.65555588280534,
  "A_29": 15.699166808518912,
  "A_30": 0.0,
  "A_31": 0.0,
  "A_32": 0.0,
  "A_33": 2.3012166187545233,
  "A_34": 1.2076282160399163,
  "A_35": 0.0,
  "A_36": 22.77297788927152,
  "A_37": 82.47267565180897,
  "A_38": 91.4376249790577,
  "A_39": 31.011955419758127,
  "A_40": 15.136595528855283,
  "A_41": 0.0,
  "A_42": 45.63226161192246,
  "A_43": 0.0,
  "A_44": 0.0,
  "A_45": 0.0,
  "A_46": 1.2076282160399163,
  "A_47": 0.0,
  "A_48": 0.0,
  "A_49": 70.76751611476368,
  "A_50": 0.0,
  "A_51": 1.2076282160399163,
  "A_52": 30.308980081220255,
  "A_53": 106.09932479602574,
  "A_54": 59.021402775886195,
  "A_55": 132.18628081097486,
  "A_56": 3.4867154561425533,
  "A_57": 129.90127481031286,
  "A_58": 20.48286994214009,
  "A_59": 2.4152564320798326,
  "A_60": 0.0,
  "A_61": 0.0,
  "A_62": 0.0,
  "A_63": 0.0,
  "A_64": 0.0,
  "A_65": 98.4492827907517,
  "A_66": 123.57292596714524,
  "A_67": 1.0714590240627204,
  "A_68": 37.43647469723741,
  "A_69": 112.06588782920593,
  "A_70": 3.622884648119749,
  "A_71": 1.0714590240627204,
  "A_72": 78.38168113193373,
  "A_73": 23.884460803740975,
  "A_74": 15.136595528855281,
  "A_75": 178.09065461218066,
  "A_76": 36.92663190867163,
  "A_77": 168.97149078475246,
  "A_78": 105.865188178739,
  "A_79": 8.844010576456155,
  "A_80": 114.76552122828872,
  "A_81": 47.132334404899744,
  "A_82": 21.056461928832515,
  "A_83": 62.05874481885925,
  "A_84": 30.19070540099791,
  "A_85": 69.75124859043922,
  "A_86": 12.076282160399163,
  "A_87": 60.37198602403505,
  "A_88": 55.80725189836909,
  "A_89": 1.2076282160399163,
  "A_90": 105.70172482978742,
  "A_91": 133.281578240093,
  "A_92": 4.285836096250882,
  "A_93": 78.34177033886252,
  "A_94": 83.96377605616759,
  "A_95": 139.73678459461257,
  "A_96": 52.849643476944124,
  "A_97": 2.4152564320798326,
  "A_98": 91.63760620101465,
  "A_99": 69.27211801165494,
  "A_100": 21.509228262067875,
  "A_101": 0.0,
  "A_102": 101.32076130798586,
  "A_103": 89.23676339602949,
  "A_104": 3.622884648119749,
  "A_105": 41.00567581009261,
  "A_106": 130.44838945412081,
  "A_107": 129.4254240542589,
  "A_108": 77.7434100356892,
  "A_109": 28.640957744982064,
  "A_110": 76.15024556920073,
  "A_111": 0.0,
  "A_112": 22.90914708124872,
  "A_113": 0.0,
  "A_114": 0.0,
  "A_115": 0.0,
  "A_116": 0.0,
  "A_117": 0.0,
  "A_118": 10.732484752382051,
  "A_119": 76.99539682486949,
  "A_120": 82.59529829626389,
  "A_121": 79.66002031542065,
  "A_122": 34.52080025455257,
  "A_123": 77.8115951626427,
  "A_124": 46.18518191895426,
  "A_125": 1.2076282160399163,
  "A_126": 2.4152564320798326,
  "A_127": 12.076282160399163,
  "A_128": 0.0,
  "A_129": 1.2076282160399163,
  "A_130": 22.636808697294324,
  "A_131": 71.65590825171643,
  "A_132": 1.0714590240627204,
  "A_133": 124.49801190629194,
  "A_134": 1.0714590240627204,
  "A_135": 85.373094520568,
  "A_136": 2.142918048125441,
  "A_137": 0.0,
  "A_138": 2.4152564320798326,
  "A_139": 3.280765208143822,
  "A_140": 0.0,
  "A_141": 5.76580269624519,
  "A_142": 20.647954352900925,
  "A_143": 17.68802115291231,
  "A_144": 125.1217185789944,
  "A_145": 12.603064416553101,
  "A_146": 103.30952768778495,
  "A_147": 0.0,
  "A_148": 16.752731320826786,
  "A_149": 15.272764720832477,
  "A_150": 99.00761920351829,
  "A_151": 71.6406778105318,
  "A_152": 3.622884648119749,
  "A_153": 150.1781945044542,
  "A_154": 93.18471491920147,
  "A_155": 1.2076282160399163,
  "A_156": 12.875402800507493,
  "A_157": 35.806679260408096,
  "A_158": 30.66571421022069,
  "A_159": 6.428754144376322,
  "A_160": 88.69115671669523,
  "A_161": 158.45963380124675,
  "A_162": 130.37016379704642,
  "A_163": 207.44048132351872,
  "A_164": 20.78412354487812,
  "A_165": 73.6653211784349,
  "A_166": 16.67871539790821,
  "A_167": 1.2076282160399163,
  "A_168": 84.69437227731584,
  "A_169": 0.0,
  "A_170": 1.0935884027146072,
  "A_171": 13.810692632593017,
  "A_172": 44.5682041801516,
  "A_173": 1.2076282160399163,
  "A_174": 0.0,
  "A_175": 119.1900523570103,
  "A_176": 84.66315741270975,
  "A_177": 11.922218456667121,
  "A_178": 49.59524251434922,
  "A_179": 7.500213168439043,
  "A_180": 40.92319015337996,
  "A_181": 76.98092036592172,
  "A_182": 32.75060075884902,
  "A_183": 180.88547826866719,
  "A_184": 61.68941918650324,
  "A_185": 71.25006474635506,
  "A_186": 115.88709493836151,
  "A_187": 42.89414998601851,
  "A_188": 80.16893319256096,
  "A_189": 31.14812461173532,
  "A_190": 93.06646537172034,
  "A_191": 37.462838942786334,
  "A_192": 116.34833100539096,
  "A_193": 120.19326342226641,
  "A_194": 54.20710052981904,
  "A_195": 54.20710052981904,
  "A_196": 81.07606178809971,
  "A_197": 104.55201501590909,
  "A_198": 71.11389555437788,
  "A_199": 136.64152414947793,
  "A_200": 103.63461969557841,
  "A_201": 128.23815335861423,
  "A_202": 54.218661590784265,
  "A_203": 165.22117057223252,
  "A_204": 105.66349793037855,
  "A_205": 104.34701981207705,
  "A_206": 47.742557361933024,
  "A_207": 127.0450267342633,
  "A_208": 120.17716590150943,
  "A_209": 112.66085521231338,
  "A_210": 78.39449882996038,
  "A_211": 95.41956853474156,
  "A_212": 132.37517849404992,
  "A_213": 38.30198347330139,
  "A_214": 155.29696734413665,
  "A_215": 34.84926004967068,
  "A_216": 104.35633149270228,
  "A_217": 32.197454257146155,
  "A_218": 162.20586994331705,
  "A_219": 147.32789032170524,
  "A_220": 162.36933329226864,
  "A_221": 54.834262954440476,
  "A_222": 101.15053725164373,
  "A_223": 55.34918255673446,
  "A_224": 123.35934793218361,
  "A_225": 65.11058845352129,
  "A_226": 93.92266246715909,
  "A_227": 13.147741184461884,
  "A_228": 101.45167775704624,
  "A_229": 92.41450949787678,
  "A_230": 68.72076850094992,
  "A_231": 101.55904482757533,
  "A_232": 87.01382269983179,
  "A_233": 167.281514999051,
  "A_234": 132.0329962222209
}