{
  "A_1": 191.09512660526823,
  "A_2": 201.25515034431317,
  "A_3": 113.1749328677762,
  "A_4": 44.6822439934769,
  "A_5": 119.41627216080998,
  "A_6": 92.21705411641335,
  "A_7": 52.282837330383444,
  "A_8": 109.66858874073404,
  "A_9": 25.36019253683824,
  "A_10": 100.23314193131306,
  "A_11": 142.47948294579075,
  "A_12": 91.62310460932567,
  "A_13": 14.491538592478996,
  "A_14": 93.41488056337407,
  "A_15": 131.37265857917757,
  "A_16": 42.15294774807176,
  "A_17": 0.0,
  "A_18": 102.26869290890943,
  "A_19": 63.72940609292646,
  "A_20": 2.4152564320798326,
  "A_21": 110.62177308457441,
  "A_22": 113.82666254694871,
  "A_23": 65.09191482678838,
  "A_24": 3.4867154561425533,
  "A_25": 86.85975899609974,
  "A_26": 109.69921298592122,
  "A_27": 19.694770009060555,
  "A_28": 110.92888261601874,
  "A_29": 48.523783490286505,
  "A_30": 65.19402915440062,
  "A_31": 59.38904451457988,
  "A_32": 156.01360232753234,
  "A_33": 176.4158213030695,
  "A_34": 19.185882264661466,
  "A_35": 0.0,
  "A_36": 51.3782345753382,
  "A_37": 0.0,
  "A_38": 0.0,
  "A_39": 1.0714590240627204,
  "A_40": 1.2076282160399163,
  "A_41": 18.015148912745317,
  "A_42": 2.4152564320798326,
  "A_43": 13.946861824570213,
  "A_44": 0.0,
  "A_45": 3.214377072188161,
  "A_46": 49.35190731377277,
  "A_47": 7.245769296239498,
  "A_48": 3.622884648119749,
  "A_49": 12.330726032598708,
  "A_50": 110.9051321755576,
  "A_51": 69.73430912285107,
  "A_52": 9.410816723016826,
  "A_53": 2.4152564320798326,
  "A_54": 49.985855578525964,
  "A_55": 114.02666890164687,
  "A_56": 49.51275685763657,
  "A_57": 20.63005984114608,
  "A_58": 16.634456640604437,
  "A_59": 161.50790858665428,
  "A_60": 20.28031261420724,
  "A_61": 6.428754144376322,
  "A_62": 42.485642410086925,
  "A_63": 14.69833078730889,
  "A_64": 3.622884648119749,
  "A_65": 17.886343613948128,
  "A_66": 7.500213168439043,
  "A_67": 0.0,
  "A_68": 15.408933912809674,
  "A_69": 8.497693968695032,
  "A_70": 27.63927977694088,
  "A_71": 2.4152564320798326,
  "A_72": 4.988849133900592,
  "A_73": 2.142918048125441,
  "A_74": 1.2076282160399163,
  "A_75": 3.622884648119749,
  "A_76": 27.140847252892947,
  "A_77": 12.941790936463152,
  "A_78": 46.25241200174109,
  "A_79": 0.0,
  "A_80": 0.0,
  "A_81": 8.571672192501763,
  "A_82": 0.0,
  "A_83": 3.622884648119749,
  "A_84": 57.77630164267424,
  "A_85": 1.2076282160399163,
  "A_86": 1.0714590240627204,
  "A_87": 77.19873326778041,
  "A_88": 67.3310033092255,
  "A_89": 109.33159637996874,
  "A_90": 49.47696783412688,
  "A_91": 1.0714590240627204,
  "A_92": 1.2076282160399163,
  "A_93": 0.0,
  "A_94": 0.0,
  "A_95": 1.0714590240627204,
  "A_96": 48.30512864159665,
  "A_97": 44.919635300752766,
  "A_98": 72.29420448070218,
  "A_99": 0.0,
  "A_100": 6.038141080199582,
  "A_101": 128.87320746398152,
  "A_102": 1.2076282160399163,
  "A_103": 25.360192536838245,
  "A_104": 13.928967312815365,
  "A_105": 145.58762392080513,
  "A_106": 106.26183310081066,
  "A_107": 11.962242347073854,
  "A_108": 9.937598979170762,
  "A_109": 0.0,
  "A_110": 80.50258289874282,
  "A_111": 92.09800032121292,
  "A_112": 4.558174480205274,
  "A_113": 91.44099276638237,
  "A_114": 88.24358029452358,
  "A_115": 150.0121801822679,
  "A_116": 67.82794043517032,
  "A_117": 16.95528864875964,
  "A_118": 47.24637421822506,
  "A_119": 2.1650474267773276,
  "A_120": 78.53667474709124,
  "A_121": 84.68284891546246,
  "A_122": 4.69434367218247,
  "A_123": 198.84316116859299,
  "A_124": 35.275662137357116,
  "A_125": 9.66102572831933,
  "A_126": 58.01048852544345,
  "A_127": 59.62898679509045,
  "A_128": 0.0,
  "A_129": 0.0,
  "A_130": 111.20986666295582,
  "A_131": 27.775448968918077,
  "A_132": 1.0714590240627204,
  "A_133": 94.55319267910518,
  "A_134": 105.32900627736555,
  "A_135": 40.04909854618637,
  "A_136": 95.75745310782044,
  "A_137": 123.61538773345117,
  "A_138": 70.19731704813714,
  "A_139": 56.55086687947379,
  "A_140": 0.0,
  "A_141": 0.0,
  "A_142": 3.622884648119749,
  "A_143": 1.0714590240627204,
  "A_144": 0.0,
  "A_145": 11.145227195210678,
  "A_146": 0.0,
  "A_147": 8.339357698954105,
  "A_148": 13.810692632593017,
  "A_149": 55.61548908279396,
  "A_150": 35.02121826515757,
  "A_151": 2.5735927018207594,
  "A_152": 14.491538592478996,
  "A_153": 72.03129087470855,
  "A_154": 4.422005288228077,
  "A_155": 0.0,
  "A_156": 88.15685977091388,
  "A_157": 4.558174480205274,
  "A_158": 1.2076282160399163,
  "A_159": 56.017210818593796,
  "A_160": 71.52745481129645,
  "A_161": 0.0,
  "A_162": 60.6809553783303,
  "A_163": 89.31503931858632,
  "A_164": 116.71519362910657,
  "A_165": 85.2257286923734,
  "A_166": 13.147741184461884,
  "A_167": 119.12783625609859,
  "A_168": 19.576495328838206,
  "A_169": 3.350546264165357,
  "A_170": 20.766229033123274,
  "A_171": 3.350546264165357,
  "A_172": 0.0,
  "A_173": 20.670083731552815,
  "A_174": 9.002309147085239,
  "A_175": 4.422005288228077,
  "A_176": 3.622884648119749,
  "A_177": 10.732484752382051,
  "A_178": 3.622884648119749,
  "A_179": 40.92319015337996,
  "A_180": 31.78894668121457,
  "A_181": 1.0714590240627204,
  "A_182": 2.4152564320798326,
  "A_183": 84.00461676066428,
  "A_184": 33.096955065721986,
  "A_185": 14.219200208524605,
  "A_186": 11.922218456667121,
  "A_187": 116.17976570996994,
  "A_188": 84.11517568932942,
  "A_189": 127.2740614050806,
  "A_190": 89.93796687631071,
  "A_191": 38.69767335120634,
  "A_192": 25.997621686251613,
  "A_193": 4.830512864159665,
  "A_194": 21.42918048125441,
  "A_195": 0.0,
  "A_196": 0.0,
  "A_197": 0.0,
  "A_198": 1.2076282160399163,
  "A_199": 2.4152564320798326,
  "A_200": 0.0,
  "A_201": 93.76010389689174,
  "A_202": 13.28391037643908,
  "A_203": 0.0,
  "A_204": 74.12022379467471,
  "A_205": 7.245769296239498,
  "A_206": 38.88065227372202,
  "A_207": 0.0,
  "A_208": 9.643131216564484,
  "A_209": 93.93357007685233,
  "A_210": 32.63232607862666,
  "A_211": 0.0,
  "A_212": 73.01336530459133,
  "A_213": 24.904033283537007,
  "A_214": 0.0,
  "A_215": 10.323977176450462,
  "A_216": 69.9887529950506,
  "A_217": 86.96013916456725,
  "A_218": 53.64452925015541,
  "A_219": 128.39917883166666,
  "A_220": 58.416344597175424,
  "A_221": 0.0,
  "A_222": 1.2076282160399163,
  "A_223": 0.0,
  "A_224": 0.0,
  "A_225": 0.0,
  "A_226": 0.0,
  "A_227": 40.12830438016867,
  "A_228": 35.37604230582462,
  "A_229": 6.038141080199582,
  "A_230": 16.90679502455883,
  "A_231": 1.0714590240627204,
  "A_232": 0.0,
  "A_233": 2.4152564320798326,
  "A_234": 82.7390701424628,
  "A_235": 0.0,
  "A_236": 0.0,
  "A_237": 12.076282160399163,
  "A_238": 34.3677669932109,
  "A_239": 0.0,
  "A_240": 0.0,
  "A_241": 80.70163420927426,
  "A_242": 8.317228320302219,
  "A_243": 43.50605683671412,
  "A_244": 55.769552786526,
  "A_245": 68.11817333087956,
  "A_246": 93.46047135596295,
  "A_247": 97.7693667422912,
  "A_248": 30.361708572318108,
  "A_249": 78.12732522432849,
  "A_250": 33.82629464980877,
  "A_251": 40.869506618115416,
  "A_252": 16.727209022109022,
  "A_253": 24.0469942412671,
  "A_254": 24.64355755344257,
  "A_255": 180.94075773299977,
  "A_256": 111.20893675153035,
  "A_257": 54.053036826086995,
  "A_258": 5.493464312290798,
  "A_259": 59.1737825859559,
  "A_260": 81.59945112418777,
  "A_261": 60.315864612871316,
  "A_262": 8.571672192501763,
  "A_263": 55.64278323976836,
  "A_264": 104.44919697154239,
  "A_265": 134.98625667941326,
  "A_266": 14.377498779153687,
  "A_267": 61.307275856120576,
  "A_268": 115.80542609573881,
  "A_269": 13.055830749788461,
  "A_270": 27.775448968918077,
  "A_271": 68.66285009878834,
  "A_272": 72.11801139831823,
  "A_273": 0.0,
  "A_274": 10.714590240627205,
  "A_275": 40.72258061289234,
  "A_276": 93.96173131339913,
  "A_277": 76.23545812833672,
  "A_278": 41.99209820420797,
  "A_279": 91.84338051982476,
  "A_280": 17.68802115291231,
  "A_281": 93.52166958085489,
  "A_282": 2.142918048125441,
  "A_283": 13.055830749788461,
  "A_284": 45.191973684707165,
  "A_285": 43.148593858218064,
  "A_286": 33.243390982491114,