{
  "A_1": 121.5193422477173,
  "A_2": 91.28356127532567,
  "A_3": 111.26683002095069,
  "A_4": 65.88757971497773,
  "A_5": 11.347784523143535,
  "A_6": 83.796957486262,
  "A_7": 98.88934452329595,
  "A_8": 60.92522049033222,
  "A_9": 0.0,
  "A_10": 6.038141080199582,
  "A_11": 121.12536139621591,
  "A_12": 0.0,
  "A_13": 0.0,
  "A_14": 15.699166808518912,
  "A_15": 30.190705400997906,
  "A_16": 0.0,
  "A_17": 25.73291108926014,
  "A_18": 8.453397512279414,
  "A_19": 0.0,
  "A_20": 2.4152564320798326,
  "A_21": 0.0,
  "A_22": 0.0,
  "A_23": 1.2076282160399163,
  "A_24": 11.667774584467574,
  "A_25": 4.422005288228077,
  "A_26": 0.0,
  "A_27": 1.2076282160399163,
  "A_28": 0.0,
  "A_29": 5.493464312290798,
  "A_30": 0.0,
  "A_31": 0.0,
  "A_32": 2.3012166187545233,
  "A_33": 54.42065343203947,
  "A_34": 0.0,
  "A_35": 0.0,
  "A_36": 109.20633479768482,
  "A_37": 86.37300063035254,
  "A_38": 32.57017280956805,
  "A_39": 137.80988245734795,
  "A_40": 60.091177906286575,
  "A_41": 71.25006474635506,
  "A_42": 40.60320009205592,
  "A_43": 7.772551552393435,
  "A_44": 45.56385029029789,
  "A_45": 0.0,
  "A_46": 0.0,
  "A_47": 78.36387458477319,
  "A_48": 5.357295120313602,
  "A_49": 0.0,
  "A_50": 19.185882264661466,
  "A_51": 94.19500085111346,
  "A_52": 0.0,
  "A_53": 7.566601304394704,
  "A_54": 20.39351048070138,
  "A_55": 0.0,
  "A_56": 10.868653944359247,
  "A_57": 26.567820752878156,
  "A_58": 74.73678020249763,
  "A_59": 6.701092528330714,
  "A_60": 58.08442905013833,
  "A_61": 89.22831879497663,
  "A_62": 97.27320873132443,
  "A_63": 1.2076282160399163,
  "A_64": 54.053036826086995,
  "A_65": 162.4579010723586,
  "A_66": 53.021601692431005,
  "A_67": 23.74405674486674,
  "A_68": 137.20043861529274,
  "A_69": 133.31220248528018,
  "A_70": 43.47461577743699,
  "A_71": 85.74160333883405,
  "A_72": 3.5088448347944396,
  "A_73": 54.47772988736989,
  "A_74": 67.84583494692515,
  "A_75": 7.908720744370631,
  "A_76": 0.0,
  "A_77": 75.50696049108109,
  "A_78": 119.44115357462641,
  "A_79": 4.830512864159665,
  "A_80": 42.26698756139707,
  "A_81": 97.68171630725602,
  "A_82": 39.85173112931724,
  "A_83": 2.4152564320798326,
  "A_84": 78.22349565864016,
  "A_85": 115.64207584412273,
  "A_86": 1.2076282160399163,
  "A_87": 16.90679502455883,
  "A_88": 34.77100925985506,
  "A_89": 16.79275521123352,
  "A_90": 3.350546264165357,
  "A_91": 50.90199426179521,
  "A_92": 160.71493290177636,
  "A_93": 3.5088448347944396,
  "A_94": 148.4803270380069,
  "A_95": 58.09289878393241,
  "A_96": 58.71762333265466,
  "A_97": 69.93263158388687,
  "A_98": 94.08096103778816,
  "A_99": 0.0,
  "A_100": 15.817441488741261,
  "A_101": 43.33844658545979,
  "A_102": 4.830512864159665,
  "A_103": 0.0,
  "A_104": 71.25006474635506,
  "A_105": 53.13564150575632,
  "A_106": 0.0,
  "A_107": 0.0,
  "A_108": 33.81359004911766,
  "A_109": 1.2076282160399163,
  "A_110": 0.0,
  "A_111": 0.0,
  "A_112": 28.983077184957992,
  "A_113": 0.0,
  "A_114": 36.604580962566835,
  "A_115": 21.31090580103206,
  "A_116": 0.0,
  "A_117": 0.0,
  "A_118": 45.07285705765364,
  "A_119": 40.945319532031846,
  "A_120": 0.0,
  "A_121": 0.0,
  "A_122": 54.28958618653169,
  "A_123": 123.03066194239443,
  "A_124": 23.18148546520311,
  "A_125": 21.58324418498645,
  "A_126": 162.39893966143603,
  "A_127": 57.172110543535865,
  "A_128": 186.05726862597163,
  "A_129": 117.94495122379837,
  "A_130": 112.2302559568418,
  "A_131": 42.27122242829412,
  "A_132": 47.33828465289847,
  "A_133": 84.8905458889766,
  "A_134": 44.6822439934769,
  "A_135": 44.56820418015159,
  "A_136": 82.11871869071432,
  "A_137": 0.0,
  "A_138": 48.64205817050886,
  "A_139": 1.2076282160399163,
  "A_140": 32.60596183307774,
  "A_141": 43.47461577743699,
  "A_142": 1.0714590240627204,
  "A_143": 62.91479111785064,
  "A_144": 5.924101266874272,
  "A_145": 0.0,
  "A_146": 50.06693380172981,
  "A_147": 68.69863912229803,
  "A_148": 15.699166808518912,
  "A_149": 0.0,
  "A_150": 88.66559671886563,
  "A_151": 50.72038507367648,
  "A_152": 0.0,
  "A_153": 2.4152564320798326,
  "A_154": 103.71985738745562,
  "A_155": 21.737307888718494,
  "A_156": 13.928967312815365,
  "A_157": 54.680199250708434,
  "A_158": 156.492883702764,
  "A_159": 102.38696758913176,
  "A_160": 59.83673403408703,
  "A_161": 82.71856182562014,
  "A_162": 7.131729482914189,
  "A_163": 54.81636844268563,
  "A_164": 120.48793224680253,
  "A_165": 0.0,
  "A_166": 1.0714590240627204,
  "A_167": 26.822264625077704,
  "A_168": 38.8710013010902,
  "A_169": 0.0,
  "A_170": 10.732484752382051,
  "A_171": 112.42769877193456,
  "A_172": 21.737307888718497,
  "A_173": 0.0,
  "A_174": 48.30512864159665,
  "A_175": 34.74887988120318,
  "A_176": 0.0,
  "A_177": 43.474615777436995,
  "A_178": 104.24663964360954,
  "A_179": 44.68224399347691,
  "A_180": 0.0,
  "A_181": 129.16253558100652,
  "A_182": 39.197249414980185,
  "A_183": 5.493464312290798,
  "A_184": 140.17826632703623,
  "A_185": 34.25693160439225,
  "A_186": 36.75562873735142,
  "A_187": 100.72497711078846,
  "A_188": 68.77773185894482,
  "A_189": 38.103661012265576,
  "A_190": 194.6153063063568,
  "A_191": 160.36939540899334,
  "A_192": 74.64910463472124,
  "A_193": 104.63725270778627,
  "A_194": 166.40498551595823,
  "A_195": 104.58780403941878,
  "A_196": 134.89159420957532,
  "A_197": 61.25115444495685,
  "A_198": 118.99262210828809,
  "A_199": 101.5377573957546,
  "A_200": 134.11036808122182,
  "A_201": 205.82692163752316,
  "A_202": 53.76280393037776,
  "A_203": 179.45658139884966,
  "A_204": 119.4547001221487,
  "A_205": 24.245316702302915,
  "A_206": 81.54851962408777,
  "A_207": 1.0935884027146072,
  "A_208": 2.4152564320798326,
  "A_209": 96.26813784321737,
  "A_210": 36.09267728922029,
  "A_211": 2.4152564320798326,
  "A_212": 4.69434367218247,
  "A_213": 49.512756857636575,
  "A_214": 1.2076282160399163,
  "A_215": 0.0,
  "A_216": 43.47461577743699,
  "A_217": 11.581167158193416,
  "A_218": 1.2076282160399163,
  "A_219": 22.944936104758412,
  "A_220": 7.245769296239498,
  "A_221": 0.0,
  "A_222": 9.77930040854168,
  "A_223": 13.28391037643908,
  "A_224": 0.0,
  "A_225": 1.2076282160399163,
  "A_226": 3.4867154561425533,
  "A_227": 6.428754144376322,
  "A_228": 0.0,
  "A_229": 0.0,
  "A_230": 10.323977176450464,
  "A_231": 28.92939364969345,
  "A_232": 18.36886711279829,
  "A_233": 0.0,
  "A_234": 118.30667420193268,
  "A_235": 67.30539304591342,
  "A_236": 79.64977872336993,
  "A_237": 69.99298786194765,
  "A_238": 40.63295725767072,
  "A_239": 50.49654031392291,
  "A_240": 47.39281013499418,
  "A_241": 82.6241883823063,
  "A_242": 65.90367723573473,
  "A_243": 3.622884648119749,
  "A_244": 1.2076282160399163,
  "A_245": 62.74298369881111,
  "A_246": 8.453397512279414,
  "A_247": 1.2076282160399163,
  "A_248": 4.69434367218247,
  "A_249": 30.244275838926924,
  "A_250": 2.4152564320798326,
  "A_251": 4.830512864159665,
  "A_252": 66.22100322648853,
  "A_253": 13.28391037643908,
  "A_254": 19.83093920103775,
  "A_255": 23.261608644240265,
  "A_256": 69.90626733833795,
  "A_257": 0.0,
  "A_258": 11.53160539249038,
  "A_259": 113.63532698797448,
  "A_260": 32.355752827775234,
  "A_261": 10.868653944359247,
  "A_262": 47.22424483957316,
  "A_263": 119.55519338795172,
  "A_264": 53.13564150575632,
  "A_265": 37.55474937745976,
  "A_266": 142.28557128084057,
  "A_267": 130.23399460506923,
  "A_268": 116.18675261203151,
  "A_269": 46.58002985002804,
  "A_270": 32.377882206427124,
  "A_271": 15.11107323013752,
  "A_272": 153.609605363523,
  "A_273": 19.32205145663866,
  "A_274": 0.0,
  "A_275": 15.699166808518912,
  "A_276": 83.05400852279983,
  "A_277": 4.830512864159665,
  "A_278": 1.2076282160399163,
  "A_279": 14.3553694005018,
  "A_280": 70.04243653031514,
  "A_281": 0.0,
  "A_282": 15.42682842456452,
  "A_283": 103.8560265794328,
  "A_284": 35.02121826515757,
  "A_285": 2.4152564320798326,
  "A_286": 119.87422840510906,
  "A_287": 61.45286982605853,
  "A_288": 0.0,
  "A_289": 2.142918048125441,
  "A_290": 81.23012549183174,