{
  "A_1": 229.92835339629167,
  "A_2": 152.4206759069572,
  "A_3": 137.03874712459782,
  "A_4": 126.4230542207056,
  "A_5": 159.14305586710867,
  "A_6": 50.38334244742876,
  "A_7": 128.7898170285846,
  "A_8": 168.05070254435591,
  "A_9": 177.26940459342043,
  "A_10": 217.36621764882955,
  "A_11": 218.7363793023956,
  "A_12": 226.75913986009152,
  "A_13": 66.65184124300184,
  "A_14": 72.98447521854892,
  "A_15": 41.6209755808541,
  "A_16": 135.93506792627986,
  "A_17": 86.17891303621376,
  "A_18": 50.76122577817317,
  "A_19": 25.36019253683824,
  "A_20": 54.59771359399578,
  "A_21": 6.038141080199582,
  "A_22": 0.0,
  "A_23": 85.82322191597433,
  "A_24": 51.359498116752185,
  "A_25": 6.428754144376322,
  "A_26": 83.40883256346687,
  "A_27": 101.29761405331419,
  "A_28": 124.74053029277842,
  "A_29": 76.31881086462175,
  "A_30": 75.23300104531744,
  "A_31": 76.9979729308454,
  "A_32": 23.69640506749709,
  "A_33": 67.96834449404456,
  "A_34": 77.03799682125214,
  "A_35": 0.0,
  "A_36": 3.622884648119749,
  "A_37": 197.89265346169356,
  "A_38": 108.93069145825886,
  "A_39": 79.20896300858884,
  "A_40": 60.78049359996664,
  "A_41": 15.54510310478687,
  "A_42": 54.752619244558986,
  "A_43": 37.959864033325466,
  "A_44": 89.77204051871871,
  "A_45": 65.98456696337936,
  "A_46": 0.0,
  "A_47": 122.22489369223109,
  "A_48": 82.00467887738901,
  "A_49": 15.243007555217677,
  "A_50": 46.27283235398943,
  "A_51": 115.69826008713954,
  "A_52": 55.30066379979243,
  "A_53": 61.78979935497073,
  "A_54": 136.1707753398934,
  "A_55": 117.13295005381032,
  "A_56": 28.302231225072013,
  "A_57": 47.842937530400526,
  "A_58": 14.491538592478996,
  "A_59": 43.711165137881686,
  "A_60": 13.16987056311377,
  "A_61": 87.04961172334149,
  "A_62": 35.23987311384742,
  "A_63": 71.63125303257104,
  "A_64": 66.48414302715321,
  "A_65": 118.32268375809537,
  "A_66": 176.86756976028508,
  "A_67": 75.15799237912032,
  "A_68": 80.80552039514316,
  "A_69": 60.26737098867051,
  "A_70": 83.64802086174059,
  "A_71": 83.3432863743424,
  "A_72": 99.97171115705193,
  "A_73": 101.44077014735296,
  "A_74": 45.61753382556242,
  "A_75": 52.34075573254503,
  "A_76": 42.016778556094565,
  "A_77": 123.75125533253362,
  "A_78": 152.27346087521,
  "A_79": 111.11531729045336,
  "A_80": 88.1568597709139,
  "A_81": 151.33817104312448,
  "A_82": 74.02438008599898,
  "A_83": 98.48083694736437,
  "A_84": 120.84612407479423,
  "A_85": 113.49150487629315,
  "A_86": 79.56729306665729,
  "A_87": 113.40301249442683,
  "A_88": 41.0635942122542,
  "A_89": 117.18417058043445,
  "A_90": 121.60194100176548,
  "A_91": 62.76087821056596,
  "A_92": 107.54739794740084,
  "A_93": 82.5781577667459,
  "A_94": 81.33906335868764,
  "A_95": 90.48687851111652,
  "A_96": 98.20849856340998,
  "A_97": 94.19500085111346,
  "A_98": 140.28485428258722,
  "A_99": 123.15319662225504,
  "A_100": 53.412214756607746,
  "A_101": 56.75852615387606,
  "A_102": 102.8133696768182,
  "A_103": 121.23592032488102,
  "A_104": 2.4152564320798326,
  "A_105": 114.06252075700965,
  "A_106": 84.09391339024991,
  "A_107": 109.9664494234062,
  "A_108": 179.9909914419665,
  "A_109": 183.87257996192406,
  "A_110": 74.32827262656602,
  "A_111": 80.0949172696424,
  "A_112": 156.85715765413306,
  "A_113": 79.87023056305765,
  "A_114": 108.66864493183762,
  "A_115": 164.7029083153551,
  "A_116": 147.36124146931576,
  "A_117": 117.24031712433938,
  "A_118": 66.4731223201244,
  "A_119": 165.82773671541702,
  "A_120": 65.38716170437272,
  "A_121": 252.67044314659307
}