{
  "A_1": 183.94985057483177,
  "A_2": 55.07684417278007,
  "A_3": 164.0593342107113,
  "A_4": 154.96349356714342,
  "A_5": 111.5254459281942,
  "A_6": 59.019718882223856,
  "A_7": 171.19893024163014,
  "A_8": 35.16162232403181,
  "A_9": 47.91875044431695,
  "A_10": 95.23488058582234,
  "A_11": 123.85617196079289,
  "A_12": 51.677804284413895,
  "A_13": 94.19500085111348,
  "A_14": 105.1749425736335,
  "A_15": 78.38179422926926,
  "A_16": 99.47306500470356,
  "A_17": 65.12245110738125,
  "A_18": 62.74721856570814,
  "A_19": 30.19070540099791,
  "A_20": 137.684067954757,
  "A_21": 69.60922346975575,
  "A_22": 5.581981826898345,
  "A_23": 151.562832616968,
  "A_24": 112.18416250942829,
  "A_25": 59.6061034342017,
  "A_26": 18.114423240598747,
  "A_27": 46.82516204160234,
  "A_28": 40.80915034005465,
  "A_29": 45.48136463358523,
  "A_30": 138.88142944600497,
  "A_31": 161.7419949384586,
  "A_32": 142.68381213198023,
  "A_33": 41.041464833602305,
  "A_34": 118.97133467646736,
  "A_35": 10.118026928451732,
  "A_36": 83.33481664054831,
  "A_37": 40.49678806569352,
  "A_38": 136.84483545964764,
  "A_39": 86.72358980412255,
  "A_40": 27.897958516037463,
  "A_41": 146.71105745372884,
  "A_42": 112.9757181944268,
  "A_43": 88.32183108433921,
  "A_44": 52.29055308194067,
  "A_45": 17.433577280712765,
  "A_46": 0.0,
  "A_47": 73.59797799831256,
  "A_48": 88.5670261077666,
  "A_49": 0.0,
  "A_50": 51.06334646048358,
  "A_51": 162.8593337816343,
  "A_52": 110.68630139767913,
  "A_53": 10.868653944359247,
  "A_54": 74.37496925976899,
  "A_55": 102.50703926035197,
  "A_56": 49.44210872204265,
  "A_57": 87.72526777216373,
  "A_58": 47.75534992721845,
  "A_59": 155.41625990037878,
  "A_60": 74.27882395819853,
  "A_61": 1.0714590240627204,
  "A_62": 123.15319662225505,
  "A_63": 87.95334739881434,
  "A_64": 86.2325965714783,
  "A_65": 100.20240458879034,
  "A_66": 38.64410291327732,
  "A_67": 118.52947595292528,
  "A_68": 3.4867154561425533,
  "A_69": 3.622884648119749,
  "A_70": 1.2076282160399163,
  "A_71": 16.49828744862724,
  "A_72": 7.245769296239498,
  "A_73": 63.884286610748454,
  "A_74": 0.0,
  "A_75": 24.951684960906654,
  "A_76": 50.56632136994444,
  "A_77": 71.81081390227962,
  "A_78": 152.53814633946027,
  "A_79": 85.00368092361768,
  "A_80": 102.65694349541067,
  "A_81": 43.83970654289597,
  "A_82": 125.01971734871768,
  "A_83": 18.114423240598747,
  "A_84": 0.0,
  "A_85": 51.65567490576201,
  "A_86": 0.0,
  "A_87": 30.29108556946541,
  "A_88": 2.4152564320798326,
  "A_89": 16.362960203481208,
  "A_90": 20.647954352900925,
  "A_91": 112.36215258281007,
  "A_92": 30.545529441664954,
  "A_93": 12.076282160399163,
  "A_94": 103.26196397500962,
  "A_95": 3.622884648119749,
  "A_96": 22.56702764127279,
  "A_97": 0.0,
  "A_98": 60.99067871486241,
  "A_99": 0.0,
  "A_100": 9.66102572831933,
  "A_101": 79.10855770738013,
  "A_102": 114.9942668725819,
  "A_103": 39.798047594052704,
  "A_104": 17.415682768957918,
  "A_105": 79.31708406135478,
  "A_106": 188.06206969467462,
  "A_107": 25.427422619625066,
  "A_108": 15.699166808518912,
  "A_109": 1.2076282160399163,
  "A_110": 62.36939806681683,
  "A_111": 91.24597526081811,
  "A_112": 85.6581375052135,
  "A_113": 0.0,
  "A_114": 67.72585124029928,
  "A_115": 108.63802068665044,
  "A_116": 12.941790936463152,
  "A_117": 25.851185769482484,
  "A_118": 51.58589384974047,
  "A_119": 3.350546264165357,
  "A_120": 0.0,
  "A_121": 42.26698756139707,
  "A_122": 0.0,
  "A_123": 1.0714590240627204,
  "A_124": 1.2076282160399163,
  "A_125": 83.95780703012579,
  "A_126": 0.0,
  "A_127": 37.400685673727715,
  "A_128": 5.357295120313602,
  "A_129": 38.64410291327732,
  "A_130": 32.31317796413379,
  "A_131": 22.127920952895234,
  "A_132": 201.73157915341534,
  "A_133": 120.80951823719458,
  "A_134": 43.32478694060199,
  "A_135": 79.20548212392866,
  "A_136": 4.3522242322065425,
  "A_137": 0.0,
  "A_138": 0.0,
  "A_139": 60.17375152759354,
  "A_140": 0.0,
  "A_141": 74.56482198701073,
  "A_142": 47.72466285017818,
  "A_143": 11.922218456667121,
  "A_144": 46.822611068367635,
  "A_145": 25.685259411890485,
  "A_146": 17.97825404862155,
  "A_147": 56.977181002565914,
  "A_148": 13.97322607011914,
  "A_149": 15.699166808518912,
  "A_150": 61.1328797647345,
  "A_151": 141.24140641375226,
  "A_152": 29.628134121334277,
  "A_153": 41.203998271128434,
  "A_154": 33.2952775267578,
  "A_155": 88.97376182544156,
  "A_156": 125.44942439187568,
  "A_157": 191.55069523915057,
  "A_158": 121.90064363126879,
  "A_159": 37.96749182028839,
  "A_160": 23.357678547587035,
  "A_161": 140.5000282466169,
  "A_162": 84.90150376415231,
  "A_163": 109.70173882641473,
  "A_164": 81.78327199353461,
  "A_165": 48.30512864159665,
  "A_166": 38.8457931616378,
  "A_167": 10.187807984473267,
  "A_168": 78.59874005155555,
  "A_169": 67.46969834169617,
  "A_170": 1.0935884027146072,
  "A_171": 125.42561111956145,
  "A_172": 35.02121826515757,
  "A_173": 0.0,
  "A_174": 48.968080089727785,
  "A_175": 27.775448968918077,
  "A_176": 38.472144697790434,
  "A_177": 41.66862725822375,
  "A_178": 62.9719052722929,
  "A_179": 140.74101353588844,
  "A_180": 16.61656212884959,
  "A_181": 39.76066264147498,
  "A_182": 101.40156307103618,
  "A_183": 8.59380157115365,
  "A_184": 25.47846721706059,
  "A_185": 66.28338269021819,
  "A_186": 28.983077184957992,
  "A_187": 33.94805021469131,
  "A_188": 72.91713203842657,
  "A_189": 118.13903881793715,
  "A_190": 0.0,
  "A_191": 32.60596183307774,
  "A_192": 58.37889681274461,
  "A_193": 5.787932074897077,
  "A_194": 0.0,
  "A_195": 83.13910798460029,
  "A_196": 115.48543603441476,
  "A_197": 11.962242347073854,
  "A_198": 0.0,
  "A_199": 88.66574751531299,
  "A_200": 80.97568161963221,
  "A_201": 87.44707345950306,
  "A_202": 51.39180625560169,
  "A_203": 9.915469600518875,
  "A_204": 81.26671876306078,
  "A_205": 85.04190782302655,
  "A_206": 15.42682842456452,
  "A_207": 168.28725190480063,
  "A_208": 15.681272296764066,
  "A_209": 56.64448634055076,
  "A_210": 58.56871184087451,
  "A_211": 103.30494096251071,
  "A_212": 4.602433237509047,
  "A_213": 83.35271115230316,
  "A_214": 56.67085058609969,
  "A_215": 2.4152564320798326,
  "A_216": 8.20318850697691,
  "A_217": 9.643131216564484,
  "A_218": 14.219200208524605,
  "A_219": 60.17027064293336,
  "A_220": 8.571672192501763,
  "A_221": 136.72493971761605,
  "A_222": 18.77737468872988,
  "A_223": 61.58903901803573,
  "A_224": 121.98738928761972,
  "A_225": 52.12877362665141,
  "A_226": 79.50682369126099,
  "A_227": 68.51310922654764,
  "A_228": 136.39206912641228,
  "A_229": 94.16768156139786,
  "A_230": 116.28713278049901,
  "A_231": 124.48333438541434,
  "A_232": 65.21192366615549,
  "A_233": 83.97468366586087,
  "A_234": 22.76649364203452,
  "A_235": 45.1553427143663,
  "A_236": 45.88987220951682,
  "A_237": 2.1871768054292144,
  "A_238": 3.622884648119749,
  "A_239": 4.69434367218247,
  "A_240": 3.622884648119749,
  "A_241": 11.786049264689925,
  "A_242": 13.28391037643908,
  "A_243": 65.82119157902207,
  "A_244": 0.0,
  "A_245": 1.2076282160399163,
  "A_246": 52.002871159466146,
  "A_247": 45.88987220951682,
  "A_248": 3.214377072188161,
  "A_249": 41.4141833860242,
  "A_250": 59.3745429228909,
  "A_251": 45.58174480205274,
  "A_252": 101.44077014735296,
  "A_253": 92.2476532288593,
  "A_254": 95.3064335001005,
  "A_255": 0.0,
  "A_256": 0.0,
  "A_257": 3.350546264165357,
  "A_258": 13.015806859381728,
  "A_259": 49.24378626100684,
  "A_260": 83.66249732068835,
  "A_261": 3.2586358294919346,
  "A_262": 36.22884648119749,
  "A_263": 68.19225208565122,
  "A_264": 65.86797617681934,
  "A_265": 73.98435619559226,
  "A_266": 54.344953615458564,
  "A_267": 51.185856007602965,
  "A_268": 34.74887988120318,
  "A_269": 85.39948389885814,
  "A_270": 115.74420273810566,
  "A_271": 78.74433402149353,
  "A_272": 8.707841384478959,
  "A_273": 26.56782075287816,
  "A_274": 92.57187815708039,
  "A_275": 32.605961833077735,
  "A_276": 7.500213168439043,
  "A_277": 35.08771949844877,