{
  "A_1": 157.8559956224154,
  "A_2": 80.87866923848935,
  "A_3": 103.52235174050973,
  "A_4": 27.77544896891807,
  "A_5": 120.70998001555824,
  "A_6": 22.500639505317128,
  "A_7": 6.038141080199582,
  "A_8": 39.851731129317244,
  "A_9": 45.48136463358523,
  "A_10": 85.09135649139405,
  "A_11": 85.5984472447953,
  "A_12": 0.0,
  "A_13": 65.21192366615549,
  "A_14": 136.94683668992437,
  "A_15": 47.74679222883006,
  "A_16": 96.05859361322294,
  "A_17": 31.43316759638083,
  "A_18": 55.55089793783615,
  "A_19": 110.14687737268716,
  "A_20": 12.076282160399163,
  "A_21": 124.31740802782235,
  "A_22": 33.79569553736281,
  "A_23": 118.74992779261298,
  "A_24": 48.19108882827135,
  "A_25": 40.71723990538123,
  "A_26": 0.0,
  "A_27": 0.0,
  "A_28": 0.0,
  "A_29": 0.0,
  "A_30": 8.726577843064971,
  "A_31": 19.7126645208154,
  "A_32": 63.340388957817744,
  "A_33": 52.146668138406255,
  "A_34": 102.52313678110896,
  "A_35": 28.192426278643744,
  "A_36": 24.81551576892946,
  "A_37": 2.1650474267773276,
  "A_38": 2.4152564320798326,
  "A_39": 34.1548424095212,
  "A_40": 2.4152564320798326,
  "A_41": 147.57230623015454,
  "A_42": 5.572632447161261,
  "A_43": 49.05056574644044,
  "A_44": 76.45582200343011,
  "A_45": 20.41563985935327,
  "A_46": 135.0006200410255,
  "A_47": 9.524856536342135,
  "A_48": 17.27188579001781,
  "A_49": 0.0,
  "A_50": 23.708267721357043,
  "A_51": 133.45927928695065,
  "A_52": 23.844436913334242,
  "A_53": 146.49054278218802,
  "A_54": 32.34209318291743,
  "A_55": 75.97321053998564,
  "A_56": 149.30308502124083,
  "A_57": 111.17909162132123,
  "A_58": 4.830512864159665,
  "A_59": 19.16798775290662,
  "A_60": 1.2076282160399163,
  "A_61": 67.91042609188297,
  "A_62": 4.716510749946201,
  "A_63": 74.93754053943263,
  "A_64": 97.10125051583753,
  "A_65": 94.54048807841406,
  "A_66": 48.217453073820266,
  "A_67": 1.2076282160399163,
  "A_68": 26.395862537391267,
  "A_69": 0.0,
  "A_70": 28.01501425831023,
  "A_71": 2.142918048125441,
  "A_72": 125.94558240284243,
  "A_73": 81.53825289929583,
  "A_74": 1.2076282160399163,
  "A_75": 119.54922436190992,
  "A_76": 19.33052119043274,
  "A_77": 90.36436896399714,
  "A_78": 47.88918177426137,
  "A_79": 132.50545405820895,
  "A_80": 50.293982985990056,
  "A_81": 6.564923336353519,
  "A_82": 98.27732457526483,
  "A_83": 90.45108948760685,
  "A_84": 86.91344253136428,
  "A_85": 13.538354248638624,
  "A_86": 71.33678526996476,
  "A_87": 53.248726274914944,
  "A_88": 16.752731320826786,
  "A_89": 68.83480831427524,
  "A_90": 41.484806388876905,
  "A_91": 54.819849327345814,
  "A_92": 77.48557324342377,
  "A_93": 91.67237734850457,
  "A_94": 91.47753577212892,
  "A_95": 38.350477097502214,
  "A_96": 47.1441970587597,
  "A_97": 0.0,
  "A_98": 43.47461577743699,
  "A_99": 0.0,
  "A_100": 27.994103817607925,
  "A_101": 16.90679502455883,
  "A_102": 77.17840088012638,
  "A_103": 111.55181017374312,
  "A_104": 91.1737563288974,
  "A_105": 155.8128168578561,
  "A_106": 179.91172277613109
}