{
  "A_1": 157.24387514341933,
  "A_2": 75.63628101107345,
  "A_3": 76.47023563052477,
  "A_4": 28.983077184957992,
  "A_5": 107.94519897556899,
  "A_6": 16.752731320826786,
  "A_7": 66.69525805347445,
  "A_8": 51.65567490576201,
  "A_9": 51.928013289716404,
  "A_10": 25.917573905438147,
  "A_11": 41.14184500206981,
  "A_12": 15.471087181868294,
  "A_13": 92.58214488187232,
  "A_14": 22.944936104758412,
  "A_15": 0.0,
  "A_16": 8.453397512279414,
  "A_17": 42.157182614968804,
  "A_18": 8.453397512279414,
  "A_19": 10.596315560404856,
  "A_20": 49.47696783412688,
  "A_21": 58.90567906889854,
  "A_22": 55.8921502982397,
  "A_23": 26.141418665191722,
  "A_24": 1.2076282160399163,
  "A_25": 76.8123550705007,
  "A_26": 50.23690653065963,
  "A_27": 0.0,
  "A_28": 21.429180481254406,
  "A_29": 50.5484268581896,
  "A_30": 37.70362317012807,
  "A_31": 26.56782075287816,
  "A_32": 152.83405923468717,
  "A_33": 70.53766462985644,
  "A_34": 82.59181741160371,
  "A_35": 1.2076282160399163,
  "A_36": 3.622884648119749,
  "A_37": 9.842295624431465,
  "A_38": 2.142918048125441,
  "A_39": 9.66102572831933,
  "A_40": 39.47382266583162,
  "A_41": 9.524856536342135,
  "A_42": 69.09093608013711,
  "A_43": 146.537239415391,
  "A_44": 87.94911253191731,
  "A_45": 54.437705996963146,
  "A_46": 2.4152564320798326,
  "A_47": 13.946861824570213,
  "A_48": 0.0,
  "A_49": 30.154916377488213,
  "A_50": 1.0714590240627204,
  "A_51": 66.4195518821954,
  "A_52": 27.739659945408384,
  "A_53": 35.784549881756206,
  "A_54": 94.65200205124587,
  "A_55": 91.4758518784666,
  "A_56": 172.50609667930638,
  "A_57": 67.57866134129328,
  "A_58": 14.3553694005018,
  "A_59": 0.0,
  "A_60": 43.26695650303471,
  "A_61": 0.0,
  "A_62": 47.556185519351466,
  "A_63": 24.93802531604885,
  "A_64": 16.542546205931014,
  "A_65": 77.70179021621443,
  "A_66": 30.41962697447969,
  "A_67": 0.0,
  "A_68": 107.04552223780455,
  "A_69": 91.84433556399145,
  "A_70": 20.529679672678576,
  "A_71": 9.66102572831933,
  "A_72": 80.41490733096641,
  "A_73": 78.95527311862615,
  "A_74": 0.0,
  "A_75": 30.190705400997906,
  "A_76": 39.46535293203753,
  "A_77": 17.497414443433716,
  "A_78": 0.0,
  "A_79": 24.25294448926583,
  "A_80": 105.85596446270807,
  "A_81": 6.038141080199582,
  "A_82": 0.0,
  "A_83": 9.77930040854168,
  "A_84": 9.915469600518875,
  "A_85": 166.86358264515866,
  "A_86": 9.819361998060257,
  "A_87": 47.0711110472666,
  "A_88": 3.622884648119749,
  "A_89": 98.34719359588065,
  "A_90": 95.79324213133013,
  "A_91": 4.830512864159665,
  "A_92": 28.759232425204413,
  "A_93": 60.48602583736036,
  "A_94": 42.525666300493654,
  "A_95": 9.643131216564484,
  "A_96": 34.612710689225985,
  "A_97": 182.94158782858867,
  "A_98": 13.763040955223369,
  "A_99": 0.0,
  "A_100": 74.17844378973103,
  "A_101": 67.05094917371389,
  "A_102": 74.68571047232088,
  "A_103": 51.7918440977392,
  "A_104": 9.204866475018093,
  "A_105": 9.915469600518875,
  "A_106": 0.0,
  "A_107": 0.0,
  "A_108": 0.0,
  "A_109": 1.2076282160399163,
  "A_110": 17.693211063976044,
  "A_111": 5.651762882919881,
  "A_112": 43.829439818104035,
  "A_113": 1.0935884027146072,
  "A_114": 1.2076282160399163,
  "A_115": 12.194556840621512,
  "A_116": 13.060065616685502,
  "A_117": 3.622884648119749,
  "A_118": 0.0,
  "A_119": 39.07981668158901,
  "A_120": 1.2076282160399163,
  "A_121": 0.0,
  "A_122": 0.0,
  "A_123": 19.031818560929423,
  "A_124": 31.815310926763495,
  "A_125": 178.83443295610334,
  "A_126": 54.03514231433215,
  "A_127": 65.85782254936294,
  "A_128": 64.61959522087704,
  "A_129": 69.81859177056157,
  "A_130": 77.88667922706351,
  "A_131": 15.699166808518912,
  "A_132": 16.542546205931014,
  "A_133": 102.23307981458834,
  "A_134": 2.4152564320798326,
  "A_135": 3.214377072188161,
  "A_136": 17.84208485664435,
  "A_137": 84.25566771279796,
  "A_138": 0.0,
  "A_139": 2.279087240102637,
  "A_140": 135.34697434789848,
  "A_141": 81.2838090270963,
  "A_142": 23.998500617066284,
  "A_143": 28.929393649693452,
  "A_144": 94.34207765278393,
  "A_145": 132.63055227767492,
  "A_146": 14.3553694005018,
  "A_147": 147.2044257304192,
  "A_148": 130.23124256990468,
  "A_149": 66.41955188219539,
  "A_150": 77.40648050677699,
  "A_151": 105.40481919128196,
  "A_152": 19.031818560929423,
  "A_153": 18.114423240598747,
  "A_154": 1.2076282160399163,
  "A_155": 23.40617217178785,
  "A_156": 2.142918048125441,
  "A_157": 50.61058012724822,
  "A_158": 28.983077184957992,
  "A_159": 108.41841079379391,
  "A_160": 131.57698776536705,
  "A_161": 0.0,
  "A_162": 23.18148546520311,
  "A_163": 83.82157500629552,
  "A_164": 9.77930040854168,
  "A_165": 77.44554935301704,
  "A_166": 39.851731129317244,
  "A_167": 91.08013686782043,
  "A_168": 31.01195541975812,
  "A_169": 0.0,
  "A_170": 92.94053777179386,
  "A_171": 86.35087125170065,
  "A_172": 27.775448968918077,
  "A_173": 56.568673426634334,
  "A_174": 11.395436200513185,
  "A_175": 79.58942244530917,
  "A_176": 61.1328797647345,
  "A_177": 165.73779920093006,
  "A_178": 29.11753735053164,
  "A_179": 0.0,
  "A_180": 88.0494927003848,
  "A_181": 0.0,
  "A_182": 0.0,
  "A_183": 24.152564320798326,
  "A_184": 66.43997223444374,
  "A_185": 4.830512864159665,
  "A_186": 0.0,
  "A_187": 48.35954102635684,
  "A_188": 4.716473050834356,
  "A_189": 24.91589593739696,
  "A_190": 78.69659437952956,
  "A_191": 129.99045834256293,
  "A_192": 59.26050310956559,
  "A_193": 68.93518848274273,
  "A_194": 5.493464312290798,
  "A_195": 39.85173112931724,
  "A_196": 81.88636649805481,
  "A_197": 96.01189698001998,
  "A_198": 96.4825578250102,
  "A_199": 30.717487657151846,
  "A_200": 100.86622311649387,
  "A_201": 84.80959332947889,
  "A_202": 25.132112910187622,
  "A_203": 109.11018949611437,
  "A_204": 91.55926744660472,
  "A_205": 14.105160395199295,
  "A_206": 20.52967967267858,
  "A_207": 116.7280113271332,
  "A_208": 60.07328339453173,
  "A_209": 4.830512864159665,
  "A_210": 73.27882988381967,
  "A_211": 105.11035142867567,
  "A_212": 18.913543880707074,
  "A_213": 79.56729306665729,
  "A_214": 49.242102367344515,
  "A_215": 15.018320848632934,
  "A_216": 34.45101919853103,
  "A_217": 123.82995851169136,
  "A_218": 89.77383750971657,
  "A_219": 9.915469600518875,
  "A_220": 0.0,
  "A_221": 25.273358915893027,
  "A_222": 28.82901348122595,
  "A_223": 7.245769296239498,
  "A_224": 0.0,
  "A_225": 1.2076282160399163,
  "A_226": 15.65235707798043,
  "A_227": 11.786049264689925,
  "A_228": 13.266015864684233,
  "A_229": 33.23312425769918,
  "A_230": 2.4152564320798326,
  "A_231": 94.87327070502353,
  "A_232": 43.351151186150915,
  "A_233": 2.4152564320798326,
  "A_234": 17.890578480845164,
  "A_235": 6.038141080199582,
  "A_236": 6.038141080199582,
  "A_237": 56.06825541602932,
  "A_238": 16.071885360940804,
  "A_239": 169.2031643933988,
  "A_240": 64.98384403950486,
  "A_241": 0.0,
  "A_242": 94.92515724929021,
  "A_243": 106.08819099166142,
  "A_244": 47.25238094337873,
  "A_245": 1.0714590240627204,
  "A_246": 89.60103734739852,
  "A_247": 86.12024065181532,
  "A_248": 49.618364636279644,
  "A_249": 68.15396235438925,
  "A_250": 33.81359004911766,
  "A_251": 68.49692374119634,
  "A_252": 78.33495936598955,
  "A_253": 0.0,
  "A_254": 127.04349363704837,
  "A_255": 191.5515748850936,
  "A_256": 21.0785913074844,
  "A_257": 1.2076282160399163,
  "A_258": 74.66520215547823,
  "A_259": 126.8987667466828,
  "A_260": 13.807299712527142,
  "A_261": 101.90537400170706,
  "A_262": 73.3929827944805,
  "A_263": 40.48916027873061,
  "A_264": 16.63190566736973,
  "A_265": 0.0,
  "A_266": 3.4867154561425533,
  "A_267": 0.0,
  "A_268": 0.0,
  "A_269": 3.622884648119749,
  "A_270": 3.3948050214691308,
  "A_271": 0.0,
  "A_272": 34.61694555612303,
  "A_273": 66.38376285868571,
  "A_274": 25.224023344861045,
  "A_275": 176.30577759559952,
  "A_276": 52.82751409829224,
  "A_277": 38.302825420132564,
  "A_278": 127.66633323017845,
  "A_279": 30.291085569465412,
  "A_280": 69.95296397154092,
  "A_281": 181.04438002508576,