{
  "A_1": 229.3224030052673,
  "A_2": 91.60100036341501,
  "A_3": 56.24105557834738,
  "A_4": 139.2703837492606,
  "A_5": 157.77371102763257,
  "A_6": 22.90575416118284,
  "A_7": 68.67131983258241,
  "A_8": 88.79249192932942,
  "A_9": 152.99856559239976,
  "A_10": 27.775448968918077,
  "A_11": 0.0,
  "A_12": 61.771150860979034,
  "A_13": 74.88385700416808,
  "A_14": 2.4152564320798326,
  "A_15": 1.2076282160399163,
  "A_16": 50.17570830576771,
  "A_17": 132.12589940017287,
  "A_18": 19.16798775290662,
  "A_19": 73.40152792649829,
  "A_20": 182.38664433588795,
  "A_21": 145.52465383765653,
  "A_22": 21.737307888718494,
  "A_23": 160.53682973105907,
  "A_24": 31.284293803712515,
  "A_25": 30.667285006547488,
  "A_26": 0.0,
  "A_27": 1.0935884027146072,
  "A_28": 0.0,
  "A_29": 0.0,
  "A_30": 30.427254761442608,
  "A_31": 57.043569138521576,
  "A_32": 154.22829805435035,
  "A_33": 0.0,
  "A_34": 95.57792993722371,
  "A_35": 3.350546264165357,
  "A_36": 23.607887552889544,
  "A_37": 0.0,
  "A_38": 1.0714590240627204,
  "A_39": 38.98103244218952,
  "A_40": 34.440752473739096,
  "A_41": 205.99714569386526,
  "A_42": 162.0159543842222,
  "A_43": 15.128967741892366,
  "A_44": 78.71448889128442,
  "A_45": 53.76280393037776,
  "A_46": 77.19873326778041,
  "A_47": 85.15350976045266,
  "A_48": 7.76915863232756,
  "A_49": 46.499140122383416,
  "A_50": 0.0,
  "A_51": 0.0,
  "A_52": 69.63392895438356,
  "A_53": 50.72038507367648,
  "A_54": 0.0,
  "A_55": 46.38086544216107,
  "A_56": 89.27501542817957,
  "A_57": 85.25218090251661,
  "A_58": 28.034127708014662,
  "A_59": 146.31873536314856,
  "A_60": 54.23769964226501,
  "A_61": 15.699166808518912,
  "A_62": 67.19558809948515,
  "A_63": 1.2076282160399163,
  "A_64": 77.10682283310699,
  "A_65": 70.9325125609302,
  "A_66": 61.13287976473449,
  "A_67": 60.38141080199581,
  "A_68": 10.323977176450462,
  "A_69": 184.2061794026235,
  "A_70": 150.18837326465183,
  "A_71": 43.320552073704945,
  "A_72": 137.34620851441935,
  "A_73": 43.976717681704336,
  "A_74": 18.214803409066246,
  "A_75": 113.23958684458711,
  "A_76": 69.94362715817445,
  "A_77": 1.2076282160399163,
  "A_78": 0.0,
  "A_79": 4.3522242322065425,
  "A_80": 6.038141080199582,
  "A_81": 13.946861824570211,
  "A_82": 0.0,
  "A_83": 88.81639316623793,
  "A_84": 15.018320848632932,
  "A_85": 136.73241670813155,
  "A_86": 52.59604155157574,
  "A_87": 127.9837094864147,
  "A_88": 47.63275241550475,
  "A_89": 15.562997616541717,
  "A_90": 0.0,
  "A_91": 0.0,
  "A_92": 0.0,
  "A_93": 3.622884648119749,
  "A_94": 7.772551552393435,
  "A_95": 33.659526345385615,
  "A_96": 20.529679672678576,
  "A_97": 98.80918364514696,
  "A_98": 16.770625832581633,
  "A_99": 157.04927232808535,
  "A_100": 102.9001781650222,
  "A_101": 10.868653944359247,
  "A_102": 86.76199263272004,
  "A_103": 160.2000761313355,
  "A_104": 128.44590059761083,
  "A_105": 0.0,
  "A_106": 76.90850037207116,
  "A_107": 97.54554711527884,
  "A_108": 7.245769296239498,
  "A_109": 10.056866402671648,
  "A_110": 111.7910361711287,
  "A_111": 62.879152890788305,
  "A_112": 1.0935884027146072,
  "A_113": 54.934643122907985,
  "A_114": 102.53844262051726,
  "A_115": 27.46827660562068,
  "A_116": 18.913543880707074,
  "A_117": 61.14474241859445,
  "A_118": 94.98043671362278,
  "A_119": 43.969843876978274,
  "A_120": 58.644424223826036,
  "A_121": 94.19500085111349,
  "A_122": 134.476300793512,
  "A_123": 96.81194753155377,
  "A_124": 74.8729493944748,
  "A_125": 102.63050385163804,
  "A_126": 35.978637475894985,
  "A_127": 69.23302403267367,
  "A_128": 64.69604901969481,
  "A_129": 40.228684548636174,
  "A_130": 124.38313014613544,
  "A_131": 74.60061101052042,
  "A_132": 90.74741707306406,
  "A_133": 50.6488070266571,
  "A_134": 83.37727840685423,
  "A_135": 2.4152564320798326,
  "A_136": 0.0,
  "A_137": 49.512756857636575,
  "A_138": 60.85958633661342,
  "A_139": 11.667774584467576,
  "A_140": 7.772551552393435,
  "A_141": 129.9292349849298,
  "A_142": 35.297791516009006,
  "A_143": 116.31254198188125,
  "A_144": 141.29821897529976,
  "A_145": 83.25050886009659,
  "A_146": 74.35463687211495,
  "A_147": 112.42769877193457,
  "A_148": 52.679482252455074,
  "A_149": 8.339357698954105,
  "A_150": 64.24084481056026,
  "A_151": 79.90845746246652,
  "A_152": 102.53264952366403,
  "A_153": 1.2076282160399163,
  "A_154": 139.51030089703,
  "A_155": 179.69565659978787,
  "A_156": 40.478893553938676,
  "A_157": 71.31465589131287,
  "A_158": 21.991751760918042,
  "A_159": 79.58846740114248,
  "A_160": 35.30202638290604,
  "A_161": 132.54789069177366,
  "A_162": 42.380160295150006,
  "A_163": 49.37658766565937,
  "A_164": 16.587646910065953,
  "A_165": 0.0,
  "A_166": 1.2076282160399163,
  "A_167": 6.038141080199582,
  "A_168": 4.830512864159665,
  "A_169": 4.830512864159665,
  "A_170": 50.78497621863429,
  "A_171": 11.123097816558792,
  "A_172": 58.81197164322728,
  "A_173": 39.80228246094974,
  "A_174": 81.54332971302404,
  "A_175": 93.72092195331618,
  "A_176": 183.34834867900483,
  "A_177": 27.43332952894215,
  "A_178": 81.54851962408776,
  "A_179": 131.4746598094543,
  "A_180": 32.19745425714615,
  "A_181": 6.995560290936993,
  "A_182": 109.23754966229089,
  "A_183": 61.84348289023528,
  "A_184": 30.291085569465412,
  "A_185": 3.622884648119749,
  "A_186": 85.91768332388247,
  "A_187": 79.7621095102917,
  "A_188": 1.2076282160399163,
  "A_189": 21.5355925076168,
  "A_190": 81.53399289965758,
  "A_191": 28.052022219769505,
  "A_192": 15.562997616541717,
  "A_193": 65.72081141055457,
  "A_194": 95.19488182815681,
  "A_195": 72.45769296239499,
  "A_196": 170.63272728085892,
  "A_197": 117.3892537488608,
  "A_198": 81.99099409978997,
  "A_199": 30.358315652252237,
  "A_200": 8.453397512279414,
  "A_201": 7.794680931045321,
  "A_202": 1.2076282160399163,
  "A_203": 60.07328339453173,
  "A_204": 52.80961958653739,
  "A_205": 45.07285705765364,
  "A_206": 94.33201198992182,
  "A_207": 59.256268242668554,
  "A_208": 38.31808099405839,
  "A_209": 0.0,
  "A_210": 0.0,
  "A_211": 6.038141080199582,
  "A_212": 0.0,
  "A_213": 27.775448968918074,
  "A_214": 30.85365684912904,
  "A_215": 1.0714590240627204,
  "A_216": 57.68015634110378,
  "A_217": 47.35023527135274,
  "A_218": 109.10256170915144,
  "A_219": 162.44934337397024,
  "A_220": 46.13065643685856,
  "A_221": 168.8279325668541,
  "A_222": 72.87974708584885,
  "A_223": 59.22047921915886,
  "A_224": 27.160991144987754,
  "A_225": 86.37723549724959,
  "A_226": 40.483128420835726,
  "A_227": 5.924101266874272,
  "A_228": 46.2056022712026,
  "A_229": 104.53429643334286,
  "A_230": 119.41473906359505,
  "A_231": 14.491538592478996,
  "A_232": 72.23205121164355,
  "A_233": 114.00886235448633,
  "A_234": 26.45378093955285,
  "A_235": 18.114423240598747,
  "A_236": 78.44215050733001,
  "A_237": 103.6892080095272,
  "A_238": 10.07903348043538,
  "A_239": 141.2762655258365,
  "A_240": 146.86146434361208,
  "A_241": 160.0628890633385,
  "A_242": 35.025453132054615,
  "A_243": 174.67276516789295,
  "A_244": 13.310274621988006,
  "A_245": 137.61512884556666,
  "A_246": 12.352855411250594,
  "A_247": 43.74353610858429,
  "A_248": 3.622884648119749,
  "A_249": 0.0,
  "A_250": 1.2076282160399163,
  "A_251": 0.0,
  "A_252": 31.514899270856628,
  "A_253": 48.523783490286505,
  "A_254": 55.14239036190456,
  "A_255": 95.10720626038042,
  "A_256": 46.097506351177884,
  "A_257": 96.06558051528452,
  "A_258": 14.742589544612667,
  "A_259": 23.594227908031737,
  "A_260": 21.623268075393185,
  "A_261": 0.0,
  "A_262": 103.89515825752594,
  "A_263": 0.0,
  "A_264": 28.82901348122595,
  "A_265": 120.12026537536764,
  "A_266": 18.114423240598747,
  "A_267": 0.0,
  "A_268": 92.57460505950371,
  "A_269": 30.273191057710562,
  "A_270": 0.0,
  "A_271": 7.245769296239498,
  "A_272": 66.2833826902182,
  "A_273": 3.622884648119749,
  "A_274": 0.0,
  "A_275": 61.74986342915831,
  "A_276": 118.84616105877774,
  "A_277": 80.14932965440256,
  "A_278": 78.9306304658514,
  "A_279": 69.36159057042917,