{
  "A_1": 222.79754125843235,
  "A_2": 194.79149938874076,
  "A_3": 168.78964283559208,
  "A_4": 66.44591612774433,
  "A_5": 42.42952099892319,
  "A_6": 112.19538427838691,
  "A_7": 119.44115357462641,
  "A_8": 142.3860896793848,
  "A_9": 112.30942409171223,
  "A_10": 70.04243653031514,
  "A_11": 125.95640204794137,
  "A_12": 83.32634690675422,
  "A_13": 83.32634690675422,
  "A_14": 93.92266246715909,
  "A_15": 58.10655842879022,
  "A_16": 97.27320873132444,
  "A_17": 77.15203663457746,
  "A_18": 65.99314979450897,
  "A_19": 67.49524577315515,
  "A_20": 38.89854678547687,
  "A_21": 97.81788549923321,
  "A_22": 32.333623449123344,
  "A_23": 161.48249938527204,
  "A_24": 173.6686744566938,
  "A_25": 133.5437378638498,
  "A_26": 122.34316837245345,
  "A_27": 67.02881979506199,
  "A_28": 45.2915119063435,
  "A_29": 125.47654261966144,
  "A_30": 118.77121522443367,
  "A_31": 4.307965474902768,
  "A_32": 30.018747185511018,
  "A_33": 68.39051171483395,
  "A_34": 20.52967967267858,
  "A_35": 32.17022293202485,
  "A_36": 78.81156410428034,
  "A_37": 36.228846481197486,
  "A_38": 0.0,
  "A_39": 42.36736772986457,
  "A_40": 129.03727399872258,
  "A_41": 84.29043886028786,
  "A_42": 0.0,
  "A_43": 27.77544896891807,
  "A_44": 46.82516204160234,
  "A_45": 34.95651402286425,
  "A_46": 39.651699641877876,
  "A_47": 125.1872396353777,
  "A_48": 149.45552766316365,
  "A_49": 96.08843874343205,
  "A_50": 156.65788014893053,
  "A_51": 67.78629548295434,
  "A_52": 35.02121826515757,
  "A_53": 51.6420152609042,
  "A_54": 64.90379625869139,
  "A_55": 7.500213168439043,
  "A_56": 44.26007677268751,
  "A_57": 44.74683513843471,
  "A_58": 8.571672192501763,
  "A_59": 84.34673620064021,
  "A_60": 52.0283934581839,
  "A_61": 164.81680989860365,
  "A_62": 41.74444017214018,
  "A_63": 4.830512864159665,
  "A_64": 29.33790122562504,
  "A_65": 0.0,
  "A_66": 0.0,
  "A_67": 14.491538592478996,
  "A_68": 56.24021363151622,
  "A_69": 31.34465008177329,
  "A_70": 174.23539263866016,
  "A_71": 71.39722951261983,
  "A_72": 14.470251160658275,
  "A_73": 68.29013154636645,
  "A_74": 9.66102572831933,
  "A_75": 0.0,
  "A_76": 17.143344385003527,
  "A_77": 7.245769296239498,
  "A_78": 0.0,
  "A_79": 0.0,
  "A_80": 0.0,
  "A_81": 18.350972601043445,
  "A_82": 83.58079077895377,
  "A_83": 147.10251246473675,
  "A_84": 1.2076282160399163,
  "A_85": 65.8501696296588,
  "A_86": 2.4152564320798326,
  "A_87": 2.4152564320798326,
  "A_88": 61.535355482771195,
  "A_89": 16.88890051280398,
  "A_90": 99.41612677944988,
  "A_91": 67.62718009823533,
  "A_92": 2.142918048125441,
  "A_93": 34.83136553791584,
  "A_94": 58.811971643227274,
  "A_95": 110.91194314843057,
  "A_96": 91.41793347630501,
  "A_97": 23.18148546520311,
  "A_98": 38.235595337345735,
  "A_99": 27.91246010772644,
  "A_100": 3.3948050214691308,
  "A_101": 1.0935884027146072,
  "A_102": 49.46594712709808,
  "A_103": 35.956508097243095,
  "A_104": 0.0,
  "A_105": 3.3948050214691308,
  "A_106": 95.22548094060278,
  "A_107": 6.038141080199582,
  "A_108": 52.63096349551305,
  "A_109": 73.03117185175188,
  "A_110": 26.56782075287816,
  "A_111": 0.0,
  "A_112": 21.17473660905486,
  "A_113": 127.08513858926435,
  "A_114": 117.46666259184525,
  "A_115": 87.40443576400853,
  "A_116": 71.84143814746682,
  "A_117": 100.11643804741752,
  "A_118": 108.12396816392884,
  "A_119": 15.000426336878085,
  "A_120": 77.28820582655464,
  "A_121": 37.92407500981577,
  "A_122": 102.1658497318015,
  "A_123": 3.622884648119749,
  "A_124": 0.0,
  "A_125": 0.0,
  "A_126": 0.0,
  "A_127": 0.0,
  "A_128": 3.622884648119749,
  "A_129": 5.423683256269262,
  "A_130": 0.0,
  "A_131": 155.89376941735384,
  "A_132": 43.33844658545979,
  "A_133": 20.766229033123274,
  "A_134": 24.525282873220224,
  "A_135": 111.11873534326045,
  "A_136": 30.8953646331981,
  "A_137": 40.995497049894986,
  "A_138": 1.0935884027146072,
  "A_139": 0.0,
  "A_140": 16.72381610204315,
  "A_141": 0.0,
  "A_142": 9.66102572831933,
  "A_143": 0.0,
  "A_144": 0.0,
  "A_145": 0.0,
  "A_146": 0.0,
  "A_147": 68.03056059495627,
  "A_148": 61.57114450628089,
  "A_149": 58.365237167886804,
  "A_150": 1.2076282160399163,
  "A_151": 13.16987056311377,
  "A_152": 139.96486422126318,
  "A_153": 68.35565260274973,
  "A_154": 2.279087240102637,
  "A_155": 43.829439818104035,
  "A_156": 116.91766299244512,
  "A_157": 15.221720123396953,
  "A_158": 52.318626353893144,
  "A_159": 107.22351231118631,
  "A_160": 95.29355297022077,
  "A_161": 8.980179768433352,
  "A_162": 39.44322355338566,
  "A_163": 76.60640482250199,
  "A_164": 178.83107773514934,
  "A_165": 27.217112556151484,
  "A_166": 85.60543414685687,
  "A_167": 76.58946535491381,
  "A_168": 9.915469600518875,
  "A_169": 73.23891909074847,
  "A_170": 88.26315869994076,
  "A_171": 7.861069067000982,
  "A_172": 0.0,
  "A_173": 120.37723508806067,
  "A_174": 61.6902611333344,
  "A_175": 27.706509859727703,
  "A_176": 124.12511742468143,
  "A_177": 0.0,
  "A_178": 31.284293803712515,
  "A_179": 3.350546264165357,
  "A_180": 5.467942013573036,
  "A_181": 67.96588148540415,
  "A_182": 0.0,
  "A_183": 49.24041847368217,
  "A_184": 74.46348677437653,
  "A_185": 79.99274011017702,
  "A_186": 58.59331679453743,
  "A_187": 0.0,
  "A_188": 94.14131731584894,
  "A_189": 152.80946684739487,
  "A_190": 81.0659709924964,
  "A_191": 14.654072030005118,
  "A_192": 1.2076282160399163,
  "A_193": 6.038141080199582,
  "A_194": 29.14141345469892,
  "A_195": 0.0,
  "A_196": 0.0,
  "A_197": 12.058387648644317,
  "A_198": 101.56995243726858,
  "A_199": 67.69177124319312,
  "A_200": 17.297408088735565,
  "A_201": 101.44500501425001,
  "A_202": 144.43518720450345,
  "A_203": 0.0,
  "A_204": 149.40457103032242,
  "A_205": 154.08933912809675,
  "A_206": 59.19420293820424,
  "A_207": 10.504405125731433,
  "A_208": 21.39942331563961,
  "A_209": 115.03444155943603,
  "A_210": 13.129846672707037,
  "A_211": 0.0,
  "A_212": 4.830512864159665,
  "A_213": 2.142918048125441,
  "A_214": 0.0,
  "A_215": 0.0,
  "A_216": 42.99206714584561,
  "A_217": 8.98017976843335,
  "A_218": 70.08913316351811,
  "A_219": 69.17173784318743,
  "A_220": 92.92687812693606,
  "A_221": 5.924101266874272,
  "A_222": 1.2076282160399163,
  "A_223": 0.0,
  "A_224": 0.0,
  "A_225": 1.0714590240627204,
  "A_226": 3.214377072188161,
  "A_227": 0.0,
  "A_228": 73.50351659040442,
  "A_229": 115.08972102376859,
  "A_230": 67.7386438055847,
  "A_231": 130.13022151653584,
  "A_232": 166.52922922222237,
  "A_233": 61.162636930349294,
  "A_234": 143.94430706919476,
  "A_235": 6.495142280331983,
  "A_236": 144.13155855771933,
  "A_237": 0.0,
  "A_238": 28.30646609196905,
  "A_239": 0.0,
  "A_240": 37.24662196999567,
  "A_241": 36.60156503361938,
  "A_242": 0.0,
  "A_243": 12.857508288752644,
  "A_244": 25.460572705305744,
  "A_245": 26.977170275640912,
  "A_246": 102.27725060729779,
  "A_247": 5.76580269624519,
  "A_248": 84.83511562819665,
  "A_249": 47.58849365820098,
  "A_250": 36.99217809779613,
  "A_251": 218.79835664226556
}