{
  "A_1": 193.83777469096395,
  "A_2": 65.8960494487718,
  "A_3": 33.23312425769918,
  "A_4": 45.74944301790137,
  "A_5": 8.453397512279414,
  "A_6": 63.287660466719885,
  "A_7": 2.142918048125441,
  "A_8": 1.2076282160399163,
  "A_9": 89.19505561196041,
  "A_10": 128.92416409682275,
  "A_11": 81.62073855600849,
  "A_12": 4.58030385885716,
  "A_13": 48.25567997322916,
  "A_14": 2.1871768054292144,
  "A_15": 0.0,
  "A_16": 1.2076282160399163,
  "A_17": 31.07231169781889,
  "A_18": 12.857508288752644,
  "A_19": 0.0,
  "A_20": 44.88300433041191,
  "A_21": 44.6822439934769,
  "A_22": 59.42822645815545,
  "A_23": 4.830512864159665,
  "A_24": 3.214377072188161,
  "A_25": 132.45438432803223,
  "A_26": 120.72703258048195,
  "A_27": 33.91397021758516,
  "A_28": 131.6789889956438,
  "A_29": 2.142918048125441,
  "A_30": 71.83549425416622,
  "A_31": 5.901971888222386,
  "A_32": 2.142918048125441,
  "A_33": 5.901971888222386,
  "A_34": 4.558174480205274,
  "A_35": 17.611454256759025,
  "A_36": 9.546985914994021,
  "A_37": 27.62138526518603,
  "A_38": 31.26216442506063,
  "A_39": 9.66102572831933,
  "A_40": 13.28391037643908,
  "A_41": 94.39150118841022,
  "A_42": 1.2076282160399163,
  "A_43": 8.571672192501763,
  "A_44": 117.51677727785528,
  "A_45": 44.273736417545315,
  "A_46": 103.42962449174638,
  "A_47": 111.79354944525156,
  "A_48": 4.830512864159665,
  "A_49": 107.92910145481198,
  "A_50": 133.2713994798954,
  "A_51": 15.699166808518912,
  "A_52": 4.830512864159665,
  "A_53": 68.08238430736986,
  "A_54": 69.5887151529131,
  "A_55": 0.0,
  "A_56": 12.076282160399163,
  "A_57": 51.405465900459504,
  "A_58": 63.159207026299924,
  "A_59": 0.0,
  "A_60": 85.17816497959805,
  "A_61": 142.6216588629216,
  "A_62": 101.1231928291869,
  "A_63": 29.24175592405458,
  "A_64": 162.51220035978326,
  "A_65": 81.68712669196415,
  "A_66": 111.32390647628111,
  "A_67": 57.44360698065909,
  "A_68": 70.88486088356056,
  "A_69": 24.953368854568986,
  "A_70": 33.81359004911766,
  "A_71": 48.30512864159665,
  "A_72": 6.428754144376322,
  "A_73": 0.0,
  "A_74": 4.69434367218247,
  "A_75": 16.344223744895196,
  "A_76": 21.985807867617453,
  "A_77": 1.2076282160399163,
  "A_78": 16.770625832581633,
  "A_79": 0.0,
  "A_80": 8.844010576456157,
  "A_81": 0.0,
  "A_82": 1.2076282160399163,
  "A_83": 29.78219782506632,
  "A_84": 47.688873826668484,
  "A_85": 0.0,
  "A_86": 15.54510310478687,
  "A_87": 139.96393430983773,
  "A_88": 67.70966575494798,
  "A_89": 5.629633504267994,
  "A_90": 94.41365569980333,
  "A_91": 7.245769296239498,
  "A_92": 54.13390142099041,
  "A_93": 0.0,
  "A_94": 0.0,
  "A_95": 0.0,
  "A_96": 22.681067454598097,
  "A_97": 12.603064416553101,
  "A_98": 30.08513532146668,
  "A_99": 6.995560290936993,
  "A_100": 106.60311059395542,
  "A_101": 39.851731129317244,
  "A_102": 6.973430912285107,
  "A_103": 131.44585768800619,
  "A_104": 72.91713203842657,
  "A_105": 37.58111362300868,
  "A_106": 127.20248335806122,
  "A_107": 28.504788553004868,
  "A_108": 3.214377072188161,
  "A_109": 14.491538592478996,
  "A_110": 55.5330034260813,
  "A_111": 25.883581872926307,
  "A_112": 0.0,
  "A_113": 81.73147341386223,
  "A_114": 78.42518590700064,
  "A_115": 2.4152564320798326,
  "A_116": 9.66102572831933,
  "A_117": 119.23349430022412,
  "A_118": 17.705915664667156,
  "A_119": 0.0,
  "A_120": 67.04161236034741,
  "A_121": 102.64141146133132,
  "A_122": 48.523783490286505,
  "A_123": 64.34122497902777,
  "A_124": 38.09942614536854,
  "A_125": 55.40106910100115,
  "A_126": 42.95035936177655,
  "A_127": 85.71851891601548,
  "A_128": 59.78482235707913,
  "A_129": 0.0,
  "A_130": 7.245769296239498,
  "A_131": 0.0,
  "A_132": 6.7896100429382615,
  "A_133": 7.245769296239498,
  "A_134": 10.184415064407393,
  "A_135": 0.0,
  "A_136": 3.622884648119749,
  "A_137": 31.921722953125887,
  "A_138": 51.10673813821497,
  "A_139": 1.2076282160399163,
  "A_140": 0.0,
  "A_141": 60.6562750264437,
  "A_142": 0.0,
  "A_143": 0.0,
  "A_144": 27.994103817607925,
  "A_145": 74.63373596345988,
  "A_146": 0.0,
  "A_147": 39.6618784020755,
  "A_148": 144.08807891539365,
  "A_149": 83.49131822017954,
  "A_150": 38.78450697215156,
  "A_151": 12.076282160399163,
  "A_152": 34.53011193517781,
  "A_153": 0.0,
  "A_154": 0.0,
  "A_155": 0.0,
  "A_156": 0.0,
  "A_157": 1.2076282160399163,
  "A_158": 0.0,
  "A_159": 3.214377072188161,
  "A_160": 7.245769296239498,
  "A_161": 84.9433246455569,
  "A_162": 3.280765208143822,
  "A_163": 0.0,
  "A_164": 0.0,
  "A_165": 43.971615735234906,
  "A_166": 1.0714590240627204,
  "A_167": 0.0,
  "A_168": 6.428754144376322,
  "A_169": 23.317654657180306,
  "A_170": 8.707841384478959,
  "A_171": 42.09502934591018,
  "A_172": 2.142918048125441,
  "A_173": 49.37658766565937,
  "A_174": 1.2076282160399163,
  "A_175": 0.0,
  "A_176": 2.279087240102637,
  "A_177": 1.2076282160399163,
  "A_178": 10.868653944359247,
  "A_179": 0.0,
  "A_180": 0.0,
  "A_181": 48.050659636655894,
  "A_182": 2.4152564320798326,
  "A_183": 9.66102572831933,
  "A_184": 59.765155987067644,
  "A_185": 38.64410291327732,
  "A_186": 71.04231750735849,
  "A_187": 67.46801444803384,
  "A_188": 73.74780683514756,
  "A_189": 93.38973525577474,
  "A_190": 41.85847998546548,
  "A_191": 152.85618861333904,
  "A_192": 84.21227603506657,
  "A_193": 94.30733163803522,
  "A_194": 134.7648497955589,
  "A_195": 45.563850290297886,
  "A_196": 47.848969388295416,
  "A_197": 60.38141080199582,
  "A_198": 65.8612154694288,
  "A_199": 111.89392961371905,
  "A_200": 3.350546264165357,
  "A_201": 24.543177384975067,
  "A_202": 0.0,
  "A_203": 6.038141080199582,
  "A_204": 57.82998517793878,
  "A_205": 16.752731320826786,
  "A_206": 0.0,
  "A_207": 23.335549168935152,
  "A_208": 115.652983453816,
  "A_209": 3.622884648119749,
  "A_210": 8.571672192501763,
  "A_211": 61.52433477574241,
  "A_212": 28.618828366330177,
  "A_213": 0.0,
  "A_214": 49.30849050330018,
  "A_215": 43.1306993464632,
  "A_216": 21.190080147575003,
  "A_217": 21.056461928832515,
  "A_218": 11.25926700853599,
  "A_219": 157.15568435444777,
  "A_220": 4.466264045531851,
  "A_221": 20.529679672678576,
  "A_222": 0.0,
  "A_223": 2.494424566950296,
  "A_224": 0.0,
  "A_225": 3.622884648119749,
  "A_226": 20.80625292353001,
  "A_227": 18.259062166370022,
  "A_228": 105.37335299926362,
  "A_229": 57.33125106099611,
  "A_230": 22.944936104758412,
  "A_231": 15.220878176565789,
  "A_232": 0.0,
  "A_233": 0.0,
  "A_234": 37.02796712130582,
  "A_235": 41.7869019384461,
  "A_236": 0.0,
  "A_237": 0.0,
  "A_238": 3.214377072188161,
  "A_239": 0.0,
  "A_240": 44.62856045821236,
  "A_241": 35.108868700192744,
  "A_242": 1.2076282160399163,
  "A_243": 4.558174480205274,
  "A_244": 0.0,
  "A_245": 39.50961168934131,
  "A_246": 40.923190153379956,
  "A_247": 76.12907123471554,
  "A_248": 14.491538592478996,
  "A_249": 0.0,
  "A_250": 99.13358450255666,
  "A_251": 77.86168471591154,
  "A_252": 0.0,
  "A_253": 41.822690961955786,
  "A_254": 138.03534827891076,
  "A_255": 26.395862537391267,
  "A_256": 126.89096303053128,
  "A_257": 20.529679672678576,
  "A_258": 93.11495899592116,
  "A_259": 17.161238896758373,
  "A_260": 118.24527491511091,
  "A_261": 123.38481996541894,
  "A_262": 81.37908724909437,
  "A_263": 7.245769296239498,
  "A_264": 52.51938669082814,
  "A_265": 59.55497087217188,
  "A_266": 132.9904154329583,
  "A_267": 38.766612460396715,
  "A_268": 152.48347006091714,
  "A_269": 107.6541492657698,
  "A_270": 112.33152833762287,
  "A_271": 89.0053159820542,
  "A_272": 137.30955241133725,
  "A_273": 49.49486234588172,
  "A_274": 79.6345231494441,
  "A_275": 124.34310625572874,
  "A_276": 10.8507594326044,
  "A_277": 68.15396235438925,
  "A_278": 88.00607588991221,
  "A_279": 90.48687851111653,
  "A_280": 83.35514902820233,
  "A_281": 4.830512864159665,
  "A_282": 74.87294939447482,
  "A_283": 168.33690163509795,
  "A_284": 78.84894905685806,
  "A_285": 13.055830749788461,
  "A_286": 87.9329019138248,
  "A_287": 116.08106943516475,
  "A_288": 40.478893553938676,