{
  "A_1": 230.96066817589065,
  "A_2": 224.9549483318761,
  "A_3": 148.06421680785363,
  "A_4": 173.81502240886863,
  "A_5": 101.81253365560818,
  "A_6": 66.29185242401228,
  "A_7": 41.05935934535715,
  "A_8": 100.8960933794442,
  "A_9": 66.147213498241,
  "A_10": 0.0,
  "A_11": 83.32634690675422,
  "A_12": 95.40262906715338,
  "A_13": 8.339357698954105,
  "A_14": 0.0,
  "A_15": 82.1187186907143,
  "A_16": 25.36019253683824,
  "A_17": 0.0,
  "A_18": 9.66102572831933,
  "A_19": 57.85211455659068,
  "A_20": 24.016395128821127,
  "A_21": 7.245769296239498,
  "A_22": 22.672597720804017,
  "A_23": 7.930850123022517,
  "A_24": 32.70634200154524,
  "A_25": 0.0,
  "A_26": 9.524856536342135,
  "A_27": 4.716473050834356,
  "A_28": 1.2076282160399163,
  "A_29": 0.0,
  "A_30": 14.900888115241749,
  "A_31": 28.822227641094198,
  "A_32": 1.2076282160399163,
  "A_33": 0.0,
  "A_34": 86.38666027521035,
  "A_35": 46.39875995391591,
  "A_36": 3.214377072188161,
  "A_37": 55.6333835945488,
  "A_38": 9.77930040854168,
  "A_39": 74.99122407469716,
  "A_40": 64.42974249363532,
  "A_41": 65.82722343691697,
  "A_42": 45.616666745990045,
  "A_43": 0.0,
  "A_44": 6.428754144376322,
  "A_45": 0.0,
  "A_46": 4.830512864159665,
  "A_47": 2.494424566950296,
  "A_48": 9.66102572831933,
  "A_49": 0.0,
  "A_50": 0.0,
  "A_51": 0.0,
  "A_52": 56.75852615387607,
  "A_53": 1.2076282160399163,
  "A_54": 0.0,
  "A_55": 0.0,
  "A_56": 59.173782585955905,
  "A_57": 0.0,
  "A_58": 0.0,
  "A_59": 33.81359004911766,
  "A_60": 48.26933961808696,
  "A_61": 7.245769296239498,
  "A_62": 0.0,
  "A_63": 86.79516785114194,
  "A_64": 196.12505520470717,
  "A_65": 66.347973835176,
  "A_66": 135.82195802438002,
  "A_67": 12.076282160399163,
  "A_68": 0.0,
  "A_69": 1.2076282160399163,
  "A_70": 1.0935884027146072,
  "A_71": 0.0,
  "A_72": 9.66102572831933,
  "A_73": 6.881520477611684,
  "A_74": 1.0935884027146072,
  "A_75": 29.764303313311473,
  "A_76": 9.66102572831933,
  "A_77": 0.0,
  "A_78": 0.0,
  "A_79": 0.0,
  "A_80": 4.830512864159665,
  "A_81": 0.0,
  "A_82": 6.038141080199582,
  "A_83": 48.93229106621809,
  "A_84": 24.13466980904348,
  "A_85": 2.4152564320798326,
  "A_86": 133.68913077185792,
  "A_87": 84.68792572919065,
  "A_88": 26.27758785716892,
  "A_89": 71.91301619448619,
  "A_90": 17.65826398729751,
  "A_91": 62.74127467240757,
  "A_92": 39.91632227427505,
  "A_93": 1.2076282160399163,
  "A_94": 0.0,
  "A_95": 4.830512864159665,
  "A_96": 3.5088448347944396,
  "A_97": 0.0,
  "A_98": 31.39833361703782,
  "A_99": 39.57939274536285,
  "A_100": 0.0,
  "A_101": 0.0,
  "A_102": 33.81359004911766,
  "A_103": 53.93476214586465,
  "A_104": 0.0,
  "A_105": 9.66102572831933,
  "A_106": 105.06365479547273,
  "A_107": 3.5088448347944396,
  "A_108": 0.0,
  "A_109": 117.08625342060735,
  "A_110": 94.39576118804847,
  "A_111": 35.784549881756206,
  "A_112": 72.45769296239497,
  "A_113": 20.529679672678576,
  "A_114": 56.35001857794448,
  "A_115": 153.813004638287,
  "A_116": 41.05935934535715,
  "A_117": 59.98667596825757,
  "A_118": 213.09563712650447,
  "A_119": 109.72220944414549,
  "A_120": 49.903369921813315,
  "A_121": 30.190705400997906,
  "A_122": 80.4753515736215,
  "A_123": 3.3948050214691308,
  "A_124": 3.622884648119749,
  "A_125": 15.562997616541717,
  "A_126": 8.339357698954105,
  "A_127": 0.0,
  "A_128": 2.4152564320798326,
  "A_129": 3.622884648119749,
  "A_130": 0.0,
  "A_131": 0.0,
  "A_132": 6.038141080199582,
  "A_133": 0.0,
  "A_134": 54.34326972179623,
  "A_135": 80.42683281667946,
  "A_136": 6.038141080199582,
  "A_137": 9.66102572831933,
  "A_138": 113.77149617995168,
  "A_139": 75.2346221071267,
  "A_140": 1.2076282160399163,
  "A_141": 85.58753963510202,
  "A_142": 61.457104692955575,
  "A_143": 11.553734771142267,
  "A_144": 42.79376981755101,
  "A_145": 138.58849478061364,
  "A_146": 79.10594390229232,
  "A_147": 70.99983060831134,
  "A_148": 141.0644216500196,
  "A_149": 94.28595624162021,
  "A_150": 5.924101266874272,
  "A_151": 0.0,
  "A_152": 10.868653944359247,
  "A_153": 19.208011643313352,
  "A_154": 0.0,
  "A_155": 45.889872209516824,
  "A_156": 122.3610628842083,
  "A_157": 44.6822439934769,
  "A_158": 32.26384239310181,
  "A_159": 99.96080354735867,
  "A_160": 57.44360698065909,
  "A_161": 29.628134121334277,
  "A_162": 69.65858417352894,
  "A_163": 83.68540581431832,
  "A_164": 129.82548702913763,
  "A_165": 32.60596183307774,
  "A_166": 70.0245420185603,
  "A_167": 152.33898193159325,
  "A_168": 70.27898589075984,
  "A_169": 2.4152564320798326,
  "A_170": 27.775448968918074,
  "A_171": 21.737307888718494,
  "A_172": 20.257341288724188,
  "A_173": 0.0,
  "A_174": 30.744882345091153,
  "A_175": 88.1568597709139,
  "A_176": 44.5682041801516,
  "A_177": 0.0,
  "A_178": 46.961331233579536,
  "A_179": 75.80823922656035,
  "A_180": 36.09267728922029,
  "A_181": 0.0,
  "A_182": 107.71546058799726,
  "A_183": 85.80619448379187,
  "A_184": 98.40415695387556,
  "A_185": 57.231624874765465,
  "A_186": 84.79932660468697,
  "A_187": 47.33404978600144,
  "A_188": 85.19692657092529,
  "A_189": 95.88419752183687,
  "A_190": 118.53043099709195,
  "A_191": 114.19514623247358,
  "A_192": 48.84038063154467,
  "A_193": 73.52915198645769,
  "A_194": 157.66732413401138,
  "A_195": 141.40057206395372,
  "A_196": 95.62128391584324,
  "A_197": 41.05935934535715,
  "A_198": 145.12217811961986,
  "A_199": 32.57017280956805,
  "A_200": 64.68937627689859,
  "A_201": 135.64825308337774,
  "A_202": 19.32205145663866,
  "A_203": 79.307659283394,
  "A_204": 33.91397021758516,
  "A_205": 73.94856717208256,
  "A_206": 116.83604441530484,
  "A_207": 31.70127111343818,
  "A_208": 151.3628765277523,
  "A_209": 33.58551042246704,
  "A_210": 29.506466521046054,
  "A_211": 30.177045756140103,
  "A_212": 42.26698756139707,
  "A_213": 13.129846672707036,
  "A_214": 2.4152564320798326,
  "A_215": 0.0,
  "A_216": 53.13564150575631,
  "A_217": 1.2076282160399163,
  "A_218": 0.0,
  "A_219": 15.699166808518912,
  "A_220": 27.503110584963686,
  "A_221": 3.622884648119749,
  "A_222": 0.0,
  "A_223": 3.622884648119749,
  "A_224": 14.882151656655736,
  "A_225": 39.38954001812111,
  "A_226": 20.693055057035863,
  "A_227": 0.0,
  "A_228": 23.471718360912348,
  "A_229": 50.039539113790504,
  "A_230": 0.0,
  "A_231": 13.28391037643908,
  "A_232": 57.0350994047275,
  "A_233": 28.21032079039859,
  "A_234": 6.275645484810972,
  "A_235": 129.1514897412365,
  "A_236": 94.14555218274597,
  "A_237": 31.01619028665516,
  "A_238": 43.1664883699729,
  "A_239": 16.362118256650046,
  "A_240": 98.69006701809343,
  "A_241": 15.54510310478687,
  "A_242": 54.22922990847093,
  "A_243": 33.1293511691658,
  "A_244": 39.609991857808815,
  "A_245": 57.5576467939844,
  "A_246": 1.2076282160399163,
  "A_247": 0.0,
  "A_248": 30.19070540099791,
  "A_249": 65.07575447417828,
  "A_250": 0.0,
  "A_251": 0.0,
  "A_252": 83.19017771477702,
  "A_253": 29.962625774347288,
  "A_254": 0.0,
  "A_255": 49.90336992181331,
  "A_256": 95.79324213133013,
  "A_257": 50.72038507367648,
  "A_258": 0.0,
  "A_259": 16.90679502455883,
  "A_260": 55.278559553881756,
  "A_261": 0.0,
  "A_262": 0.0,
  "A_263": 1.2076282160399163,
  "A_264": 1.0714590240627204,
  "A_265": 0.0,
  "A_266": 0.0,
  "A_267": 8.453397512279414,
  "A_268": 2.4152564320798326,
  "A_269": 18.93567325935896,
  "A_270": 135.32498319932333,
  "A_271": 15.839570867393148,
  "A_272": 1.2076282160399163,
  "A_273": 49.49486234588172,
  "A_274": 39.851731129317244,
  "A_275": 0.0,
  "A_276": 15.497451427417221,
  "A_277": 23.335549168935152,
  "A_278": 80.62085757896517,
  "A_279": 117.96785971742833,
  "A_280": 1.0935884027146072,
  "A_281": 23.012166187545233,
  "A_282": 112.00129668424813,
  "A_283": 70.24743173414718,
  "A_284": 77.46776669626323,
  "A_285": 106.791078365605,
  "A_286": 59.69714678930275,
  "A_287": 28.43329847057979,
  "A_288": 15.357047368542984,
  "A_289": 24.01639512882113,
  "A_290": 0.0,
  "A_291": 0.0,
  "A_292": 12.076282160399163,
  "A_293": 4.716473050834356,