{
  "A_1": 74.09100698299632,
  "A_2": 130.07575886629323,
  "A_3": 3.622884648119749,
  "A_4": 70.03646750427335,
  "A_5": 56.94139197905623,
  "A_6": 0.0,
  "A_7": 2.142918048125441,
  "A_8": 40.88740112987026,
  "A_9": 141.77650760725288,
  "A_10": 25.074194508026046,
  "A_11": 147.99185964585615,
  "A_12": 0.0,
  "A_13": 10.872888811256287,
  "A_14": 122.57552056511297,
  "A_15": 32.3863519402212,
  "A_16": 63.520816907098705,
  "A_17": 8.453397512279414,
  "A_18": 129.39812989728452,
  "A_19": 20.946656982404242,
  "A_20": 158.647513608302,
  "A_21": 53.79859295388745,
  "A_22": 31.57960351314996,
  "A_23": 67.55737390947257,
  "A_24": 78.42849086247222,
  "A_25": 0.0,
  "A_26": 0.0,
  "A_27": 82.13913904296265,
  "A_28": 37.300305505260205,
  "A_29": 1.2076282160399163,
  "A_30": 1.2076282160399163,
  "A_31": 69.01767413945538,
  "A_32": 23.90235531549582,
  "A_33": 0.0,
  "A_34": 47.742557361933024,
  "A_35": 91.70816637201426,
  "A_36": 19.576495328838206,
  "A_37": 86.02484933248172,
  "A_38": 0.0,
  "A_39": 2.142918048125441,
  "A_40": 62.57102548332422,
  "A_41": 99.53440145967222,
  "A_42": 114.22084446037996,
  "A_43": 0.0,
  "A_44": 44.392011097767664,
  "A_45": 90.47246488402186,
  "A_46": 12.511153981879676,
  "A_47": 0.0,
  "A_48": 35.275662137357116,
  "A_49": 69.68062558758653,
  "A_50": 10.754614131033938,
  "A_51": 22.26409014487243,
  "A_52": 158.16499010945185,
  "A_53": 135.25761488645978,
  "A_54": 121.916766284767,
  "A_55": 23.582365254171783,
  "A_56": 32.46979264110055,
  "A_57": 73.61163764317037,
  "A_58": 2.4152564320798326,
  "A_59": 6.428754144376322,
  "A_60": 77.89747373942124,
  "A_61": 21.73730788871849,
  "A_62": 86.1322164030108,
  "A_63": 2.3012166187545233,
  "A_64": 4.830512864159665,
  "A_65": 0.0,
  "A_66": 6.038141080199582,
  "A_67": 0.0,
  "A_68": 23.104076622218656,
  "A_69": 11.53160539249038,
  "A_70": 145.06429741657016,
  "A_71": 34.34037230527159,
  "A_72": 110.73998493294367,
  "A_73": 56.14227133894789,
  "A_74": 1.2076282160399163,
  "A_75": 24.64355755344257,
  "A_76": 105.46526343393704,
  "A_77": 78.17413495486697,
  "A_78": 19.12033607553697,
  "A_79": 0.0,
  "A_80": 0.0,
  "A_81": 0.0,
  "A_82": 0.0,
  "A_83": 0.0,
  "A_84": 2.4152564320798326,
  "A_85": 6.428754144376322,
  "A_86": 111.3161907247239,
  "A_87": 145.73066691750836,
  "A_88": 72.28573474690808,
  "A_89": 21.73730788871849,
  "A_90": 140.81993034334664,
  "A_91": 6.564923336353519,
  "A_92": 118.4665687016298,
  "A_93": 45.57156604185511,
  "A_94": 154.93695339240588,
  "A_95": 126.8764614388423,
  "A_96": 21.62834488912139,
  "A_97": 48.50588897853166,
  "A_98": 64.25873932231511,
  "A_99": 0.0,
  "A_100": 20.63005984114608,
  "A_101": 0.0,
  "A_102": 0.0,
  "A_103": 0.0,
  "A_104": 1.0714590240627204,
  "A_105": 2.279087240102637,
  "A_106": 0.0,
  "A_107": 2.4152564320798326,
  "A_108": 68.25434252285675,
  "A_109": 67.02881979506199,
  "A_110": 67.01272227430499,
  "A_111": 109.20132081580972,
  "A_112": 27.603490753431185,
  "A_113": 42.676337084159826,
  "A_114": 119.25295960830579,
  "A_115": 143.23857969549235,
  "A_116": 57.82998517793879,
  "A_117": 3.622884648119749,
  "A_118": 41.05935934535715,
  "A_119": 86.43401035968526,
  "A_120": 49.74930621808127,
  "A_121": 0.0,
  "A_122": 58.901444202001514,
  "A_123": 67.74203672565056,
  "A_124": 7.131729482914189,
  "A_125": 22.518534017071975,
  "A_126": 126.62201756664274,
  "A_127": 53.92533736790388,
  "A_128": 149.5933179169501,
  "A_129": 108.15277028537696,
  "A_130": 1.0714590240627204,
  "A_131": 24.152564320798326,
  "A_132": 95.8041497410234,
  "A_133": 97.72339895858386,
  "A_134": 1.2076282160399163,
  "A_135": 67.81013388800977,
  "A_136": 64.37701400253746,
  "A_137": 6.354813619681435,
  "A_138": 137.6576157446138,
  "A_139": 66.94633413834934,
  "A_140": 92.95062856739717,
  "A_141": 103.32573830587748,
  "A_142": 71.56909976351243,
  "A_143": 0.0,
  "A_144": 14.491538592478996,
  "A_145": 66.9930307715523,
  "A_146": 8.453397512279414,
  "A_147": 4.830512864159665,
  "A_148": 59.238373730913715,
  "A_149": 146.57488826175165,
  "A_150": 25.750805601014985,
  "A_151": 98.2092274129056,
  "A_152": 87.03595207848366,
  "A_153": 90.50053815597434,
  "A_154": 133.63123750243756
}