{
  "A_1": 181.3699621213332,
  "A_2": 106.04320338486203,
  "A_3": 141.67619027063847,
  "A_4": 34.47654149724879,
  "A_5": 67.88162397043486,
  "A_6": 56.75852615387607,
  "A_7": 106.35045114638314,
  "A_8": 97.53856021321727,
  "A_9": 6.428754144376322,
  "A_10": 44.6822439934769,
  "A_11": 92.54391798246346,
  "A_12": 45.10345617009961,
  "A_13": 1.2076282160399163,
  "A_14": 22.500639505317128,
  "A_15": 115.09739907621395,
  "A_16": 16.344223744895196,
  "A_17": 57.966154369915984,
  "A_18": 34.06548294808249,
  "A_19": 46.40722968770999,
  "A_20": 22.808766912781216,
  "A_21": 0.0,
  "A_22": 27.194983177499598,
  "A_23": 0.0,
  "A_24": 53.727014906868064,
  "A_25": 25.132112910187622,
  "A_26": 114.17725172071874,
  "A_27": 126.231404502466,
  "A_28": 24.960154694700734,
  "A_29": 106.78524756963996,
  "A_30": 51.89222426620671,
  "A_31": 50.43015217796725,
  "A_32": 152.85279569327318,
  "A_33": 83.9577441982727,
  "A_34": 154.97123445144183,
  "A_35": 10.939276947211948,
  "A_36": 36.000766854546875,
  "A_37": 182.20459532479774,
  "A_38": 53.847086578088266,
  "A_39": 13.995355448771026,
  "A_40": 10.640574317708628,
  "A_41": 1.2076282160399163,
  "A_42": 0.0,
  "A_43": 0.0,
  "A_44": 4.830512864159665,
  "A_45": 98.36677200129782,
  "A_46": 40.08065270279902,
  "A_47": 1.0714590240627204,
  "A_48": 49.71351719457157,
  "A_49": 5.467942013573036,
  "A_50": 100.36409607948531,
  "A_51": 67.49014382668574,
  "A_52": 1.2076282160399163,
  "A_53": 20.529679672678576,
  "A_54": 107.53924237287211,
  "A_55": 7.017689669588879,
  "A_56": 9.798036867127692,
  "A_57": 73.98435619559226,
  "A_58": 124.20270219685446,
  "A_59": 30.44514927319745,
  "A_60": 62.45275080310187,
  "A_61": 44.6822439934769,
  "A_62": 62.51151115209461,
  "A_63": 6.038141080199582,
  "A_64": 34.565059011856334,
  "A_65": 2.4152564320798326,
  "A_66": 20.51178516092373,
  "A_67": 18.114423240598747,
  "A_68": 23.730397100008933,
  "A_69": 31.28429380371252,
  "A_70": 59.864128722026344,
  "A_71": 8.453397512279414,
  "A_72": 113.78748060337315,
  "A_73": 77.35279697151245,
  "A_74": 2.4152564320798326,
  "A_75": 19.89054149686166,
  "A_76": 0.0,
  "A_77": 0.0,
  "A_78": 0.0,
  "A_79": 3.622884648119749,
  "A_80": 22.11002644114039,
  "A_81": 42.31548118559788,
  "A_82": 89.11332393748461,
  "A_83": 52.489629525213346,
  "A_84": 61.70731369825808,
  "A_85": 87.27090550986034,
  "A_86": 123.53464880225393,
  "A_87": 2.4152564320798326,
  "A_88": 36.48329035339704,
  "A_89": 146.77489461644979,
  "A_90": 19.985002904769793,
  "A_91": 0.0,
  "A_92": 22.94917097165545,
  "A_93": 117.1329500538103,
  "A_94": 34.34037230527159,
  "A_95": 133.54617573974897,
  "A_96": 0.0,
  "A_97": 1.0714590240627204,
  "A_98": 8.980179768433352,
  "A_99": 0.0,
  "A_100": 33.67742085714046,
  "A_101": 1.0714590240627204,
  "A_102": 74.36734147280607,
  "A_103": 153.3891786565765,
  "A_104": 22.90914708124872,
  "A_105": 0.0,
  "A_106": 67.01017130107029,
  "A_107": 3.622884648119749,
  "A_108": 185.81976422136026,
  "A_109": 57.24951938652031,
  "A_110": 73.25681360250331,
  "A_111": 0.0,
  "A_112": 1.2076282160399163,
  "A_113": 0.0,
  "A_114": 0.0,
  "A_115": 1.2076282160399163,
  "A_116": 7.500213168439043,
  "A_117": 0.0,
  "A_118": 13.266015864684233,
  "A_119": 31.889326849682067,
  "A_120": 0.0,
  "A_121": 0.0,
  "A_122": 0.0,
  "A_123": 106.85491552832593,
  "A_124": 32.60596183307774,
  "A_125": 74.75795453698281,
  "A_126": 0.0,
  "A_127": 7.017689669588879,
  "A_128": 72.36822040362074,
  "A_129": 60.818720499375516,
  "A_130": 0.0,
  "A_131": 0.0,
  "A_132": 137.05936853877597,
  "A_133": 85.55175061159231,
  "A_134": 30.545529441664954,
  "A_135": 65.27651481111329,
  "A_136": 18.114423240598747,
  "A_137": 31.31065804926144,
  "A_138": 166.15799350153299,
  "A_139": 107.40180397746286,
  "A_140": 2.4152564320798326,
  "A_141": 52.88543250045382,
  "A_142": 121.19070652341058,
  "A_143": 16.90679502455883,
  "A_144": 39.44322355338565,
  "A_145": 95.68587506080104,
  "A_146": 86.55433335831776,
  "A_147": 28.420505905294362,
  "A_148": 133.05459188768583,
  "A_149": 152.74232472920235,
  "A_150": 65.1403456191361,
  "A_151": 96.89350327684097,
  "A_152": 33.79569553736281,
  "A_153": 101.53256748469087,
  "A_154": 61.88434872747317,
  "A_155": 46.39875995391591,
  "A_156": 37.1862656919349,
  "A_157": 10.051638792496071,
  "A_158": 1.2076282160399163,
  "A_159": 109.00140242570589,
  "A_160": 45.17747209301819,
  "A_161": 36.31649691623265,
  "A_162": 2.279087240102637,
  "A_163": 51.50161120202996,
  "A_164": 27.621385265186035,
  "A_165": 2.4152564320798326,
  "A_166": 147.52119880086596,
  "A_167": 48.133170426109764,
  "A_168": 16.79275521123352,
  "A_169": 86.70230237230183,
  "A_170": 16.08977987269565,
  "A_171": 86.50151690262561,
  "A_172": 13.28391037643908,
  "A_173": 9.66102572831933,
  "A_174": 55.524508559546014,
  "A_175": 89.90226581739532,
  "A_176": 9.524856536342135,
  "A_177": 73.29594528059644,
  "A_178": 141.75861309549802,
  "A_179": 124.07491477407707,
  "A_180": 18.214803409066246,
  "A_181": 42.26698756139707,
  "A_182": 41.929102988318185,
  "A_183": 20.675349040840235,
  "A_184": 64.00429545011556,
  "A_185": 21.5764583448547,
  "A_186": 2.4152564320798326,
  "A_187": 68.41264109348583,
  "A_188": 87.61299981709507,
  "A_189": 0.0,
  "A_190": 3.622884648119749,
  "A_191": 88.1568597709139,
  "A_192": 51.87949453277437,
  "A_193": 0.0,
  "A_194": 48.25144510633211,
  "A_195": 111.8114439570064,
  "A_196": 69.47986525065151,
  "A_197": 38.39812877487186,
  "A_198": 6.428754144376322,
  "A_199": 71.92833460026512,
  "A_200": 2.3012166187545233,
  "A_201": 1.2076282160399163,
  "A_202": 3.350546264165357,
  "A_203": 0.0,
  "A_204": 0.0,
  "A_205": 17.205497654062146,
  "A_206": 4.830512864159665,
  "A_207": 4.830512864159665,
  "A_208": 36.619459545374234,
  "A_209": 68.90543131712793,
  "A_210": 0.0,
  "A_211": 0.0,
  "A_212": 72.74093895604264,
  "A_213": 64.40337824808638,
  "A_214": 0.0,
  "A_215": 71.26877607219986,
  "A_216": 101.97846001320018,
  "A_217": 107.44309707130165,
  "A_218": 19.848833712792597,
  "A_219": 152.63939358750017,
  "A_220": 11.922218456667121,
  "A_221": 51.32965298654308,
  "A_222": 16.90679502455883,
  "A_223": 30.47574838564342,
  "A_224": 22.944936104758412,
  "A_225": 19.35265056908463,
  "A_226": 0.0,
  "A_227": 86.02908419937876,
  "A_228": 22.470882339702328,
  "A_229": 53.04616894698208,
  "A_230": 79.307659283394,
  "A_231": 116.85699255511898,
  "A_232": 153.46725351720352,
  "A_233": 39.58023469219401,
  "A_234": 107.67889244950948,
  "A_235": 7.908720744370631,
  "A_236": 26.686095433100512,
  "A_237": 8.707841384478959,
  "A_238": 76.91705807045955,
  "A_239": 15.044685094181858,
  "A_240": 74.05593424261164,
  "A_241": 54.07600815157004,
  "A_242": 115.36359250493793,
  "A_243": 22.49301171835421,
  "A_244": 3.4867154561425533,
  "A_245": 55.73376376301631,
  "A_246": 26.45378093955285,
  "A_247": 100.3590192657571,
  "A_248": 80.31696503839811,
  "A_249": 1.2076282160399163,
  "A_250": 8.453397512279414,
  "A_251": 119.98325423655926,
  "A_252": 5.515593690942684,
  "A_253": 0.0,
  "A_254": 56.45039874641199,
  "A_255": 111.23454701484242,
  "A_256": 4.830512864159665,
  "A_257": 1.2076282160399163,
  "A_258": 147.44115102005247,
  "A_259": 100.2661789196582,
  "A_260": 72.13167104317604,
  "A_261": 161.86189068049018,
  "A_262": 18.36886711279829,
  "A_263": 83.32634690675422,
  "A_264": 86.0369130482715,
  "A_265": 67.56163390911082,
  "A_266": 28.023948947817036,
  "A_267": 0.0,
  "A_268": 0.0,
  "A_269": 0.0,
  "A_270": 0.0,
  "A_271": 0.0,
  "A_272": 18.48714179302064,
  "A_273": 6.038141080199582,
  "A_274": 74.96993664287643,
  "A_275": 44.205639255186114,
  "A_276": 0.0,
  "A_277": 15.699166808518912,
  "A_278": 48.55957251379619,
  "A_279": 0.0,
  "A_280": 8.980179768433352,
  "A_281": 135.8346877578124,
  "A_282": 33.38718796143122,
  "A_283": 18.350972601043445,
  "A_284": 27.739659945408384,