{
  "A_1": 63.51148009373225,
  "A_2": 117.53644364786679,
  "A_3": 112.52288902933834,
  "A_4": 64.0247158023639,
  "A_5": 151.01731390222804,
  "A_6": 2.279087240102637,
  "A_7": 42.26698756139707,
  "A_8": 117.78496875950695,
  "A_9": 10.073768171147957,
  "A_10": 57.91247083465144,
  "A_11": 2.4152564320798326,
  "A_12": 104.56048474970316,
  "A_13": 2.4152564320798326,
  "A_14": 0.0,
  "A_15": 19.185882264661466,
  "A_16": 0.0,
  "A_17": 0.0,
  "A_18": 0.0,
  "A_19": 9.524856536342135,
  "A_20": 0.0,
  "A_21": 45.453819149198566,
  "A_22": 2.279087240102637,
  "A_23": 0.0,
  "A_24": 14.201305696769758,
  "A_25": 36.4296068181325,
  "A_26": 38.49850894333936,
  "A_27": 6.859391098959797,
  "A_28": 56.12617381819091,
  "A_29": 56.480997858857954,
  "A_30": 67.65354434378425,
  "A_31": 70.73419009989439,
  "A_32": 0.0,
  "A_33": 23.012166187545233,
  "A_34": 45.09498643630553,
  "A_35": 2.3012166187545233,
  "A_36": 0.0,
  "A_37": 63.52420982716459,
  "A_38": 51.365442010052774,
  "A_39": 0.0,
  "A_40": 50.56632136994444,
  "A_41": 75.3460481153642,
  "A_42": 69.33256225431,
  "A_43": 16.634456640604437,
  "A_44": 3.214377072188161,
  "A_45": 22.784086560894618,
  "A_46": 2.4152564320798326,
  "A_47": 1.2076282160399163,
  "A_48": 6.428754144376323,
  "A_49": 0.0,
  "A_50": 0.0,
  "A_51": 6.428754144376322,
  "A_52": 25.676865076320098,
  "A_53": 17.551851960935114,
  "A_54": 0.0,
  "A_55": 15.42682842456452,
  "A_56": 18.114423240598747,
  "A_57": 39.67977291383035,
  "A_58": 93.32352304900768,
  "A_59": 90.94906962231266,
  "A_60": 131.7606578382665,
  "A_61": 9.66102572831933,
  "A_62": 58.85623040053105,
  "A_63": 1.2076282160399163,
  "A_64": 48.30512864159665,
  "A_65": 0.0,
  "A_66": 0.0,
  "A_67": 37.41858018548256,
  "A_68": 37.38279116197287,
  "A_69": 1.2076282160399163,
  "A_70": 0.0,
  "A_71": 47.40212181561943,
  "A_72": 10.868653944359247,
  "A_73": 13.810692632593017,
  "A_74": 64.34122497902777,
  "A_75": 141.78686229663913,
  "A_76": 96.07573414274093,
  "A_77": 34.52080025455256,
  "A_78": 46.425966146296,
  "A_79": 30.0766655876726,
  "A_80": 126.15315371265041,
  "A_81": 138.17508632014247,
  "A_82": 9.524856536342135,
  "A_83": 13.28391037643908,
  "A_84": 1.2076282160399163,
  "A_85": 1.2076282160399163,
  "A_86": 0.0,
  "A_87": 0.0,
  "A_88": 0.0,
  "A_89": 0.0,
  "A_90": 0.0,
  "A_91": 22.944936104758412,
  "A_92": 61.17534153104042,
  "A_93": 68.0569499732464,
  "A_94": 161.28244276509147,
  "A_95": 147.30921669497232,
  "A_96": 78.38846697206549,
  "A_97": 169.32489482554013,
  "A_98": 35.851779964543034,
  "A_99": 58.98392985871416,
  "A_100": 30.308980081220255,
  "A_101": 102.10372159548412,
  "A_102": 130.6721462492801,
  "A_103": 20.53475648640678,
  "A_104": 10.868653944359247,
  "A_105": 1.2076282160399163,
  "A_106": 44.900898842166754,
  "A_107": 107.81506164148666,
  "A_108": 108.72738014808915,
  "A_109": 4.330094853554655,
  "A_110": 0.0,
  "A_111": 112.62173610059091,
  "A_112": 65.41268400309049,
  "A_113": 1.2076282160399163,
  "A_114": 1.2076282160399163,
  "A_115": 107.08827303063461,
  "A_116": 64.9683874036492,
  "A_117": 0.0,
  "A_118": 19.04971307268427,
  "A_119": 151.5228338593025,
  "A_120": 44.8643558364202,
  "A_121": 0.0,
  "A_122": 109.29238930365196,
  "A_123": 13.674523440615822,
  "A_124": 135.1017793244711,
  "A_125": 55.669172618058504,
  "A_126": 0.0,
  "A_127": 3.214377072188161,
  "A_128": 3.622884648119749,
  "A_129": 0.0,
  "A_130": 0.0,
  "A_131": 2.4152564320798326,
  "A_132": 12.029472429860679,
  "A_133": 22.944936104758412,
  "A_134": 3.622884648119749,
  "A_135": 35.02713702571694,
  "A_136": 35.54460760124564,
  "A_137": 62.251990466166866,
  "A_138": 20.01136715031872,
  "A_139": 39.15128163127286,
  "A_140": 11.53160539249038,
  "A_141": 90.81290043033545,
  "A_142": 42.07713483415533,
  "A_143": 119.25475659930365,
  "A_144": 82.71612394972095,
  "A_145": 48.71871303125644,
  "A_146": 127.19485557109832,
  "A_147": 75.39454173956503,
  "A_148": 211.41487249046327,
  "A_149": 50.12202477050316,
  "A_150": 143.34922658875178,
  "A_151": 61.16687179724633,
  "A_152": 87.12023472619418,
  "A_153": 60.481790970463315,
  "A_154": 100.25008139890122,
  "A_155": 15.42682842456452,
  "A_156": 43.773318406940305,
  "A_157": 32.03576276645119,
  "A_158": 55.43685812451085,
  "A_159": 75.83704134800846,
  "A_160": 1.0714590240627204,
  "A_161": 0.0,
  "A_162": 60.15576905124439,
  "A_163": 0.0,
  "A_164": 0.0,
  "A_165": 8.044889936347825,
  "A_166": 81.52459325443802,
  "A_167": 19.04971307268427,
  "A_168": 58.79077217600085,
  "A_169": 213.70925300360364,
  "A_170": 62.90128226944019,
  "A_171": 43.869463708510764,
  "A_172": 75.14186972562212,
  "A_173": 4.285836096250882,
  "A_174": 95.65110391331112,
  "A_175": 40.34272436196148,
  "A_176": 3.5088448347944396,
  "A_177": 0.0,
  "A_178": 1.2076282160399163,
  "A_179": 1.0714590240627204,
  "A_180": 10.095897549799846,
  "A_181": 7.636382360416239,
  "A_182": 23.607887552889544,
  "A_183": 28.754997558307373,
  "A_184": 117.64119691330806,
  "A_185": 0.0,
  "A_186": 1.2076282160399163,
  "A_187": 74.83811541513181,
  "A_188": 86.144983835555,
  "A_189": 4.558174480205274,
  "A_190": 5.901971888222386,
  "A_191": 88.13047039262375,
  "A_192": 18.114423240598747,
  "A_193": 3.4867154561425533,
  "A_194": 116.84271715810107,
  "A_195": 138.90950271795745,
  "A_196": 79.55192439539593,
  "A_197": 138.04381801270486,
  "A_198": 27.349046881231637,
  "A_199": 31.284293803712515,
  "A_200": 51.74587631403188,
  "A_201": 3.4867154561425533,
  "A_202": 1.2076282160399163,
  "A_203": 0.0,
  "A_204": 1.2076282160399163,
  "A_205": 6.428754144376322,
  "A_206": 12.143512243185988,
  "A_207": 11.940112968421968,
  "A_208": 1.0935884027146072,
  "A_209": 1.0714590240627204,
  "A_210": 2.279087240102637,
  "A_211": 1.2076282160399163,
  "A_212": 0.0,
  "A_213": 16.403826040719107,
  "A_214": 31.889326849682064,
  "A_215": 5.924101266874272,
  "A_216": 56.278440530925096,
  "A_217": 96.43829906770641,
  "A_218": 29.120088323766353,
  "A_219": 12.076282160399163,
  "A_220": 22.26409014487243,
  "A_221": 121.89791672884547,
  "A_222": 14.491538592478996,
  "A_223": 12.330726032598708,
  "A_224": 139.79365998801316,
  "A_225": 158.32847859114466,
  "A_226": 51.83854073094216,
  "A_227": 8.225317885628796,
  "A_228": 1.0714590240627204,
  "A_229": 17.415682768957915,
  "A_230": 0.0,
  "A_231": 1.2076282160399163,
  "A_232": 0.0,
  "A_233": 38.64410291327732,
  "A_234": 21.716020456897773,
  "A_235": 4.488393424183738,
  "A_236": 27.43332952894215,
  "A_237": 0.0,
  "A_238": 39.101104113409725,
  "A_239": 9.204866475018093,
  "A_240": 14.219200208524605,
  "A_241": 3.350546264165357,
  "A_242": 43.43882675392729,
  "A_243": 10.986928624581596,
  "A_244": 68.28842251996291,
  "A_245": 39.1751200363283,
  "A_246": 41.085723590906085,
  "A_247": 163.88152006651814,
  "A_248": 63.96934837343703,
  "A_249": 45.23115562828273,
  "A_250": 158.20263895581246,
  "A_251": 39.85173112931724,
  "A_252": 101.95473470548026,
  "A_253": 38.48664628947941,
  "A_254": 9.66102572831933,
  "A_255": 29.231577163856954,
  "A_256": 44.46686896751741,
  "A_257": 58.71159147475977,
  "A_258": 97.2195251960599,
  "A_259": 40.92319015337996,
  "A_260": 116.64703363489427,
  "A_261": 113.79783529275939,
  "A_262": 16.225949064672847,
  "A_263": 87.67677414796292,
  "A_264": 48.21829502065144,
  "A_265": 4.285836096250882,
  "A_266": 56.568673426634334,
  "A_267": 32.149802579776505,
  "A_268": 120.34054128586672,
  "A_269": 96.06555538254331,
  "A_270": 1.0714590240627204,
  "A_271": 105.44821086901335,
  "A_272": 84.87522748319769,
  "A_273": 0.0,
  "A_274": 6.038141080199582,
  "A_275": 44.93668786567645,
  "A_276": 24.97381433955854,
  "A_277": 2.4152564320798326,
  "A_278": 1.2076282160399163,
  "A_279": 72.78096284644937,
  "A_280": 3.622884648119749,
  "A_281": 0.0,
  "A_282": 158.67921856136206,
  "A_283": 126.93023293870115,
  "A_284": 72.62614516048048,