{
  "A_1": 231.09683736786786,
  "A_2": 71.14957148055204,
  "A_3": 48.83191089775059,
  "A_4": 119.73049425802205,
  "A_5": 38.322403825549735,
  "A_6": 78.54253067579754,
  "A_7": 84.12546754686255,
  "A_8": 19.32205145663866,
  "A_9": 32.60596183307774,
  "A_10": 43.188617748624786,
  "A_11": 55.39004839397235,
  "A_12": 1.2076282160399163,
  "A_13": 37.72781343356072,
  "A_14": 139.36125117517304,
  "A_15": 105.74192464938278,
  "A_16": 87.17473507554867,
  "A_17": 178.76367172317387,
  "A_18": 88.0852817238945,
  "A_19": 12.87540280050749,
  "A_20": 107.06359267874801,
  "A_21": 36.52754911070081,
  "A_22": 0.0,
  "A_23": 0.0,
  "A_24": 1.2076282160399163,
  "A_25": 20.529679672678576,
  "A_26": 3.622884648119749,
  "A_27": 75.4685576624836,
  "A_28": 30.05453620902071,
  "A_29": 25.541462432950375,
  "A_30": 11.667774584467576,
  "A_31": 7.017689669588879,
  "A_32": 24.447874030235774,
  "A_33": 84.21218807047225,
  "A_34": 88.29131993648754,
  "A_35": 2.4152564320798326,
  "A_36": 6.038141080199582,
  "A_37": 96.00424406031584,
  "A_38": 46.58849958382212,
  "A_39": 0.0,
  "A_40": 21.719413376963647,
  "A_41": 137.6295676054025,
  "A_42": 21.58324418498645,
  "A_43": 193.20935562928108,
  "A_44": 149.2505324593316,
  "A_45": 10.596315560404856,
  "A_46": 20.368830128814782,
  "A_47": 0.0,
  "A_48": 0.0,
  "A_49": 5.76580269624519,
  "A_50": 1.2076282160399163,
  "A_51": 18.623310984997836,
  "A_52": 16.23018393156989,
  "A_53": 74.46444181854322,
  "A_54": 54.92701533594507,
  "A_55": 48.195323695168376,
  "A_56": 231.48923485667183,
  "A_57": 115.29389941351072,
  "A_58": 34.32247779351675,
  "A_59": 135.6602916664263,
  "A_60": 25.298881214610788,
  "A_61": 33.69955023579235,
  "A_62": 1.2076282160399163,
  "A_63": 62.79666723407564,
  "A_64": 0.0,
  "A_65": 57.794196154429095,
  "A_66": 46.36297093040622,
  "A_67": 16.208054552918,
  "A_68": 38.88488714061906,
  "A_69": 23.844436913334242,
  "A_70": 106.19631204442737,
  "A_71": 155.9080322480011,
  "A_72": 156.9592217162629,
  "A_73": 46.22340881836315,
  "A_74": 14.491538592478996,
  "A_75": 139.55972443265628,
  "A_76": 116.04359651799274,
  "A_77": 36.447501329887345,
  "A_78": 76.39198484070917,
  "A_79": 20.939029195441332,
  "A_80": 66.81016494637214,
  "A_81": 64.2068276453072,
  "A_82": 115.63508894206116,
  "A_83": 87.36864674049882,
  "A_84": 4.988849133900592,
  "A_85": 8.453397512279414,
  "A_86": 38.53429796684905,
  "A_87": 70.96064866473577,
  "A_88": 0.0,
  "A_89": 70.04243653031514,
  "A_90": 93.851172384734,
  "A_91": 11.940112968421968,
  "A_92": 16.08977987269565,
  "A_93": 154.46742352077098,
  "A_94": 144.65317603555076,
  "A_95": 41.56824708975625,
  "A_96": 165.34521321656683,
  "A_97": 31.112335588225626,
  "A_98": 207.9775303044646,
  "A_99": 40.06584951821532,
  "A_100": 12.076282160399163,
  "A_101": 2.142918048125441,
  "A_102": 1.2076282160399163,
  "A_103": 0.0,
  "A_104": 4.830512864159665,
  "A_105": 44.47449675448032,
  "A_106": 71.97250539297458,
  "A_107": 0.0,
  "A_108": 34.16078630282179,
  "A_109": 113.4633687724876,
  "A_110": 37.10366693788673,
  "A_111": 24.038524507473017,
  "A_112": 142.24224243496226,
  "A_113": 80.79108163530728,
  "A_114": 1.2076282160399163,
  "A_115": 20.39351048070138,
  "A_116": 87.09630835654444,
  "A_117": 0.0,
  "A_118": 1.2076282160399163,
  "A_119": 103.30445087405676,
  "A_120": 92.66567354734597,
  "A_121": 1.2076282160399163,
  "A_122": 40.65085176942557,
  "A_123": 88.86650785224799,
  "A_124": 73.51125747470284,
  "A_125": 13.28391037643908,
  "A_126": 85.31520125114761,
  "A_127": 98.06534246937119,
  "A_128": 2.279087240102637,
  "A_129": 5.901971888222386,
  "A_130": 0.0,
  "A_131": 1.2076282160399163,
  "A_132": 0.0,
  "A_133": 10.868653944359247,
  "A_134": 1.2076282160399163,
  "A_135": 124.76269737054218,
  "A_136": 55.905721978503195,
  "A_137": 61.89017952343824,
  "A_138": 196.51231304792987,
  "A_139": 93.02821333957024,
  "A_140": 2.4152564320798326,
  "A_141": 47.55270463469129,
  "A_142": 143.5417810856756,
  "A_143": 29.746408801556626,
  "A_144": 0.0,
  "A_145": 129.6084909413689,
  "A_146": 172.4541473031866,
  "A_147": 101.41766059179318,
  "A_148": 68.69344921123431,
  "A_149": 9.77930040854168,
  "A_150": 75.60049198756376,
  "A_151": 47.54507684772837,
  "A_152": 24.152564320798326,
  "A_153": 47.56297135948322,
  "A_154": 6.83726172030791,
  "A_155": 20.920292736855316,
  "A_156": 202.60149872556502,
  "A_157": 40.0891224365931,
  "A_158": 62.11582127418967,
  "A_159": 92.3540652552217,
  "A_160": 161.91151527804627,
  "A_161": 39.016821465699216,
  "A_162": 8.453397512279414,
  "A_163": 43.49503612968533,
  "A_164": 54.61984297264766,
  "A_165": 19.55860081708336,
  "A_166": 1.0714590240627204,
  "A_167": 45.87197769776198,
  "A_168": 124.22465564631776,
  "A_169": 74.33758430719126,
  "A_170": 40.425297983268436,
  "A_171": 122.78732674181799,
  "A_172": 12.879637667404532,
  "A_173": 90.4468546207098,
  "A_174": 106.97675905780278,
  "A_175": 32.60596183307774,
  "A_176": 111.91605899237094,
  "A_177": 100.65011924103872,
  "A_178": 8.044889936347825,
  "A_179": 5.357295120313602,
  "A_180": 62.77877272232081,
  "A_181": 54.299852911323626,
  "A_182": 211.76210644327932,
  "A_183": 13.28391037643908,
  "A_184": 2.4152564320798326,
  "A_185": 141.0584526239778,
  "A_186": 69.96923742148653,
  "A_187": 0.0,
  "A_188": 39.83383661756239,
  "A_189": 105.9810501158034,
  "A_190": 24.543177384975067,
  "A_191": 6.564923336353519,
  "A_192": 185.94067783941162,
  "A_193": 16.5646755845829,
  "A_194": 47.961212210622875,
  "A_195": 89.43085099016825,
  "A_196": 210.87107536849757,
  "A_197": 72.43130358410484,
  "A_198": 3.622884648119749,
  "A_199": 45.75370301753962,
  "A_200": 65.09788385283018,
  "A_201": 0.0,
  "A_202": 0.0,
  "A_203": 82.6564085565615,
  "A_204": 16.770625832581633,
  "A_205": 0.0,
  "A_206": 92.95756520397632,
  "A_207": 95.92941132330733,
  "A_208": 33.67742085714046,
  "A_209": 12.739233608530297,
  "A_210": 130.59227439765525,
  "A_211": 83.82157500629552,
  "A_212": 103.54091226990714,
  "A_213": 169.26094456548364,
  "A_214": 45.88987220951682,
  "A_215": 48.77483444242017,
  "A_216": 91.51164090197629,
  "A_217": 17.415682768957918,
  "A_218": 75.12739326667436,
  "A_219": 68.58544125580389,
  "A_220": 160.92941571542227,
  "A_221": 28.936267454419507,
  "A_222": 26.635050835664984,
  "A_223": 136.54622079473862,
  "A_224": 104.21905646011103,
  "A_225": 0.0,
  "A_226": 25.61463640903779,
  "A_227": 176.01494151410083,
  "A_228": 83.83946951805036,
  "A_229": 2.279087240102637,
  "A_230": 39.40743452987596,
  "A_231": 29.065562841670648,
  "A_232": 137.55204566508255,
  "A_233": 141.61667593940885,
  "A_234": 75.80823922656035,
  "A_235": 199.19990786396409,
  "A_236": 156.03251471530695,
  "A_237": 108.97040118940023,
  "A_238": 137.88569537126438,
  "A_239": 112.30942409171222,
  "A_240": 56.784890399424995,
  "A_241": 97.00087034737004,
  "A_242": 92.71503425111916,
  "A_243": 120.56427294828478,
  "A_244": 49.499097212778764,
  "A_245": 38.626208401522476,
  "A_246": 61.84348289023528,
  "A_247": 102.5122291714157,
  "A_248": 97.81788549923321,
  "A_249": 65.99314979450897,
  "A_250": 111.10179587567231,
  "A_251": 72.96658070679406,
  "A_252": 74.1444517572192,
  "A_253": 18.000383427273434,
  "A_254": 216.24622730145413,
  "A_255": 150.4913358937934,
  "A_256": 122.4972320761855,
  "A_257": 107.46101671579771,
  "A_258": 111.02079305069216,
  "A_259": 88.57627495653875,
  "A_260": 166.88924317395316,
  "A_261": 142.28295747575277,
  "A_262": 74.17420892283398,
  "A_263": 136.42100947793713,
  "A_264": 150.4615787281786,
  "A_265": 109.19542718799157,
  "A_266": 113.30167728179264,
  "A_267": 53.13564150575631,
  "A_268": 77.65753145891067,
  "A_269": 188.85631458298462,
  "A_270": 95.0945016596893,
  "A_271": 108.1418626756837,
  "A_272": 101.69521401955252,
  "A_273": 121.5006309218725,
  "A_274": 108.63709077522498,
  "A_275": 110.01244233985474,