{
  "A_1": 28.391590686510725,
  "A_2": 108.49930052143853,
  "A_3": 14.127289773851182,
  "A_4": 31.125995233083437,
  "A_5": 1.0714590240627204,
  "A_6": 58.97027021385635,
  "A_7": 3.622884648119749,
  "A_8": 55.199353719899456,
  "A_9": 5.901971888222386,
  "A_10": 54.11519009514562,
  "A_11": 0.0,
  "A_12": 13.28391037643908,
  "A_13": 3.214377072188161,
  "A_14": 1.2076282160399163,
  "A_15": 59.79152023261657,
  "A_16": 1.0714590240627204,
  "A_17": 0.0,
  "A_18": 42.76738043926086,
  "A_19": 6.428754144376322,
  "A_20": 25.498422613596205,
  "A_21": 61.07919622946996,
  "A_22": 19.55860081708336,
  "A_23": 59.88522765828784,
  "A_24": 125.99839885853457,
  "A_25": 222.8230509907795,
  "A_26": 99.99384053570382,
  "A_27": 174.86601081520058,
  "A_28": 195.80497717878876,
  "A_29": 77.27031131479981,
  "A_30": 131.96840507726307,
  "A_31": 184.86576306342994,
  "A_32": 15.475322048765335,
  "A_33": 33.880820131904485,
  "A_34": 9.77930040854168,
  "A_35": 5.357295120313602,
  "A_36": 1.0714590240627204,
  "A_37": 3.622884648119749,
  "A_38": 13.151976051358924,
  "A_39": 7.500213168439043,
  "A_40": 2.4152564320798326,
  "A_41": 44.81322327439037,
  "A_42": 0.0,
  "A_43": 0.0,
  "A_44": 8.571672192501763,
  "A_45": 0.0,
  "A_46": 56.64448634055076,
  "A_47": 0.0,
  "A_48": 52.5014921790733,
  "A_49": 1.0714590240627204,
  "A_50": 17.551851960935114,
  "A_51": 100.61676809342822,
  "A_52": 101.30193688480554,
  "A_53": 20.920292736855316,
  "A_54": 28.94728816144829,
  "A_55": 9.643131216564484,
  "A_56": 0.0,
  "A_57": 7.245769296239498,
  "A_58": 42.36736772986457,
  "A_59": 22.79087240102637,
  "A_60": 87.93298987841911,
  "A_61": 139.48651275745698,
  "A_62": 100.77083179716027,
  "A_63": 117.86330751391688,
  "A_64": 52.327096087687224,
  "A_65": 26.56782075287816,
  "A_66": 148.88457461430025,
  "A_67": 17.143344385003527,
  "A_68": 96.6833181619452,
  "A_69": 99.82460922264025,
  "A_70": 2.142918048125441,
  "A_71": 103.90194409765769,
  "A_72": 64.1634108348346,
  "A_73": 10.714590240627205,
  "A_74": 44.6822439934769,
  "A_75": 57.824795266875064,
  "A_76": 206.9136990673648,
  "A_77": 54.42575537850889,
  "A_78": 66.20089703350557,
  "A_79": 83.00879472132937,
  "A_80": 14.06513650479256,
  "A_81": 148.3961323548907,
  "A_82": 112.63446583402325,
  "A_83": 3.350546264165357,
  "A_84": 155.1636130191771,
  "A_85": 61.45191478189185,
  "A_86": 37.4364746972374,
  "A_87": 66.14625845407431,
  "A_88": 3.622884648119749,
  "A_89": 79.40473449638995,
  "A_90": 0.0,
  "A_91": 2.4152564320798326,
  "A_92": 41.84482034060768,
  "A_93": 45.854083186007124,
  "A_94": 0.0,
  "A_95": 102.3207302496235,
  "A_96": 0.0,
  "A_97": 28.983077184957992,
  "A_98": 22.90914708124872,
  "A_99": 82.13734205196481,
  "A_100": 71.06444688601036,
  "A_101": 93.18813297200856,
  "A_102": 51.89645913310375,
  "A_103": 113.9006784698673,
  "A_104": 80.80033048407944,
  "A_105": 67.30115817901638,
  "A_106": 16.90679502455883,
  "A_107": 74.0073275210753,
  "A_108": 0.0,
  "A_109": 87.81294333994012,
  "A_110": 142.49416046666832,
  "A_111": 105.98441790312805,
  "A_112": 33.64163183363077,
  "A_113": 60.995001546353755,
  "A_114": 123.54990437617977,
  "A_115": 30.190705400997906,
  "A_116": 61.77793670111078,
  "A_117": 0.0,
  "A_118": 0.0,
  "A_119": 76.53502783741243,
  "A_120": 6.428754144376322,
  "A_121": 1.2076282160399163,
  "A_122": 163.50638877093832,
  "A_123": 57.172952490367024,
  "A_124": 0.0,
  "A_125": 62.79666723407564,
  "A_126": 0.0,
  "A_127": 0.0,
  "A_128": 49.631031537858924,
  "A_129": 160.3480828444314,
  "A_130": 64.12257013033792,
  "A_131": 130.29780663504897,
  "A_132": 56.99507551432076,
  "A_133": 110.51274725312423,
  "A_134": 139.48651275745698,
  "A_135": 52.88795834094731,
  "A_136": 183.2530830233774,
  "A_137": 83.78155111588877,
  "A_138": 0.0,
  "A_139": 191.4426118854965,
  "A_140": 104.15978088992313,
  "A_141": 89.58143380924011,
  "A_142": 52.318626353893144,
  "A_143": 97.54804782303111,
  "A_144": 19.286262433128968,
  "A_145": 52.72713392982474,
  "A_146": 103.56579368372357,
  "A_147": 9.643131216564484,
  "A_148": 51.83854073094217,
  "A_149": 137.3818844405935,
  "A_150": 69.05691891488405,
  "A_151": 106.37917786960753,
  "A_152": 0.0,
  "A_153": 33.81359004911766,
  "A_154": 0.0,
  "A_155": 44.338327562503125,
  "A_156": 6.038141080199582,
  "A_157": 99.1774788351126,
  "A_158": 10.714590240627205,
  "A_159": 56.965318348705964,
  "A_160": 11.597993528446041,
  "A_161": 19.286262433128968,
  "A_162": 0.0,
  "A_163": 0.0,
  "A_164": 1.2076282160399163,
  "A_165": 15.699166808518912,
  "A_166": 7.566601304394704,
  "A_167": 68.14648536387371,
  "A_168": 104.3649143238319,
  "A_169": 126.43234076858963,
  "A_170": 3.5088448347944396,
  "A_171": 14.377498779153687,
  "A_172": 24.105754590259842,
  "A_173": 44.15027182625924,
  "A_174": 65.82119157902207,
  "A_175": 6.038141080199582,
  "A_176": 3.622884648119749,
  "A_177": 177.08895151139825,
  "A_178": 66.3701032138279,
  "A_179": 19.16798775290662,
  "A_180": 33.75990651385312,
  "A_181": 64.06888659507338,
  "A_182": 8.453397512279414,
  "A_183": 159.0894351636972,
  "A_184": 8.980179768433352,
  "A_185": 124.01719743384531,
  "A_186": 60.965156416144644,
  "A_187": 52.45479554587033,
  "A_188": 134.3945691190362,
  "A_189": 46.26259076193871,
  "A_190": 106.60821254042482,
  "A_191": 94.14131731584894,
  "A_192": 71.62278329877697,
  "A_193": 141.5502249716001,
  "A_194": 125.0707870788944,
  "A_195": 86.34324346473772,
  "A_196": 12.739233608530297,
  "A_197": 36.21942170323672,
  "A_198": 15.99786943802223,
  "A_199": 0.0,
  "A_200": 0.0,
  "A_201": 2.4152564320798326,
  "A_202": 71.98784893149472,
  "A_203": 46.684871080063644,
  "A_204": 73.67622878812817,
  "A_205": 104.1163640794505,
  "A_206": 104.37582193352516,
  "A_207": 71.51898507750236,
  "A_208": 7.636382360416238,
  "A_209": 4.830512864159665,
  "A_210": 0.0,
  "A_211": 2.4152564320798326,
  "A_212": 3.622884648119749,
  "A_213": 17.143344385003527,
  "A_214": 19.04971307268427,
  "A_215": 65.87487511428661,
  "A_216": 48.58254383927925,
  "A_217": 60.29373523421944,
  "A_218": 140.36568117837876,
  "A_219": 170.17911900079238,
  "A_220": 61.329405234772466,
  "A_221": 48.95442044486998,
  "A_222": 81.1118508116094,
  "A_223": 177.95167055318583,
  "A_224": 67.59986080851971,
  "A_225": 53.527096516764225,
  "A_226": 56.94487286371641,
  "A_227": 76.9979729308454,
  "A_228": 28.640957744982064,
  "A_229": 103.60581757413028,
  "A_230": 159.21371656907323,
  "A_231": 63.776215823464945,
  "A_232": 41.05935934535715,
  "A_233": 123.01804530629761,
  "A_234": 68.85522866652357,
  "A_235": 6.038141080199582,
  "A_236": 85.34400337259574,
  "A_237": 144.04388298994294,
  "A_238": 0.0,
  "A_239": 38.3479261242675,
  "A_240": 1.2076282160399163,
  "A_241": 1.2076282160399163,
  "A_242": 3.622884648119749,
  "A_243": 4.488393424183737,
  "A_244": 2.142918048125441,
  "A_245": 10.868653944359247,
  "A_246": 19.348415702187587,
  "A_247": 5.357295120313602,
  "A_248": 62.280792587614975,
  "A_249": 25.2061288331062,
  "A_250": 152.1517304430687,
  "A_251": 127.40324369499623,
  "A_252": 68.76323026725585,
  "A_253": 60.22734709826377,
  "A_254": 67.12157217656659,
  "A_255": 12.076282160399163,
  "A_256": 14.491538592478996,
  "A_257": 119.64858665435763,
  "A_258": 29.054542134641856,
  "A_259": 0.0,
  "A_260": 129.09789417056626,
  "A_261": 83.19017771477704,
  "A_262": 19.04971307268427,
  "A_263": 27.775448968918077,
  "A_264": 44.78685902884144,
  "A_265": 67.26536915550669,
  "A_266": 21.623268075393185,
  "A_267": 101.96056550144533,
  "A_268": 167.62363443902694,
  "A_269": 83.91772030786596,
  "A_270": 19.304156944883815,
  "A_271": 123.7099119732124,
  "A_272": 94.32418314102908,
  "A_273": 10.868653944359247,
  "A_274": 25.188234321351352,
  "A_275": 96.65695391639628,
  "A_276": 55.50577210096,
  "A_277": 53.13564150575632,
  "A_278": 33.333592390760984,
  "A_279": 40.67043017484274,