{
  "A_1": 244.47693074498923,
  "A_2": 195.95910371437392,
  "A_3": 108.45834671960634,
  "A_4": 191.10730341839354,
  "A_5": 97.35230146797122,
  "A_6": 134.73181280721371,
  "A_7": 82.05740736848685,
  "A_8": 67.65354434378423,
  "A_9": 144.02858971690526,
  "A_10": 61.59750875182981,
  "A_11": 31.26216442506063,
  "A_12": 85.76880953121415,
  "A_13": 71.23640510149725,
  "A_14": 21.464969504764102,
  "A_15": 52.590964737847536,
  "A_16": 93.89110831054643,
  "A_17": 30.9906679879374,
  "A_18": 31.907221361436914,
  "A_19": 74.81926585921028,
  "A_20": 50.74419834599071,
  "A_21": 29.33790122562504,
  "A_22": 38.64410291327732,
  "A_23": 104.35029963480741,
  "A_24": 93.05196378003137,
  "A_25": 108.9273236709342,
  "A_26": 72.29249545429863,
  "A_27": 114.94679112440087,
  "A_28": 123.33023165147014,
  "A_29": 33.1999741720185,
  "A_30": 61.051122957517485,
  "A_31": 48.944241684672356,
  "A_32": 67.6271800982353,
  "A_33": 40.987781298337765,
  "A_34": 68.83480831427524,
  "A_35": 10.868653944359247,
  "A_36": 11.417565579165071,
  "A_37": 40.07810172956431,
  "A_38": 79.29495468270288,
  "A_39": 0.0,
  "A_40": 35.16162232403181,
  "A_41": 5.901971888222386,
  "A_42": 67.30548101050772,
  "A_43": 26.940539305300057,
  "A_44": 111.76474732380343,
  "A_45": 21.218995366358637,
  "A_46": 149.28519050948597,
  "A_47": 32.0408395801794,
  "A_48": 103.75289437580076,
  "A_49": 83.27266337148968,
  "A_50": 88.26493055819739,
  "A_51": 76.34592909240754,
  "A_52": 15.699166808518912,
  "A_53": 68.50962834188746,
  "A_54": 39.11041579403497,
  "A_55": 26.940539305300057,
  "A_56": 26.5720556197752,
  "A_57": 26.56782075287816,
  "A_58": 65.68763619213269,
  "A_59": 71.13602493302974,
  "A_60": 0.0,
  "A_61": 82.11871869071432,
  "A_62": 14.127289773851182,
  "A_63": 16.770625832581633,
  "A_64": 36.21518683633968,
  "A_65": 44.00563290048797,
  "A_66": 96.31736031691383,
  "A_67": 93.73280973991734,
  "A_68": 72.048318306891,
  "A_69": 150.10220566134916,
  "A_70": 124.45111421115914,
  "A_71": 36.11480666787218,
  "A_72": 13.266015864684233,
  "A_73": 8.317228320302219,
  "A_74": 34.090163299969085,
  "A_75": 18.843762824685538,
  "A_76": 20.759443192991526,
  "A_77": 81.43447981076245,
  "A_78": 19.422431625106164,
  "A_79": 52.28283733038345,
  "A_80": 5.379424498965489,
  "A_81": 68.83480831427522,
  "A_82": 50.18246901315823,
  "A_83": 62.08003225067998,
  "A_84": 47.862515935817704,
  "A_85": 93.27662535387489,
  "A_86": 85.63179839240578,
  "A_87": 200.34853696996956,
  "A_88": 99.37091297797942,
  "A_89": 39.52570921009831,
  "A_90": 164.62292336639473,
  "A_91": 137.78012529173316,
  "A_92": 51.01737867677626,
  "A_93": 49.695622682816726,
  "A_94": 102.82966825950503,
  "A_95": 49.161212639699876,
  "A_96": 27.339710067865184,
  "A_97": 7.245769296239498,
  "A_98": 44.52818028974486,
  "A_99": 11.145227195210678,
  "A_100": 60.385645668892856,
  "A_101": 10.073768171147957,
  "A_102": 66.4195518821954,
  "A_103": 41.42189913758142,
  "A_104": 84.53397512279415,
  "A_105": 45.09498643630553,
  "A_106": 110.94074526987868,
  "A_107": 154.7413829665346,
  "A_108": 6.038141080199582,
  "A_109": 3.350546264165357,
  "A_110": 85.60543414685687,
  "A_111": 4.285836096250882,
  "A_112": 129.262915749474,
  "A_113": 13.28391037643908,
  "A_114": 34.404209467992544,
  "A_115": 10.983535704515722,
  "A_116": 35.66627520153386,
  "A_117": 0.0,
  "A_118": 0.0,
  "A_119": 0.0,
  "A_120": 27.07670849727725,
  "A_121": 9.915469600518875,
  "A_122": 0.0,
  "A_123": 0.0,
  "A_124": 23.4538238491575,
  "A_125": 29.915816043808803,
  "A_126": 3.4867154561425533,
  "A_127": 49.423284298862335,
  "A_128": 75.09462017211212,
  "A_129": 21.5653496732316,
  "A_130": 22.90914708124872,
  "A_131": 47.28036625073689,
  "A_132": 23.471718360912348,
  "A_133": 17.143344385003527,
  "A_134": 9.643131216564484,
  "A_135": 46.108527058206676,
  "A_136": 2.142918048125441,
  "A_137": 0.0,
  "A_138": 15.953610680718457,
  "A_139": 56.50736210440687,
  "A_140": 40.445743468258,
  "A_141": 34.71309085769349,
  "A_142": 0.0,
  "A_143": 6.995560290936993,
  "A_144": 3.3948050214691308,
  "A_145": 1.2076282160399163,
  "A_146": 2.4152564320798326,
  "A_147": 45.930712914013505,
  "A_148": 0.0,
  "A_149": 48.62848649024535,
  "A_150": 20.622432054183164,
  "A_151": 0.0,
  "A_152": 22.40025933684963,
  "A_153": 0.0,
  "A_154": 59.85886341273892,
  "A_155": 34.154000462690036,
  "A_156": 3.350546264165357,
  "A_157": 75.39030687266799,
  "A_158": 46.61741480260576,
  "A_159": 79.70346225863447,
  "A_160": 94.82216327573491,
  "A_161": 59.10220453893651,
  "A_162": 131.83223588528588,
  "A_163": 48.30512864159665,
  "A_164": 120.40870128007901,
  "A_165": 14.219200208524605,
  "A_166": 43.47461577743699,
  "A_167": 46.139214135246945,
  "A_168": 46.68899284962515,
  "A_169": 2.279087240102637,
  "A_170": 70.97772636240067,
  "A_171": 4.558174480205274,
  "A_172": 112.13746587622533,
  "A_173": 2.1871768054292144,
  "A_174": 19.071842451336156,
  "A_175": 49.72207489295996,
  "A_176": 8.59380157115365,
  "A_177": 18.21480340906625,
  "A_178": 12.076282160399163,
  "A_179": 86.6240515824862,
  "A_180": 47.60638816995583,
  "A_181": 160.5275808822869,
  "A_182": 59.81968146916334,
  "A_183": 15.953610680718457,
  "A_184": 180.6137430705023,
  "A_185": 22.636808697294327,
  "A_186": 39.28915984965361,
  "A_187": 159.4808022101108,
  "A_188": 39.444065500216816,
  "A_189": 46.241303330117994,
  "A_190": 73.3520918245014,
  "A_191": 61.66813175468252,
  "A_192": 18.637812576686805,
  "A_193": 25.634214814454964,
  "A_194": 63.48003903445512,
  "A_195": 5.357295120313602,
  "A_196": 3.214377072188161,
  "A_197": 7.245769296239498,
  "A_198": 69.84315902511264,
  "A_199": 1.2076282160399163,
  "A_200": 125.84183444705026,
  "A_201": 0.0,
  "A_202": 77.15203663457744,
  "A_203": 8.844010576456155,
  "A_204": 58.08442905013834,
  "A_205": 26.141418665191722,
  "A_206": 94.92254344420242,
  "A_207": 82.15175567905948,
  "A_208": 98.56332260407702,
  "A_209": 24.152564320798326,
  "A_210": 154.36272052081213,
  "A_211": 22.967907430241464,
  "A_212": 95.40262906715338,
  "A_213": 23.045316273225914,
  "A_214": 32.197454257146155,
  "A_215": 11.553734771142267,
  "A_216": 40.65085176942557,
  "A_217": 6.83726172030791,
  "A_218": 85.16113754741558,
  "A_219": 4.422005288228077,
  "A_220": 9.643131216564484,
  "A_221": 1.0714590240627204,
  "A_222": 66.19391013144397,
  "A_223": 18.259062166370022,
  "A_224": 6.038141080199582,
  "A_225": 77.14513769711017,
  "A_226": 22.63680869729432,
  "A_227": 5.467942013573036,
  "A_228": 54.715988274218134,
  "A_229": 109.19699798431837,
  "A_230": 106.57335342834061,
  "A_231": 19.55860081708336,
  "A_232": 18.004618294170477,
  "A_233": 2.279087240102637,
  "A_234": 32.377882206427124,
  "A_235": 35.95395712400838,
  "A_236": 100.56488154916153,
  "A_237": 78.74262499508998,
  "A_238": 0.0,
  "A_239": 40.869506618115416,
  "A_240": 1.2076282160399163,
  "A_241": 104.15133628887025,
  "A_242": 2.142918048125441,
  "A_243": 45.07285705765364,
  "A_244": 4.444134666879965,
  "A_245": 96.47408809121612,
  "A_246": 39.91725218570052,
  "A_247": 46.148550948613405,
  "A_248": 73.54005959615097,
  "A_249": 21.737307888718494,
  "A_250": 114.10840057612268,
  "A_251": 72.5869632169049,
  "A_252": 68.56246993032083,
  "A_253": 14.083031016547409,
  "A_254": 83.05400852279985,
  "A_255": 1.2076282160399163,
  "A_256": 44.001398033590924,
  "A_257": 1.2076282160399163,
  "A_258": 79.41322936292524,
  "A_259": 0.0,
  "A_260": 30.273191057710566,
  "A_261": 0.0,
  "A_262": 117.04034846875311,
  "A_263": 26.024827878631708,
  "A_264": 4.558174480205274,
  "A_265": 3.622884648119749,
  "A_266": 27.34904688123164,
  "A_267": 10.868653944359247,
  "A_268": 27.758396403994393,
  "A_269": 114.83596830195282,
  "A_270": 42.02101342299161,
  "A_271": 72.42094889471859,
  "A_272": 107.91622092493225,
  "A_273": 1.2076282160399163,
  "A_274": 10.596315560404856,
  "A_275": 0.0,