{
  "A_1": 242.971479545389,
  "A_2": 177.58402881449214,
  "A_3": 202.9785275431076,
  "A_4": 202.98699727690166,
  "A_5": 189.3805207331626,
  "A_6": 186.1619087940774,
  "A_7": 130.99477524843314,
  "A_8": 99.49606146292783,
  "A_9": 182.299019033594,
  "A_10": 93.799197875873,
  "A_11": 97.34890854790534,
  "A_12": 174.68476605182963,
  "A_13": 141.9426350267747,
  "A_14": 193.73867629229912,
  "A_15": 66.18288942441518,
  "A_16": 222.46734730416938,
  "A_17": 117.62997514434943,
  "A_18": 77.98683320085995,
  "A_19": 83.35694601920021,
  "A_20": 96.9174296464907,
  "A_21": 159.73622625921826,
  "A_22": 91.01545775826833,
  "A_23": 68.40501330652292,
  "A_24": 30.190705400997906,
  "A_25": 72.98868495270473,
  "A_26": 1.2076282160399163,
  "A_27": 14.47364408072415,
  "A_28": 2.4152564320798326,
  "A_29": 0.0,
  "A_30": 2.4152564320798326,
  "A_31": 3.214377072188161,
  "A_32": 0.0,
  "A_33": 0.0,
  "A_34": 9.66526059521637,
  "A_35": 9.116348960410548,
  "A_36": 3.622884648119749,
  "A_37": 0.0,
  "A_38": 11.940112968421968,
  "A_39": 14.201305696769758,
  "A_40": 168.65150072342846,
  "A_41": 34.87138942832257,
  "A_42": 49.94847062594825,
  "A_43": 101.99635452495502,
  "A_44": 140.33334790678802,
  "A_45": 102.90188719142574,
  "A_46": 113.91355899974701,
  "A_47": 101.51806589300189,
  "A_48": 69.05346316296509,
  "A_49": 42.93417387642524,
  "A_50": 17.143344385003527,
  "A_51": 121.32696367998207,
  "A_52": 32.33362344912335,
  "A_53": 32.90127154251518,
  "A_54": 8.339357698954105,
  "A_55": 97.61437312713369,
  "A_56": 96.57951994067061,
  "A_57": 19.04971307268427,
  "A_58": 25.08785415288385,
  "A_59": 105.06522559179953,
  "A_60": 69.07559254161697,
  "A_61": 9.524856536342135,
  "A_62": 71.77684700250899,
  "A_63": 91.75503893440583,
  "A_64": 3.622884648119749,
  "A_65": 149.58925897924166,
  "A_66": 106.38257078967341,
  "A_67": 36.75562873735143,
  "A_68": 4.285836096250882,
  "A_69": 75.32220971030878,
  "A_70": 43.39964481035173,
  "A_71": 113.37662311613668,
  "A_72": 20.42410959314735,
  "A_73": 41.5503525780014,
  "A_74": 78.17065407020678,
  "A_75": 32.82461668176759,
  "A_76": 43.47461577743699,
  "A_77": 74.22183546746243,
  "A_78": 44.40990560952251,
  "A_79": 3.280765208143822,
  "A_80": 3.2365064508400483,
  "A_81": 120.43677455203148,
  "A_82": 92.18126509290366,
  "A_83": 33.75990651385312,
  "A_84": 59.698855815706295,
  "A_85": 32.614431566871815,
  "A_86": 92.65030487608462,
  "A_87": 13.28391037643908,
  "A_88": 7.245769296239498,
  "A_89": 7.245769296239498,
  "A_90": 71.72316346724446,
  "A_91": 0.0,
  "A_92": 0.0,
  "A_93": 58.30656478348837,
  "A_94": 44.17927500963718,
  "A_95": 0.0,
  "A_96": 57.110799221308405,
  "A_97": 85.80619448379187,
  "A_98": 26.395862537391267,
  "A_99": 22.845661776904983,
  "A_100": 123.44766438486131,
  "A_101": 129.04933771451238,
  "A_102": 4.558174480205274,
  "A_103": 74.62941313196853,
  "A_104": 0.0,
  "A_105": 1.2076282160399163,
  "A_106": 0.0,
  "A_107": 0.0,
  "A_108": 2.279087240102637,
  "A_109": 0.0,
  "A_110": 2.3012166187545233,
  "A_111": 5.379424498965489,
  "A_112": 75.42853377207686,
  "A_113": 15.699166808518912,
  "A_114": 0.0,
  "A_115": 5.493464312290798,
  "A_116": 29.065562841670648,
  "A_117": 0.0,
  "A_118": 0.0,
  "A_119": 0.0,
  "A_120": 0.0,
  "A_121": 0.0,
  "A_122": 10.714590240627205,
  "A_123": 0.0,
  "A_124": 1.0714590240627204,
  "A_125": 0.0,
  "A_126": 73.493362962948,
  "A_127": 3.214377072188161,
  "A_128": 69.88318291551938,
  "A_129": 64.41448691970947,
  "A_130": 7.245769296239498,
  "A_131": 2.4152564320798326,
  "A_132": 0.0,
  "A_133": 0.0,
  "A_134": 0.0,
  "A_135": 0.0,
  "A_136": 0.0,
  "A_137": 22.132193518904117,
  "A_138": 96.19322970798521,
  "A_139": 14.491538592478996,
  "A_140": 58.030745514873786,
  "A_141": 59.01971888222386,
  "A_142": 22.518534017071975,
  "A_143": 132.86966517772493,
  "A_144": 83.66835324939464,
  "A_145": 29.7906675588604,
  "A_146": 19.04971307268427,
  "A_147": 6.038141080199582,
  "A_148": 56.75852615387606,
  "A_149": 112.30942409171223,
  "A_150": 10.714590240627205,
  "A_151": 3.622884648119749,
  "A_152": 50.802870730389145,
  "A_153": 3.2365064508400483,
  "A_154": 0.0,
  "A_155": 0.0,
  "A_156": 15.018320848632934,
  "A_157": 0.0,
  "A_158": 0.0,
  "A_159": 34.57692166571629,
  "A_160": 42.485642410086925,
  "A_161": 181.87523075099534,
  "A_162": 44.0456567908947,
  "A_163": 0.0,
  "A_164": 29.900472505288672,
  "A_165": 99.15223299654835,
  "A_166": 42.855897953868414,
  "A_167": 7.522342547090929,
  "A_168": 0.0,
  "A_169": 0.0,
  "A_170": 1.2076282160399163,
  "A_171": 1.2076282160399163,
  "A_172": 2.279087240102637,
  "A_173": 59.96176942169991,
  "A_174": 57.89881118979365,
  "A_175": 14.609813272701345,
  "A_176": 0.0,
  "A_177": 2.4152564320798326,
  "A_178": 11.259267008535987,
  "A_179": 2.1871768054292144,
  "A_180": 22.831738238264265,
  "A_181": 9.915469600518875,
  "A_182": 0.0,
  "A_183": 17.025069704781178,
  "A_184": 49.069302205026446,
  "A_185": 75.99110505174049,
  "A_186": 58.94228490649819,
  "A_187": 119.48785020782937,
  "A_188": 105.51885900460726,
  "A_189": 71.41503605978036,
  "A_190": 35.84246828391779,
  "A_191": 26.023143984969376,
  "A_192": 1.2076282160399163,
  "A_193": 3.2365064508400483,
  "A_194": 77.6975553493174,
  "A_195": 11.830308021993698,
  "A_196": 49.731411706326426,
  "A_197": 48.985019557315944,
  "A_198": 152.8529087906087,
  "A_199": 23.51597711821612,
  "A_200": 33.931864729340006,
  "A_201": 4.69434367218247,
  "A_202": 3.622884648119749,
  "A_203": 142.42855144569074,
  "A_204": 13.928967312815365,
  "A_205": 145.61917807741779,
  "A_206": 127.80250242215567,
  "A_207": 35.008400567130934,
  "A_208": 138.82701706124482,
  "A_209": 30.159151244385253,
  "A_210": 85.81466421758594,
  "A_211": 41.8711845861566,
  "A_212": 124.45790005129088,
  "A_213": 139.30104569355967,
  "A_214": 86.41725938765632,
  "A_215": 32.4518981293457,
  "A_216": 107.4039402604673,
  "A_217": 70.97430830959358,
  "A_218": 90.93294696881445,
  "A_219": 19.59523178742422,
  "A_220": 12.466895224575904,
  "A_221": 60.309832754976426,
  "A_222": 96.1768682934453,
  "A_223": 13.129846672707037,
  "A_224": 68.82114866941743,
  "A_225": 1.2076282160399163,
  "A_226": 87.39077611915073,
  "A_227": 3.5088448347944396,
  "A_228": 68.39474658173098,
  "A_229": 175.84132453769283,
  "A_230": 44.6822439934769,
  "A_231": 129.00589577129853,
  "A_232": 130.12662753454015,
  "A_233": 15.43106329146156,
  "A_234": 18.114423240598747,
  "A_235": 111.3707162068196,
  "A_236": 9.687389973868257,
  "A_237": 8.453397512279414,
  "A_238": 71.56147197654951,
  "A_239": 3.622884648119749,
  "A_240": 122.42226110910023,
  "A_241": 1.2076282160399163,
  "A_242": 102.05003806021958,
  "A_243": 84.63096237119576,
  "A_244": 121.49118101117054,
  "A_245": 3.214377072188161,
  "A_246": 42.63970611381897,
  "A_247": 33.215229745944335,
  "A_248": 120.21814483608287,
  "A_249": 69.63392895438356,
  "A_250": 0.0,
  "A_251": 81.70340014190975,
  "A_252": 58.10655842879022,
  "A_253": 26.56782075287816,
  "A_254": 45.19113173787599,
  "A_255": 135.0575205671673,
  "A_256": 64.3812488694345,
  "A_257": 47.99700123413257,
  "A_258": 65.51306417155799,
  "A_259": 48.233550594577274,
  "A_260": 0.0,
  "A_261": 0.0,
  "A_262": 0.0,
  "A_263": 0.0,
  "A_264": 0.0,
  "A_265": 0.0,
  "A_266": 43.47461577743699,
  "A_267": 43.45332834561627,
  "A_268": 52.699902604703425,
  "A_269": 0.0,
  "A_270": 28.2996802518373,
  "A_271": 25.873315148134374,
  "A_272": 83.79944562764362,
  "A_273": 137.73513768493376,
  "A_274": 28.59669898767829,
  "A_275": 2.4152564320798326,
  "A_276": 35.02121826515757,
  "A_277": 70.36147154747249,
  "A_278": 21.719413376963644,
  "A_279": 0.0,
  "A_280": 9.66102572831933,
  "A_281": 84.07178401159801,
  "A_282": 3.5088448347944396,
  "A_283": 22.90914708124872,
  "A_284": 163.06630190565284,
  "A_285": 117.05046439709766,
  "A_286": 46.57918790319688,