{
  "A_1": 235.5537143345508,
  "A_2": 100.24489148783749,
  "A_3": 208.20221701104933,
  "A_4": 122.4358956212168,
  "A_5": 33.47681131665284,
  "A_6": 46.60555214874581,
  "A_7": 0.0,
  "A_8": 84.53397512279413,
  "A_9": 2.142918048125441,
  "A_10": 101.9453978921138,
  "A_11": 69.61603444262872,
  "A_12": 26.00948434011157,
  "A_13": 66.2560634005026,
  "A_14": 139.04227898986878,
  "A_15": 194.85101371997035,
  "A_16": 58.34310778923492,
  "A_17": 4.716473050834356,
  "A_18": 115.3595335672295,
  "A_19": 3.622884648119749,
  "A_20": 83.32634690675422,
  "A_21": 0.0,
  "A_22": 69.77009814636077,
  "A_23": 3.214377072188161,
  "A_24": 74.39286377152384,
  "A_25": 78.99953187592993,
  "A_26": 69.03556865121024,
  "A_27": 141.72053699253655,
  "A_28": 165.9624859075148,
  "A_29": 80.02673214268887,
  "A_30": 0.0,
  "A_31": 69.54962117393183,
  "A_32": 2.279087240102637,
  "A_33": 70.74709576251534,
  "A_34": 64.5310777062695,
  "A_35": 91.94471573245895,
  "A_36": 17.29740808873557,
  "A_37": 16.208054552918,
  "A_38": 49.90336992181331,
  "A_39": 111.76474732380345,
  "A_40": 194.64512630382467,
  "A_41": 30.00085267375617,
  "A_42": 14.219200208524605,
  "A_43": 139.4795258553954,
  "A_44": 75.94440841853753,
  "A_45": 15.000426336878085,
  "A_46": 101.44077014735298,
  "A_47": 75.63628101107345,
  "A_48": 53.12621672779555,
  "A_49": 56.75852615387606,
  "A_50": 134.94966340818428,
  "A_51": 0.0,
  "A_52": 59.88343066728999,
  "A_53": 0.0,
  "A_54": 14.80821113196085,
  "A_55": 72.58357029683903,
  "A_56": 66.4195518821954,
  "A_57": 135.20317736895836,
  "A_58": 33.52335715340842,
  "A_59": 188.9082011272513,
  "A_60": 227.38122547098476,
  "A_61": 26.22570131290223,
  "A_62": 40.65085176942557,
  "A_63": 45.46347012183038,
  "A_64": 4.285836096250882,
  "A_65": 30.19070540099791,
  "A_66": 91.52092744986032,
  "A_67": 0.0,
  "A_68": 93.05196378003136,
  "A_69": 61.535355482771195,
  "A_70": 109.17054577417514
}