{
  "A_1": 242.32127039706086,
  "A_2": 197.07482149574042,
  "A_3": 102.10700141821447,
  "A_4": 129.33353875232672,
  "A_5": 57.75077934395648,
  "A_6": 65.70375884563089,
  "A_7": 105.9291635715367,
  "A_8": 102.30627892341697,
  "A_9": 56.0768131144177,
  "A_10": 122.21790679016952,
  "A_11": 129.5710431569381,
  "A_12": 76.08057761051474,
  "A_13": 75.53590084260594,
  "A_14": 114.61064071046674,
  "A_15": 25.522725974364363,
  "A_16": 98.33530580927949,
  "A_17": 108.68653944359247,
  "A_18": 98.63913551799342,
  "A_19": 116.99950776425642,
  "A_20": 113.83055812183919,
  "A_21": 94.19500085111348,
  "A_22": 72.28486766733572,
  "A_23": 109.26347408486834,
  "A_24": 66.89613148774497,
  "A_25": 73.04831238126987,
  "A_26": 53.47257103466852,
  "A_27": 124.85886780485387,
  "A_28": 3.622884648119749,
  "A_29": 27.775448968918077,
  "A_30": 59.68096130395145,
  "A_31": 97.1837361725502,
  "A_32": 49.74930621808127,
  "A_33": 0.0,
  "A_34": 85.61634175655013,
  "A_35": 101.64153048428798,
  "A_36": 43.320552073704945,
  "A_37": 105.32900627736554,
  "A_38": 5.629633504267994,
  "A_39": 59.56439565013264,
  "A_40": 9.252518152387744,
  "A_41": 49.96975805776898,
  "A_42": 17.497414443433716,
  "A_43": 41.05935934535715,
  "A_44": 114.97147147628746,
  "A_45": 9.66102572831933,
  "A_46": 0.0,
  "A_47": 43.77118212393587,
  "A_48": 20.63005984114608,
  "A_49": 0.0,
  "A_50": 113.33912506622343,
  "A_51": 122.91001221812598,
  "A_52": 41.95886015393299,
  "A_53": 59.700564842109834,
  "A_54": 58.608044580897456,
  "A_55": 12.076282160399163,
  "A_56": 28.43840041704921,
  "A_57": 18.114423240598747,
  "A_58": 80.9110904746744,
  "A_59": 95.54970586882385,
  "A_60": 0.0,
  "A_61": 74.41337208836649,
  "A_62": 149.47521916591637,
  "A_63": 95.50724410251793,
  "A_64": 11.395436200513185,
  "A_65": 99.44492890089799,
  "A_66": 59.83673403408704,
  "A_67": 97.38713544731422,
  "A_68": 60.38141080199581,
  "A_69": 36.43563867602739,
  "A_70": 37.963256953391344,
  "A_71": 3.622884648119749,
  "A_72": 56.58656793838917,
  "A_73": 146.8446756724713,
  "A_74": 25.360192536838245,
  "A_75": 1.2076282160399163,
  "A_76": 69.56235090736416,
  "A_77": 112.92130580966662,
  "A_78": 0.0,
  "A_79": 56.46829325816683,
  "A_80": 119.91097247278549,
  "A_81": 79.91872418725845,
  "A_82": 36.074782777465444,
  "A_83": 31.009404446523412,
  "A_84": 5.357295120313602,
  "A_85": 69.40828720363213,
  "A_86": 95.02724644416126,
  "A_87": 59.1737825859559,
  "A_88": 107.32484752382051,
  "A_89": 26.024827878631708,
  "A_90": 107.95200994844194,
  "A_91": 152.73968579137335,
  "A_92": 76.51788730789443,
  "A_93": 209.8659416485374,
  "A_94": 226.03742806296765,
  "A_95": 17.56974647268996,
  "A_96": 53.84285171119123,
  "A_97": 35.02121826515757,
  "A_98": 0.0,
  "A_99": 86.07775375276819,
  "A_100": 17.161238896758373,
  "A_101": 35.02121826515757,
  "A_102": 119.30402933848254,
  "A_103": 33.79230261729694,
  "A_104": 0.0,
  "A_105": 38.50793372130012,
  "A_106": 45.61753382556243,
  "A_107": 13.16987056311377,
  "A_108": 8.980179768433352,
  "A_109": 77.76130454744404,
  "A_110": 92.30734348927753,
  "A_111": 1.2867963509103797,
  "A_112": 110.68902830010246,
  "A_113": 147.7721617884053,
  "A_114": 70.68749346669144,
  "A_115": 14.491538592478996,
  "A_116": 42.50353692184177,
  "A_117": 113.11359641280752,
  "A_118": 85.87078562874967,
  "A_119": 31.398333617037824,
  "A_120": 96.58386790490316,
  "A_121": 115.21988349059211,
  "A_122": 61.13108277373664,
  "A_123": 51.365442010052774,
  "A_124": 32.17955974539131,
  "A_125": 133.46708300310218,
  "A_126": 126.45786306730739,
  "A_127": 76.04478858700503,
  "A_128": 76.47119067469147,
  "A_129": 87.27090550986034,
  "A_130": 120.4877311848727,
  "A_131": 89.25712091642473,
  "A_132": 33.541251665163266,
  "A_133": 54.48367378067047,
  "A_134": 71.19638121109053,
  "A_135": 84.53397512279413,
  "A_136": 96.36672102068702,
  "A_137": 122.57971773289815,
  "A_138": 95.13029068319901,
  "A_139": 87.61218300300511,
  "A_140": 128.51321864499198,
  "A_141": 129.86548578680316,
  "A_142": 116.28713278049901,
  "A_143": 121.40787854036792,
  "A_144": 185.15074321622237
}