{
  "A_1": 99.15738520850024,
  "A_2": 52.72194401876101,
  "A_3": 88.76696963061164,
  "A_4": 184.18897604125237,
  "A_5": 82.18075886243741,
  "A_6": 19.208011643313355,
  "A_7": 173.32652988397663,
  "A_8": 35.37604230582462,
  "A_9": 45.97235786622947,
  "A_10": 61.290223291196895,
  "A_11": 96.80762470006243,
  "A_12": 56.75852615387606,
  "A_13": 68.81172389145667,
  "A_14": 31.39833361703782,
  "A_15": 138.12647959860612,
  "A_16": 25.36019253683824,
  "A_17": 102.981909839498,
  "A_18": 41.56824708975625,
  "A_19": 80.38335317435377,
  "A_20": 10.8507594326044,
  "A_21": 140.31365640403533,
  "A_22": 67.87820591762777,
  "A_23": 32.49192201975243,
  "A_24": 110.64044671130733,
  "A_25": 24.152564320798326,
  "A_26": 25.526960841261406,
  "A_27": 0.0,
  "A_28": 5.379424498965489,
  "A_29": 0.0,
  "A_30": 41.84058547371063,
  "A_31": 1.0714590240627204,
  "A_32": 9.66102572831933,
  "A_33": 24.56191384356108,
  "A_34": 49.41142164500238,
  "A_35": 155.17367868203922,
  "A_36": 17.279513576980722,
  "A_37": 71.25006474635506,
  "A_38": 17.640369475542663,
  "A_39": 0.0,
  "A_40": 76.39630767220052,
  "A_41": 1.0714590240627204,
  "A_42": 24.3789349210454,
  "A_43": 0.0,
  "A_44": 113.32209763404097,
  "A_45": 9.66102572831933,
  "A_46": 66.72069238759791,
  "A_47": 3.214377072188161,
  "A_48": 108.59280688517998,
  "A_49": 32.62893315856079,
  "A_50": 32.30978504406792,
  "A_51": 7.636382360416238,
  "A_52": 109.15715002310024,
  "A_53": 1.2076282160399163,
  "A_54": 101.95819045739924,
  "A_55": 16.11614411824458,
  "A_56": 41.414183386024206,
  "A_57": 52.89558612791023,
  "A_58": 62.38815965814406,
  "A_59": 73.12995609115136,
  "A_60": 13.928967312815365,
  "A_61": 85.35522514155436,
  "A_62": 11.922218456667121,
  "A_63": 33.81359004911766,
  "A_64": 100.78362436244569,
  "A_65": 1.0714590240627204,
  "A_66": 78.49583404259457,
  "A_67": 62.66470777625427,
  "A_68": 7.500213168439043,
  "A_69": 1.2076282160399163,
  "A_70": 40.48312842083571,
  "A_71": 1.2076282160399163,
  "A_72": 0.0,
  "A_73": 79.44203148437336,
  "A_74": 5.357295120313602,
  "A_75": 49.731411706326426,
  "A_76": 13.147741184461884,
  "A_77": 92.97792272437158,
  "A_78": 14.403863024702613,
  "A_79": 56.72273713036637,
  "A_80": 0.0,
  "A_81": 33.97780738030611,
  "A_82": 4.558174480205274,
  "A_83": 8.317228320302219,
  "A_84": 7.017689669588879,
  "A_85": 54.42575537850888,
  "A_86": 70.55132427471423,
  "A_87": 2.142918048125441,
  "A_88": 9.77930040854168,
  "A_89": 20.529679672678576,
  "A_90": 37.607477868557616,
  "A_91": 3.622884648119749,
  "A_92": 1.0935884027146072,
  "A_93": 1.0935884027146072,
  "A_94": 8.571672192501763,
  "A_95": 0.0,
  "A_96": 0.0,
  "A_97": 2.142918048125441,
  "A_98": 6.587052715005405,
  "A_99": 0.0,
  "A_100": 44.01842546577339,
  "A_101": 6.701092528330714,
  "A_102": 128.46640891445347,
  "A_103": 50.404629879249484,
  "A_104": 156.76852704218996,
  "A_105": 58.267294875318484,
  "A_106": 110.3960685019699,
  "A_107": 82.5484885657254,
  "A_108": 19.640332491559157,
  "A_109": 0.0,
  "A_110": 16.362118256650042,
  "A_111": 0.0,
  "A_112": 0.0,
  "A_113": 0.0,
  "A_114": 32.056183118699536,
  "A_115": 0.0,
  "A_116": 74.91964602767777,
  "A_117": 47.894070092430354,
  "A_118": 94.11579501713118,
  "A_119": 3.622884648119749,
  "A_120": 66.2833826902182,
  "A_121": 32.81275402790764,
  "A_122": 90.80771051927175,
  "A_123": 43.14859385821806,
  "A_124": 86.69902254957147,
  "A_125": 81.43691768666164,
  "A_126": 80.34851919501077,
  "A_127": 34.49867087590068,
  "A_128": 130.71478394477464,
  "A_129": 131.4475164489273,
  "A_130": 29.900472505288672,
  "A_131": 27.775448968918077,
  "A_132": 44.6822439934769,
  "A_133": 9.116348960410548,
  "A_134": 39.25337082614392,
  "A_135": 42.11292385766503,
  "A_136": 183.5813040574538,
  "A_137": 9.116348960410548,
  "A_138": 54.22922990847093,
  "A_139": 3.280765208143822,
  "A_140": 0.0,
  "A_141": 23.18148546520311,
  "A_142": 5.581981826898345,
  "A_143": 0.0,
  "A_144": 1.2076282160399163,
  "A_145": 0.0,
  "A_146": 1.0714590240627204,
  "A_147": 0.0,
  "A_148": 0.0,
  "A_149": 3.622884648119749,
  "A_150": 1.2076282160399163,
  "A_151": 2.279087240102637,
  "A_152": 4.830512864159665,
  "A_153": 4.69434367218247,
  "A_154": 3.5088448347944396,
  "A_155": 1.0714590240627204,
  "A_156": 1.2076282160399163,
  "A_157": 56.43250423465713,
  "A_158": 6.428754144376322,
  "A_159": 6.903649856263571,
  "A_160": 36.487525220294074,
  "A_161": 3.4867154561425533,
  "A_162": 20.254790315489473,
  "A_163": 0.0,
  "A_164": 17.04380616336719,
  "A_165": 10.714590240627203,
  "A_166": 1.0935884027146072,
  "A_167": 13.946861824570213,
  "A_168": 1.2076282160399163,
  "A_169": 8.615930949805536,
  "A_170": 5.901971888222386,
  "A_171": 27.09544495586326,
  "A_172": 20.647954352900925,
  "A_173": 24.270839001020676,
  "A_174": 66.72069238759791,
  "A_175": 48.686316927812626,
  "A_176": 44.40990560952251,
  "A_177": 135.31045647489313,
  "A_178": 110.79271342404152,
  "A_179": 136.00145606223555,
  "A_180": 71.51042737911396,
  "A_181": 84.74320519352322,
  "A_182": 14.609813272701345,
  "A_183": 39.11720163416672,
  "A_184": 6.564923336353519,
  "A_185": 88.93793510282,
  "A_186": 0.0,
  "A_187": 53.27387158251428,
  "A_188": 4.3522242322065425,
  "A_189": 77.51457642680171,
  "A_190": 13.28391037643908,
  "A_191": 35.228010459987466,
  "A_192": 10.095897549799844,
  "A_193": 53.979020903168426,
  "A_194": 17.143344385003527,
  "A_195": 116.58418921545189,
  "A_196": 12.99367748072984,
  "A_197": 102.41264068429692,
  "A_198": 2.4152564320798326,
  "A_199": 4.716473050834356,
  "A_200": 106.42682954697719,
  "A_201": 19.304156944883815,
  "A_202": 4.830512864159665,
  "A_203": 0.0,
  "A_204": 56.900614106412625,
  "A_205": 6.564923336353518,
  "A_206": 92.02050351363417,
  "A_207": 1.0714590240627204,
  "A_208": 86.29811762786159,
  "A_209": 33.47315450280406,
  "A_210": 87.32195010729589,
  "A_211": 1.2076282160399163,
  "A_212": 50.58421588169929,
  "A_213": 1.2076282160399163,
  "A_214": 68.83480831427522,
  "A_215": 7.109600104262302,
  "A_216": 9.432946101668712,
  "A_217": 17.143344385003527,
  "A_218": 123.90562062916042,
  "A_219": 39.85173112931724,
  "A_220": 56.10996320009838,
  "A_221": 116.84291822003091,
  "A_222": 57.2061025760477,
  "A_223": 93.9514645886072,
  "A_224": 87.00109296639945,
  "A_225": 98.6560749855816,
  "A_226": 120.64101577362666,
  "A_227": 9.915469600518875,
  "A_228": 20.073520419377342,
  "A_229": 87.47262089096203,
  "A_230": 10.640574317708628,
  "A_231": 66.4195518821954,
  "A_232": 0.0,
  "A_233": 58.90144420200151,
  "A_234": 10.323977176450462,
  "A_235": 37.1862656919349,
  "A_236": 9.38868734436494,
  "A_237": 82.38163229670792,
  "A_238": 0.0,
  "A_239": 53.23770556788615,
  "A_240": 16.41061188085086,
  "A_241": 75.2133598080472,
  "A_242": 0.0,
  "A_243": 29.05370018781069,
  "A_244": 0.0,
  "A_245": 102.69083499695759,
  "A_246": 15.272764720832477,
  "A_247": 80.34425919537252,
  "A_248": 33.08254143862732,
  "A_249": 5.493464312290798,
  "A_250": 48.936525933115135,
  "A_251": 6.973430912285107,
  "A_252": 75.52908986973297,
  "A_253": 0.0,
  "A_254": 24.643557553442566,
  "A_255": 0.0,
  "A_256": 103.37176892143788,
  "A_257": 4.69434367218247,
  "A_258": 39.275500204795804,
  "A_259": 3.622884648119749,
  "A_260": 128.32762591738847,
  "A_261": 3.214377072188161,
  "A_262": 41.44997240953389,
  "A_263": 23.26576811291362,
  "A_264": 93.92266246715907,
  "A_265": 4.830512864159665,
  "A_266": 32.21958363579804,
  "A_267": 3.622884648119749,
  "A_268": 55.43685812451084,
  "A_269": 22.944936104758412,
  "A_270": 82.19015850765695,
  "A_271": 43.24906199127986,
  "A_272": 17.9603595368667,
  "A_273": 80.78762588338832,
  "A_274": 102.3453226369158,
  "A_275": 56.87085694079783,
  "A_276": 36.329226649664996,
  "A_277": 9.138478339062434,
  "A_278": 22.53642852882682,
  "A_279": 6.83726172030791,
  "A_280": 61.18053144210415,