{
  "A_1": 193.9275111435211,
  "A_2": 32.03576276645119,
  "A_3": 152.88707675230916,
  "A_4": 46.20890722667417,
  "A_5": 43.42093224217245,
  "A_6": 123.81791992864282,
  "A_7": 68.72161044778107,
  "A_8": 0.0,
  "A_9": 59.13799356244621,
  "A_10": 71.91301619448619,
  "A_11": 51.512694740911854,
  "A_12": 0.0,
  "A_13": 77.36474758996671,
  "A_14": 44.23794739403563,
  "A_15": 0.0,
  "A_16": 32.29783442561366,
  "A_17": 85.55175061159233,
  "A_18": 28.983077184957992,
  "A_19": 29.563693772823854,
  "A_20": 91.88688529489167,
  "A_21": 101.8474555995455,
  "A_22": 116.05386324278469,
  "A_23": 13.928967312815365,
  "A_24": 79.43196582151126,
  "A_25": 107.85670659370265,
  "A_26": 40.27294330593995,
  "A_27": 162.84747112777436,
  "A_28": 27.024821953010562,
  "A_29": 19.32205145663866,
  "A_30": 0.0,
  "A_31": 22.944936104758412,
  "A_32": 5.401553877617376,
  "A_33": 1.2076282160399163,
  "A_34": 1.2076282160399163,
  "A_35": 15.04468509418186,
  "A_36": 11.009058003233482,
  "A_37": 15.699166808518912,
  "A_38": 26.642678622627898,
  "A_39": 23.27107112131288,
  "A_40": 26.786475601568007,
  "A_41": 0.0,
  "A_42": 0.0,
  "A_43": 2.142918048125441,
  "A_44": 0.0,
  "A_45": 0.0,
  "A_46": 0.0,
  "A_47": 23.708267721357046,
  "A_48": 152.63684261426542,
  "A_49": 109.59694786186157,
  "A_50": 3.4867154561425533,
  "A_51": 52.52965341562008,
  "A_52": 3.214377072188161,
  "A_53": 21.328800312786907,
  "A_54": 1.2076282160399163,
  "A_55": 3.214377072188161,
  "A_56": 8.84923818663173,
  "A_57": 17.025069704781178,
  "A_58": 37.63723503417241,
  "A_59": 130.23228557866568,
  "A_60": 14.377498779153687,
  "A_61": 66.2747998590886,
  "A_62": 3.622884648119749,
  "A_63": 7.245769296239498,
  "A_64": 106.266155932302,
  "A_65": 137.58342389250657,
  "A_66": 15.202983664810944,
  "A_67": 106.27128301151264,
  "A_68": 28.741337913449566,
  "A_69": 139.75885114141136,
  "A_70": 57.60434342718735,
  "A_71": 68.60672868762461,
  "A_72": 163.96509899747423,
  "A_73": 15.585126995193603,
  "A_74": 0.0,
  "A_75": 8.453397512279414,
  "A_76": 83.27266337148968,
  "A_77": 18.114423240598747,
  "A_78": 0.0,
  "A_79": 115.94676006603851,
  "A_80": 114.81062193242367,
  "A_81": 5.924101266874272,
  "A_82": 14.491538592478996,
  "A_83": 102.5052422693541,
  "A_84": 49.867580898303615,
  "A_85": 0.0,
  "A_86": 57.87668181114175,
  "A_87": 154.3047769859093,
  "A_88": 56.38569450411865,
  "A_89": 29.610239609579434,
  "A_90": 64.36335435767965,
  "A_91": 34.9275988040806,
  "A_92": 151.08030911811784,
  "A_93": 8.844010576456155,
  "A_94": 43.869463708510764,
  "A_95": 34.63568201470904,
  "A_96": 1.2076282160399163,
  "A_97": 0.0,
  "A_98": 0.0,
  "A_99": 2.142918048125441,
  "A_100": 32.60596183307774,
  "A_101": 15.699166808518912,
  "A_102": 10.596315560404856,
  "A_103": 92.2323976549335,
  "A_104": 33.25101876945403,
  "A_105": 53.05643567177402,
  "A_106": 43.47461577743699,
  "A_107": 151.878587811395,
  "A_108": 26.29548236892377,
  "A_109": 1.0714590240627204,
  "A_110": 36.22884648119749,
  "A_111": 69.82195955788623,
  "A_112": 0.0,
  "A_113": 0.0,
  "A_114": 106.38257078967341,
  "A_115": 45.291511906343494,
  "A_116": 16.208054552918,
  "A_117": 46.92554221006984,
  "A_118": 4.422005288228077,
  "A_119": 118.59502214204976,
  "A_120": 42.67030522626493,
  "A_121": 29.201732033647843,
  "A_122": 43.199726420247885,
  "A_123": 51.82667807708221,
  "A_124": 13.28391037643908,
  "A_125": 30.431489628339644,
  "A_126": 22.636808697294324,
  "A_127": 0.0,
  "A_128": 24.951684960906654,
  "A_129": 1.0714590240627204,
  "A_130": 0.0,
  "A_131": 4.422005288228077,
  "A_132": 92.72594186081244,
  "A_133": 30.880021094677964,
  "A_134": 3.350546264165357,
  "A_135": 160.41693398902746,
  "A_136": 8.317228320302219,
  "A_137": 75.55707517709115,
  "A_138": 61.685159186864986,
  "A_139": 2.4152564320798326,
  "A_140": 0.0,
  "A_141": 0.0,
  "A_142": 0.0,
  "A_143": 12.058387648644317,
  "A_144": 0.0,
  "A_145": 20.52967967267858,
  "A_146": 12.143512243185988,
  "A_147": 11.553734771142267,
  "A_148": 18.232697920821096,
  "A_149": 1.2076282160399163,
  "A_150": 3.3948050214691308,
  "A_151": 0.0,
  "A_152": 0.0,
  "A_153": 0.0,
  "A_154": 3.622884648119749,
  "A_155": 43.567368158941576,
  "A_156": 177.88809728424778,
  "A_157": 46.657438693012494,
  "A_158": 134.2688425810395,
  "A_159": 52.26154989856273,
  "A_160": 88.88440236400282,
  "A_161": 74.83716037096512,
  "A_162": 46.83786664229346,
  "A_163": 12.076282160399163,
  "A_164": 49.76201081877239,
  "A_165": 48.8965020427084,
  "A_166": 77.5255971338305,
  "A_167": 13.402185056661429,
  "A_168": 0.0,
  "A_169": 0.0,
  "A_170": 67.60079071994517,
  "A_171": 64.84596582112412,
  "A_172": 2.4152564320798326,
  "A_173": 1.2076282160399163,
  "A_174": 81.96465498698227,
  "A_175": 46.92554221006985,
  "A_176": 1.2076282160399163,
  "A_177": 14.083031016547409,
  "A_178": 59.84520376788112,
  "A_179": 102.02872549565764,
  "A_180": 93.769415577517,
  "A_181": 209.65318042766575,
  "A_182": 52.981577802024276,
  "A_183": 50.51866969257479,
  "A_184": 65.59914381026636,
  "A_185": 130.25940380645147,
  "A_186": 97.55645472497208,
  "A_187": 0.0,
  "A_188": 31.652777489237366,
  "A_189": 114.99519678400736,
  "A_190": 36.91392730798051,
  "A_191": 33.611874668015965,
  "A_192": 98.88244558582868,
  "A_193": 59.53284149351999,
  "A_194": 67.30548101050772,
  "A_195": 17.088064920670963,
  "A_196": 154.72253341061307,
  "A_197": 108.6276659972642,
  "A_198": 2.4152564320798326,
  "A_199": 46.822611068367635,
  "A_200": 102.06793257197442,
  "A_201": 27.643514643837918,
  "A_202": 0.0,
  "A_203": 76.05418823222459,
  "A_204": 72.43979845064014,
  "A_205": 22.808766912781216,
  "A_206": 4.422005288228077,
  "A_207": 72.50438959559794,
  "A_208": 113.55789301224883,
  "A_209": 1.0714590240627204,
  "A_210": 1.2076282160399163,
  "A_211": 75.97321053998566,
  "A_212": 13.28391037643908,
  "A_213": 0.0,
  "A_214": 32.86040570527729,
  "A_215": 135.5104628295913,
  "A_216": 30.397497595827804,
  "A_217": 17.161238896758373,
  "A_218": 143.51091807944672,
  "A_219": 82.34245035313236,
  "A_220": 64.31399365390646,
  "A_221": 56.65295607434483,
  "A_222": 17.437812147609804,
  "A_223": 73.23891909074845,
  "A_224": 31.753157657704875,
  "A_225": 1.2076282160399163,
  "A_226": 2.3012166187545233,
  "A_227": 0.0,
  "A_228": 0.0,
  "A_229": 6.038141080199582,
  "A_230": 38.490881156376446,
  "A_231": 15.703401675415952,
  "A_232": 2.142918048125441,
  "A_233": 101.41448130002775,
  "A_234": 19.076077318233196,
  "A_235": 55.550897937836154,
  "A_236": 34.47399052401408,
  "A_237": 1.2076282160399163,
  "A_238": 21.509228262067875,
  "A_239": 116.2376841121315,
  "A_240": 18.93567325935896,
  "A_241": 0.0,
  "A_242": 112.78682051135173,
  "A_243": 165.67564593187143,
  "A_244": 76.92807877748834,
  "A_245": 16.770625832581633,
  "A_246": 105.40058432438491,
  "A_247": 92.93368909980902,
  "A_248": 33.25101876945403,
  "A_249": 111.6344717596444,
  "A_250": 17.34590171293638,
  "A_251": 14.149419152503068,
  "A_252": 50.57479110373852,
  "A_253": 15.15449004061013,
  "A_254": 120.17638678653134,
  "A_255": 55.913437730060416,
  "A_256": 3.2365064508400483,
  "A_257": 19.576495328838206,
  "A_258": 13.28391037643908,
  "A_259": 0.0,
  "A_260": 4.830512864159665,
  "A_261": 3.622884648119749,
  "A_262": 2.4152564320798326,
  "A_263": 2.142918048125441,
  "A_264": 0.0,
  "A_265": 0.0,
  "A_266": 6.83726172030791,
  "A_267": 10.868653944359247,
  "A_268": 0.0,
  "A_269": 55.46235529048739,
  "A_270": 122.8629637265458,
  "A_271": 146.8667170865289,
  "A_272": 4.830512864159665,
  "A_273": 165.6652032778909,
  "A_274": 40.084887569696065,
  "A_275": 64.5310777062695,
  "A_276": 85.24362320412824,
  "A_277": 6.450883523028209,
  "A_278": 171.61584471950272
}