{
  "A_1": 168.7374044329482,
  "A_2": 83.06247825659392,
  "A_3": 48.054919636294144,
  "A_4": 138.14437411036099,
  "A_5": 88.9932522662644,
  "A_6": 24.951684960906654,
  "A_7": 39.44322355338565,
  "A_8": 115.65997035587758,
  "A_9": 104.9683263079922,
  "A_10": 10.732484752382051,
  "A_11": 129.9897671921792,
  "A_12": 178.69145279125314,
  "A_13": 26.159313176946572,
  "A_14": 77.40129059571326,
  "A_15": 59.628986795090455,
  "A_16": 135.54966990590808,
  "A_17": 139.49742036715026,
  "A_18": 47.70676833842333,
  "A_19": 36.228846481197486,
  "A_20": 120.48349631797566,
  "A_21": 151.08796203782197,
  "A_22": 27.775448968918077,
  "A_23": 98.29098422012261,
  "A_24": 104.10348354957078,
  "A_25": 125.26992635402016,
  "A_26": 10.868653944359247,
  "A_27": 79.86927551889094,
  "A_28": 208.6846148461933,
  "A_29": 82.31947902764931,
  "A_30": 32.72423651330009,
  "A_31": 138.93241121158744,
  "A_32": 97.69685878384632,
  "A_33": 108.63190086416125,
  "A_34": 106.31627061831205,
  "A_35": 32.842511193522434,
  "A_36": 75.69419941323503,
  "A_37": 72.45769296239497,
  "A_38": 25.39079164928421,
  "A_39": 9.89853013293072,
  "A_40": 158.245992934432,
  "A_41": 154.08957788913844,
  "A_42": 3.350546264165357,
  "A_43": 23.607887552889544,
  "A_44": 32.84674606041948,
  "A_45": 10.640574317708628,
  "A_46": 33.834010401366,
  "A_47": 162.78979148665448,
  "A_48": 2.4152564320798326,
  "A_49": 17.573981339587,
  "A_50": 112.00129668424813,
  "A_51": 64.4952886827598,
  "A_52": 39.6618784020755,
  "A_53": 72.2499457233984,
  "A_54": 55.6555129732007,
  "A_55": 167.05010528418762,
  "A_56": 114.10079792190095,
  "A_57": 58.22059824211553,
  "A_58": 110.73479502187996,
  "A_59": 78.96553984341809,
  "A_60": 81.36290176374308,
  "A_61": 132.12836240881327,
  "A_62": 19.967108393014943,
  "A_63": 53.13564150575632,
  "A_64": 172.75548887051895,
  "A_65": 82.11776364654762,
  "A_66": 7.245769296239498,
  "A_67": 104.40578016106979,
  "A_68": 159.04433445956224,
  "A_69": 169.6056401114355,
  "A_70": 45.71791399402993,
  "A_71": 232.67874236628586
}