{
  "A_1": 230.68832979193627,
  "A_2": 130.5411669683666,
  "A_3": 160.3871768234127,
  "A_4": 158.52083202613866,
  "A_5": 150.8964505496591,
  "A_6": 134.9300850027671,
  "A_7": 98.48083694736434,
  "A_8": 77.63963694715582,
  "A_9": 31.108100721328587,
  "A_10": 180.35428521642763,
  "A_11": 10.460146368427658,
  "A_12": 77.83540843495692,
  "A_13": 0.0,
  "A_14": 1.2076282160399163,
  "A_15": 74.68309666723309,
  "A_16": 104.39983626776922,
  "A_17": 13.28391037643908,
  "A_18": 63.69616804265148,
  "A_19": 138.03534827891076,
  "A_20": 18.895649368952228,
  "A_21": 46.38086544216107,
  "A_22": 10.732484752382051,
  "A_23": 9.915469600518875,
  "A_24": 69.54445639560933,
  "A_25": 131.06453117171347,
  "A_26": 110.56802671745679,
  "A_27": 97.31320748898995,
  "A_28": 87.88780120968985,
  "A_29": 10.868653944359247,
  "A_30": 94.59312860491761,
  "A_31": 1.0714590240627204,
  "A_32": 56.14227133894789,
  "A_33": 22.721204442340365,
  "A_34": 43.444054364102875,
  "A_35": 123.38974598269974,
  "A_36": 117.1823735894366,
  "A_37": 116.24963473058578,
  "A_38": 10.596315560404856,
  "A_39": 67.09944279791469,
  "A_40": 19.32205145663866,
  "A_41": 2.279087240102637,
  "A_42": 4.69434367218247,
  "A_43": 51.72026605071982,
  "A_44": 32.065519932065996,
  "A_45": 38.53006309995201,
  "A_46": 35.07818162315247,
  "A_47": 179.23267380724297,
  "A_48": 28.583077041932327,
  "A_49": 137.62016796018295,
  "A_50": 74.88385700416808,
  "A_51": 182.27413761977758,
  "A_52": 37.839792362105264,
  "A_53": 129.71811995860855,
  "A_54": 32.03576276645119,
  "A_55": 1.2076282160399163,
  "A_56": 6.4339817545518985,
  "A_57": 0.0,
  "A_58": 41.99464917744268,
  "A_59": 7.720778105462278,
  "A_60": 0.0,
  "A_61": 35.92071907373341,
  "A_62": 95.15909280464712,
  "A_63": 5.76580269624519,
  "A_64": 39.525709210098306,
  "A_65": 0.0,
  "A_66": 5.493464312290798,
  "A_67": 147.13380272756646,
  "A_68": 95.18809598802505,
  "A_69": 25.22402334486105,
  "A_70": 91.20351349451221,
  "A_71": 7.772551552393435,
  "A_72": 27.739659945408384,
  "A_73": 6.564923336353519,
  "A_74": 9.252518152387744,
  "A_75": 52.46750014656146,
  "A_76": 51.860670109594054,
  "A_77": 50.139919282258006,
  "A_78": 11.922218456667121,
  "A_79": 2.142918048125441,
  "A_80": 42.095029345910184,
  "A_81": 25.383163862321293,
  "A_82": 10.714590240627205,
  "A_83": 97.02967246881815,
  "A_84": 70.48577808558974,
  "A_85": 89.64773398060146,
  "A_86": 130.64154713683416,
  "A_87": 72.1137765314212,
  "A_88": 192.078960327037,
  "A_89": 148.8682131997603,
  "A_90": 129.40999255114446,
  "A_91": 107.72636819769052,
  "A_92": 120.18319775940431,
  "A_93": 67.41943285923873,
  "A_94": 14.491538592478996,
  "A_95": 81.22249770486883,
  "A_96": 92.96098325678341,
  "A_97": 42.12139359145911,
  "A_98": 98.27308970836778,
  "A_99": 30.68169863364215,
  "A_100": 78.38179422926926,
  "A_101": 114.96874457386414,
  "A_102": 120.40524552816004,
  "A_103": 33.58551042246704,
  "A_104": 25.36019253683824,
  "A_105": 90.45210736362662,
  "A_106": 51.039420090833836,
  "A_107": 0.0,
  "A_108": 16.90679502455883,
  "A_109": 54.117627971044804,
  "A_110": 67.89694237621379,
  "A_111": 2.142918048125441,
  "A_112": 0.0,
  "A_113": 2.279087240102637,
  "A_114": 3.4867154561425533,
  "A_115": 110.09925082805874,
  "A_116": 4.422005288228077,
  "A_117": 116.40540746072136,
  "A_118": 113.01057730651102,
  "A_119": 97.06714538599019,
  "A_120": 21.837688057185996,
  "A_121": 57.966154369915984,
  "A_122": 0.0,
  "A_123": 4.830512864159665,
  "A_124": 10.051638792496071,
  "A_125": 45.04478378570117,
  "A_126": 74.70912162077542,
  "A_127": 58.81884544795332,
  "A_128": 11.922218456667121,
  "A_129": 1.0714590240627204,
  "A_130": 1.2867963509103797,
  "A_131": 19.32205145663866,
  "A_132": 4.422005288228077,
  "A_133": 64.10467561858307,
  "A_134": 6.038141080199582,
  "A_135": 50.04377398068755,
  "A_136": 12.076282160399163,
  "A_137": 3.622884648119749,
  "A_138": 62.40773806356124,
  "A_139": 115.26159127466117,
  "A_140": 74.88385700416808,
  "A_141": 0.0,
  "A_142": 80.89317083017833,
  "A_143": 130.15299178008908,
  "A_144": 57.53041546886309,
  "A_145": 67.22290738920077,
  "A_146": 116.81295999248626,
  "A_147": 70.6338099314269,
  "A_148": 8.571672192501763,
  "A_149": 41.53245806624655,
  "A_150": 61.34219780005789,
  "A_151": 23.58236525417178,
  "A_152": 110.30415806729647,
  "A_153": 87.78138918332746,
  "A_154": 2.279087240102637,
  "A_155": 0.0,
  "A_156": 118.84946601424932,
  "A_157": 82.92196110038415,
  "A_158": 18.0965287288439,
  "A_159": 69.85681866997045,
  "A_160": 27.503110584963686,
  "A_161": 149.41823067518024,
  "A_162": 58.065667458811106,
  "A_163": 72.26784023515324,
  "A_164": 33.64163183363077,
  "A_165": 1.2076282160399163,
  "A_166": 57.52609263737175,
  "A_167": 161.56591495341019,
  "A_168": 43.69422567029353,
  "A_169": 10.714590240627205,
  "A_170": 113.23271303986104,
  "A_171": 123.2307813944281,
  "A_172": 59.39667230154279,
  "A_173": 10.868653944359247,
  "A_174": 108.54611025197701,
  "A_175": 1.2076282160399163,
  "A_176": 11.123097816558792,
  "A_177": 0.0,
  "A_178": 3.350546264165357,
  "A_179": 3.622884648119749,
  "A_180": 0.0,
  "A_181": 104.44067697226589,
  "A_182": 4.422005288228077,
  "A_183": 74.02438008599898,
  "A_184": 116.74665982112491,
  "A_185": 63.97277899261475,
  "A_186": 32.22381850269508,
  "A_187": 64.48087505566515,
  "A_188": 2.4152564320798326,
  "A_189": 10.298454877732702,
  "A_190": 1.0714590240627204,
  "A_191": 36.11480666787219,
  "A_192": 2.142918048125441,
  "A_193": 9.524856536342135,
  "A_194": 71.68493656783558,
  "A_195": 94.57862701322864
}