{
  "A_1": 236.7486379498996,
  "A_2": 173.11013698199739,
  "A_3": 166.28914871163508,
  "A_4": 94.79664097701715,
  "A_5": 112.40037948221895,
  "A_6": 107.38526663373437,
  "A_7": 10.187807984473267,
  "A_8": 61.38137974363346,
  "A_9": 0.0,
  "A_10": 17.886343613948128,
  "A_11": 25.56698473166814,
  "A_12": 27.38651979840366,
  "A_13": 0.0,
  "A_14": 62.58891999507907,
  "A_15": 45.98091556461786,
  "A_16": 0.0,
  "A_17": 49.39871704431126,
  "A_18": 74.84986497165623,
  "A_19": 15.562997616541717,
  "A_20": 177.2813300791335,
  "A_21": 41.3546690547946,
  "A_22": 0.0,
  "A_23": 52.01049894642905,
  "A_24": 58.82986615498212,
  "A_25": 2.4152564320798326,
  "A_26": 44.6822439934769,
  "A_27": 52.18245716191595,
  "A_28": 20.393510480701384,
  "A_29": 3.622884648119749,
  "A_30": 3.622884648119749,
  "A_31": 63.89025563679026,
  "A_32": 0.0,
  "A_33": 14.219200208524605,
  "A_34": 33.81359004911766,
  "A_35": 2.4152564320798326,
  "A_36": 8.14622514898202,
  "A_37": 11.734162720423235,
  "A_38": 0.0,
  "A_39": 20.305834912925,
  "A_40": 10.872888811256287,
  "A_41": 2.4152564320798326,
  "A_42": 0.0,
  "A_43": 0.0,
  "A_44": 1.2076282160399163,
  "A_45": 0.0,
  "A_46": 1.0714590240627204,
  "A_47": 0.0,
  "A_48": 0.0,
  "A_49": 0.0,
  "A_50": 57.949101804992296,
  "A_51": 57.8945763228966,
  "A_52": 66.36586834693085,
  "A_53": 65.1403456191361,
  "A_54": 79.09492319526353,
  "A_55": 15.408933912809674,
  "A_56": 77.65149960101579,
  "A_57": 22.397708363614917,
  "A_58": 70.44998906208005,
  "A_59": 36.719839713841736,
  "A_60": 1.0714590240627204,
  "A_61": 0.0,
  "A_62": 40.22444968173913,
  "A_63": 2.4152564320798326,
  "A_64": 5.76580269624519,
  "A_65": 0.0,
  "A_66": 53.13564150575632,
  "A_67": 10.732484752382051,
  "A_68": 10.8507594326044,
  "A_69": 27.366941392986487,
  "A_70": 0.0,
  "A_71": 7.324937431109961,
  "A_72": 52.99947231377912,
  "A_73": 68.83480831427524,
  "A_74": 0.0,
  "A_75": 25.342298025083394,
  "A_76": 90.41805249926168,
  "A_77": 60.38141080199582,
  "A_78": 0.0,
  "A_79": 21.737307888718494,
  "A_80": 101.05439195007327,
  "A_81": 57.966154369915984,
  "A_82": 2.4152564320798326,
  "A_83": 77.31700794800275,
  "A_84": 137.37680762686531,
  "A_85": 48.69574170577339,
  "A_86": 0.0,
  "A_87": 36.52244716423138,
  "A_88": 60.71756121592994,
  "A_89": 73.0142072514225,
  "A_90": 0.0,
  "A_91": 3.622884648119749,
  "A_92": 39.851731129317244,
  "A_93": 76.08057761051474,
  "A_94": 8.453397512279414,
  "A_95": 0.0,
  "A_96": 47.21577510577909,
  "A_97": 60.245241610018624,
  "A_98": 1.0935884027146072,
  "A_99": 24.152564320798326,
  "A_100": 52.99947231377912,
  "A_101": 9.524856536342135,
  "A_102": 1.2076282160399163,
  "A_103": 56.75852615387606,
  "A_104": 66.4195518821954,
  "A_105": 1.2076282160399163,
  "A_106": 1.0714590240627204,
  "A_107": 138.5691174371263,
  "A_108": 0.0,
  "A_109": 91.99839926772347,
  "A_110": 70.40326729613587,
  "A_111": 14.149419152503068,
  "A_112": 121.40089163830632,
  "A_113": 86.83519174154866,
  "A_114": 2.4152564320798326,
  "A_115": 18.114423240598747,
  "A_116": 53.956891524516536,
  "A_117": 11.422830888452491,
  "A_118": 4.374353610858429,
  "A_119": 73.6653211784349,
  "A_120": 66.4195518821954,
  "A_121": 6.038141080199582,
  "A_122": 1.2076282160399163,
  "A_123": 39.85173112931724,
  "A_124": 0.0,
  "A_125": 7.245769296239498,
  "A_126": 0.0,
  "A_127": 4.830512864159665,
  "A_128": 0.0,
  "A_129": 39.851731129317244,
  "A_130": 51.65567490576201,
  "A_131": 18.232697920821096,
  "A_132": 5.901971888222386,
  "A_133": 90.82656007519326,
  "A_134": 54.77814154327675,
  "A_135": 3.5088448347944396,
  "A_136": 5.810061453548963,
  "A_137": 11.667774584467576,
  "A_138": 28.692844289248754,
  "A_139": 1.2076282160399163,
  "A_140": 0.0,
  "A_141": 0.0,
  "A_142": 50.27608847423521,
  "A_143": 131.1207656802127,
  "A_144": 41.47802054874514,
  "A_145": 109.6805393591883,
  "A_146": 53.979862849999584,
  "A_147": 70.12915705392484,
  "A_148": 14.377498779153687,
  "A_149": 28.029892841117622,
  "A_150": 46.148550948613405,
  "A_151": 103.64494925222343,
  "A_152": 6.038141080199582,
  "A_153": 31.889326849682067,
  "A_154": 50.72038507367648,
  "A_155": 56.75852615387606,
  "A_156": 5.493464312290798,
  "A_157": 24.9312394759171,
  "A_158": 103.7419867661075,
  "A_159": 8.571672192501763,
  "A_160": 27.331152369476797,
  "A_161": 0.0,
  "A_162": 62.682627420750336,
  "A_163": 3.214377072188161,
  "A_164": 0.0,
  "A_165": 64.25873932231511,
  "A_166": 49.10424928170498,
  "A_167": 0.0,
  "A_168": 64.40440869047677,
  "A_169": 36.75562873735143,
  "A_170": 27.775448968918077,
  "A_171": 26.940539305300057,
  "A_172": 91.98050475596864,
  "A_173": 135.5912897253828,
  "A_174": 56.21384938596728,
  "A_175": 57.40019017018648,
  "A_176": 26.749090648990293,
  "A_177": 105.99619259239371,
  "A_178": 157.01208843743746,
  "A_179": 2.1871768054292144,
  "A_180": 0.0,
  "A_181": 34.92759880408061,
  "A_182": 36.22884648119749,
  "A_183": 4.558174480205274,
  "A_184": 1.2076282160399163,
  "A_185": 45.88987220951682,
  "A_186": 44.5460748014997,
  "A_187": 1.2076282160399163,
  "A_188": 4.830512864159665,
  "A_189": 109.75799846765518,
  "A_190": 47.09750042555674,
  "A_191": 0.0,
  "A_192": 102.6483983633929,
  "A_193": 78.49583404259455,
  "A_194": 1.2076282160399163,
  "A_195": 15.699166808518912,
  "A_196": 53.54838394858495,
  "A_197": 65.21192366615549,
  "A_198": 1.2076282160399163,
  "A_199": 178.88980038503018,
  "A_200": 175.56556810093133,
  "A_201": 132.20495443770776,
  "A_202": 10.596315560404856,
  "A_203": 31.284293803712515,
  "A_204": 24.517655086257307,
  "A_205": 0.0,
  "A_206": 0.0,
  "A_207": 60.42819539979308,
  "A_208": 14.491538592478996,
  "A_209": 3.622884648119749,
  "A_210": 30.273191057710562,
  "A_211": 90.07413606828791,
  "A_212": 131.7284125312701,
  "A_213": 41.1639743807217,
  "A_214": 92.91417352624492,
  "A_215": 67.99047387269644,
  "A_216": 135.45933026756148,
  "A_217": 86.33721160684286,
  "A_218": 0.0,
  "A_219": 47.334049786001444,
  "A_220": 153.9117260458334,
  "A_221": 22.944936104758412,
  "A_222": 0.0,
  "A_223": 137.29513878424257,
  "A_224": 70.40149543787923,
  "A_225": 3.4867154561425533,
  "A_226": 16.61656212884959,
  "A_227": 94.47824684476113,
  "A_228": 21.48709888341599,
  "A_229": 0.0,
  "A_230": 74.32827262656603,
  "A_231": 198.07986725110626,
  "A_232": 97.99564937794396,
  "A_233": 58.72948598651462,
  "A_234": 68.76323026725585,
  "A_235": 137.54960778918337,
  "A_236": 119.54153374309391,
  "A_237": 29.81279693751229,
  "A_238": 63.89025563679026,
  "A_239": 106.66189607568938,
  "A_240": 59.094576751973605,
  "A_241": 113.95615899612969,
  "A_242": 94.7787464652623,
  "A_243": 89.24102339566774,
  "A_244": 125.80500241477957,
  "A_245": 117.93207069391862,
  "A_246": 67.55560205121593,
  "A_247": 161.13960083031805,
  "A_248": 83.55950334713305,
  "A_249": 119.51940436444202,
  "A_250": 153.3176006095571,
  "A_251": 69.41431906152702,
  "A_252": 16.90679502455883,
  "A_253": 67.62718009823531,
  "A_254": 131.6083911255323,
  "A_255": 79.07957965674339,
  "A_256": 27.639279776940878,
  "A_257": 0.0,
  "A_258": 105.16403496394022,
  "A_259": 76.70774003513617,
  "A_260": 59.289506292943535,
  "A_261": 62.204338788797216,
  "A_262": 20.41563985935327,
  "A_263": 61.589039018035734,
  "A_264": 139.8065656506341,
  "A_265": 6.675570229612952,
  "A_266": 12.076282160399163,
  "A_267": 84.39780593081694,
  "A_268": 1.2076282160399163,
  "A_269": 0.0,
  "A_270": 10.460146368427658,
  "A_271": 37.158757906660085,
  "A_272": 0.0,
  "A_273": 1.2076282160399163,
  "A_274": 50.72038507367648,
  "A_275": 0.0,
  "A_276": 20.39351048070138,
  "A_277": 10.803107755234752,
  "A_278": 9.66102572831933,
  "A_279": 6.038141080199582,
  "A_280": 17.456548606195817,
  "A_281": 34.57692166571629,
  "A_282": 5.401553877617376,
  "A_283": 6.038141080199582,
  "A_284": 6.701092528330714,
  "A_285": 15.29150117941849,
  "A_286": 3.280765208143822,