{
  "A_1": 233.84566810790585,
  "A_2": 101.3360420146529,
  "A_3": 159.3455880623003,
  "A_4": 46.75622293241198,
  "A_5": 104.92832755032669,
  "A_6": 181.0522465730904,
  "A_7": 66.46624851539836,
  "A_8": 159.17795267830473,
  "A_9": 12.076282160399163,
  "A_10": 57.25552611167399,
  "A_11": 0.0,
  "A_12": 60.10907241804142,
  "A_13": 7.500213168439043,
  "A_14": 73.43967942768346,
  "A_15": 47.31615527424658,
  "A_16": 70.10702767527296,
  "A_17": 42.485642410086925,
  "A_18": 54.123659828939694,
  "A_19": 48.66766843382092,
  "A_20": 105.0499951506149,
  "A_21": 71.21427572284537,
  "A_22": 97.78114143155683,
  "A_23": 37.16413631328301,
  "A_24": 88.29630878562145,
  "A_25": 11.575864149794153,
  "A_26": 44.997974055162686,
  "A_27": 140.53929815478676,
  "A_28": 187.46058036521836,
  "A_29": 92.77962539607698,
  "A_30": 117.70416699645664,
  "A_31": 107.01672011635644,
  "A_32": 145.5355614473498,
  "A_33": 162.39572267055877,
  "A_34": 36.228846481197486,
  "A_35": 113.42238983791415,
  "A_36": 64.00429545011556,
  "A_37": 148.9322262916699,
  "A_38": 54.7058095140205,
  "A_39": 85.28544408553283,
  "A_40": 0.0,
  "A_41": 66.24759366670851,
  "A_42": 93.34219667574061,
  "A_43": 59.54650113837779,
  "A_44": 191.42048250684462,
  "A_45": 111.82592041595416,
  "A_46": 112.65659521267514,
  "A_47": 22.944936104758412,
  "A_48": 81.54851962408776,
  "A_49": 0.0,
  "A_50": 108.65844103889879,
  "A_51": 49.58158286949142,
  "A_52": 31.39833361703782,
  "A_53": 186.95679456728868,
  "A_54": 64.93016050424032,
  "A_55": 244.2445408532179
}