{
  "A_1": 235.1452067586192,
  "A_2": 120.11507546430391,
  "A_3": 203.82786340019095,
  "A_4": 97.47256163475066,
  "A_5": 121.56194224409997,
  "A_6": 129.3344937964934,
  "A_7": 137.63382760504075,
  "A_8": 122.16091829943342,
  "A_9": 147.95780478149123,
  "A_10": 101.04317018111465,
  "A_11": 109.10520064698046,
  "A_12": 227.51739466296195,
  "A_13": 106.42259468008014,
  "A_14": 50.019093628800945,
  "A_15": 166.27287526168945,
  "A_16": 160.6696060029704,
  "A_17": 93.81953026352704,
  "A_18": 109.27970983570206,
  "A_19": 82.004678877389,
  "A_20": 70.5692187864691,
  "A_21": 127.07753593504265,
  "A_22": 76.42353899732184,
  "A_23": 102.64839836339289,
  "A_24": 68.76323026725584,
  "A_25": 53.956891524516536,
  "A_26": 124.54823968963751,
  "A_27": 121.89725071120293,
  "A_28": 83.40883256346689,
  "A_29": 100.66904419518397,
  "A_30": 205.88649880060584,
  "A_31": 100.42631218039702,
  "A_32": 200.71374083276407,
  "A_33": 113.81819281315464,
  "A_34": 147.74420161378836,
  "A_35": 179.7033346522332,
  "A_36": 84.30494045197685,
  "A_37": 89.33716869723818,
  "A_38": 94.34207765278394,
  "A_39": 180.12620558977702,
  "A_40": 134.68987882847364,
  "A_41": 105.29924911175073,
  "A_42": 222.74987701469206,
  "A_43": 97.99312353745046,
  "A_44": 54.856392333092366,
  "A_45": 207.32292292642134,
  "A_46": 81.91689021227711,
  "A_47": 287.4347796636519
}