{
  "A_1": 217.18999943370437,
  "A_2": 107.86613137166341,
  "A_3": 72.29420448070218,
  "A_4": 211.1876725097557,
  "A_5": 145.88896548813747,
  "A_6": 162.2689531238011,
  "A_7": 78.25406963834493,
  "A_8": 49.59524251434922,
  "A_9": 65.07575447417828,
  "A_10": 106.13511381953543,
  "A_11": 151.0002236381925,
  "A_12": 181.95693729272995,
  "A_13": 143.16308094084127,
  "A_14": 56.8989302127503,
  "A_15": 68.37685206997614,
  "A_16": 103.85602657943281,
  "A_17": 100.11910211798775,
  "A_18": 106.27128301151265,
  "A_19": 93.92266246715909,
  "A_20": 105.59043705162667,
  "A_21": 120.22222890653254,
  "A_22": 112.01919119600298,
  "A_23": 72.95292106193627,
  "A_24": 60.091177906286575,
  "A_25": 80.92994003059596,
  "A_26": 79.20548212392866,
  "A_27": 85.82408899554672,
  "A_28": 152.24364087774208,
  "A_29": 124.04008079473405,
  "A_30": 30.17281088924306,
  "A_31": 115.42670081816323,
  "A_32": 91.9983992677235,
  "A_33": 92.91069264158475,
  "A_34": 99.57442535007895,
  "A_35": 22.018116006466965,
  "A_36": 39.851731129317244,
  "A_37": 103.5836881954784,
  "A_38": 67.36754631497205,
  "A_39": 62.23409595441202,
  "A_40": 152.65786615230323,
  "A_41": 122.46744977782947,
  "A_42": 14.74598246467854,
  "A_43": 45.34009349513862,
  "A_44": 105.12729089626384,
  "A_45": 7.772551552393435,
  "A_46": 139.6899748640741,
  "A_47": 143.70686549643645,
  "A_48": 18.16291686479956,
  "A_49": 29.441762278752726,
  "A_50": 33.487568129898726,
  "A_51": 134.46960291797453,
  "A_52": 69.21260368042533,
  "A_53": 26.39586253739127,
  "A_54": 118.13300696004225,
  "A_55": 145.57912905426983,
  "A_56": 74.66520215547823,
  "A_57": 18.114423240598747,
  "A_58": 70.36994128126658,
  "A_59": 24.152564320798326,
  "A_60": 52.84021869898336,
  "A_61": 4.830512864159665,
  "A_62": 109.88352394372205,
  "A_63": 20.529679672678576,
  "A_64": 181.26414071438967,
  "A_65": 42.525666300493654,
  "A_66": 38.76237759349967,
  "A_67": 44.6822439934769,
  "A_68": 106.51873998165061,
  "A_69": 76.36382360416239,
  "A_70": 0.0,
  "A_71": 61.04436225012695,
  "A_72": 59.314186644830144,
  "A_73": 61.81192873362262,
  "A_74": 0.0,
  "A_75": 95.5106998544369,
  "A_76": 59.31418664483013,
  "A_77": 67.90120237585202,
  "A_78": 0.0,
  "A_79": 77.13414212282261,
  "A_80": 83.13649417951248,
  "A_81": 41.84058547371063,
  "A_82": 148.28548546163125,
  "A_83": 8.571672192501763,
  "A_84": 31.072311697818893,
  "A_85": 1.0714590240627204,
  "A_86": 15.136595528855281,
  "A_87": 6.038141080199582,
  "A_88": 35.806679260408096,
  "A_89": 46.244696250183864,
  "A_90": 68.81470212129227,
  "A_91": 47.7212699301123,
  "A_92": 86.96013916456725,
  "A_93": 92.77443548501324,
  "A_94": 38.49003920954528,
  "A_95": 166.61774673682993,
  "A_96": 60.38141080199581,
  "A_97": 109.34853584755692,
  "A_98": 20.279470667376074,
  "A_99": 44.12898439443852,
  "A_100": 49.17063741766064,
  "A_101": 69.87047831482826,
  "A_102": 0.0,
  "A_103": 54.32874299736605,
  "A_104": 0.0,
  "A_105": 33.81359004911766,
  "A_106": 6.038141080199582,
  "A_107": 28.674949777493907,
  "A_108": 90.22402773697598,
  "A_109": 162.05351526598855
}