{
  "A_1": 199.4304379328845,
  "A_2": 171.7342576298018,
  "A_3": 106.76651111105392,
  "A_4": 148.73825179486664,
  "A_5": 53.95689152451653,
  "A_6": 92.75929300842294,
  "A_7": 50.82076524214399,
  "A_8": 86.94923155487398,
  "A_9": 80.91109047467438,
  "A_10": 112.70003715588895,
  "A_11": 107.36487141422724,
  "A_12": 70.41515508273704,
  "A_13": 73.92911443037154,
  "A_14": 73.3793231496227,
  "A_15": 130.66039669275568,
  "A_16": 126.66479349221403,
  "A_17": 58.85199553363401,
  "A_18": 45.780067263088554,
  "A_19": 136.75292502497422,
  "A_20": 128.67154234836227,
  "A_21": 110.01969313569923,
  "A_22": 25.224023344861045,
  "A_23": 61.12684790683961,
  "A_24": 162.96847271042003,
  "A_25": 131.36503079221464,
  "A_26": 64.93016050424032,
  "A_27": 119.35005995404293,
  "A_28": 165.95967104049717,
  "A_29": 151.48877899493755,
  "A_30": 109.10351675331813,
  "A_31": 178.43364113172893,
  "A_32": 124.85117718603786,
  "A_33": 138.14277818129295,
  "A_34": 100.24242847919709,
  "A_35": 80.22685159472255,
  "A_36": 111.21308365383307,
  "A_37": 123.60784791108256,
  "A_38": 138.644792120966,
  "A_39": 112.42769877193456,
  "A_40": 193.16515970383043,
  "A_41": 125.11078583655993,
  "A_42": 113.00964739508554,
  "A_43": 50.334006876396785,
  "A_44": 76.38595298281427,
  "A_45": 59.23837373091371,
  "A_46": 61.771904843215886,
  "A_47": 126.50374288642041,
  "A_48": 111.35623974787185,
  "A_49": 132.07995674920676,
  "A_50": 54.61984297264766,
  "A_51": 82.1187186907143,
  "A_52": 59.29205726617825,
  "A_53": 99.44492890089799,
  "A_54": 135.07541507892216,
  "A_55": 74.39286377152384,
  "A_56": 52.749263308476614,
  "A_57": 100.20826051749663,
  "A_58": 37.32666975080914,
  "A_59": 117.02589714254657,
  "A_60": 149.1714145899436,
  "A_61": 127.43903271850593,
  "A_62": 110.96136668405686,
  "A_63": 137.66961662855047,
  "A_64": 162.80416741463722,
  "A_65": 130.01278878314469,
  "A_66": 82.55864219318181,
  "A_67": 133.10970798920042,
  "A_68": 80.68544872392297,
  "A_69": 156.13118585737092,
  "A_70": 132.08590064250734,
  "A_71": 108.7129036891414,
  "A_72": 164.2695193256071,
  "A_73": 109.52472892994084,
  "A_74": 66.32245153645826,
  "A_75": 189.22381809160152,
  "A_76": 296.44739323464097
}