{
  "A_1": 240.97739759082003,
  "A_2": 106.39283751446536,
  "A_3": 117.05046439709764,
  "A_4": 115.77824503609992,
  "A_5": 107.87703898135668,
  "A_6": 136.9112235956033,
  "A_7": 172.27549121216225,
  "A_8": 76.41750713942693,
  "A_9": 78.02601514443552,
  "A_10": 96.73019072433678,
  "A_11": 111.51114539843505,
  "A_12": 169.32239411778784,
  "A_13": 40.15043375882056,
  "A_14": 15.699166808518912,
  "A_15": 38.53006309995201,
  "A_16": 180.85995596994943,
  "A_17": 97.76510674265295,
  "A_18": 0.0,
  "A_19": 69.21428757408766,
  "A_20": 98.36169518756962,
  "A_21": 0.0,
  "A_22": 13.129846672707037,
  "A_23": 141.50434515248708,
  "A_24": 11.803943776444772,
  "A_25": 7.500213168439043,
  "A_26": 18.114423240598747,
  "A_27": 70.76235133644117,
  "A_28": 68.70954673199131,
  "A_29": 178.6608536788072,
  "A_30": 197.38460766412564,
  "A_31": 6.038141080199582,
  "A_32": 49.74930621808127,
  "A_33": 111.46085478323639,
  "A_34": 97.62803277199149,
  "A_35": 6.038141080199582,
  "A_36": 55.55089793783615,
  "A_37": 0.0,
  "A_38": 9.410816723016826,
  "A_39": 151.60540748060944,
  "A_40": 37.43647469723741,
  "A_41": 0.0,
  "A_42": 134.97605278647444,
  "A_43": 129.73762296580205,
  "A_44": 11.281396387187876,
  "A_45": 100.77863551331177,
  "A_46": 126.88768320780092,
  "A_47": 16.634456640604437,
  "A_48": 92.56097054738711,
  "A_49": 177.37747538070394,
  "A_50": 94.19500085111346,
  "A_51": 42.073817312313146,
  "A_52": 68.42630073834366,
  "A_53": 77.56477907740607,
  "A_54": 91.77974441903363,
  "A_55": 21.737307888718494,
  "A_56": 83.32634690675422,
  "A_57": 137.41940762324796,
  "A_58": 52.0283934581839,
  "A_59": 59.173782585955905,
  "A_60": 77.20049255966644,
  "A_61": 144.29837712762495,
  "A_62": 50.1237966287598,
  "A_63": 111.33834523611701,
  "A_64": 84.75686483838103,
  "A_65": 120.4367996847727,
  "A_66": 68.64919045393054,
  "A_67": 31.24426991330578,
  "A_68": 141.1230437689356,
  "A_69": 94.94646981385215,
  "A_70": 51.40630784729067,
  "A_71": 71.11389555437786,
  "A_72": 5.76580269624519,
  "A_73": 68.69863912229803,
  "A_74": 59.450355836807326,
  "A_75": 81.01570551003894,
  "A_76": 19.208011643313352,
  "A_77": 113.63532698797448,
  "A_78": 132.7250639510655,
  "A_79": 26.567820752878156,
  "A_80": 80.23024451478841,
  "A_81": 39.99213518819147,
  "A_82": 82.10082417895947,
  "A_83": 11.962242347073854,
  "A_84": 82.1429466532588,
  "A_85": 103.8525205620314,
  "A_86": 10.868653944359247,
  "A_87": 4.830512864159665,
  "A_88": 112.49069398782436,
  "A_89": 80.3391823816443,
  "A_90": 1.2076282160399163,
  "A_91": 0.0,
  "A_92": 116.36036958843953,
  "A_93": 73.88743177904371,
  "A_94": 5.3572951203136014,
  "A_95": 57.93036534640629,
  "A_96": 55.78744729828085,
  "A_97": 68.81691380252039,
  "A_98": 16.094014739592694,
  "A_99": 48.30512864159665,
  "A_100": 97.81788549923323,
  "A_101": 76.67798286952136,
  "A_102": 37.4364746972374,
  "A_103": 47.09750042555673,
  "A_104": 102.29682901271498,
  "A_105": 83.46080707232788,
  "A_106": 1.2076282160399163,
  "A_107": 106.74438173240203,
  "A_108": 88.34396046299108,
  "A_109": 22.808766912781216,
  "A_110": 19.389281539425486,
  "A_111": 25.224023344861045,
  "A_112": 123.24783395935177,
  "A_113": 9.546985914994021,
  "A_114": 101.23299777561517,
  "A_115": 156.25015168797702,
  "A_116": 51.505846068927006,
  "A_117": 60.99067871486241,
  "A_118": 50.041223007452835,
  "A_119": 132.89183225548865,
  "A_120": 19.989237771666833,
  "A_121": 73.50786455463698,
  "A_122": 112.95448102808851,
  "A_123": 53.17047548509933,
  "A_124": 171.47526473143986,
  "A_125": 56.55765271960554,
  "A_126": 163.09869800909667,
  "A_127": 4.69434367218247,
  "A_128": 55.25547513106319,
  "A_129": 17.551851960935114,
  "A_130": 35.6841697132887,
  "A_131": 35.728428470592476,
  "A_132": 1.2076282160399163,
  "A_133": 0.0,
  "A_134": 54.95253763466282,
  "A_135": 12.993677480729842,
  "A_136": 3.622884648119749,
  "A_137": 96.65449090775586,
  "A_138": 131.34890813871644,
  "A_139": 26.822264625077704,
  "A_140": 37.43647469723741,
  "A_141": 127.86645268221213,
  "A_142": 42.49335816164414,
  "A_143": 110.7154176783926,
  "A_144": 78.25229778008828,
  "A_145": 116.3824989670914,
  "A_146": 68.52668090681115,
  "A_147": 140.9061230793905,
  "A_148": 112.68214264413412,
  "A_149": 130.22700770300764,
  "A_150": 131.02612834311597,
  "A_151": 183.82484031996012
}