{
  "A_1": 236.70434149348398,
  "A_2": 203.82017278137488,
  "A_3": 129.5437238672225,
  "A_4": 140.81844751161412,
  "A_5": 112.54597345215691,
  "A_6": 132.325026108928,
  "A_7": 155.7005991682699,
  "A_8": 121.93466079652185,
  "A_9": 66.84160600564927,
  "A_10": 195.98790583582203,
  "A_11": 83.54500175544408,
  "A_12": 80.11704664829428,
  "A_13": 119.7210066482082,
  "A_14": 90.87325670839624,
  "A_15": 189.07416518395516,
  "A_16": 43.320552073704945,
  "A_17": 37.82708776141415,
  "A_18": 31.398333617037828,
  "A_19": 13.28391037643908,
  "A_20": 91.9268212207041,
  "A_21": 3.622884648119749,
  "A_22": 0.0,
  "A_23": 53.78661720269197,
  "A_24": 70.84155717042347,
  "A_25": 0.0,
  "A_26": 0.0,
  "A_27": 43.438826753927295,
  "A_28": 94.02818228120788,
  "A_29": 0.0,
  "A_30": 1.2076282160399163,
  "A_31": 84.66315741270975,
  "A_32": 87.98487642268579,
  "A_33": 11.620122907097926,
  "A_34": 20.493890649168883,
  "A_35": 55.88782746674835,
  "A_36": 44.6822439934769,
  "A_37": 70.29688040251469,
  "A_38": 26.22570131290223,
  "A_39": 127.5778157155709,
  "A_40": 102.62351694957647,
  "A_41": 11.531605392490379,
  "A_42": 61.20266082075603,
  "A_43": 6.038141080199582,
  "A_44": 47.0438168902922,
  "A_45": 69.9750933501928,
  "A_46": 94.23227270635566,
  "A_47": 184.87345368224592,
  "A_48": 37.43647469723741,
  "A_49": 0.0,
  "A_50": 79.98670825228214,
  "A_51": 120.09210413882084,
  "A_52": 38.25517374276291,
  "A_53": 17.433577280712765,
  "A_54": 153.01788010403402,
  "A_55": 68.53091577370819,
  "A_56": 34.440752473739096,
  "A_57": 56.62235696189887,
  "A_58": 18.162916864799556,
  "A_59": 0.0,
  "A_60": 32.313479557028536,
  "A_61": 83.74576209237908,
  "A_62": 4.558174480205274,
  "A_63": 1.2076282160399163,
  "A_64": 20.368830128814785,
  "A_65": 121.72024081472904,
  "A_66": 13.28391037643908,
  "A_67": 6.83726172030791,
  "A_68": 127.03052514257433,
  "A_69": 120.45551101061749,
  "A_70": 121.74480806928011,
  "A_71": 77.38858599502214,
  "A_72": 34.612710689225985,
  "A_73": 94.51583285926868,
  "A_74": 27.05202814539065,
  "A_75": 89.56524832388882,
  "A_76": 57.622237938942206,
  "A_77": 44.87961141034603,
  "A_78": 94.74391248591931,
  "A_79": 75.57157676878012,
  "A_80": 203.35463901559535,
  "A_81": 45.717913994029935,
  "A_82": 110.04727631919775,
  "A_83": 88.6675822054227,
  "A_84": 142.69146505168436,
  "A_85": 115.9986466103052,
  "A_86": 67.97861121883649,
  "A_87": 67.9429101599211,
  "A_88": 55.00622116992737,
  "A_89": 4.285836096250882,
  "A_90": 64.20598569847604,
  "A_91": 79.40380458496448,
  "A_92": 90.57211620299373,
  "A_93": 7.500213168439043,
  "A_94": 18.114423240598747,
  "A_95": 86.67689317091958,
  "A_96": 160.63068795317773,
  "A_97": 3.5088448347944396,
  "A_98": 5.581981826898345,
  "A_99": 190.37115286143379,
  "A_100": 68.62706107527865,
  "A_101": 42.34947321810973,
  "A_102": 48.31359837539074,
  "A_103": 19.32205145663866,
  "A_104": 111.25078276567616,
  "A_105": 62.251990466166866,
  "A_106": 212.15187756062488,
  "A_107": 118.84946601424932,
  "A_108": 40.14872473241701,
  "A_109": 108.47879220459589,
  "A_110": 184.52709937537298,
  "A_111": 54.58405394913797,
  "A_112": 2.4152564320798326,
  "A_113": 46.71788293566757,
  "A_114": 45.82685186088582,
  "A_115": 3.214377072188161,
  "A_116": 10.986928624581596,
  "A_117": 87.59428849125025,
  "A_118": 21.837688057185993,
  "A_119": 134.47902769593532,
  "A_120": 90.46474913246465,
  "A_121": 86.40455478696519,
  "A_122": 150.34055201279173,
  "A_123": 98.37950173473017,
  "A_124": 235.59282087990266
}