{
  "A_1": 234.91292996418338,
  "A_2": 51.28200130917343,
  "A_3": 101.90867895717864,
  "A_4": 77.0549362888403,
  "A_5": 47.646412060362564,
  "A_6": 3.622884648119749,
  "A_7": 86.01730951011311,
  "A_8": 81.60284404425366,
  "A_9": 11.581167158193416,
  "A_10": 15.136595528855281,
  "A_11": 112.51018442864724,
  "A_12": 71.06021201911332,
  "A_13": 111.52205300812832,
  "A_14": 4.716473050834356,
  "A_15": 41.68652176997859,
  "A_16": 99.40670200148912,
  "A_17": 59.474923091358406,
  "A_18": 37.791298737904455,
  "A_19": 126.65456446653394,
  "A_20": 109.95536588452431,
  "A_21": 50.72038507367648,
  "A_22": 85.75259891312163,
  "A_23": 22.944936104758412,
  "A_24": 94.19500085111349,
  "A_25": 34.82373775095292,
  "A_26": 126.8221998505295,
  "A_27": 64.71394353144966,
  "A_28": 94.03998210321475,
  "A_29": 15.136595528855281,
  "A_30": 8.453397512279414,
  "A_31": 81.39782370768037,
  "A_32": 66.78284565665652,
  "A_33": 49.71351719457157,
  "A_34": 112.43359239975273,
  "A_35": 78.57153385917546,
  "A_36": 16.08977987269565,
  "A_37": 86.68017299364993,
  "A_38": 46.93665088169294,
  "A_39": 2.279087240102637,
  "A_40": 8.453397512279414,
  "A_41": 15.681272296764066,
  "A_42": 0.0,
  "A_43": 30.27319105771056,
  "A_44": 115.87952998325167,
  "A_45": 14.492380539310162,
  "A_46": 21.053069008766638,
  "A_47": 0.0,
  "A_48": 21.871768054292147,
  "A_49": 19.32205145663866,
  "A_50": 11.53160539249038,
  "A_51": 10.868653944359247,
  "A_52": 67.82794043517032,
  "A_53": 75.26356245865155,
  "A_54": 119.80105442902165,
  "A_55": 100.33688988710523,
  "A_56": 54.31171556518358,
  "A_57": 149.84800055019133,
  "A_58": 63.983008018294846,
  "A_59": 10.868653944359247,
  "A_60": 12.901767046056419,
  "A_61": 70.00664750680545,
  "A_62": 26.39586253739127,
  "A_63": 7.245769296239498,
  "A_64": 31.125995233083433,
  "A_65": 15.681272296764066,
  "A_66": 34.19054346843659,
  "A_67": 97.23741970781475,
  "A_68": 6.038141080199582,
  "A_69": 7.245769296239498,
  "A_70": 3.622884648119749,
  "A_71": 4.374353610858429,
  "A_72": 17.415682768957918,
  "A_73": 73.5291519864577,
  "A_74": 18.48714179302064,
  "A_75": 1.2076282160399163,
  "A_76": 85.02496835543839,
  "A_77": 73.30351023570627,
  "A_78": 131.31314424794795,
  "A_79": 119.78475584633483,
  "A_80": 49.009787873796846,
  "A_81": 138.92298643362665,
  "A_82": 3.622884648119749,
  "A_83": 106.33083504185412,
  "A_84": 6.038141080199582,
  "A_85": 4.830512864159665,
  "A_86": 16.31530852611156,
  "A_87": 0.0,
  "A_88": 5.76580269624519,
  "A_89": 48.77822736248605,
  "A_90": 65.91394396052665,
  "A_91": 0.0,
  "A_92": 76.08057761051472,
  "A_93": 0.0,
  "A_94": 22.944936104758412,
  "A_95": 0.0,
  "A_96": 1.2076282160399163,
  "A_97": 32.60596183307774,
  "A_98": 4.909680999030129,
  "A_99": 181.23864354841314,
  "A_100": 104.51471802792568,
  "A_101": 11.259267008535987,
  "A_102": 58.919313581015146,
  "A_103": 77.01586744260025,
  "A_104": 82.50933175489105,
  "A_105": 4.830512864159665,
  "A_106": 68.66285009878834,
  "A_107": 129.09009045441474,
  "A_108": 8.181059128325023,
  "A_109": 91.7260608837691,
  "A_110": 59.1737825859559,
  "A_111": 1.2076282160399163,
  "A_112": 49.51275685763657,
  "A_113": 171.03978972416988,
  "A_114": 70.58879719188627,
  "A_115": 3.5088448347944396,
  "A_116": 84.64893228117432,
  "A_117": 76.08057761051472,
  "A_118": 38.19980631383604,
  "A_119": 47.76045187368787,
  "A_120": 73.32563961435815,
  "A_121": 113.74171388159567,
  "A_122": 31.170253990387206,
  "A_123": 92.9557933457197,
  "A_124": 117.35859180456174,
  "A_125": 66.96420351736296,
  "A_126": 49.28381015141357,
  "A_127": 89.2283187949766,
  "A_128": 27.775448968918077,
  "A_129": 39.42956390852784,
  "A_130": 107.34274203557536,
  "A_131": 78.8506580832616,
  "A_132": 26.73458905730132,
  "A_133": 35.82541571899411,
  "A_134": 158.4391003516629,
  "A_135": 88.30393657258435,
  "A_136": 68.95308299449758,
  "A_137": 73.55128136510959,
  "A_138": 10.070375251082083,
  "A_139": 48.30512864159665,
  "A_140": 10.714590240627205,
  "A_141": 21.82750929698837,
  "A_142": 0.0,
  "A_143": 0.0,
  "A_144": 14.491538592478996,
  "A_145": 4.716473050834356,
  "A_146": 0.0,
  "A_147": 0.0,
  "A_148": 33.67742085714046,
  "A_149": 2.142918048125441,
  "A_150": 1.0935884027146072,
  "A_151": 62.84336386727861,
  "A_152": 41.65252973746675,
  "A_153": 83.0836525910791,
  "A_154": 36.11480666787218,
  "A_155": 1.0714590240627204,
  "A_156": 47.928062124942194,
  "A_157": 12.99367748072984,
  "A_158": 132.0816657756103,
  "A_159": 38.25517374276291,
  "A_160": 88.12530561430124,
  "A_161": 29.485179089225333,
  "A_162": 0.0,
  "A_163": 3.622884648119749,
  "A_164": 79.88632808381463,
  "A_165": 43.69327062612684,
  "A_166": 9.116348960410548,
  "A_167": 68.89939945923305,
  "A_168": 29.90047250528867,
  "A_169": 65.76591211468951,
  "A_170": 113.87695316214739,
  "A_171": 200.68326738402428,
  "A_172": 77.83201551489105,
  "A_173": 0.0,
  "A_174": 61.84348289023528,
  "A_175": 141.74770548580477,
  "A_176": 8.453397512279414,
  "A_177": 3.622884648119749,
  "A_178": 54.48367378067047,
  "A_179": 65.97693917641644,
  "A_180": 6.038141080199582,
  "A_181": 64.78552157846906,
  "A_182": 145.92805946711871,
  "A_183": 71.27886686780317,
  "A_184": 18.641205496752683,
  "A_185": 4.830512864159665,
  "A_186": 3.214377072188161,
  "A_187": 77.28820582655464,
  "A_188": 152.1457614170269,
  "A_189": 49.57734800259438,
  "A_190": 204.01162143768468,
  "A_191": 166.08415350780302,
  "A_192": 11.712033341771349,
  "A_193": 19.967108393014946,
  "A_194": 72.45769296239497,
  "A_195": 20.357721457191687,
  "A_196": 133.85430314721305,
  "A_197": 53.29730786371006,
  "A_198": 72.59215312796863,
  "A_199": 176.92728515344453,
  "A_200": 83.59950210479857,
  "A_201": 0.0,
  "A_202": 29.628134121334277,
  "A_203": 32.06128506516895,
  "A_204": 32.60596183307774,
  "A_205": 3.214377072188161,
  "A_206": 62.38815965814406,
  "A_207": 104.8022240212116,
  "A_208": 19.16798775290662,
  "A_209": 11.259267008535987,
  "A_210": 112.78252281260161,
  "A_211": 122.08173759819232,
  "A_212": 86.57129795864714,
  "A_213": 113.96291970352023,
  "A_214": 40.78702096140276,
  "A_215": 17.161238896758373,
  "A_216": 64.94889696282634,
  "A_217": 19.717892130990975,
  "A_218": 22.875268146072408,
  "A_219": 174.48801438712064
}