{
  "A_1": 235.22441259260148,
  "A_2": 110.31018992519137,
  "A_3": 75.83968028583746,
  "A_4": 157.5591779485042,
  "A_5": 88.60020132618848,
  "A_6": 41.44997240953389,
  "A_7": 152.22838530381625,
  "A_8": 62.93707129294988,
  "A_9": 5.357295120313602,
  "A_10": 42.50353692184177,
  "A_11": 98.08323698112603,
  "A_12": 57.966154369915984,
  "A_13": 83.89982579611113,
  "A_14": 107.38943866877833,
  "A_15": 66.85865857057296,
  "A_16": 247.81983665582106,
  "A_17": 180.81569721264566,
  "A_18": 124.56260305124972,
  "A_19": 52.590964737847536,
  "A_20": 214.2658803899667,
  "A_21": 57.6444552821884,
  "A_22": 32.978680385499636,
  "A_23": 69.90626733833795,
  "A_24": 28.983077184957992,
  "A_25": 6.038141080199582,
  "A_26": 63.56846858446836,
  "A_27": 53.38414148465528,
  "A_28": 1.2867963509103797,
  "A_29": 43.438826753927295,
  "A_30": 147.17644042306102,
  "A_31": 29.509859441111928,
  "A_32": 7.500213168439043,
  "A_33": 14.491538592478996,
  "A_34": 30.942174363736587,
  "A_35": 150.22065627076014,
  "A_36": 59.29542505350291,
  "A_37": 0.0,
  "A_38": 29.083457353425494,
  "A_39": 60.48179097046331,
  "A_40": 20.257341288724184,
  "A_41": 0.0,
  "A_42": 119.92092503831202,
  "A_43": 98.42715341209981,
  "A_44": 76.725634546891,
  "A_45": 36.87390341757377,
  "A_46": 76.47119067469147,
  "A_47": 181.55608263650248,
  "A_48": 76.27794502738386,
  "A_49": 49.58761472738631,
  "A_50": 177.0079738191593,
  "A_51": 56.78573234625616,
  "A_52": 169.46106401751732,
  "A_53": 176.48983722598808,
  "A_54": 44.7826241619444,
  "A_55": 34.49867087590067,
  "A_56": 78.49583404259457,
  "A_57": 26.97717027564091,
  "A_58": 76.15363848926661,
  "A_59": 5.357295120313602,
  "A_60": 6.060308157963313,
  "A_61": 0.0,
  "A_62": 1.0935884027146072,
  "A_63": 0.0,
  "A_64": 9.432946101668712,
  "A_65": 0.0,
  "A_66": 0.0,
  "A_67": 9.27464753103963,
  "A_68": 15.448957803216407,
  "A_69": 9.915469600518875,
  "A_70": 57.267413898275166,
  "A_71": 65.87908484844245,
  "A_72": 31.262164425060625,
  "A_73": 62.554927962567234,
  "A_74": 29.035805676055844,
  "A_75": 24.6538242782345,
  "A_76": 36.52754911070081,
  "A_77": 0.0,
  "A_78": 41.26011968229216,
  "A_79": 87.2145830367668,
  "A_80": 7.131729482914189,
  "A_81": 1.2076282160399163,
  "A_82": 124.16006450135997,
  "A_83": 147.388246599766,
  "A_84": 48.305128641596646,
  "A_85": 16.5646755845829,
  "A_86": 15.70340167541595,
  "A_87": 4.909680999030129,
  "A_88": 14.216649235289895,
  "A_89": 35.275662137357116,
  "A_90": 16.79275521123352,
  "A_91": 0.0,
  "A_92": 118.87006229568627,
  "A_93": 9.66102572831933,
  "A_94": 1.2076282160399163,
  "A_95": 100.61433021752903,
  "A_96": 119.57457073143907,
  "A_97": 55.65127810630366,
  "A_98": 65.00681536498792,
  "A_99": 14.24556445407353,
  "A_100": 2.142918048125441,
  "A_101": 51.19348379456588,
  "A_102": 148.73228276882483,
  "A_103": 67.16498898703918,
  "A_104": 32.04339055341411,
  "A_105": 2.4152564320798326,
  "A_106": 65.25087941506001,
  "A_107": 84.74836997184573,
  "A_108": 11.734162720423235,
  "A_109": 20.254790315489473,
  "A_110": 65.6442445144013,
  "A_111": 24.03852450747302,
  "A_112": 0.0,
  "A_113": 17.433577280712765,
  "A_114": 135.19122675050411,
  "A_115": 56.053841788934655,
  "A_116": 106.96988525307673,
  "A_117": 0.0,
  "A_118": 1.2076282160399163,
  "A_119": 48.781708247146234,
  "A_120": 70.73767098455457,
  "A_121": 1.2076282160399163,
  "A_122": 7.245769296239498,
  "A_123": 148.92291461104463,
  "A_124": 26.00524947321453,
  "A_125": 0.0,
  "A_126": 14.377498779153687,
  "A_127": 138.2993677255185,
  "A_128": 71.49856472525403,
  "A_129": 1.2076282160399163,
  "A_130": 48.81401638599574,
  "A_131": 146.9014882340188,
  "A_132": 62.4927746935086,
  "A_133": 42.23119853788738,
  "A_134": 39.03471597745406,
  "A_135": 28.60100925279902,
  "A_136": 72.20958254098508,
  "A_137": 53.55685368237903,
  "A_138": 105.33077813562217,
  "A_139": 2.1871768054292144,
  "A_140": 0.0,
  "A_141": 0.0,
  "A_142": 0.0,
  "A_143": 22.50063950531713,
  "A_144": 16.208054552918,
  "A_145": 17.025069704781178,
  "A_146": 36.55391335624974,
  "A_147": 6.038141080199582,
  "A_148": 54.44788475716078,
  "A_149": 15.681272296764066,
  "A_150": 93.2418165072731,
  "A_151": 63.1863252540857,
  "A_152": 59.550736005274835,
  "A_153": 64.34545984592481,
  "A_154": 195.96673150133682,
  "A_155": 48.560414460627364,
  "A_156": 218.38572729677247,
  "A_157": 142.9841358232928,
  "A_158": 139.99705926277719,
  "A_159": 119.41380915216956,
  "A_160": 110.5051822980144,
  "A_161": 21.557721886268688,
  "A_162": 105.30020415591741,
  "A_163": 80.41311033996857,
  "A_164": 5.357295120313602,
  "A_165": 78.46944466430442,
  "A_166": 107.40391512772608,
  "A_167": 21.7015188652088,
  "A_168": 113.66334999444453,
  "A_169": 131.51825254911552,
  "A_170": 62.117505167852,
  "A_171": 147.1032664469736,
  "A_172": 107.83794500237542,
  "A_173": 160.44088549141847,
  "A_174": 31.785553761148687,
  "A_175": 20.41563985935327,
  "A_176": 0.0,
  "A_177": 0.0,
  "A_178": 18.181653323385568,
  "A_179": 0.0,
  "A_180": 0.0,
  "A_181": 0.0,
  "A_182": 0.0,
  "A_183": 0.0,
  "A_184": 2.142918048125441,
  "A_185": 13.946861824570213,
  "A_186": 131.8858942878092,
  "A_187": 5.76580269624519,
  "A_188": 4.422005288228077,
  "A_189": 0.0,
  "A_190": 0.0,
  "A_191": 31.634882977482523,
  "A_192": 15.54510310478687,
  "A_193": 12.901767046056419,
  "A_194": 26.567820752878163,
  "A_195": 23.730397100008933,
  "A_196": 14.491538592478996,
  "A_197": 11.962242347073854,
  "A_198": 1.2076282160399163,
  "A_199": 78.27959193706269,
  "A_200": 66.7206923875979,
  "A_201": 95.83239894216447,
  "A_202": 38.752952815538904,
  "A_203": 14.882151656655736,
  "A_204": 66.67736354171961,
  "A_205": 26.179733529194912,
  "A_206": 2.4152564320798326,
  "A_207": 37.353033996358064,
  "A_208": 99.53173738910199,
  "A_209": 0.0,
  "A_210": 27.60349075343118,
  "A_211": 70.33171438185771,
  "A_212": 71.99973671809589,
  "A_213": 110.55013220570194,
  "A_214": 21.42918048125441,
  "A_215": 111.7076457357318,
  "A_216": 49.51275685763657,
  "A_217": 0.0,
  "A_218": 0.0,
  "A_219": 1.2076282160399163,
  "A_220": 53.59084571489087,
  "A_221": 26.458015806449893,
  "A_222": 32.65445545727856,
  "A_223": 1.2076282160399163,
  "A_224": 66.11650128845952,
  "A_225": 27.77629091574924,
  "A_226": 0.0,
  "A_227": 58.98392985871416,
  "A_228": 139.14436818473982,
  "A_229": 85.25734568083914,
  "A_230": 169.2804601390477,
  "A_231": 156.3863208799542,
  "A_232": 9.116348960410548,
  "A_233": 83.66327643566643,
  "A_234": 182.27753053984344,
  "A_235": 46.943436721824696,
  "A_236": 146.24700651968178,
  "A_237": 22.654703209049174,
  "A_238": 104.26601698709689,
  "A_239": 58.524377685347055,
  "A_240": 48.16895944961946,
  "A_241": 23.357678547587035,
  "A_242": 22.944936104758412,
  "A_243": 54.3899663549992,
  "A_244": 150.57904916068168,
  "A_245": 100.3514166115354,
  "A_246": 47.919592391148115,
  "A_247": 98.77104471033238,
  "A_248": 34.88504907318038,
  "A_249": 140.99206448802215,
  "A_250": 78.30598131535282,
  "A_251": 32.60596183307774,
  "A_252": 120.51427135961025,
  "A_253": 130.2169169074043,
  "A_254": 84.48026645478838,
  "A_255": 75.39973165062875,
  "A_256": 225.00599292931167,
  "A_257": 179.19610566875522,
  "A_258": 40.25165587411922,
  "A_259": 133.9045937624117,
  "A_260": 99.3666781110824,
  "A_261": 39.12323349206161,
  "A_262": 40.78702096140276,
  "A_263": 77.36982440369492,
  "A_264": 70.04243653031514,
  "A_265": 28.011998329362775,
  "A_266": 163.78371600402656,
  "A_267": 107.85670659370267,
  "A_268": 34.404209467992544,
  "A_269": 50.99695832452792,
  "A_270": 66.85686157957511,
  "A_271": 62.796667234075656,
  "A_272": 45.06520413794951,
  "A_273": 39.44322355338566,
  "A_274": 98.40253589206631,
  "A_275": 0.0,
  "A_276": 89.90217785280102,
  "A_277": 83.61994758978813,
  "A_278": 4.830512864159665,
  "A_279": 20.529679672678576,
  "A_280": 130.84764818128025,