{
  "A_1": 141.84635149512752,
  "A_2": 178.4889582951734,
  "A_3": 114.04044164384021,
  "A_4": 4.830512864159665,
  "A_5": 104.98857073105194,
  "A_6": 147.7373906409154,
  "A_7": 117.53055002004862,
  "A_8": 49.512756857636575,
  "A_9": 104.92748560349554,
  "A_10": 35.6841697132887,
  "A_11": 119.4138342849108,
  "A_12": 67.62718009823531,
  "A_13": 102.6483983633929,
  "A_14": 116.73142937994028,
  "A_15": 40.78702096140276,
  "A_16": 29.395819627786615,
  "A_17": 85.74160333883407,
  "A_18": 49.398717044311255,
  "A_19": 28.346489982375783,
  "A_20": 172.48317561930577,
  "A_21": 126.80096268419122,
  "A_22": 73.52915198645769,
  "A_23": 31.39833361703782,
  "A_24": 32.355752827775234,
  "A_25": 83.19017771477704,
  "A_26": 121.56194224409997,
  "A_27": 41.858479985465486,
  "A_28": 148.74248666176368,
  "A_29": 91.55410266828221,
  "A_30": 20.279470667376074,
  "A_31": 113.55873495907998,
  "A_32": 50.72038507367648,
  "A_33": 30.308980081220255,
  "A_34": 32.49192201975243,
  "A_35": 122.09894095956341,
  "A_36": 154.5976488194476,
  "A_37": 62.00178146086436,
  "A_38": 14.201305696769758,
  "A_39": 47.57059914644613,
  "A_40": 31.034084798410007,
  "A_41": 58.629105818047115,
  "A_42": 0.0,
  "A_43": 48.30512864159665,
  "A_44": 105.85578853351947,
  "A_45": 32.1795597453913,
  "A_46": 0.0,
  "A_47": 68.27223703461159,
  "A_48": 110.87371624902168,
  "A_49": 26.56782075287816,
  "A_50": 3.4867154561425533,
  "A_51": 115.92532183777041,
  "A_52": 105.04576028371787,
  "A_53": 0.0,
  "A_54": 79.76472331537951,
  "A_55": 79.68556774687963,
  "A_56": 9.643131216564484,
  "A_57": 23.589993041134697,
  "A_58": 97.2195251960599,
  "A_59": 81.38842406246083,
  "A_60": 62.99742757101065,
  "A_61": 65.80329706726722,
  "A_62": 20.257341288724184,
  "A_63": 71.99550185119885,
  "A_64": 134.18626895973256,
  "A_65": 10.868653944359247,
  "A_66": 145.07015334527642,
  "A_67": 16.79275521123352,
  "A_68": 14.74598246467854,
  "A_69": 103.75805915412327,
  "A_70": 52.06841734859064,
  "A_71": 19.32205145663866,
  "A_72": 82.8718464143741,
  "A_73": 107.67201864478344,
  "A_74": 65.73870592230942,
  "A_75": 117.89976255506912,
  "A_76": 136.9963733228862,
  "A_77": 171.13254210567445,
  "A_78": 119.36534066070999,
  "A_79": 74.87294939447482,
  "A_80": 221.8000855909176,
  "A_81": 32.46979264110054,
  "A_82": 109.92642553299946,
  "A_83": 112.97237553984336,
  "A_84": 69.09432900020298,
  "A_85": 44.9894163567743,
  "A_86": 39.85173112931724,
  "A_87": 116.01306023739987,
  "A_88": 48.236189532406286,
  "A_89": 89.25468304052555,
  "A_90": 164.65952920399437,
  "A_91": 43.00903174617498,
  "A_92": 60.56427662717597,
  "A_93": 78.17404699027269,
  "A_94": 36.11480666787218,
  "A_95": 1.2076282160399163,
  "A_96": 2.4152564320798326,
  "A_97": 2.4152564320798326,
  "A_98": 0.0,
  "A_99": 25.73291108926014,
  "A_100": 41.98098953258487,
  "A_101": 137.29591789922065,
  "A_102": 0.0,
  "A_103": 97.92595628651674,
  "A_104": 3.214377072188161,
  "A_105": 44.40990560952251,
  "A_106": 12.076282160399163,
  "A_107": 9.643131216564484,
  "A_108": 16.480392936872395,
  "A_109": 47.06171140204704,
  "A_110": 114.62839699214486,
  "A_111": 159.09282808376307,
  "A_112": 4.830512864159665,
  "A_113": 66.52416691755994,
  "A_114": 41.822690961955786,
  "A_115": 86.6402370678375,
  "A_116": 96.84245867940544,
  "A_117": 34.96753472989303,
  "A_118": 27.73965994540838,
  "A_119": 216.68876460900944,
  "A_120": 94.60435037387623,
  "A_121": 83.97306260405162,
  "A_122": 0.0,
  "A_123": 0.0,
  "A_124": 99.93612319547208,
  "A_125": 41.05935934535715,
  "A_126": 2.279087240102637,
  "A_127": 53.08195797049178,
  "A_128": 149.1577549450858,
  "A_129": 71.7273983341415,
  "A_130": 102.47386404193009,
  "A_131": 98.09530069691583,
  "A_132": 0.0,
  "A_133": 31.679141734786295,
  "A_134": 27.934589486378325,
  "A_135": 50.78158329856842,
  "A_136": 33.13274408923168,
  "A_137": 86.59345247004023,
  "A_138": 132.0278942757515,
  "A_139": 72.87041027248239,
  "A_140": 117.08625342060733,
  "A_141": 89.99588527847229,
  "A_142": 59.49281760311326,
  "A_143": 107.60142077467194,
  "A_144": 92.08088492443615,
  "A_145": 15.699166808518912,
  "A_146": 12.330726032598708,
  "A_147": 3.622884648119749,
  "A_148": 4.830512864159665,
  "A_149": 16.61656212884959,
  "A_150": 0.0,
  "A_151": 5.357295120313602,
  "A_152": 2.4152564320798326,
  "A_153": 53.39008537795587,
  "A_154": 1.2076282160399163,
  "A_155": 63.29800258973551,
  "A_156": 60.13787453948954,
  "A_157": 61.18900117589823,
  "A_158": 111.47779425082456,
  "A_159": 163.24595073995573,
  "A_160": 40.47126576697576,
  "A_161": 29.237521057157537,
  "A_162": 0.0,
  "A_163": 1.0714590240627204,
  "A_164": 0.0,
  "A_165": 0.0,
  "A_166": 0.0,
  "A_167": 0.0,
  "A_168": 37.63816494559788,
  "A_169": 33.81359004911766,
  "A_170": 50.0829307915219,
  "A_171": 57.26741389827516,
  "A_172": 25.346532891980434,
  "A_173": 12.076282160399163,
  "A_174": 15.699166808518912,
  "A_175": 58.24272762076741,
  "A_176": 54.207100529819044,
  "A_177": 21.737307888718494,
  "A_178": 139.23975950407342,
  "A_179": 91.25038605690378,
  "A_180": 39.7980475940527,
  "A_181": 45.954463354474626,
  "A_182": 160.30730497178783,
  "A_183": 180.9995180819925,
  "A_184": 43.36057596411168,
  "A_185": 96.86470115539285,
  "A_186": 159.58819441338107,
  "A_187": 59.31418664483013,
  "A_188": 33.50546264165357,
  "A_189": 53.93899701276169,
  "A_190": 98.75317533131874,
  "A_191": 114.31617294786047,
  "A_192": 63.89025563679026,
  "A_193": 26.43165156090096,
  "A_194": 88.0206905789367,
  "A_195": 20.143301475398875,
  "A_196": 76.08057761051472,
  "A_197": 103.17518061954682,
  "A_198": 103.31134981152401,
  "A_199": 7.109600104262302,
  "A_200": 49.76720072983612,
  "A_201": 34.63484006787787,
  "A_202": 113.7586407828132,
  "A_203": 25.36019253683824,
  "A_204": 149.28803050924483,
  "A_205": 124.52016641768503,
  "A_206": 61.45286982605853,
  "A_207": 40.10785889517911,
  "A_208": 131.82719677066956,
  "A_209": 4.285836096250882,
  "A_210": 72.45769296239499,
  "A_211": 44.27373641754532,
  "A_212": 69.88071990687898,
  "A_213": 19.185882264661466,
  "A_214": 69.62026930952575,
  "A_215": 147.32635722449032,
  "A_216": 5.810061453548963,
  "A_217": 33.268913281208874,
  "A_218": 81.73901323623085,
  "A_219": 8.317228320302219,
  "A_220": 44.9187933539216,
  "A_221": 117.16873907732,
  "A_222": 107.98081206989006,
  "A_223": 121.41800703508312,
  "A_224": 145.9366171655071,
  "A_225": 81.92886596347257,
  "A_226": 76.87969825062305,
  "A_227": 105.45426785964946,
  "A_228": 71.32915748300184,
  "A_229": 25.75080560101498,
  "A_230": 122.23664324875553,
  "A_231": 7.794680931045321,
  "A_232": 87.65209379607631,
  "A_233": 31.925115873191764,
  "A_234": 63.17446260022575,
  "A_235": 110.4676465489893,
  "A_236": 44.6822439934769,
  "A_237": 122.2129807728887,
  "A_238": 113.83701723633496,
  "A_239": 98.91147390194783,
  "A_240": 1.2076282160399163,
  "A_241": 95.02808839099242,
  "A_242": 58.08442905013833,
  "A_243": 46.983460612231426,
  "A_244": 42.63970611381896,
  "A_245": 51.624120749149355,
  "A_246": 115.85722467541117,
  "A_247": 38.481544343009986,
  "A_248": 89.48276266717616,
  "A_249": 145.34768164029455,
  "A_250": 81.84638030675993,
  "A_251": 82.71432695872309,
  "A_252": 31.947245251843654,
  "A_253": 137.0747120772961,
  "A_254": 104.30018494879735,
  "A_255": 81.30170353885116,
  "A_256": 95.40262906715341,
  "A_257": 138.5621305350647,
  "A_258": 131.8994408353315,
  "A_259": 44.708608239025835,
  "A_260": 78.49583404259457,
  "A_261": 161.61866857724922,
  "A_262": 23.88022593684394,
  "A_263": 39.85173112931724,
  "A_264": 82.74588111533575,
  "A_265": 121.57981162311359,
  "A_266": 57.60434342718736,
  "A_267": 42.26698756139707,
  "A_268": 147.0744643255255,
  "A_269": 80.29907052664328,
  "A_270": 6.038141080199582,
  "A_271": 90.96272926717046,
  "A_272": 57.42571246890424,
  "A_273": 35.70629909194059,