{
  "A_1": 185.30566143315622,
  "A_2": 82.94324853220488,
  "A_3": 33.81359004911766,
  "A_4": 123.66565321590863,
  "A_5": 82.95519915065914,
  "A_6": 76.19789724657039,
  "A_7": 14.491538592478996,
  "A_8": 102.91459179211687,
  "A_9": 2.279087240102637,
  "A_10": 67.8858588373319,
  "A_11": 12.466895224575904,
  "A_12": 149.45987562739623,
  "A_13": 129.2987047729837,
  "A_14": 1.0714590240627204,
  "A_15": 14.302603210292107,
  "A_16": 36.41011637730962,
  "A_17": 54.11519009514562,
  "A_18": 124.17207795166732,
  "A_19": 0.0,
  "A_20": 0.0,
  "A_21": 85.72149714585109,
  "A_22": 58.423997516879545,
  "A_23": 0.0,
  "A_24": 59.173782585955905,
  "A_25": 119.3941427821581,
  "A_26": 51.54163509243669,
  "A_27": 13.538354248638624,
  "A_28": 132.6278505079928,
  "A_29": 59.00605923736605,
  "A_30": 55.26066504212692,
  "A_31": 102.41333183468069,
  "A_32": 18.803738934278805,
  "A_33": 125.84079143828926,
  "A_34": 7.816810309697208,
  "A_35": 45.889872209516824,
  "A_36": 0.0,
  "A_37": 76.07715955770765,
  "A_38": 8.59380157115365,
  "A_39": 96.48499570090938,
  "A_40": 120.99238406237474,
  "A_41": 47.31615527424659,
  "A_42": 52.01049894642905,
  "A_43": 94.82544309846527,
  "A_44": 1.2076282160399163,
  "A_45": 84.43084291916209,
  "A_46": 1.2076282160399163,
  "A_47": 78.63960588879347,
  "A_48": 33.36929344967638,
  "A_49": 31.17025399038721,
  "A_50": 114.72468052379206,
  "A_51": 21.623268075393185,
  "A_52": 0.0,
  "A_53": 80.60296306721031,
  "A_54": 140.5757154968272,
  "A_55": 1.0714590240627204,
  "A_56": 110.6684068859243,
  "A_57": 3.372675642817244,
  "A_58": 50.72038507367648,
  "A_59": 112.52381894076382,
  "A_60": 46.244696250183864,
  "A_61": 66.23231296004145,
  "A_62": 109.51791795706788,
  "A_63": 0.0,
  "A_64": 40.91376537541919,
  "A_65": 0.0,
  "A_66": 49.83179187479392,
  "A_67": 0.0,
  "A_68": 52.300731842138305,
  "A_69": 17.591875851341847,
  "A_70": 101.13687760678592,
  "A_71": 52.52370952231949,
  "A_72": 12.739233608530295,
  "A_73": 132.4099496415398,
  "A_74": 89.68352300411117,
  "A_75": 0.0,
  "A_76": 15.699166808518912,
  "A_77": 62.6647329089955,
  "A_78": 21.214760499461594,
  "A_79": 0.0,
  "A_80": 14.491538592478996,
  "A_81": 57.01297002607561,
  "A_82": 22.8308962914331,
  "A_83": 5.76580269624519,
  "A_84": 105.86434623190786,
  "A_85": 59.68690519725203,
  "A_86": 9.524856536342135,
  "A_87": 4.830512864159665,
  "A_88": 99.56320358112033,
  "A_89": 62.84336386727861,
  "A_90": 204.5364307736521
}