{
  "A_1": 242.08376599244946,
  "A_2": 166.70965717150332,
  "A_3": 79.83444153954794,
  "A_4": 112.09828393264976,
  "A_5": 144.8718308842406,
  "A_6": 198.78029161640944,
  "A_7": 104.24663964360954,
  "A_8": 172.11121104912073,
  "A_9": 86.97983066731996,
  "A_10": 129.41101042716426,
  "A_11": 48.60806613799701,
  "A_12": 64.481629037902,
  "A_13": 51.699933663065785,
  "A_14": 71.66947993197991,
  "A_15": 4.830512864159665,
  "A_16": 0.0,
  "A_17": 29.915816043808807,
  "A_18": 6.428754144376322,
  "A_19": 0.0,
  "A_20": 8.453397512279414,
  "A_21": 1.2076282160399163,
  "A_22": 4.422005288228077,
  "A_23": 18.48714179302064,
  "A_24": 66.33007932342116,
  "A_25": 63.30555497847474,
  "A_26": 94.32172013238869,
  "A_27": 59.29205726617825,
  "A_28": 23.9244846941477,
  "A_29": 59.29205726617825,
  "A_30": 36.66371830267801,
  "A_31": 0.0,
  "A_32": 2.4152564320798326,
  "A_33": 71.64491267742885,
  "A_34": 20.00713228342168,
  "A_35": 26.141418665191722,
  "A_36": 106.09077966400801,
  "A_37": 143.50004816886533,
  "A_38": 81.05149453354863,
  "A_39": 108.51963290909256,
  "A_40": 70.87639114976648,
  "A_41": 28.846907992980793,
  "A_42": 0.0,
  "A_43": 36.31133213791014,
  "A_44": 119.84868097365009,
  "A_45": 36.135227020120524,
  "A_46": 6.117309215070045,
  "A_47": 103.39041741542957,
  "A_48": 140.09761536043328,
  "A_49": 1.2076282160399163,
  "A_50": 42.876255474263665,
  "A_51": 147.1500761775121,
  "A_52": 66.15144836513804,
  "A_53": 41.56824708975625,
  "A_54": 56.70484261861153,
  "A_55": 91.82058512353032,
  "A_56": 133.52227450284045,
  "A_57": 1.2076282160399163,
  "A_58": 25.732911089260135,
  "A_59": 39.851731129317244,
  "A_60": 210.0616880035973,
  "A_61": 125.70479817550068,
  "A_62": 64.66893079190903,
  "A_63": 240.84640574353597,
  "A_64": 92.58475868696011,
  "A_65": 83.62418245668516,
  "A_66": 82.11871869071432,
  "A_67": 54.55853165042021,
  "A_68": 27.775448968918077,
  "A_69": 154.19235823439325,
  "A_70": 68.90288034389322,
  "A_71": 0.0,
  "A_72": 106.38955769173499,
  "A_73": 104.0270046180118,
  "A_74": 23.924484694147708,
  "A_75": 18.114423240598747,
  "A_76": 35.34205027331278,
  "A_77": 135.9640082778047,
  "A_78": 0.0,
  "A_79": 125.38649200783897,
  "A_80": 122.5346798606163,
  "A_81": 62.52432885012125,
  "A_82": 20.529679672678576,
  "A_83": 106.92742348677082,
  "A_84": 116.18675261203151,
  "A_85": 39.21343490033149,
  "A_86": 38.59041937801278,
  "A_87": 52.717709151863964,
  "A_88": 51.79184409773921,
  "A_89": 54.109887086746376,
  "A_90": 5.357295120313602,
  "A_91": 44.764729650189565,
  "A_92": 146.61400737347415,
  "A_93": 121.03737166917418,
  "A_94": 84.12546754686255,
  "A_95": 45.58174480205273,
  "A_96": 120.09210413882084,
  "A_97": 39.259402684038804,
  "A_98": 117.71678363255344,
  "A_99": 32.720843593234214,
  "A_100": 92.83415087817268,
  "A_101": 0.0,
  "A_102": 13.928967312815365,
  "A_103": 1.2076282160399163,
  "A_104": 0.0,
  "A_105": 0.0,
  "A_106": 0.0,
  "A_107": 57.46817423521016,
  "A_108": 21.447074993009252,
  "A_109": 0.0,
  "A_110": 27.48521607320884,
  "A_111": 94.75058522871554,
  "A_112": 28.284336713317163,
  "A_113": 2.4152564320798326,
  "A_114": 8.453397512279414,
  "A_115": 71.50450861855462,
  "A_116": 98.6833942752972,
  "A_117": 2.4152564320798326,
  "A_118": 43.47461577743698,
  "A_119": 77.85667073403644,
  "A_120": 60.33289204505378,
  "A_121": 4.830512864159665,
  "A_122": 56.70484261861152,
  "A_123": 38.72658856998998,
  "A_124": 12.076282160399163,
  "A_125": 12.739233608530297,
  "A_126": 96.94718681210551,
  "A_127": 112.22427436442933,
  "A_128": 15.000426336878085,
  "A_129": 45.88987220951682,
  "A_130": 56.819724378768015,
  "A_131": 47.29826076249174,
  "A_132": 56.771230754567185,
  "A_133": 75.77929887503548,
  "A_134": 73.06356795519571,
  "A_135": 68.85522866652357,
  "A_136": 67.19144119718241,
  "A_137": 30.76343030811795,
  "A_138": 53.78916817592669,
  "A_139": 123.75155692542836,
  "A_140": 2.4152564320798326,
  "A_141": 39.73769131599193,
  "A_142": 115.31086401384007,
  "A_143": 3.622884648119749,
  "A_144": 2.279087240102637,
  "A_145": 124.86971258269406,
  "A_146": 77.23875715818716,
  "A_147": 103.97587205598197,
  "A_148": 64.86800723518171,
  "A_149": 4.285836096250882,
  "A_150": 24.64355755344257,
  "A_151": 2.4152564320798326,
  "A_152": 4.909680999030129,
  "A_153": 0.0,
  "A_154": 2.279087240102637,
  "A_155": 27.99410381760793,
  "A_156": 88.83768059805865,
  "A_157": 123.04356760501538,
  "A_158": 19.848833712792597,
  "A_159": 121.62134347799406,
  "A_160": 78.71448889128442,
  "A_161": 25.069959641129003,
  "A_162": 111.20986666295582,
  "A_163": 34.66967404722088,
  "A_164": 18.114423240598747,
  "A_165": 40.73766025762957,
  "A_166": 16.344223744895196,
  "A_167": 67.41952082383304,
  "A_168": 70.72232744603444,
  "A_169": 6.701092528330714,
  "A_170": 55.43685812451084,
  "A_171": 12.879637667404532,
  "A_172": 52.29055308194067,
  "A_173": 4.830512864159665,
  "A_174": 1.0714590240627204,
  "A_175": 0.0,
  "A_176": 9.66102572831933,
  "A_177": 42.93417387642525,
  "A_178": 168.0762248430737,
  "A_179": 36.35135602831688,
  "A_180": 135.71559626350006,
  "A_181": 32.63656094552371,
  "A_182": 111.40978505305966,
  "A_183": 173.08734158570292,
  "A_184": 81.47354865700251,
  "A_185": 99.01852681321157,
  "A_186": 60.90819305814975,
  "A_187": 12.076282160399163,
  "A_188": 8.453397512279414,
  "A_189": 0.0,
  "A_190": 0.0,
  "A_191": 2.4152564320798326,
  "A_192": 14.491538592478996,
  "A_193": 45.70001948227508,
  "A_194": 83.6938755481124,
  "A_195": 76.74352905864586,
  "A_196": 3.372675642817244,
  "A_197": 37.84921714006604,
  "A_198": 12.076282160399163,
  "A_199": 27.33971006786518,
  "A_200": 88.84861334049315,
  "A_201": 34.77100925985507,
  "A_202": 0.0,
  "A_203": 28.983077184957992,
  "A_204": 61.59327388493277,
  "A_205": 27.349046881231644,
  "A_206": 0.0,
  "A_207": 83.8164730598261,
  "A_208": 177.89233215114484,
  "A_209": 46.65320382611546,
  "A_210": 142.03095147945243,
  "A_211": 33.40508247318607,
  "A_212": 71.11389555437786,
  "A_213": 83.24714107277192,
  "A_214": 129.80086950910413,
  "A_215": 69.28238473644686,
  "A_216": 37.909573418126804,
  "A_217": 92.37111782014539,
  "A_218": 71.19298829102465,
  "A_219": 2.4152564320798326,
  "A_220": 78.08637142249628,
  "A_221": 67.33694720252608,
  "A_222": 42.33761056424977,
  "A_223": 96.86470115539285,
  "A_224": 26.181442555598462,
  "A_225": 1.2076282160399163,
  "A_226": 90.97549669971467,
  "A_227": 59.450355836807326,
  "A_228": 8.225317885628796,
  "A_229": 0.0,
  "A_230": 80.85230499294043,
  "A_231": 75.91285426192488,
  "A_232": 28.674949777493907,
  "A_233": 72.57596764261733,
  "A_234": 0.0,
  "A_235": 0.0,
  "A_236": 0.0,
  "A_237": 0.0,
  "A_238": 11.848202533748545,
  "A_239": 13.28391037643908,
  "A_240": 59.56439565013264,
  "A_241": 61.39918629079399,
  "A_242": 23.889688413916552,
  "A_243": 99.45950589081065,
  "A_244": 26.43165156090096,
  "A_245": 122.86995062860737,
  "A_246": 81.85728791645317,
  "A_247": 7.500213168439043,
  "A_248": 97.51660676375397,
  "A_249": 61.21113055455011,
  "A_250": 7.636382360416238,
  "A_251": 48.95018557797294,
  "A_252": 61.32601231470659,
  "A_253": 123.41462739651617,
  "A_254": 53.046168946982085,
  "A_255": 45.87621256465901,
  "A_256": 7.636382360416238,
  "A_257": 20.12117209674699,
  "A_258": 115.80037441475181,
  "A_259": 24.98228407335262,
  "A_260": 66.0331736849157,
  "A_261": 94.5088459572071,
  "A_262": 8.980179768433352,
  "A_263": 59.42303654709172,
  "A_264": 1.0714590240627204,
  "A_265": 1.2076282160399163,
  "A_266": 1.2076282160399163,
  "A_267": 0.0,
  "A_268": 16.362118256650046,
  "A_269": 12.993677480729842,
  "A_270": 72.13167104317606,
  "A_271": 78.58255456620425,
  "A_272": 17.551851960935114,
  "A_273": 139.7647447692295,
  "A_274": 36.458610001510436,
  "A_275": 148.70228684216832,
  "A_276": 38.64410291327732,
  "A_277": 0.0,
  "A_278": 79.39530971842917,