{
  "A_1": 13.302759932360622,
  "A_2": 5.467942013573036,
  "A_3": 0.0,
  "A_4": 0.0,
  "A_5": 0.0,
  "A_6": 0.0,
  "A_7": 3.350546264165357,
  "A_8": 55.98820763521586,
  "A_9": 62.84336386727861,
  "A_10": 118.3316184476022,
  "A_11": 147.1067975971162,
  "A_12": 51.65567490576201,
  "A_13": 0.0,
  "A_14": 76.36382360416238,
  "A_15": 39.99213518819148,
  "A_16": 2.4152564320798326,
  "A_17": 49.82848691932236,
  "A_18": 58.865655178491814,
  "A_19": 8.317228320302219,
  "A_20": 0.0,
  "A_21": 58.71159147475977,
  "A_22": 167.23302137485018,
  "A_23": 68.29963172255091,
  "A_24": 25.069959641129003,
  "A_25": 23.06321078498076,
  "A_26": 13.266015864684233,
  "A_27": 3.2365064508400483,
  "A_28": 6.973430912285107,
  "A_29": 54.083635938532964,
  "A_30": 22.94493610475841,
  "A_31": 41.30014357269889,
  "A_32": 66.61436832582982,
  "A_33": 0.0,
  "A_34": 171.2899987294724,
  "A_35": 112.95953270907549,
  "A_36": 0.0,
  "A_37": 21.871768054292144,
  "A_38": 84.58067175599712,
  "A_39": 1.2076282160399163,
  "A_40": 7.908720744370631,
  "A_41": 86.87765350785459,
  "A_42": 82.67430306831636,
  "A_43": 11.667774584467576,
  "A_44": 33.81359004911765,
  "A_45": 12.857508288752644,
  "A_46": 34.96753472989303,
  "A_47": 0.0,
  "A_48": 0.0,
  "A_49": 2.4152564320798326,
  "A_50": 0.0,
  "A_51": 5.357295120313602,
  "A_52": 0.0,
  "A_53": 77.52475518699934,
  "A_54": 20.788358411775164,
  "A_55": 58.08442905013833,
  "A_56": 80.53825882491698,
  "A_57": 46.891587876669846,
  "A_58": 41.797168663238025,
  "A_59": 0.0,
  "A_60": 25.08530317964914,
  "A_61": 68.6091665635238,
  "A_62": 0.0,
  "A_63": 0.0,
  "A_64": 101.68585207344483,
  "A_65": 39.27126533789877,
  "A_66": 2.4152564320798326,
  "A_67": 58.726093066448755,
  "A_68": 143.3926433992244,
  "A_69": 111.97406535912684,
  "A_70": 47.99700123413257,
  "A_71": 41.27207030074642,
  "A_72": 208.3009132858545,
  "A_73": 39.43379877542488,
  "A_74": 4.830512864159665,
  "A_75": 1.2076282160399163,
  "A_76": 0.0,
  "A_77": 0.0,
  "A_78": 2.4152564320798326,
  "A_79": 0.0,
  "A_80": 72.19382431223467,
  "A_81": 62.018808893046824,
  "A_82": 105.31534663250773,
  "A_83": 48.30512864159665,
  "A_84": 121.05813131342907,
  "A_85": 71.34281712785965,
  "A_86": 50.12202477050317,
  "A_87": 94.9609211400587,
  "A_88": 56.62235696189887,
  "A_89": 87.54483982288275,
  "A_90": 0.0,
  "A_91": 80.21235000303356,
  "A_92": 190.81281052304604,
  "A_93": 48.0370251245393,
  "A_94": 22.40025933684963,
  "A_95": 10.714590240627205,
  "A_96": 66.97513625979745,
  "A_97": 31.616988465727676,
  "A_98": 13.266015864684233,
  "A_99": 14.491538592478996,
  "A_100": 35.040143219302806,
  "A_101": 52.9645252371006,
  "A_102": 127.29195591683545,
  "A_103": 51.1194678716473,
  "A_104": 44.22608474017567,
  "A_105": 57.167875676638815,
  "A_106": 113.26684330244962,
  "A_107": 63.79654821111898,
  "A_108": 0.0,
  "A_109": 3.622884648119749,
  "A_110": 48.83191089775058,
  "A_111": 64.88851555202434,
  "A_112": 0.0,
  "A_113": 37.65512954592725,
  "A_114": 40.10617500151679,
  "A_115": 9.524856536342135,
  "A_116": 8.453397512279414,
  "A_117": 49.03020822604518,
  "A_118": 174.73924126844292,
  "A_119": 82.04714064369492,
  "A_120": 82.5611052018222,
  "A_121": 69.58448028601606,
  "A_122": 48.55786348739265,
  "A_123": 104.0976527536057,
  "A_124": 59.68690519725203,
  "A_125": 68.01437510960497,
  "A_126": 75.56470296405405,
  "A_127": 6.038141080199582,
  "A_128": 157.61115245736522,
  "A_129": 13.055830749788461,
  "A_130": 36.7640984711455,
  "A_131": 108.1783554159478,
  "A_132": 3.4867154561425533,
  "A_133": 31.398333617037824,
  "A_134": 0.0,
  "A_135": 12.194556840621512,
  "A_136": 17.161238896758373,
  "A_137": 39.275500204795804,
  "A_138": 140.81926432570407,
  "A_139": 79.98679621687644,
  "A_140": 83.32634690675424,
  "A_141": 6.609182093657292,
  "A_142": 13.946861824570213,
  "A_143": 59.70056484210984,
  "A_144": 76.29923245920459,
  "A_145": 55.33552291187665,
  "A_146": 123.03492194203268,
  "A_147": 106.48993786020249,
  "A_148": 30.994060908003277,
  "A_149": 115.52284611973369,
  "A_150": 32.596537055116976,
  "A_151": 126.49968394871196,
  "A_152": 94.8579522992446,
  "A_153": 51.99524337250323,
  "A_154": 1.0714590240627204,
  "A_155": 8.453397512279414,
  "A_156": 11.803943776444772,
  "A_157": 0.0,
  "A_158": 0.0,
  "A_159": 15.000426336878085,
  "A_160": 8.453397512279414,
  "A_161": 3.4867154561425533,
  "A_162": 15.272764720832477,
  "A_163": 35.94369039921646,
  "A_164": 32.523363079029565,
  "A_165": 62.53703345081237,
  "A_166": 79.76889535042343,
  "A_167": 149.12121193933925,
  "A_168": 70.92064990707026,
  "A_169": 6.038141080199582,
  "A_170": 42.43375586582023,
  "A_171": 119.75091461027039,
  "A_172": 131.5114667089838,
  "A_173": 54.22922990847093,
  "A_174": 0.0,
  "A_175": 58.94814083520447,
  "A_176": 59.23837373091371,
  "A_177": 24.289575459606688,
  "A_178": 5.901971888222386,
  "A_179": 19.985002904769793,
  "A_180": 14.47364408072415,
  "A_181": 145.20550572316367,
  "A_182": 107.80641597850399,
  "A_183": 71.97760733944399,
  "A_184": 180.63587244915416,
  "A_185": 62.01448606155549,
  "A_186": 83.76545359513177,
  "A_187": 116.94912918446346,
  "A_188": 77.28902264064459,
  "A_189": 14.377498779153687,
  "A_190": 1.2076282160399163,
  "A_191": 52.436901034115486,
  "A_192": 56.75852615387606,
  "A_193": 35.772687227896256,
  "A_194": 2.4152564320798326,
  "A_195": 98.8850845236577,
  "A_196": 59.05803374622704,
  "A_197": 0.0,
  "A_198": 67.89949334944849,
  "A_199": 190.5149498403739,
  "A_200": 63.46469549593499,
  "A_201": 22.77297788927152,
  "A_202": 30.942174363736587,
  "A_203": 74.91201824071486,
  "A_204": 114.48961399507986,
  "A_205": 29.84858596102198,
  "A_206": 2.279087240102637,
  "A_207": 86.23860329663198,
  "A_208": 79.58423253424544,
  "A_209": 44.546074801499714,
  "A_210": 167.22539358788728,
  "A_211": 76.44047846490999,
  "A_212": 93.40011507790219,
  "A_213": 4.444134666879965,
  "A_214": 16.48039293687239,
  "A_215": 16.49828744862724,
  "A_216": 8.752100141782734,
  "A_217": 9.643131216564484,
  "A_218": 148.38568970091018,
  "A_219": 195.23220200618633
}