{
  "A_1": 195.00221229120234,
  "A_2": 80.66416129210224,
  "A_3": 78.74508800373039,
  "A_4": 12.076282160399163,
  "A_5": 59.29542505350291,
  "A_6": 1.2076282160399163,
  "A_7": 0.0,
  "A_8": 3.622884648119749,
  "A_9": 0.0,
  "A_10": 57.58230201312978,
  "A_11": 100.18366813020432,
  "A_12": 59.4103319464006,
  "A_13": 141.89156529659797,
  "A_14": 69.29001252340979,
  "A_15": 24.709945689398232,
  "A_16": 30.190705400997906,
  "A_17": 83.24714107277191,
  "A_18": 85.6011741472186,
  "A_19": 111.95956376743786,
  "A_20": 78.01328541100318,
  "A_21": 107.33236221344791,
  "A_22": 46.126421569961515,
  "A_23": 37.16413631328302,
  "A_24": 147.7518545334925,
  "A_25": 32.978680385499636,
  "A_26": 28.983077184957992,
  "A_27": 69.81763672639488,
  "A_28": 91.44267666004471,
  "A_29": 55.869932954993516,
  "A_30": 0.0,
  "A_31": 16.90679502455883,
  "A_32": 1.2076282160399163,
  "A_33": 100.20504352661936,
  "A_34": 5.357295120313602,
  "A_35": 61.22647409307025,
  "A_36": 3.214377072188161,
  "A_37": 0.0,
  "A_38": 0.0,
  "A_39": 6.428754144376322,
  "A_40": 27.022723369117973,
  "A_41": 41.96996882555608,
  "A_42": 35.78878474865325,
  "A_43": 1.0714590240627204,
  "A_44": 49.24041847368217,
  "A_45": 95.26219987553793,
  "A_46": 0.0,
  "A_47": 15.357047368542986,
  "A_48": 23.4538238491575,
  "A_49": 37.77340422614961,
  "A_50": 89.1303513696671,
  "A_51": 50.98158965326657,
  "A_52": 50.293982985990056,
  "A_53": 194.27492102552566,
  "A_54": 25.98735496145968,
  "A_55": 70.40573030477627,
  "A_56": 72.72484143528564,
  "A_57": 66.12931898648615,
  "A_58": 38.38963390833656,
  "A_59": 2.4152564320798326,
  "A_60": 0.0,
  "A_61": 0.0,
  "A_62": 10.298454877732702,
  "A_63": 2.142918048125441,
  "A_64": 2.1650474267773276,
  "A_65": 0.0,
  "A_66": 0.0,
  "A_67": 55.05291780313033,
  "A_68": 0.0,
  "A_69": 57.912470834651444,
  "A_70": 12.076282160399163,
  "A_71": 59.621359008127534,
  "A_72": 6.83726172030791,
  "A_73": 154.68100155573262,
  "A_74": 88.82054006854067,
  "A_75": 23.317654657180306,
  "A_76": 88.69634662775894,
  "A_77": 149.55329402654334,
  "A_78": 27.757554457163227,
  "A_79": 132.833134738349,
  "A_80": 90.0546204947238,
  "A_81": 44.694948594168025,
  "A_82": 20.93987114227249,
  "A_83": 16.79699007813056,
  "A_84": 0.0,
  "A_85": 3.622884648119749,
  "A_86": 4.558174480205274,
  "A_87": 19.32205145663866,
  "A_88": 0.0,
  "A_89": 22.654703209049174,
  "A_90": 35.956508097243095,
  "A_91": 16.252313310221776,
  "A_92": 36.62373211138311,
  "A_93": 119.39083782668652,
  "A_94": 116.16280110964055,
  "A_95": 9.66102572831933,
  "A_96": 92.17035748321038,
  "A_97": 14.263458965828377,
  "A_98": 9.643131216564484,
  "A_99": 160.1719148947887,
  "A_100": 64.65358725338889,
  "A_101": 53.53472430372714,
  "A_102": 140.7367535362502,
  "A_103": 35.393936817579466,
  "A_104": 5.401553877617375,
  "A_105": 58.85077659568442,
  "A_106": 4.285836096250882,
  "A_107": 137.0821639350704,
  "A_108": 135.94025783734358,
  "A_109": 22.26832501176947,
  "A_110": 26.822264625077704,
  "A_111": 14.491538592478996,
  "A_112": 0.0,
  "A_113": 1.0714590240627204,
  "A_114": 16.634456640604437,
  "A_115": 85.38750814766266,
  "A_116": 60.79667908531793,
  "A_117": 48.20379342896246,
  "A_118": 2.142918048125441,
  "A_119": 0.0,
  "A_120": 0.0,
  "A_121": 4.69434367218247,
  "A_122": 60.037494371022035,
  "A_123": 48.50588897853166,
  "A_124": 14.491538592478996,
  "A_125": 22.54066339572386,
  "A_126": 0.0,
  "A_127": 28.983077184957992,
  "A_128": 55.53300342608131,
  "A_129": 87.85296723034685,
  "A_130": 10.736719619279091,
  "A_131": 21.701518865208797,
  "A_132": 39.85173112931724,
  "A_133": 75.77245020305065,
  "A_134": 1.2076282160399163,
  "A_135": 88.0716220790367,
  "A_136": 88.99589120409344,
  "A_137": 49.903369921813315,
  "A_138": 80.17740292635504,
  "A_139": 39.85173112931724,
  "A_140": 36.43053672955796,
  "A_141": 13.28391037643908,
  "A_142": 1.0714590240627204,
  "A_143": 1.0714590240627204,
  "A_144": 0.0,
  "A_145": 3.622884648119749,
  "A_146": 13.037936238033613,
  "A_147": 2.4152564320798326,
  "A_148": 0.0,
  "A_149": 0.0,
  "A_150": 26.56782075287816,
  "A_151": 0.0,
  "A_152": 0.0,
  "A_153": 10.754614131033938,
  "A_154": 0.0,
  "A_155": 1.2076282160399163,
  "A_156": 84.30926328346817,
  "A_157": 76.01161336858314,
  "A_158": 1.0714590240627204,
  "A_159": 64.51318319451465,
  "A_160": 22.522768883969018,
  "A_161": 36.22884648119749,
  "A_162": 103.93851223614546,
  "A_163": 50.29821785288709,
  "A_164": 32.04762542031115,
  "A_165": 20.847960707599075,
  "A_166": 0.0,
  "A_167": 0.0,
  "A_168": 0.0,
  "A_169": 9.66102572831933,
  "A_170": 8.339357698954105,
  "A_171": 1.0714590240627204,
  "A_172": 11.848202533748545,
  "A_173": 32.60596183307774,
  "A_174": 48.077049014946034,
  "A_175": 1.0935884027146072,
  "A_176": 1.2076282160399163,
  "A_177": 0.0,
  "A_178": 0.0,
  "A_179": 0.0,
  "A_180": 4.558174480205274,
  "A_181": 0.0,
  "A_182": 0.0,
  "A_183": 92.19501270235577,
  "A_184": 32.161665233636455,
  "A_185": 39.93421678602989,
  "A_186": 41.56824708975624,
  "A_187": 14.06513650479256,
  "A_188": 76.26776626718623,
  "A_189": 4.330094853554655,
  "A_190": 1.2076282160399163,
  "A_191": 3.622884648119749,
  "A_192": 1.0714590240627204,
  "A_193": 12.330726032598708,
  "A_194": 94.92677831109947,
  "A_195": 34.050139409562355,
  "A_196": 94.85795229924462,
  "A_197": 55.46322237005977,
  "A_198": 96.0545095427733,
  "A_199": 51.673544284775645,
  "A_200": 112.22842126673206,
  "A_201": 29.45965679050757,
  "A_202": 0.0,
  "A_203": 30.17281088924306,
  "A_204": 90.50053815597434,
  "A_205": 98.32248811125285,
  "A_206": 8.453397512279414,
  "A_207": 152.0825902719485,
  "A_208": 18.232697920821096,
  "A_209": 45.88987220951682,
  "A_210": 50.0258794689327,
  "A_211": 6.038141080199582,
  "A_212": 36.355590895213915,
  "A_213": 54.42575537850889,
  "A_214": 88.73033866027079,
  "A_215": 33.931864729340006,
  "A_216": 198.32389360206648,
  "A_217": 75.60049198756376,
  "A_218": 16.90679502455883,
  "A_219": 80.98415135342628,
  "A_220": 66.2178365010937,
  "A_221": 67.22882614976014,
  "A_222": 0.0,
  "A_223": 97.99318636930356,
  "A_224": 81.95099534212446,
  "A_225": 64.12677986449374,
  "A_226": 5.493464312290798,
  "A_227": 78.33234556090176,
  "A_228": 43.64138408186015,
  "A_229": 51.17558928281103,
  "A_230": 16.5646755845829,
  "A_231": 0.0,
  "A_232": 24.934632395982973,
  "A_233": 18.705042659473634,
  "A_234": 0.0,
  "A_235": 0.0,
  "A_236": 0.0,
  "A_237": 23.57209852937985,
  "A_238": 51.32965298654308,
  "A_239": 17.279513576980726,
  "A_240": 76.78521170997371,
  "A_241": 73.52225304899042,
  "A_242": 146.64298542411086,
  "A_243": 23.744056744866736,
  "A_244": 7.109600104262302,
  "A_245": 31.263848318722957,
  "A_246": 54.851290386622935,
  "A_247": 0.0,
  "A_248": 3.622884648119749,
  "A_249": 66.88331378971833,
  "A_250": 10.868653944359247,
  "A_251": 0.0,
  "A_252": 84.1858866567764,
  "A_253": 121.24531997010058,
  "A_254": 54.7465873866641,
  "A_255": 1.2076282160399163,
  "A_256": 15.408933912809674,
  "A_257": 0.0,
  "A_258": 0.0,
  "A_259": 17.842084856644355,
  "A_260": 23.844436913334242,
  "A_261": 19.031818560929423,
  "A_262": 134.35390434372812,
  "A_263": 60.54817910641898,
  "A_264": 127.26472459171416,
  "A_265": 54.330452023769595,
  "A_266": 147.80702090048953,
  "A_267": 73.26951820319442,
  "A_268": 147.92367451890266,
  "A_269": 76.06691796565691,
  "A_270": 50.27269555416933,
  "A_271": 94.68080417269398,
  "A_272": 90.29977781903932,
  "A_273": 44.220052882280775,
  "A_274": 56.62235696189887,
  "A_275": 146.03276246707756,
  "A_276": 105.45763564697413,
  "A_277": 11.734162720423235,
  "A_278": 144.3279332313099,
  "A_279": 10.714590240627205,
  "A_280": 68.89939945923304,
  "A_281": 60.549247247921215,
  "A_282": 60.69808334147766,
  "A_283": 38.369213556088226,
  "A_284": 17.45994152626169,
  "A_285": 122.78317983951524,
  "A_286": 26.897122494827446,