{
  "A_1": 227.53095377685483,
  "A_2": 169.78511301654976,
  "A_3": 71.4116431397145,
  "A_4": 107.43367229334089,
  "A_5": 52.503289170071156,
  "A_6": 107.32484752382051,
  "A_7": 46.56552825833907,
  "A_8": 103.24241070233364,
  "A_9": 113.60470274278731,
  "A_10": 49.51275685763657,
  "A_11": 53.29817494328244,
  "A_12": 85.20783418061855,
  "A_13": 1.2076282160399163,
  "A_14": 63.86812625813837,
  "A_15": 39.46535293203753,
  "A_16": 15.312788611239212,
  "A_17": 1.2076282160399163,
  "A_18": 179.47952759159148,
  "A_19": 181.29476495957687,
  "A_20": 132.07563391771544,
  "A_21": 69.42618171538697,
  "A_22": 22.927041593003565,
  "A_23": 44.9187933539216,
  "A_24": 33.243390982491114,
  "A_25": 31.0562141770619,
  "A_26": 26.43165156090096,
  "A_27": 24.779726745419765,
  "A_28": 0.0,
  "A_29": 145.57828710743865,
  "A_30": 195.93863309664317,
  "A_31": 71.66608701191404,
  "A_32": 71.06444688601037,
  "A_33": 37.82708776141414,
  "A_34": 74.82010780604145,
  "A_35": 54.06150655988108,
  "A_36": 74.29671846995339,
  "A_37": 42.36736772986457,
  "A_38": 0.0,
  "A_39": 39.970005809539586,
  "A_40": 80.35612184923247,
  "A_41": 0.0,
  "A_42": 35.121598433625074,
  "A_43": 87.13209738005415,
  "A_44": 163.9974197026944,
  "A_45": 70.80576814691378,
  "A_46": 72.93427256794456,
  "A_47": 10.868653944359247,
  "A_48": 92.89204414759305,
  "A_49": 0.0,
  "A_50": 0.0,
  "A_51": 69.88093353517941,
  "A_52": 14.3553694005018,
  "A_53": 0.0,
  "A_54": 1.2076282160399163,
  "A_55": 166.74710495593416,
  "A_56": 23.589993041134697,
  "A_57": 20.103277584992142,
  "A_58": 70.76997912340408,
  "A_59": 40.75123193789307,
  "A_60": 67.50191851595139,
  "A_61": 10.868653944359247,
  "A_62": 91.93972688332504,
  "A_63": 65.33019834637783,
  "A_64": 0.0,
  "A_65": 4.488393424183738,
  "A_66": 18.114423240598747,
  "A_67": 58.0307455148738,
  "A_68": 43.6099178898418,
  "A_69": 0.0,
  "A_70": 47.46343313784688,
  "A_71": 47.2803662507369,
  "A_72": 109.17753267623672,
  "A_73": 159.70972378359258,
  "A_74": 87.03171721158662,
  "A_75": 101.4475308547435,
  "A_76": 118.05034537414099,
  "A_77": 103.43470130547458,
  "A_78": 67.62718009823531,
  "A_79": 51.25987193052154,
  "A_80": 42.76398751919499,
  "A_81": 20.39351048070138,
  "A_82": 123.235770243562,
  "A_83": 117.08625342060733,
  "A_84": 28.539735629683403,
  "A_85": 246.59007906112927,
  "A_86": 89.56948319078586,
  "A_87": 89.00267704422518,
  "A_88": 117.89384379450976,
  "A_89": 141.33841879489512,
  "A_90": 100.74202967571213,
  "A_91": 203.05080930688138,
  "A_92": 261.86278095010863
}