{
  "A_1": 199.36061917775115,
  "A_2": 67.8561016717171,
  "A_3": 153.45207334150138,
  "A_4": 92.85120344309637,
  "A_5": 120.8741093821524,
  "A_6": 135.60476087468143,
  "A_7": 131.05266851785353,
  "A_8": 70.68749346669144,
  "A_9": 89.05636057948973,
  "A_10": 62.914941914298,
  "A_11": 61.457104692955575,
  "A_12": 109.7579984676552,
  "A_13": 43.08823758015728,
  "A_14": 98.28155944216185,
  "A_15": 60.05962374967393,
  "A_16": 169.0338828148528,
  "A_17": 175.82688577785694,
  "A_18": 115.65571035623933,
  "A_19": 104.27605751721777,
  "A_20": 104.06787045524968,
  "A_21": 53.52625456993305,
  "A_22": 184.98410057550535,
  "A_23": 161.58810716391514,
  "A_24": 175.68987463904855,
  "A_25": 105.06365479547273,
  "A_26": 151.58838004842698,
  "A_27": 87.28190108414792,
  "A_28": 169.05601219350467,
  "A_29": 94.19500085111348,
  "A_30": 52.47692492452222,
  "A_31": 79.70346225863449,
  "A_32": 74.97332956294231,
  "A_33": 112.19538427838691,
  "A_34": 59.95924358120642,
  "A_35": 112.83082794124323,
  "A_36": 59.58652502878453,
  "A_37": 87.96700704367217,
  "A_38": 112.22163542660033,
  "A_39": 52.45479554587034,
  "A_40": 135.1403203831453,
  "A_41": 35.275662137357116,
  "A_42": 84.53397512279415,
  "A_43": 104.92748560349551,
  "A_44": 124.3857062521114,
  "A_45": 92.87333282174825,
  "A_46": 99.02551371527314,
  "A_47": 146.59959374637944,
  "A_48": 100.23314193131304,
  "A_49": 77.28820582655464,
  "A_50": 110.86837554151059,
  "A_51": 27.897958516037463,
  "A_52": 8.844010576456155,
  "A_53": 74.87294939447482,
  "A_54": 76.45329616293661,
  "A_55": 130.94040056278484,
  "A_56": 0.0,
  "A_57": 96.86470115539286,
  "A_58": 110.6684068859243,
  "A_59": 7.908720744370631,
  "A_60": 100.48346403395111,
  "A_61": 51.91011877796156,
  "A_62": 146.07620441029138,
  "A_63": 28.412878118331445,
  "A_64": 1.2076282160399163,
  "A_65": 114.14421473237358,
  "A_66": 92.50728701212259,
  "A_67": 84.29043886028785,
  "A_68": 85.87331146924316,
  "A_69": 9.77930040854168,
  "A_70": 7.245769296239498,
  "A_71": 75.96653779718942,
  "A_72": 63.16938578649754,
  "A_73": 112.69566405891518,
  "A_74": 46.688992849625144,
  "A_75": 175.5330212010401,
  "A_76": 47.57747295117218,
  "A_77": 12.419243547206253,
  "A_78": 0.0,
  "A_79": 3.622884648119749,
  "A_80": 11.667774584467576,
  "A_81": 4.285836096250882,
  "A_82": 0.0,
  "A_83": 46.8072675298475,
  "A_84": 36.64158892402612,
  "A_85": 0.0,
  "A_86": 9.252518152387744,
  "A_87": 37.84921714006604,
  "A_88": 44.5682041801516,
  "A_89": 2.4152564320798326,
  "A_90": 37.4364746972374,
  "A_91": 101.44077014735298,
  "A_92": 90.98146572575648,
  "A_93": 0.0,
  "A_94": 26.295482368923768,
  "A_95": 70.0245420185603,
  "A_96": 90.16360862706213,
  "A_97": 0.0,
  "A_98": 15.699166808518912,
  "A_99": 59.0376133939787,
  "A_100": 95.92941132330732,
  "A_101": 0.0,
  "A_102": 38.64410291327732,
  "A_103": 111.87020430599915,
  "A_104": 28.869037371632686,
  "A_105": 0.0,
  "A_106": 28.983077184957992,
  "A_107": 85.45560531002187,
  "A_108": 2.4152564320798326,
  "A_109": 0.0,
  "A_110": 11.786049264689925,
  "A_111": 119.05721325324589,
  "A_112": 0.0,
  "A_113": 77.50430970200979,
  "A_114": 203.1427197415548,
  "A_115": 39.45169328717974,
  "A_116": 183.0794911797106,
  "A_117": 67.62718009823531,
  "A_118": 0.0,
  "A_119": 134.93924588694497,
  "A_120": 62.79666723407565,
  "A_121": 56.62235696189887,
  "A_122": 53.270101671329975,
  "A_123": 135.00415119116812,
  "A_124": 88.1568597709139,
  "A_125": 14.834499979286088,
  "A_126": 61.78979935497074,
  "A_127": 85.46926495487966,
  "A_128": 56.07768019399008,
  "A_129": 57.794196154429095,
  "A_130": 94.61441603673833,
  "A_131": 33.25101876945403,
  "A_132": 83.32634690675422,
  "A_133": 28.513258286798948,
  "A_134": 71.13602493302977,
  "A_135": 76.08057761051472,
  "A_136": 13.28391037643908,
  "A_137": 0.0,
  "A_138": 82.1187186907143,
  "A_139": 110.98775606234699,
  "A_140": 0.0,
  "A_141": 84.44450256401991,
  "A_142": 74.70099117898792,
  "A_143": 84.36201690730725,
  "A_144": 21.464969504764102,
  "A_145": 6.973430912285107,
  "A_146": 47.99700123413257,
  "A_147": 144.65053709772175,
  "A_148": 77.740092513847,
  "A_149": 170.16122448903755,
  "A_150": 71.38452491192872,
  "A_151": 59.0597427726306,
  "A_152": 0.0,
  "A_153": 0.0,
  "A_154": 67.05698103160876,
  "A_155": 0.0,
  "A_156": 0.0,
  "A_157": 4.830512864159665,
  "A_158": 72.18535457844058,
  "A_159": 0.0,
  "A_160": 2.4152564320798326,
  "A_161": 14.491538592478996,
  "A_162": 49.12637866035686,
  "A_163": 23.335549168935152,
  "A_164": 0.0,
  "A_165": 32.60596183307774,
  "A_166": 1.2076282160399163,
  "A_167": 31.262164425060632,
  "A_168": 0.0,
  "A_169": 15.699166808518912,
  "A_170": 90.97549669971468,
  "A_171": 32.60596183307774,
  "A_172": 0.0,
  "A_173": 4.285836096250882,
  "A_174": 71.16914988596922,
  "A_175": 63.33817727658962,
  "A_176": 0.0,
  "A_177": 89.14316906769372,
  "A_178": 125.94815850881835,
  "A_179": 10.732484752382051,
  "A_180": 70.04243653031514,
  "A_181": 135.42959823468786,
  "A_182": 74.09076822195465,
  "A_183": 76.87969825062305,
  "A_184": 10.868653944359247,
  "A_185": 124.49699403027216,
  "A_186": 52.88543250045381,
  "A_187": 2.4152564320798326,
  "A_188": 112.11957136447049,
  "A_189": 83.66327643566643,
  "A_190": 150.6275050857706,
  "A_191": 61.17110666414338,
  "A_192": 37.791298737904455,
  "A_193": 57.96615436991599,
  "A_194": 59.375472834316376,
  "A_195": 164.26125065374285,
  "A_196": 100.22717290527126,
  "A_197": 0.0,
  "A_198": 9.66102572831933,
  "A_199": 59.256268242668554,
  "A_200": 56.468293258166824,
  "A_201": 57.557646793984404,
  "A_202": 1.2076282160399163,
  "A_203": 42.26698756139707,
  "A_204": 153.59936377147227,
  "A_205": 66.77861078975948,
  "A_206": 7.109600104262302,
  "A_207": 67.62718009823531,
  "A_208": 26.111661499576922,
  "A_209": 14.834499979286086,
  "A_210": 9.66102572831933,
  "A_211": 70.57650728142542,
  "A_212": 34.2042031132944,
  "A_213": 2.3012166187545233,
  "A_214": 12.076282160399163,
  "A_215": 35.02121826515757,
  "A_216": 84.5160806110393,
  "A_217": 0.0,
  "A_218": 26.56782075287816,
  "A_219": 5.629633504267994,
  "A_220": 128.34387423459287,
  "A_221": 1.0714590240627204,
  "A_222": 12.6030644165531,
  "A_223": 42.485642410086925,
  "A_224": 27.058813985522406,
  "A_225": 36.14540578031815,
  "A_226": 21.50922826206788,
  "A_227": 0.0,
  "A_228": 3.622884648119749,
  "A_229": 42.79376981755101,
  "A_230": 64.00429545011556,
  "A_231": 0.0,
  "A_232": 0.0,
  "A_233": 65.21192366615549,
  "A_234": 18.35097260104344,
  "A_235": 33.358272742647586,
  "A_236": 65.7335160112457,
  "A_237": 143.57158851677286,
  "A_238": 146.0889090109825,
  "A_239": 29.127716110729267,
  "A_240": 86.90825262030056,
  "A_241": 71.31889075820992,
  "A_242": 12.941790936463153,
  "A_243": 92.45738595441296,
  "A_244": 88.96442501207508,
  "A_245": 33.81359004911766,
  "A_246": 1.2076282160399163,
  "A_247": 1.2076282160399163,
  "A_248": 0.0,
  "A_249": 18.114423240598747,
  "A_250": 6.973430912285107,
  "A_251": 0.0,
  "A_252": 6.973430912285107,
  "A_253": 24.152564320798326,
  "A_254": 100.23314193131306,
  "A_255": 81.75615376574882,
  "A_256": 8.453397512279414,
  "A_257": 59.66477581860014,
  "A_258": 144.76448894645276,
  "A_259": 12.466895224575905,
  "A_260": 108.51881609500262,
  "A_261": 60.38141080199581,
  "A_262": 68.88330193847605,
  "A_263": 70.4976407394497,
  "A_264": 35.02121826515757,
  "A_265": 73.82011373166259,
  "A_266": 87.78571201481881,
  "A_267": 14.491538592478996,
  "A_268": 6.038141080199582,
  "A_269": 80.86428074413591,
  "A_270": 0.0,
  "A_271": 1.2076282160399163,
  "A_272": 37.4364746972374,
  "A_273": 9.66102572831933,
  "A_274": 20.39351048070138,
  "A_275": 32.60596183307774,
  "A_276": 50.5484268581896,
  "A_277": 79.70346225863449,
  "A_278": 65.71318362359168,
  "A_279": 33.81359004911766,
  "A_280": 88.1568597709139,
  "A_281": 105.06365479547271,