{
  "A_1": 240.6957475262404,
  "A_2": 198.01011132782594,
  "A_3": 191.90981697856773,
  "A_4": 148.0948159202996,
  "A_5": 214.3952260427003,
  "A_6": 122.55080251411451,
  "A_7": 110.72896422591488,
  "A_8": 145.1782995307836,
  "A_9": 85.40795363265221,
  "A_10": 72.53762764587293,
  "A_11": 145.85914549066956,
  "A_12": 125.19329662601379,
  "A_13": 136.2202491410021,
  "A_14": 89.37719258764493,
  "A_15": 188.76695512154586,
  "A_16": 99.48918765820176,
  "A_17": 95.25703509721544,
  "A_18": 108.21915842133262,
  "A_19": 76.15120061336744,
  "A_20": 60.8171245703075,
  "A_21": 119.03421679502163,
  "A_22": 12.058387648644317,
  "A_23": 97.1479471490405,
  "A_24": 86.24953603906647,
  "A_25": 56.568673426634334,
  "A_26": 89.29128887812519,
  "A_27": 9.842295624431465,
  "A_28": 6.428754144376322,
  "A_29": 45.46347012183038,
  "A_30": 69.71641461109621,
  "A_31": 28.302231225072013,
  "A_32": 194.31039588976998,
  "A_33": 157.30653106730253,
  "A_34": 74.83716037096512,
  "A_35": 22.40025933684963,
  "A_36": 95.61789099577737,
  "A_37": 80.12975124898539,
  "A_38": 32.57017280956805,
  "A_39": 28.846907992980796,
  "A_40": 79.9578809980928,
  "A_41": 0.0,
  "A_42": 4.830512864159665,
  "A_43": 3.214377072188161,
  "A_44": 1.2076282160399163,
  "A_45": 4.830512864159665,
  "A_46": 0.0,
  "A_47": 0.0,
  "A_48": 57.26741389827515,
  "A_49": 6.4339817545518985,
  "A_50": 80.77492128269719,
  "A_51": 131.10551010628689,
  "A_52": 2.279087240102637,
  "A_53": 27.48521607320884,
  "A_54": 77.31793785942824,
  "A_55": 14.377498779153687,
  "A_56": 22.909147081248715,
  "A_57": 44.20215837052593,
  "A_58": 75.50011181909625,
  "A_59": 41.313803217556696,
  "A_60": 74.77932993339783,
  "A_61": 0.0,
  "A_62": 0.0,
  "A_63": 55.32525618708472,
  "A_64": 36.73941811925891,
  "A_65": 0.0,
  "A_66": 86.06835410754863,
  "A_67": 167.98788325765474,
  "A_68": 47.28216324173474,
  "A_69": 22.90914708124872,
  "A_70": 29.782197825066323,
  "A_71": 182.95921844656058,
  "A_72": 62.00685827459256,
  "A_73": 32.706342001545245,
  "A_74": 143.81582849603353,
  "A_75": 42.2141459729637,
  "A_76": 34.71309085769349,
  "A_77": 29.89368666515692,
  "A_78": 7.636382360416238,
  "A_79": 3.214377072188161,
  "A_80": 6.038141080199582,
  "A_81": 53.26406981343508,
  "A_82": 117.61303567676129,
  "A_83": 47.65167736964999,
  "A_84": 41.54356673786965,
  "A_85": 42.54016789218263,
  "A_86": 111.27184400282582,
  "A_87": 29.73454614769667,
  "A_88": 0.0,
  "A_89": 110.03031171886838,
  "A_90": 46.072738034696975,
  "A_91": 0.0,
  "A_92": 3.622884648119749,
  "A_93": 49.872657712031824,
  "A_94": 0.0,
  "A_95": 7.245769296239498,
  "A_96": 0.0,
  "A_97": 0.0,
  "A_98": 0.0,
  "A_99": 43.03031917799571,
  "A_100": 50.7849762186343,
  "A_101": 51.07520911434353,
  "A_102": 55.90995684540024,
  "A_103": 10.868653944359247,
  "A_104": 50.6488070266571,
  "A_105": 134.41669849768806,
  "A_106": 117.48287320993776,
  "A_107": 0.0,
  "A_108": 15.018320848632932,
  "A_109": 54.34326972179623,
  "A_110": 53.662423761910254,
  "A_111": 1.2076282160399163,
  "A_112": 3.622884648119749,
  "A_113": 60.54638211542113,
  "A_114": 3.5088448347944396,
  "A_115": 16.208054552918,
  "A_116": 56.55077891487949,
  "A_117": 116.74242495422787,
  "A_118": 80.19445549127872,
  "A_119": 109.77575474933329,
  "A_120": 84.61646077950681,
  "A_121": 9.643131216564484,
  "A_122": 184.77298554918417,
  "A_123": 43.59289045765934,
  "A_124": 35.728428470592476,
  "A_125": 67.3496518032172,
  "A_126": 44.33832756250313,
  "A_127": 0.0,
  "A_128": 66.34635277336677,
  "A_129": 66.05774093946677,
  "A_130": 21.328800312786907,
  "A_131": 0.0,
  "A_132": 62.370265146389215,
  "A_133": 138.86599794289054,
  "A_134": 27.23500706790633,
  "A_135": 58.575422282782576,
  "A_136": 10.460146368427658,
  "A_137": 142.380120653343,
  "A_138": 17.953573696734953,
  "A_139": 160.18963347735493,
  "A_140": 84.33469761759164,
  "A_141": 7.109600104262302,
  "A_142": 60.58217113893082,
  "A_143": 67.35907658117796,
  "A_144": 8.453397512279414,
  "A_145": 48.325548993845,
  "A_146": 101.9206295756329,
  "A_147": 33.40508247318607,
  "A_148": 172.87210478982018,
  "A_149": 79.58942244530917,
  "A_150": 1.2076282160399163,
  "A_151": 122.12956520475058,
  "A_152": 62.729324053953306,
  "A_153": 30.054536209020714,
  "A_154": 27.775448968918077,
  "A_155": 54.48367378067047,
  "A_156": 80.73487225954925,
  "A_157": 1.0714590240627204,
  "A_158": 83.60959290040189,
  "A_159": 116.70419805481899,
  "A_160": 19.071842451336153,
  "A_161": 20.257341288724188,
  "A_162": 70.43728446138893,
  "A_163": 64.44160514749527,
  "A_164": 20.239446776969338,
  "A_165": 134.03896596339106,
  "A_166": 29.33790122562504,
  "A_167": 229.70796438845704,
  "A_168": 27.024821953010562,
  "A_169": 20.53814940647266,
  "A_170": 41.550352578001394,
  "A_171": 9.66102572831933,
  "A_172": 1.0935884027146072,
  "A_173": 3.622884648119749,
  "A_174": 0.0,
  "A_175": 43.28137013012938,
  "A_176": 3.5088448347944396,
  "A_177": 66.9633615705318,
  "A_178": 16.48039293687239,
  "A_179": 60.798362978980265,
  "A_180": 8.571672192501763,
  "A_181": 30.99150993476857,
  "A_182": 35.8203389052659,
  "A_183": 147.76029913454536,
  "A_184": 26.549926241123313,
  "A_185": 16.344223744895196,
  "A_186": 63.410170013839284,
  "A_187": 104.98265197049257,
  "A_188": 105.02267586089931,
  "A_189": 70.31219880829362,
  "A_190": 99.2510800678009,
  "A_191": 112.28454267789579,
  "A_192": 65.89700449293849,
  "A_193": 22.944936104758412,
  "A_194": 14.3553694005018,
  "A_195": 70.7998242536132,
  "A_196": 39.07387278828842,
  "A_197": 4.285836096250882,
  "A_198": 2.279087240102637,
  "A_199": 47.688873826668484,
  "A_200": 0.0,
  "A_201": 0.0,
  "A_202": 68.39906941322234,
  "A_203": 68.41264109348583,
  "A_204": 0.0,
  "A_205": 20.493890649168883,
  "A_206": 104.00310338110326,
  "A_207": 57.57722519940157,
  "A_208": 212.35521400353582
}