{
  "A_1": 205.1243986883274,
  "A_2": 50.636944372797146,
  "A_3": 133.36249310047887,
  "A_4": 146.87935885536695,
  "A_5": 56.450398746411985,
  "A_6": 103.15728610779199,
  "A_7": 122.06900786476,
  "A_8": 58.88354969024665,
  "A_9": 128.10897106869862,
  "A_10": 38.88065227372202,
  "A_11": 132.58244821096312,
  "A_12": 110.69053626457618,
  "A_13": 80.9110904746744,
  "A_14": 75.53590084260594,
  "A_15": 32.728471380197135,
  "A_16": 1.2076282160399163,
  "A_17": 160.985537126586,
  "A_18": 74.7503267500199,
  "A_19": 71.65770524271426,
  "A_20": 3.214377072188161,
  "A_21": 0.0,
  "A_22": 0.0,
  "A_23": 0.0,
  "A_24": 1.0714590240627204,
  "A_25": 17.319537467387455,
  "A_26": 0.0,
  "A_27": 21.790036379816346,
  "A_28": 71.04231750735848,
  "A_29": 41.6755010629498,
  "A_30": 40.48916027873061,
  "A_31": 1.0935884027146072,
  "A_32": 45.498304101173396,
  "A_33": 7.131729482914189,
  "A_34": 0.0,
  "A_35": 0.0,
  "A_36": 21.737307888718494,
  "A_37": 1.2076282160399163,
  "A_38": 2.4152564320798326,
  "A_39": 0.0,
  "A_40": 126.2017353014455,
  "A_41": 18.77737468872988,
  "A_42": 14.882151656655736,
  "A_43": 0.0,
  "A_44": 37.096881097754974,
  "A_45": 0.0,
  "A_46": 7.245769296239498,
  "A_47": 0.0,
  "A_48": 1.0714590240627204,
  "A_49": 13.538354248638624,
  "A_50": 166.9998900672126,
  "A_51": 90.16360862706213,
  "A_52": 150.3849866992841,
  "A_53": 28.627298100124257,
  "A_54": 118.84276813871188,
  "A_55": 33.95399410799189,
  "A_56": 99.72150215174943,
  "A_57": 0.0,
  "A_58": 78.83198445652869,
  "A_59": 94.20590846080674,
  "A_60": 57.41609919538427,
  "A_61": 0.0,
  "A_62": 86.16101852445891,
  "A_63": 145.1561450193905,
  "A_64": 73.73583108395208,
  "A_65": 69.72064947799325,
  "A_66": 14.882151656655736,
  "A_67": 78.7008292464266,
  "A_68": 12.879637667404532,
  "A_69": 53.845289587090406,
  "A_70": 53.490465546423366,
  "A_71": 47.04049936845,
  "A_72": 126.91825718750565,
  "A_73": 20.529679672678576,
  "A_74": 27.614599425054283,
  "A_75": 15.357047368542986,
  "A_76": 72.46860057208825,
  "A_77": 49.12637866035686,
  "A_78": 167.8226229177053,
  "A_79": 31.557474134498072,
  "A_80": 2.4152564320798326,
  "A_81": 6.038141080199582,
  "A_82": 110.11448126924336,
  "A_83": 121.92277300992069,
  "A_84": 0.0,
  "A_85": 7.245769296239498,
  "A_86": 59.722694220761724,
  "A_87": 28.43840041704921,
  "A_88": 0.0,
  "A_89": 31.69711164476483,
  "A_90": 161.47127761631342,
  "A_91": 98.00336512950119,
  "A_92": 35.37604230582462,
  "A_93": 60.64855927488649,
  "A_94": 25.224023344861045,
  "A_95": 0.0,
  "A_96": 16.3442237448952,
  "A_97": 2.4152564320798326,
  "A_98": 0.0,
  "A_99": 4.830512864159665,
  "A_100": 7.636382360416239,
  "A_101": 24.77633382535389,
  "A_102": 27.621385265186035,
  "A_103": 44.72131283971695,
  "A_104": 59.173782585955905,
  "A_105": 66.90398546937895,
  "A_106": 78.08051549379002,
  "A_107": 117.45134418606634,
  "A_108": 46.4668319835339,
  "A_109": 134.2688425810395,
  "A_110": 127.83323976467837,
  "A_111": 163.7752462702325,
  "A_112": 96.05859361322295,
  "A_113": 33.096955065721986,
  "A_114": 31.262164425060625,
  "A_115": 160.56006495032503,
  "A_116": 80.2089570829677,
  "A_117": 21.42918048125441,
  "A_118": 83.05145754956514,
  "A_119": 47.17998608226939,
  "A_120": 43.47461577743699,
  "A_121": 0.0,
  "A_122": 38.644102913277315,
  "A_123": 68.45510285979177,
  "A_124": 28.7107388010036,
  "A_125": 5.493464312290798,
  "A_126": 41.05935934535715,
  "A_127": 46.53492914589311,
  "A_128": 1.2076282160399163,
  "A_129": 4.716473050834356,
  "A_130": 90.57211620299373,
  "A_131": 73.55795410790581,
  "A_132": 2.4152564320798326,
  "A_133": 0.0,
  "A_134": 115.17988473292658,
  "A_135": 27.857934625630733,
  "A_136": 0.0,
  "A_137": 7.245769296239498,
  "A_138": 91.23759349161836,
  "A_139": 46.82516204160234,
  "A_140": 0.0,
  "A_141": 59.700564842109834,
  "A_142": 101.52325580406561,
  "A_143": 70.90614831538129,
  "A_144": 144.18431218155843,
  "A_145": 37.14624180152816,
  "A_146": 5.6960216402236545,
  "A_147": 15.699166808518912,
  "A_148": 1.0714590240627204,
  "A_149": 3.622884648119749,
  "A_150": 0.0,
  "A_151": 9.66102572831933,
  "A_152": 5.357295120313602,
  "A_153": 9.643131216564484,
  "A_154": 3.622884648119749,
  "A_155": 53.13564150575632,
  "A_156": 10.714590240627205,
  "A_157": 102.96743338055025,
  "A_158": 61.589039018035734,
  "A_159": 56.510001042235885,
  "A_160": 40.20316224991841,
  "A_161": 153.65632712946714,
  "A_162": 147.0089432691422,
  "A_163": 4.69434367218247,
  "A_164": 62.11582127418967,
  "A_165": 0.0,
  "A_166": 36.58367052186453,
  "A_167": 14.491538592478996,
  "A_168": 36.64158892402612,
  "A_169": 1.2076282160399163,
  "A_170": 10.935884027146072,
  "A_171": 82.66931421918247,
  "A_172": 40.10617500151679,
  "A_173": 2.4152564320798326,
  "A_174": 7.245769296239498,
  "A_175": 36.64158892402612,
  "A_176": 22.8308962914331,
  "A_177": 0.0,
  "A_178": 120.62407630603852,
  "A_179": 51.42759527911139,
  "A_180": 36.619459545374234,
  "A_181": 25.305252364512274,
  "A_182": 124.05269743083088,
  "A_183": 112.69305025382738,
  "A_184": 13.28391037643908,
  "A_185": 28.9472881614483,
  "A_186": 133.16913435583575,
  "A_187": 85.53385609983746,
  "A_188": 67.42799055762711,
  "A_189": 0.0,
  "A_190": 9.775907488475806,
  "A_191": 0.0,
  "A_192": 1.0935884027146072,
  "A_193": 0.0,
  "A_194": 0.0,
  "A_195": 0.0,
  "A_196": 7.109600104262302,
  "A_197": 18.214803409066246,
  "A_198": 63.44595903734897,
  "A_199": 17.091457840736837,
  "A_200": 34.168414089784704,
  "A_201": 23.06321078498076,
  "A_202": 138.33828577531114,
  "A_203": 158.55412034189607,
  "A_204": 22.944936104758412,
  "A_205": 100.23314193131306,
  "A_206": 82.57995475774375,
  "A_207": 53.20023265071413,
  "A_208": 88.15936047866617,
  "A_209": 79.75015889183744,
  "A_210": 60.1499131225381,
  "A_211": 98.48083694736435,
  "A_212": 140.042097135059,
  "A_213": 41.72231079348828,
  "A_214": 33.81272296954528,
  "A_215": 87.69295963331422,
  "A_216": 155.47934308086286,
  "A_217": 14.491538592478996,
  "A_218": 28.846907992980796,
  "A_219": 86.5695261003905,
  "A_220": 75.3027192694859,
  "A_221": 2.4152564320798326,
  "A_222": 47.19788059402424,
  "A_223": 54.97043214641768,
  "A_224": 112.96376757597253,
  "A_225": 103.14624026802196,
  "A_226": 23.24363873426173,
  "A_227": 11.734162720423235,
  "A_228": 79.98670825228214,
  "A_229": 46.701697450316274,
  "A_230": 140.2472682680797,
  "A_231": 63.77865369936413,
  "A_232": 0.0,
  "A_233": 35.971235883603136,
  "A_234": 48.01150282582154,
  "A_235": 11.848202533748545,
  "A_236": 1.2076282160399163,
  "A_237": 25.36019253683824,
  "A_238": 60.38141080199582,
  "A_239": 3.350546264165357,
  "A_240": 6.428754144376322,
  "A_241": 0.0,
  "A_242": 53.25391618597867,
  "A_243": 35.10370392187023,
  "A_244": 0.0,
  "A_245": 79.25490565955494,
  "A_246": 220.62472781461528,
  "A_247": 39.851731129317244,
  "A_248": 54.26490583464509,
  "A_249": 17.551851960935114,
  "A_250": 79.26772335758159,
  "A_251": 17.341666846039345,
  "A_252": 47.09750042555674,
  "A_253": 48.840380631544676,
  "A_254": 25.360192536838245,
  "A_255": 22.154285198444164,
  "A_256": 38.16665622815537,
  "A_257": 22.374737038131865,
  "A_258": 34.03224489780751,
  "A_259": 62.06213773892513,
  "A_260": 129.68931783716044,
  "A_261": 151.7942171990902
}