{
  "A_1": 231.90450313999395,
  "A_2": 158.05095029612653,
  "A_3": 205.8099193380819,
  "A_4": 44.900898842166754,
  "A_5": 117.32280278105205,
  "A_6": 73.56482791263187,
  "A_7": 32.043390553414106,
  "A_8": 39.85173112931724,
  "A_9": 35.890961908118605,
  "A_10": 17.65826398729751,
  "A_11": 113.49217089393571,
  "A_12": 71.58699427526727,
  "A_13": 0.0,
  "A_14": 21.73730788871849,
  "A_15": 99.63475649539852,
  "A_16": 68.51302126195334,
  "A_17": 1.2867963509103797,
  "A_18": 36.22884648119749,
  "A_19": 88.88863723089989,
  "A_20": 91.55842549977355,
  "A_21": 6.428754144376322,
  "A_22": 110.26169630099055,
  "A_23": 53.39008537795586,
  "A_24": 32.19745425714615,
  "A_25": 115.86920042660665,
  "A_26": 44.454164366826284,
  "A_27": 114.97051643212079,
  "A_28": 66.21180464319882,
  "A_29": 73.94093938511963,
  "A_30": 26.567820752878156,
  "A_31": 53.13564150575632,
  "A_32": 21.350929691438793,
  "A_33": 130.55059174632737,
  "A_34": 103.84657666873082,
  "A_35": 0.0,
  "A_36": 131.45951733286398,
  "A_37": 18.759480176975032,
  "A_38": 18.409732950036187,
  "A_39": 8.339357698954105,
  "A_40": 0.0,
  "A_41": 28.13027300958512,
  "A_42": 50.66670153841195,
  "A_43": 71.87203725991277,
  "A_44": 8.453397512279414,
  "A_45": 71.961509818687,
  "A_46": 5.357295120313602,
  "A_47": 86.21470205972345,
  "A_48": 62.79666723407565,
  "A_49": 26.989032929500866,
  "A_50": 28.983077184957992,
  "A_51": 27.775448968918074,
  "A_52": 42.52650824732482,
  "A_53": 100.23314193131307,
  "A_54": 47.6369872824018,
  "A_55": 7.908720744370631,
  "A_56": 0.0,
  "A_57": 21.99175176091804,
  "A_58": 77.9014447125354,
  "A_59": 64.09948570751935,
  "A_60": 0.0,
  "A_61": 11.922218456667121,
  "A_62": 0.0,
  "A_63": 0.0,
  "A_64": 48.43958880717031,
  "A_65": 53.39008537795587,
  "A_66": 79.84810118440576,
  "A_67": 20.766229033123274,
  "A_68": 40.49678806569352,
  "A_69": 87.28616108378617,
  "A_70": 61.285146477468686,
  "A_71": 61.12684790683961,
  "A_72": 132.74705509964062,
  "A_73": 32.588067321322896,
  "A_74": 3.622884648119749,
  "A_75": 55.550897937836154,
  "A_76": 64.70208087758971,
  "A_77": 40.869506618115416,
  "A_78": 8.453397512279414,
  "A_79": 119.18921041017913,
  "A_80": 0.0,
  "A_81": 76.08057761051474,
  "A_82": 68.82538353631446,
  "A_83": 83.43603875584698,
  "A_84": 126.28854378964951,
  "A_85": 53.7806984421326,
  "A_86": 47.86083204215537,
  "A_87": 155.43162857164012,
  "A_88": 42.45588524447212,
  "A_89": 144.18497819920094,
  "A_90": 33.38802990826239,
  "A_91": 50.72038507367648,
  "A_92": 93.93197414778432,
  "A_93": 30.058771075917754,
  "A_94": 15.699166808518912,
  "A_95": 0.0,
  "A_96": 0.0,
  "A_97": 42.15123872166822,
  "A_98": 0.0,
  "A_99": 53.53148218010864,
  "A_100": 63.950611914851024,
  "A_101": 27.893723649140426,
  "A_102": 0.0,
  "A_103": 22.67259772080402,
  "A_104": 25.460572705305744,
  "A_105": 11.667774584467576,
  "A_106": 179.64869607280195,
  "A_107": 47.941721769800004,
  "A_108": 18.236932787718136,
  "A_109": 71.16059218758083,
  "A_110": 0.0,
  "A_111": 0.0,
  "A_112": 2.4152564320798326,
  "A_113": 48.601694988095545,
  "A_114": 78.52640802229931,
  "A_115": 118.90314954951387,
  "A_116": 48.98594946874142,
  "A_117": 25.71501657750529,
  "A_118": 75.44642828383172,
  "A_119": 124.9719777067537,
  "A_120": 68.78207982317738,
  "A_121": 174.355150150615,
  "A_122": 95.38470942265732,
  "A_123": 10.52653450438332,
  "A_124": 0.0,
  "A_125": 89.1304393342614,
  "A_126": 36.399849652517695,
  "A_127": 87.52271044423087,
  "A_128": 38.89854678547687,
  "A_129": 159.64156378938026,
  "A_130": 24.93802531604885,
  "A_131": 174.45672412429087,
  "A_132": 97.3249821782556,
  "A_133": 26.005249473214526,
  "A_134": 41.697630441601696,
  "A_135": 33.75651359378725,
  "A_136": 15.158724907507168,
  "A_137": 104.73598668170334,
  "A_138": 100.15994282248444,
  "A_139": 142.47963374223815,
  "A_140": 12.993677480729842,
  "A_141": 102.77758065330852,
  "A_142": 115.34485604635192,
  "A_143": 19.32205145663866,
  "A_144": 61.333640101669495,
  "A_145": 53.490465546423366,
  "A_146": 53.10408734914367,
  "A_147": 38.64410291327732,
  "A_148": 76.82262179529265,
  "A_149": 31.362544593528135,
  "A_150": 35.02121826515757,
  "A_151": 68.83480831427524,
  "A_152": 41.84058547371063,
  "A_153": 6.767480664286375,
  "A_154": 24.270839001020676,
  "A_155": 105.62956872971981,
  "A_156": 0.0,
  "A_157": 38.49003920954528,
  "A_158": 102.84915870032789,
  "A_159": 65.62890097588114,
  "A_160": 32.143770721881616,
  "A_161": 24.01639512882113,
  "A_162": 72.57596764261734,
  "A_163": 49.512756857636575,
  "A_164": 0.0,
  "A_165": 53.23602167422382,
  "A_166": 68.7811247790107,
  "A_167": 4.285836096250882,
  "A_168": 69.87894804862233,
  "A_169": 40.65085176942557,
  "A_170": 73.32743660535601,
  "A_171": 108.54761821645074,
  "A_172": 2.4152564320798326,
  "A_173": 38.64410291327732,
  "A_174": 0.0,
  "A_175": 16.634456640604437,
  "A_176": 66.69102318657741,
  "A_177": 94.16690244641978,
  "A_178": 5.810061453548963,
  "A_179": 68.7616092054466,
  "A_180": 0.0,
  "A_181": 0.0,
  "A_182": 0.0,
  "A_183": 1.2076282160399163,
  "A_184": 1.2076282160399163,
  "A_185": 4.558174480205274,
  "A_186": 11.53160539249038,
  "A_187": 99.08068008227018,
  "A_188": 76.44387138497585,
  "A_189": 25.2061288331062,
  "A_190": 39.107022873969086,
  "A_191": 79.70346225863449,
  "A_192": 98.17270953990027,
  "A_193": 81.38503114239496,
  "A_194": 94.45533835113118,
  "A_195": 99.30208696612458,
  "A_196": 83.50158494497146,
  "A_197": 38.39812877487186,
  "A_198": 159.9402664188836,
  "A_199": 69.05007024289921,
  "A_200": 42.935857770087566,
  "A_201": 96.61025728319329,
  "A_202": 94.46214932400413,
  "A_203": 10.714590240627203,
  "A_204": 70.57345365336613,
  "A_205": 17.113587219388727,
  "A_206": 24.172984673046663,
  "A_207": 104.94961498214741,
  "A_208": 20.39351048070138,
  "A_209": 2.4152564320798326,
  "A_210": 49.009787873796846,
  "A_211": 88.0206905789367,
  "A_212": 6.117309215070045,
  "A_213": 0.0,
  "A_214": 103.16819371748525,
  "A_215": 120.76946921404665,
  "A_216": 59.256268242668554,
  "A_217": 33.931864729340006,
  "A_218": 16.717897341483784,
  "A_219": 74.64730764372338,
  "A_220": 38.314688073992514,
  "A_221": 28.983077184957995,
  "A_222": 71.9018823901219,
  "A_223": 50.27608847423521,
  "A_224": 16.90679502455883,
  "A_225": 49.1169538823961,
  "A_226": 21.601138696741298,
  "A_227": 176.07370186309356,
  "A_228": 66.56662868386586,
  "A_229": 53.06406345873693,
  "A_230": 41.858479985465486,
  "A_231": 156.53293272591196,
  "A_232": 39.07897473475784,
  "A_233": 0.0,
  "A_234": 108.06356162038564,
  "A_235": 55.96364038066478,
  "A_236": 6.038141080199582,
  "A_237": 5.901971888222386,
  "A_238": 99.96080354735867,
  "A_239": 82.42409406301385,
  "A_240": 0.0,
  "A_241": 14.337474888746952,
  "A_242": 82.02924613194007,
  "A_243": 66.33440215491251,
  "A_244": 8.866139955108043,
  "A_245": 26.395862537391267,
  "A_246": 0.0,
  "A_247": 0.0,
  "A_248": 0.0,
  "A_249": 1.0714590240627204,
  "A_250": 1.0714590240627204,
  "A_251": 8.453397512279414,
  "A_252": 38.490881156376446,
  "A_253": 17.551851960935114,
  "A_254": 76.39961262767208,
  "A_255": 108.24647771104823,
  "A_256": 32.06128506516895,
  "A_257": 190.16072898549632,
  "A_258": 67.70203796798505,
  "A_259": 81.64710280155742,
  "A_260": 122.54392870938845,
  "A_261": 10.460146368427658,
  "A_262": 73.88743177904371,
  "A_263": 60.073283394531735,
  "A_264": 10.868653944359247,
  "A_265": 0.0,
  "A_266": 103.71287048539402,
  "A_267": 108.2710449655993,
  "A_268": 44.93668786567645,
  "A_269": 19.462455515512897,
  "A_270": 143.55094196985345,
  "A_271": 21.745777622512573,
  "A_272": 31.284293803712515,
  "A_273": 59.915826770733815,
  "A_274": 18.593553819383033,
  "A_275": 117.65735726591814,
  "A_276": 1.2076282160399163,
  "A_277": 4.422005288228077,
  "A_278": 1.2076282160399163,
  "A_279": 64.7293750345641,
  "A_280": 7.245769296239498,