{
  "A_1": 236.59030168015866,
  "A_2": 139.91195980097672,
  "A_3": 158.50646866452644,
  "A_4": 94.60516718796617,
  "A_5": 68.73347310164104,
  "A_6": 18.43525524875395,
  "A_7": 145.39617526449535,
  "A_8": 93.2953618124609,
  "A_9": 4.830512864159665,
  "A_10": 5.467942013573036,
  "A_11": 5.76580269624519,
  "A_12": 52.270974676523494,
  "A_13": 29.08006443335962,
  "A_14": 56.86314118924061,
  "A_15": 70.41512994999583,
  "A_16": 2.4152564320798326,
  "A_17": 73.21159980103286,
  "A_18": 67.02881979506199,
  "A_19": 47.961212210622875,
  "A_20": 0.0,
  "A_21": 81.81743995523507,
  "A_22": 85.88621713186413,
  "A_23": 19.32205145663866,
  "A_24": 1.2076282160399163,
  "A_25": 121.80939921423791,
  "A_26": 127.72077074767986,
  "A_27": 103.42365546570457,
  "A_28": 129.4696828115627,
  "A_29": 37.24662196999567,
  "A_30": 57.09545568278827,
  "A_31": 66.98116811769233,
  "A_32": 122.38305403278343,
  "A_33": 54.171311506309344,
  "A_34": 30.067240809711834,
  "A_35": 16.67871539790821,
  "A_36": 117.37648631631659,
  "A_37": 17.025069704781178,
  "A_38": 82.21909885918181,
  "A_39": 78.57576872607251,
  "A_40": 120.45797401925789,
  "A_41": 161.0400374759405,
  "A_42": 50.97143602581015,
  "A_43": 12.923896424708307,
  "A_44": 10.868653944359247,
  "A_45": 70.56240781359611,
  "A_46": 0.0,
  "A_47": 15.699166808518912,
  "A_48": 0.0,
  "A_49": 25.087854152883853,
  "A_50": 92.77629530786417,
  "A_51": 110.79366846820822,
  "A_52": 86.85297315596799,
  "A_53": 55.65127810630365,
  "A_54": 105.10354045580272,
  "A_55": 73.89424275191668,
  "A_56": 0.0,
  "A_57": 21.973857249163192,
  "A_58": 0.0,
  "A_59": 8.571672192501763,
  "A_60": 0.0,
  "A_61": 30.190705400997906,
  "A_62": 61.67152467474838,
  "A_63": 36.856008905818925,
  "A_64": 76.32304573151879,
  "A_65": 60.87240403464006,
  "A_66": 4.422005288228077,
  "A_67": 0.0,
  "A_68": 0.0,
  "A_69": 22.53642852882682,
  "A_70": 9.643131216564484,
  "A_71": 83.42330902241464,
  "A_72": 36.33346151656203,
  "A_73": 106.50783237195733,
  "A_74": 30.85365684912904,
  "A_75": 44.68732080720511,
  "A_76": 75.43456562997176,
  "A_77": 16.727209022109022,
  "A_78": 136.72493971761605,
  "A_79": 78.37660431820552,
  "A_80": 2.4152564320798326,
  "A_81": 0.0,
  "A_82": 63.28679338714751,
  "A_83": 62.99742757101065,
  "A_84": 0.0,
  "A_85": 0.0,
  "A_86": 41.414183386024206,
  "A_87": 63.980457045060135,
  "A_88": 1.2076282160399163,
  "A_89": 32.33362344912335,
  "A_90": 113.78240378964495,
  "A_91": 61.10895339508476,
  "A_92": 10.051638792496071,
  "A_93": 56.37128087702398,
  "A_94": 103.02111691581477,
  "A_95": 43.61501983631122,
  "A_96": 6.428754144376323,
  "A_97": 93.73280973991734,
  "A_98": 136.55538167891646,
  "A_99": 145.7407325803705,
  "A_100": 3.214377072188161,
  "A_101": 83.30587628902344,
  "A_102": 1.2076282160399163,
  "A_103": 47.21577510577909,
  "A_104": 8.453397512279414,
  "A_105": 144.55523374298247,
  "A_106": 72.31633385935405,
  "A_107": 12.739233608530297,
  "A_108": 82.1187186907143,
  "A_109": 60.57877821886494,
  "A_110": 111.96550766073844,
  "A_111": 33.13274408923168,
  "A_112": 0.0,
  "A_113": 53.13564150575632,
  "A_114": 69.0892521864748,
  "A_115": 8.453397512279414,
  "A_116": 2.142918048125441,
  "A_117": 103.98520886934841,
  "A_118": 86.04030596833738,
  "A_119": 1.2076282160399163,
  "A_120": 40.88740112987026,
  "A_121": 122.72679453456861,
  "A_122": 85.73461643677248,
  "A_123": 114.21304074422842,
  "A_124": 32.55915210253926,
  "A_125": 8.707841384478959,
  "A_126": 110.68630139767913,
  "A_127": 71.3768091603715,
  "A_128": 130.3242588451922,
  "A_129": 90.44346170064392,
  "A_130": 115.8522358262773,
  "A_131": 55.51510891432646,
  "A_132": 121.20953094659087,
  "A_133": 90.13806119560314,
  "A_134": 79.00556373382481,
  "A_135": 113.67448379880884,
  "A_136": 23.726162233111893,
  "A_137": 0.0,
  "A_138": 19.32205145663866,
  "A_139": 3.280765208143822,
  "A_140": 30.21112575324625,
  "A_141": 2.4152564320798326,
  "A_142": 47.09750042555674,
  "A_143": 4.285836096250882,
  "A_144": 82.71009209182606,
  "A_145": 72.0779875079115,
  "A_146": 62.33447612287952,
  "A_147": 86.4496303583589,
  "A_148": 4.830512864159665,
  "A_149": 75.26260741448488,
  "A_150": 0.0,
  "A_151": 20.375615968946533,
  "A_152": 0.0,
  "A_153": 10.986928624581596,
  "A_154": 3.622884648119749,
  "A_155": 54.06838036460714,
  "A_156": 75.90861939502783,
  "A_157": 111.57912946345874,
  "A_158": 83.81734013939847,
  "A_159": 10.640574317708628,
  "A_160": 82.22678947799781,
  "A_161": 0.0,
  "A_162": 34.79905739906633,
  "A_163": 0.0,
  "A_164": 60.77878457356309,
  "A_165": 17.886343613948128,
  "A_166": 41.55891027638978,
  "A_167": 1.0714590240627204,
  "A_168": 15.699166808518912,
  "A_169": 20.18756023270265,
  "A_170": 0.0,
  "A_171": 6.038141080199582,
  "A_172": 102.00839310800359,
  "A_173": 24.152564320798326,
  "A_174": 0.0,
  "A_175": 9.77930040854168,
  "A_176": 124.79844869494002,
  "A_177": 21.859817435837883,
  "A_178": 0.0,
  "A_179": 3.350546264165357,
  "A_180": 76.68984552338131,
  "A_181": 92.66135071585462,
  "A_182": 21.31090580103206,
  "A_183": 94.87912663372981,
  "A_184": 28.526917931656754,
  "A_185": 119.25211766147461,
  "A_186": 9.432946101668712,
  "A_187": 2.4152564320798326,
  "A_188": 23.18148546520311,
  "A_189": 61.6766894530709,
  "A_190": 2.279087240102637,
  "A_191": 52.1645626501611,
  "A_192": 39.44322355338565,
  "A_193": 47.174042188968805,
  "A_194": 99.14884007648249,
  "A_195": 82.80707934022769,
  "A_196": 133.36736885227725,
  "A_197": 48.36632686648859,
  "A_198": 186.36785904207613,
  "A_199": 16.933159270107755,
  "A_200": 154.31240477287224,
  "A_201": 145.21832342119032,
  "A_202": 16.296572067525553,
  "A_203": 92.74221531075804,
  "A_204": 126.72341561113004,
  "A_205": 117.01891024048498,
  "A_206": 6.038141080199582,
  "A_207": 0.0,
  "A_208": 106.8559334043457,
  "A_209": 38.06363712185885,
  "A_210": 29.882577993533822,
  "A_211": 2.4152564320798326,
  "A_212": 75.67967268880484,
  "A_213": 48.15529980476165,
  "A_214": 48.26933961808696,
  "A_215": 0.0,
  "A_216": 44.93668786567645,
  "A_217": 130.5172405987169,
  "A_218": 5.810061453548963,
  "A_219": 29.646028633089124,
  "A_220": 104.3291253003222,
  "A_221": 116.64288673259153,
  "A_222": 16.208054552918,
  "A_223": 92.02824439793261,
  "A_224": 87.70070051761266,
  "A_225": 100.5743063271223,
  "A_226": 9.432946101668712,
  "A_227": 27.467321561453986,
  "A_228": 137.82533909320364,
  "A_229": 44.54607480149971,
  "A_230": 1.0714590240627204,
  "A_231": 10.868653944359247,
  "A_232": 72.2499457233984,
  "A_233": 7.131729482914189,
  "A_234": 3.622884648119749,
  "A_235": 21.64547285226876,
  "A_236": 61.589039018035734,
  "A_237": 2.142918048125441,
  "A_238": 7.500213168439043,
  "A_239": 43.438826753927295,
  "A_240": 61.807693866725586,
  "A_241": 30.989826041106234,
  "A_242": 149.84436886908375,
  "A_243": 45.20902624963084,
  "A_244": 117.67095407892288,
  "A_245": 51.05731460258868,
  "A_246": 15.272764720832477,
  "A_247": 6.117309215070045,
  "A_248": 105.20818062390848,
  "A_249": 9.66102572831933,
  "A_250": 0.0,
  "A_251": 81.40208370731864,
  "A_252": 18.114423240598747,
  "A_253": 1.2076282160399163,
  "A_254": 4.830512864159665,
  "A_255": 147.80377877687107,
  "A_256": 3.4867154561425533,
  "A_257": 0.0,
  "A_258": 51.97470992291936,
  "A_259": 45.87197769776198,
  "A_260": 4.58030385885716,
  "A_261": 0.0,
  "A_262": 51.88204550600908,
  "A_263": 57.8945763228966,
  "A_264": 45.20392430316142,
  "A_265": 0.0,
  "A_266": 62.434856291347025,
  "A_267": 69.74277885664515,
  "A_268": 50.68459605016679,
  "A_269": 63.31402471226882,
  "A_270": 4.909680999030129,
  "A_271": 58.629105818047115,
  "A_272": 24.823985502723538,
  "A_273": 124.65367153909199,
  "A_274": 142.8182974302951,
  "A_275": 129.4348739649609,
  "A_276": 64.10467561858307,
  "A_277": 10.732484752382051,
  "A_278": 17.5442241739722,
  "A_279": 48.6301955166489,