{
  "A_1": 89.50825983315269,
  "A_2": 101.7955690552788,
  "A_3": 3.622884648119749,
  "A_4": 143.3968782661214,
  "A_5": 68.48326409633854,
  "A_6": 63.499617439872296,
  "A_7": 19.32205145663866,
  "A_8": 0.0,
  "A_9": 0.0,
  "A_10": 0.0,
  "A_11": 3.214377072188161,
  "A_12": 28.85114285987784,
  "A_13": 0.0,
  "A_14": 49.05056574644044,
  "A_15": 162.9991346547191,
  "A_16": 35.77352917472742,
  "A_17": 32.149802579776505,
  "A_18": 1.0935884027146072,
  "A_19": 91.49888603580274,
  "A_20": 8.453397512279414,
  "A_21": 2.4152564320798326,
  "A_22": 0.0,
  "A_23": 71.84143814746682,
  "A_24": 11.667774584467576,
  "A_25": 1.2076282160399163,
  "A_26": 12.6030644165531,
  "A_27": 90.52266753462622,
  "A_28": 69.19563908009596,
  "A_29": 34.36673655082052,
  "A_30": 3.214377072188161,
  "A_31": 69.26457818928634,
  "A_32": 0.0,
  "A_33": 1.2076282160399163,
  "A_34": 0.0,
  "A_35": 3.214377072188161,
  "A_36": 4.830512864159665,
  "A_37": 126.60592004588575,
  "A_38": 50.68459605016679,
  "A_39": 112.1322759651616,
  "A_40": 126.45447014724152,
  "A_41": 15.448957803216407,
  "A_42": 2.4152564320798326,
  "A_43": 100.04581504456482,
  "A_44": 51.13312751650511,
  "A_45": 1.2076282160399163,
  "A_46": 27.07670849727725,
  "A_47": 107.47192432549096,
  "A_48": 58.597551661434466,
  "A_49": 7.908720744370631,
  "A_50": 38.626208401522476,
  "A_51": 86.81813917662498,
  "A_52": 78.23617512659007,
  "A_53": 10.714590240627205,
  "A_54": 59.945671900942926,
  "A_55": 8.571672192501763,
  "A_56": 20.52967967267858,
  "A_57": 87.50436354313392,
  "A_58": 5.629633504267994,
  "A_59": 68.56583771764551,
  "A_60": 9.546985914994021,
  "A_61": 46.49914012238341,
  "A_62": 62.979533059255814,
  "A_63": 60.38141080199582,
  "A_64": 61.88774164753905,
  "A_65": 22.654703209049174,
  "A_66": 7.245769296239498,
  "A_67": 123.95231726236337,
  "A_68": 48.1374052930068,
  "A_69": 3.622884648119749,
  "A_70": 10.732484752382051,
  "A_71": 118.71329682227211,
  "A_72": 112.71535556166788,
  "A_73": 2.4152564320798326,
  "A_74": 98.18718599884804,
  "A_75": 95.331051020134,
  "A_76": 102.38696758913176,
  "A_77": 63.269765954965045,
  "A_78": 18.114423240598747,
  "A_79": 70.04148148614846,
  "A_80": 4.716473050834356,
  "A_81": 9.643131216564484,
  "A_82": 0.0,
  "A_83": 0.0,
  "A_84": 0.0,
  "A_85": 7.908720744370631,
  "A_86": 28.012840276193938,
  "A_87": 28.965182673203145,
  "A_88": 46.06511024773407,
  "A_89": 54.34326972179623,
  "A_90": 57.02567462676673,
  "A_91": 101.15991176412207,
  "A_92": 86.29379479637024,
  "A_93": 33.09016922559023,
  "A_94": 109.66608803298176,
  "A_95": 128.28600609791374,
  "A_96": 185.48180425005768,
  "A_97": 168.01431033505676,
  "A_98": 27.27415131237006,
  "A_99": 120.87089239127513,
  "A_100": 110.57649645125086,
  "A_101": 114.88965183721737,
  "A_102": 38.45425018603559,
  "A_103": 97.20087670206819,
  "A_104": 91.13286535891828,
  "A_105": 72.60476976406544,
  "A_106": 0.0,
  "A_107": 39.85173112931723,
  "A_108": 48.95442044486998,
  "A_109": 19.44032613686101,
  "A_110": 3.214377072188161,
  "A_111": 44.6822439934769,
  "A_112": 26.532031729368466,
  "A_113": 5.493464312290798,
  "A_114": 7.245769296239498,
  "A_115": 108.55037025161528,
  "A_116": 74.30017422187234,
  "A_117": 3.622884648119749,
  "A_118": 1.2076282160399163,
  "A_119": 141.31628941624322,
  "A_120": 31.24426991330578,
  "A_121": 5.901971888222386,
  "A_122": 24.152564320798326,
  "A_123": 206.94948809087447,
  "A_124": 12.919661557811265,
  "A_125": 0.0,
  "A_126": 65.4093664812483,
  "A_127": 180.17141939124747,
  "A_128": 99.3335280254017,
  "A_129": 137.71721804043767,
  "A_130": 39.623651502666625,
  "A_131": 0.0,
  "A_132": 4.374353610858429,
  "A_133": 1.2076282160399163,
  "A_134": 1.2076282160399163,
  "A_135": 2.279087240102637,
  "A_136": 11.667774584467576,
  "A_137": 5.629633504267994,
  "A_138": 11.922218456667121,
  "A_139": 6.038141080199582,
  "A_140": 16.770625832581633,
  "A_141": 15.000426336878085,
  "A_142": 59.6468813068453,
  "A_143": 71.72316346724446,
  "A_144": 28.21032079039859,
  "A_145": 79.9033555159971,
  "A_146": 65.19910596812883,
  "A_147": 17.202104733996272,
  "A_148": 19.802023982254113,
  "A_149": 41.60827098016298,
  "A_150": 0.0,
  "A_151": 32.96078587374478,
  "A_152": 16.770625832581633,
  "A_153": 40.927425020277,
  "A_154": 0.0,
  "A_155": 9.842295624431465,
  "A_156": 43.320552073704945,
  "A_157": 25.50059659571248,
  "A_158": 0.0,
  "A_159": 22.944936104758412,
  "A_160": 38.12155552402043,
  "A_161": 51.69993366306579,
  "A_162": 2.4152564320798326,
  "A_163": 104.37599786271377,
  "A_164": 61.65363016299354,
  "A_165": 22.8308962914331,
  "A_166": 4.69434367218247,
  "A_167": 207.62430219286563,
  "A_168": 130.92574817464848,
  "A_169": 6.038141080199582,
  "A_170": 52.82751409829223,
  "A_171": 88.01550066787297,
  "A_172": 98.46976597485313,
  "A_173": 36.29946948405019,
  "A_174": 3.214377072188161,
  "A_175": 5.76580269624519,
  "A_176": 0.0,
  "A_177": 1.2076282160399163,
  "A_178": 2.4152564320798326,
  "A_179": 0.0,
  "A_180": 0.0,
  "A_181": 8.317228320302219,
  "A_182": 16.344223744895196,
  "A_183": 65.7608353009613,
  "A_184": 13.74091157657148,
  "A_185": 73.14944653197423,
  "A_186": 37.02796712130582,
  "A_187": 93.76764371926035,
  "A_188": 145.2182103238548,
  "A_189": 16.90679502455883,
  "A_190": 154.51844298546527,
  "A_191": 78.16981212337562,
  "A_192": 60.34562177848612,
  "A_193": 57.44784184755612,
  "A_194": 127.781994105313,
  "A_195": 129.313847249574,
  "A_196": 96.99829424139412,
  "A_197": 80.38173211254453,
  "A_198": 53.412214756607746,
  "A_199": 39.078974734757836,
  "A_200": 22.944936104758412,
  "A_201": 47.76045187368787,
  "A_202": 89.31503931858632,
  "A_203": 100.97431903651858,
  "A_204": 10.187807984473267,
  "A_205": 95.62551878274029,
  "A_206": 54.834262954440476,
  "A_207": 51.874329754451864,
  "A_208": 117.66075018598401,
  "A_209": 19.761158145016214,
  "A_210": 15.10683836324048,
  "A_211": 22.71685647810779,
  "A_212": 18.751852390012115,
  "A_213": 91.97371891583688,
  "A_214": 70.24319686725016,
  "A_215": 0.0,
  "A_216": 2.142918048125441,
  "A_217": 66.21696942152133,
  "A_218": 8.339357698954105,
  "A_219": 0.0,
  "A_220": 0.0,
  "A_221": 61.58903901803573,
  "A_222": 2.4152564320798326,
  "A_223": 6.428754144376322,
  "A_224": 4.830512864159665,
  "A_225": 106.625152008013,
  "A_226": 115.94745121642228,
  "A_227": 0.0,
  "A_228": 57.521857770474696,
  "A_229": 225.77183782003314,
  "A_230": 48.30512864159665,
  "A_231": 58.184809218605835,
  "A_232": 16.888900512803982,
  "A_233": 89.37539559664708,
  "A_234": 20.12540696364403,
  "A_235": 54.34326972179623,
  "A_236": 55.379781669180424,
  "A_237": 29.78219782506632,
  "A_238": 15.747660432719726,
  "A_239": 34.930149777315314,
  "A_240": 22.49301171835421,
  "A_241": 30.018747185511018,
  "A_242": 83.64538192391157,
  "A_243": 149.80702161561788,
  "A_244": 140.10425040411764
}