{
  "A_1": 142.6181151464084,
  "A_2": 87.48024867792495,
  "A_3": 167.37606437155344,
  "A_4": 106.27128301151264,
  "A_5": 119.84453407134737,
  "A_6": 58.374636813106356,
  "A_7": 88.430153199035,
  "A_8": 91.50740603507926,
  "A_9": 61.18053144210414,
  "A_10": 91.38214445279533,
  "A_11": 61.59327388493277,
  "A_12": 86.83519174154867,
  "A_13": 32.02549604165927,
  "A_14": 106.13511381953543,
  "A_15": 83.02158728661479,
  "A_16": 8.453397512279414,
  "A_17": 78.27874999023152,
  "A_18": 97.3556692552959,
  "A_19": 77.28820582655464,
  "A_20": 31.398333617037828,
  "A_21": 79.75439375873448,
  "A_22": 112.05921508640971,
  "A_23": 49.512756857636575,
  "A_24": 70.84155717042347,
  "A_25": 64.36335435767965,
  "A_26": 73.61163764317034,
  "A_27": 124.113367868157,
  "A_28": 105.8090919003165,
  "A_29": 172.54086782679627,
  "A_30": 58.05710976042272,
  "A_31": 92.71503425111916,
  "A_32": 86.48704044367784,
  "A_33": 17.97825404862155,
  "A_34": 71.8414381474668,
  "A_35": 145.1153671467469,
  "A_36": 83.27266337148968,
  "A_37": 21.623268075393185,
  "A_38": 89.22831879497662,
  "A_39": 101.30460095537578,
  "A_40": 44.5682041801516,
  "A_41": 73.7657013469024,
  "A_42": 119.01051662004294,
  "A_43": 118.83855840455604,
  "A_44": 41.80479645020094,
  "A_45": 85.80619448379187,
  "A_46": 150.01125027084242
}