{
  "A_1": 106.769539606372,
  "A_2": 88.68448397389899,
  "A_3": 71.88749389576843,
  "A_4": 118.10324979442744,
  "A_5": 3.622884648119749,
  "A_6": 147.0804333515673,
  "A_7": 107.34274203557536,
  "A_8": 37.322434883912095,
  "A_9": 16.90679502455883,
  "A_10": 46.28048527369356,
  "A_11": 63.151491274742696,
  "A_12": 0.0,
  "A_13": 31.262164425060625,
  "A_14": 118.0973561666093,
  "A_15": 48.30512864159665,
  "A_16": 1.2076282160399163,
  "A_17": 53.06597354707032,
  "A_18": 97.79999098747838,
  "A_19": 82.23699337093666,
  "A_20": 0.0,
  "A_21": 129.18641168517382,
  "A_22": 78.34177033886252,
  "A_23": 37.322434883912095,
  "A_24": 0.0,
  "A_25": 43.438826753927295,
  "A_26": 19.093971829988043,
  "A_27": 0.0,
  "A_28": 3.622884648119749,
  "A_29": 108.01675188984714,
  "A_30": 1.2076282160399163,
  "A_31": 2.142918048125441,
  "A_32": 74.75201064368224,
  "A_33": 62.062137738925124,
  "A_34": 79.70346225863447,
  "A_35": 35.275662137357116,
  "A_36": 31.26216442506063,
  "A_37": 104.21085062009985,
  "A_38": 73.83716629658626,
  "A_39": 9.66102572831933,
  "A_40": 69.46197073889667,
  "A_41": 51.4982182819641,
  "A_42": 90.43594701101654,
  "A_43": 5.629633504267995,
  "A_44": 150.69393092083814,
  "A_45": 99.68846516340427,
  "A_46": 57.85211455659067,
  "A_47": 20.52967967267858,
  "A_48": 184.10664118098714,
  "A_49": 85.82832386244374,
  "A_50": 102.18620725219677,
  "A_51": 62.220436309554216,
  "A_52": 26.549926241123313,
  "A_53": 74.59118623255966,
  "A_54": 116.9533640513605,
  "A_55": 158.07586940905483,
  "A_56": 68.28070676840568,
  "A_57": 30.190705400997906,
  "A_58": 48.39277907663182,
  "A_59": 63.387286652950536,
  "A_60": 124.35760784741768,
  "A_61": 84.99095119018533,
  "A_62": 0.0,
  "A_63": 15.699166808518912,
  "A_64": 88.93476837742521,
  "A_65": 10.618444939056742,
  "A_66": 1.2076282160399163,
  "A_67": 45.75370301753962,
  "A_68": 39.85596599621428,
  "A_69": 34.885049073180376,
  "A_70": 3.372675642817244,
  "A_71": 90.46761426496472,
  "A_72": 110.987756062347,
  "A_73": 7.131729482914189,
  "A_74": 35.02121826515757,
  "A_75": 35.02121826515757,
  "A_76": 66.2833826902182,
  "A_77": 2.4152564320798326,
  "A_78": 50.72038507367649,
  "A_79": 134.9641273007614,
  "A_80": 24.865077534632498,
  "A_81": 1.2076282160399163,
  "A_82": 61.825588378480425,
  "A_83": 15.312788611239212,
  "A_84": 0.0,
  "A_85": 86.72707068878273,
  "A_86": 186.08603304830788,
  "A_87": 49.76720072983611,
  "A_88": 78.26775441594395,
  "A_89": 71.6594142691178,
  "A_90": 13.490702571268976,
  "A_91": 56.9993103812178,
  "A_92": 68.88234689430935,
  "A_93": 123.9490123068918,
  "A_94": 25.36019253683824,
  "A_95": 81.84638030675993,
  "A_96": 28.240919902844556,
  "A_97": 15.681272296764066,
  "A_98": 56.078522140821256,
  "A_99": 147.23702289579285,
  "A_100": 11.786049264689924,
  "A_101": 10.868653944359247,
  "A_102": 0.0,
  "A_103": 61.589039018035734,
  "A_104": 0.0,
  "A_105": 0.0,
  "A_106": 1.2076282160399163,
  "A_107": 14.491538592478996,
  "A_108": 0.0,
  "A_109": 0.0,
  "A_110": 4.558174480205274,
  "A_111": 1.2076282160399163,
  "A_112": 2.1650474267773276,
  "A_113": 0.0,
  "A_114": 0.0,
  "A_115": 9.546985914994021,
  "A_116": 44.077097850171825,
  "A_117": 9.38868734436494,
  "A_118": 10.596315560404856,
  "A_119": 30.41962697447969,
  "A_120": 2.142918048125441,
  "A_121": 48.65995268226369,
  "A_122": 89.03846606773487,
  "A_123": 24.933790449151807,
  "A_124": 4.285836096250882,
  "A_125": 2.4152564320798326,
  "A_126": 4.830512864159665,
  "A_127": 45.88987220951682,
  "A_128": 0.0,
  "A_129": 1.0935884027146072,
  "A_130": 68.07685510429955,
  "A_131": 27.893723649140426,
  "A_132": 3.350546264165357,
  "A_133": 0.0,
  "A_134": 17.978254048621547,
  "A_135": 61.45286982605853,
  "A_136": 11.985213672556906,
  "A_137": 0.0,
  "A_138": 33.81359004911766,
  "A_139": 48.30512864159665,
  "A_140": 2.279087240102637,
  "A_141": 0.0,
  "A_142": 0.0,
  "A_143": 3.622884648119749,
  "A_144": 0.0,
  "A_145": 1.2076282160399163,
  "A_146": 0.0,
  "A_147": 0.0,
  "A_148": 1.2076282160399163,
  "A_149": 1.2076282160399163,
  "A_150": 0.0,
  "A_151": 6.038141080199582,
  "A_152": 1.2076282160399163,
  "A_153": 0.0,
  "A_154": 0.0,
  "A_155": 5.629633504267994,
  "A_156": 46.63530931436061,
  "A_157": 32.217032662563334,
  "A_158": 81.60209006201679,
  "A_159": 71.29676137955802,
  "A_160": 88.82187210382578,
  "A_161": 82.36797265185012,
  "A_162": 23.880225936843935,
  "A_163": 1.2076282160399163,
  "A_164": 3.622884648119749,
  "A_165": 4.374353610858429,
  "A_166": 0.0,
  "A_167": 98.38637553945624,
  "A_168": 3.622884648119749,
  "A_169": 2.142918048125441,
  "A_170": 14.219200208524605,
  "A_171": 36.22884648119749,
  "A_172": 19.912670875513548,
  "A_173": 0.0,
  "A_174": 23.74405674486674,
  "A_175": 69.34369605867433,
  "A_176": 53.09730150901191,
  "A_177": 9.66102572831933,
  "A_178": 0.0,
  "A_179": 64.93958528220108,
  "A_180": 49.240418473682176,
  "A_181": 39.85173112931724,
  "A_182": 3.622884648119749,
  "A_183": 98.91147390194783,
  "A_184": 129.1983246045162,
  "A_185": 16.90679502455883,
  "A_186": 10.868653944359247,
  "A_187": 99.16591777414737,
  "A_188": 57.738074743265365,
  "A_189": 0.0,
  "A_190": 73.23891909074847,
  "A_191": 126.97194072277021,
  "A_192": 48.06507326375056,
  "A_193": 41.29590870580185,
  "A_194": 10.714590240627205,
  "A_195": 20.529679672678576,
  "A_196": 70.23725297394957,
  "A_197": 34.51824928131785,
  "A_198": 96.9174296464907,
  "A_199": 89.3644879869538,
  "A_200": 78.22349565864016,
  "A_201": 40.206555169984284,
  "A_202": 89.85884900692271,
  "A_203": 76.22521653628601,
  "A_204": 44.546074801499714,
  "A_205": 119.54742737091206,
  "A_206": 41.976754665687835,
  "A_207": 155.87076039275888,
  "A_208": 173.92027832913448,
  "A_209": 63.04168632831443,
  "A_210": 54.115190095145614,
  "A_211": 166.07208979201323,
  "A_212": 88.02913517998957,
  "A_213": 101.95049983858323,
  "A_214": 44.6822439934769,
  "A_215": 15.699166808518912,
  "A_216": 23.024104239628873,
  "A_217": 0.0,
  "A_218": 3.4867154561425533,
  "A_219": 0.0,
  "A_220": 0.0,
  "A_221": 43.98350352183608,
  "A_222": 3.4867154561425533,
  "A_223": 1.0714590240627204,
  "A_224": 0.0,
  "A_225": 0.0,
  "A_226": 0.0,
  "A_227": 0.0,
  "A_228": 1.2076282160399163,
  "A_229": 0.0,
  "A_230": 0.0,
  "A_231": 0.0,
  "A_232": 1.0714590240627204,
  "A_233": 0.0,
  "A_234": 0.0,
  "A_235": 3.622884648119749,
  "A_236": 3.622884648119749,
  "A_237": 96.74205337819673,
  "A_238": 36.00076685454687,
  "A_239": 4.602433237509047,
  "A_240": 0.0,
  "A_241": 12.058387648644317,
  "A_242": 42.401447726970716,
  "A_243": 67.49101090625811,
  "A_244": 47.09750042555674,
  "A_245": 1.0714590240627204,
  "A_246": 0.0,
  "A_247": 25.73291108926014,
  "A_248": 38.64410291327732,
  "A_249": 62.20857365569425,
  "A_250": 93.60267240583505,
  "A_251": 0.0,
  "A_252": 1.0935884027146072,
  "A_253": 54.34326972179623,
  "A_254": 37.16413631328301,
  "A_255": 0.0,
  "A_256": 1.2076282160399163,
  "A_257": 15.699166808518912,
  "A_258": 3.3948050214691308,
  "A_259": 0.0,
  "A_260": 0.0,
  "A_261": 24.152564320798326,
  "A_262": 2.4152564320798326,
  "A_263": 6.973430912285107,
  "A_264": 0.0,
  "A_265": 0.0,
  "A_266": 1.2076282160399163,
  "A_267": 1.2867963509103797,
  "A_268": 31.26216442506063,
  "A_269": 0.0,
  "A_270": 3.622884648119749,
  "A_271": 0.0,
  "A_272": 56.94139197905622,
  "A_273": 13.928967312815365,
  "A_274": 38.85009086038791,
  "A_275": 69.72064947799325,
  "A_276": 34.18630860153955,
  "A_277": 99.68249613736246,
  "A_278": 112.94172616191496,
  "A_279": 12.143512243185988,
  "A_280": 2.4152564320798326,
  "A_281": 115.33401126851174,
  "A_282": 2.4152564320798326,
  "A_283": 0.0,
  "A_284": 9.66102572831933,
  "A_285": 154.59683200535764,
  "A_286": 1.2076282160399163,
  "A_287": 2.5735927018207594,
  "A_288": 19.7126645208154,
  "A_289": 51.79184409773921,
  "A_290": 12.076282160399163,
  "A_291": 0.0,