{
  "A_1": 200.5206711146451,
  "A_2": 133.19881612322686,
  "A_3": 155.21384080252264,
  "A_4": 147.1885041388508,
  "A_5": 28.984761078620323,
  "A_6": 54.69809376246327,
  "A_7": 89.1364083603032,
  "A_8": 121.18908546160134,
  "A_9": 3.622884648119749,
  "A_10": 9.116348960410548,
  "A_11": 32.03576276645119,
  "A_12": 59.972903226064226,
  "A_13": 61.29964806915766,
  "A_14": 79.45325325333197,
  "A_15": 26.295482368923768,
  "A_16": 138.8772448445904,
  "A_17": 39.561498233608006,
  "A_18": 28.259656361430565,
  "A_19": 38.64410291327732,
  "A_20": 41.99464917744268,
  "A_21": 6.83726172030791,
  "A_22": 1.2076282160399163,
  "A_23": 50.72038507367648,
  "A_24": 0.0,
  "A_25": 0.0,
  "A_26": 0.0,
  "A_27": 28.846907992980793,
  "A_28": 3.214377072188161,
  "A_29": 14.06513650479256,
  "A_30": 12.993677480729842,
  "A_31": 123.89033992249337,
  "A_32": 51.07944398124057,
  "A_33": 86.97803367632208,
  "A_34": 63.376177981327444,
  "A_35": 75.51281641978737,
  "A_36": 149.95089399278166,
  "A_37": 80.77492128269719,
  "A_38": 25.246152723512935,
  "A_39": 43.47461577743699,
  "A_40": 103.8560265794328,
  "A_41": 99.87133098858442,
  "A_42": 0.0,
  "A_43": 28.983077184957992,
  "A_44": 66.4195518821954,
  "A_45": 0.0,
  "A_46": 4.830512864159665,
  "A_47": 21.19263112080971,
  "A_48": 41.05935934535716,
  "A_49": 14.3553694005018,
  "A_50": 29.918367017043515,
  "A_51": 6.038141080199582,
  "A_52": 0.0,
  "A_53": 1.2076282160399163,
  "A_54": 2.5735927018207594,
  "A_55": 0.0,
  "A_56": 41.05935934535715,
  "A_57": 5.401553877617376,
  "A_58": 9.643131216564484,
  "A_59": 65.1403456191361,
  "A_60": 25.47846721706059,
  "A_61": 11.786049264689925,
  "A_62": 70.08411918164299,
  "A_63": 57.64013245069705,
  "A_64": 7.245769296239498,
  "A_65": 1.0714590240627204,
  "A_66": 146.74249851300596,
  "A_67": 103.22364911100642,
  "A_68": 17.302635698911146,
  "A_69": 103.7929182662075,
  "A_70": 126.69450039234638,
  "A_71": 0.0,
  "A_72": 72.7776578909778,
  "A_73": 93.3013057057615,
  "A_74": 42.62952735362134,
  "A_75": 11.848202533748545,
  "A_76": 16.638691507501477,
  "A_77": 43.28476305019525,
  "A_78": 120.13467900246229,
  "A_79": 56.29633504267994,
  "A_80": 87.71256317147261,
  "A_81": 12.87540280050749,
  "A_82": 57.87932074897077,
  "A_83": 53.13564150575632,
  "A_84": 67.1488914662822,
  "A_85": 62.52432885012126,
  "A_86": 2.4152564320798326,
  "A_87": 55.55089793783615,
  "A_88": 83.32634690675422,
  "A_89": 56.722737130366376,
  "A_90": 0.0,
  "A_91": 60.345621778486134,
  "A_92": 109.2133216997464,
  "A_93": 21.73730788871849,
  "A_94": 2.4152564320798326,
  "A_95": 80.7749212826972,
  "A_96": 38.37176452932293,
  "A_97": 0.0,
  "A_98": 39.85173112931724,
  "A_99": 102.05400903333373,
  "A_100": 49.51275685763657,
  "A_101": 1.2076282160399163,
  "A_102": 104.1087614252288,
  "A_103": 163.36673869430092,
  "A_104": 10.872888811256287,
  "A_105": 25.71501657750529,
  "A_106": 23.8104448808224,
  "A_107": 56.75852615387607,
  "A_108": 50.378265633700565,
  "A_109": 0.0,
  "A_110": 9.007574456372659,
  "A_111": 159.93115580018818,
  "A_112": 25.08785415288385,
  "A_113": 3.350546264165357,
  "A_114": 39.71556193734004,
  "A_115": 123.57800278087348,
  "A_116": 10.596315560404856,
  "A_117": 40.945319532031846,
  "A_118": 77.28820582655464,
  "A_119": 33.81359004911766,
  "A_120": 56.60446245014403,
  "A_121": 14.491538592478996,
  "A_122": 27.138861766335868,
  "A_123": 59.1737825859559,
  "A_124": 51.584096858742626,
  "A_125": 0.0,
  "A_126": 102.61260933988319,
  "A_127": 144.41740579008413,
  "A_128": 33.5559794515233,
  "A_129": 16.498287448627238,
  "A_130": 69.18368846164168,
  "A_131": 134.06280436844648,
  "A_132": 30.427254761442605,
  "A_133": 31.741295003844918,
  "A_134": 140.93069033394158,
  "A_135": 2.4152564320798326,
  "A_136": 27.511580318757765,
  "A_137": 62.682627420750336,
  "A_138": 35.02121826515757,
  "A_139": 10.323977176450462,
  "A_140": 0.0,
  "A_141": 79.0226162987485,
  "A_142": 13.015806859381728,
  "A_143": 26.549926241123313,
  "A_144": 0.0,
  "A_145": 14.491538592478996,
  "A_146": 7.245769296239498,
  "A_147": 0.0,
  "A_148": 3.622884648119749,
  "A_149": 7.245769296239498,
  "A_150": 0.0,
  "A_151": 10.8507594326044,
  "A_152": 0.0,
  "A_153": 5.357295120313602,
  "A_154": 48.11527591435492,
  "A_155": 53.35429635444617,
  "A_156": 40.34272436196148,
  "A_157": 119.78475584633483,
  "A_158": 96.10041449462753,
  "A_159": 45.85408318600713,
  "A_160": 73.89668062781587,
  "A_161": 0.0,
  "A_162": 0.0,
  "A_163": 42.65760062557381,
  "A_164": 31.39833361703782,
  "A_165": 0.0,
  "A_166": 59.173782585955905,
  "A_167": 38.53006309995202,
  "A_168": 0.0,
  "A_169": 7.109600104262302,
  "A_170": 14.3553694005018,
  "A_171": 42.26698756139707,
  "A_172": 27.775448968918077,
  "A_173": 41.7623095511538,
  "A_174": 3.622884648119749,
  "A_175": 0.0,
  "A_176": 20.254790315489476,
  "A_177": 23.18148546520311,
  "A_178": 10.714590240627205,
  "A_179": 0.0,
  "A_180": 33.81359004911766,
  "A_181": 1.2076282160399163,
  "A_182": 8.571672192501763,
  "A_183": 27.757554457163227,
  "A_184": 73.20319289909186,
  "A_185": 49.39871704431126,
  "A_186": 166.83138760364466,
  "A_187": 16.344223744895196,
  "A_188": 39.135096145921565,
  "A_189": 103.22872592473463,
  "A_190": 54.73811765287002,
  "A_191": 6.428754144376322,
  "A_192": 117.7755439815462,
  "A_193": 9.66102572831933,
  "A_194": 28.846907992980793,
  "A_195": 15.699166808518912,
  "A_196": 10.868653944359247,
  "A_197": 1.0714590240627204,
  "A_198": 48.6599526822637,
  "A_199": 72.13167104317606,
  "A_200": 123.50056880514778,
  "A_201": 25.132112910187626,
  "A_202": 46.52730135893019,
  "A_203": 73.43205164072054,
  "A_204": 51.928013289716404,
  "A_205": 0.0,
  "A_206": 16.63190566736973,
  "A_207": 81.46421184363605,
  "A_208": 69.72073744258756,
  "A_209": 1.2076282160399163,
  "A_210": 15.699166808518912,
  "A_211": 113.51705230775212,
  "A_212": 55.769552786526,
  "A_213": 0.0,
  "A_214": 76.08057761051474,
  "A_215": 36.77775811600331,
  "A_216": 1.2076282160399163,
  "A_217": 25.36019253683824,
  "A_218": 78.49583404259457,
  "A_219": 13.28391037643908,
  "A_220": 0.0,
  "A_221": 59.173782585955905,
  "A_222": 72.2021432495814,
  "A_223": 0.0,
  "A_224": 3.350546264165357,
  "A_225": 118.684494700824,
  "A_226": 44.23794739403562,
  "A_227": 22.676832587701057,
  "A_228": 39.815942105807544,
  "A_229": 0.0,
  "A_230": 1.2076282160399163,
  "A_231": 144.89230150197136,
  "A_232": 136.5479298211422,
  "A_233": 0.0,
  "A_234": 35.02121826515757,
  "A_235": 74.46444181854322,
  "A_236": 41.05935934535715,
  "A_237": 0.0,
  "A_238": 42.13081836941988,
  "A_239": 58.92780844755043,
  "A_240": 18.114423240598747,
  "A_241": 8.181059128325023,
  "A_242": 107.86952429172929,
  "A_243": 150.1331189330605,
  "A_244": 0.0,
  "A_245": 45.88987220951682,
  "A_246": 26.04527336362126,
  "A_247": 37.42377009654629,
  "A_248": 1.0714590240627204,
  "A_249": 94.04093714738143,
  "A_250": 176.21326397513664,
  "A_251": 0.0,
  "A_252": 90.63670734795153,
  "A_253": 190.20092880509165,
  "A_254": 53.23602167422382,
  "A_255": 109.41068911661554,
  "A_256": 67.3496518032172,
  "A_257": 36.10538188991141,
  "A_258": 139.48231558967183,
  "A_259": 91.64357522705646,
  "A_260": 19.208011643313352,
  "A_261": 0.0,
  "A_262": 104.85512844149807,
  "A_263": 131.286780002399,
  "A_264": 2.279087240102637,
  "A_265": 51.928013289716404,
  "A_266": 28.30223122507201,
  "A_267": 34.907178451832266,
  "A_268": 0.0,
  "A_269": 76.08057761051472,
  "A_270": 104.65514721954113,
  "A_271": 0.0,
  "A_272": 14.491538592478996,
  "A_273": 48.81401638599574,
  "A_274": 27.639279776940874,
  "A_275": 1.2076282160399163,
  "A_276": 2.279087240102637,
  "A_277": 74.87294939447482,
  "A_278": 31.694899963536713,
  "A_279": 2.5735927018207594,
  "A_280": 29.083457353425494,
  "A_281": 91.7260608837691,
  "A_282": 16.071885360940808,
  "A_283": 55.006221169927365,