{
  "A_1": 233.1035862240161,
  "A_2": 92.51416081684863,
  "A_3": 191.9498408689745,
  "A_4": 88.48192664596613,
  "A_5": 77.2703113147998,
  "A_6": 129.39748901238318,
  "A_7": 98.04245910848245,
  "A_8": 90.05624155653305,
  "A_9": 97.78630620987936,
  "A_10": 73.6653211784349,
  "A_11": 69.34369605867431,
  "A_12": 175.27451839113215,
  "A_13": 59.00182437046901,
  "A_14": 65.41268400309048,
  "A_15": 127.95490736496657,
  "A_16": 40.24234419349398,
  "A_17": 85.67002529181468,
  "A_18": 88.4282431107016,
  "A_19": 167.0373378516434,
  "A_20": 132.78887598104524,
  "A_21": 15.699166808518912,
  "A_22": 48.054919636294144,
  "A_23": 141.40057206395372,
  "A_24": 78.35966485061736,
  "A_25": 112.82921944580457,
  "A_26": 176.2575227324404,
  "A_27": 82.74588111533575,
  "A_28": 58.37889681274461,
  "A_29": 135.31817222645037,
  "A_30": 149.4897207576053,
  "A_31": 69.5887151529131,
  "A_32": 194.3949172985222,
  "A_33": 84.53397512279415,
  "A_34": 121.73376222951009,
  "A_35": 45.525623390889,
  "A_36": 190.08695182361944,
  "A_37": 115.12620119766206,
  "A_38": 53.97902090316842,
  "A_39": 178.94851046854052,
  "A_40": 58.49293662606993,
  "A_41": 49.28467723098595,
  "A_42": 72.32152377041778,
  "A_43": 93.27061862872121,
  "A_44": 127.7335004811122,
  "A_45": 106.15881399451413,
  "A_46": 122.6487196739416,
  "A_47": 113.01237429750887,
  "A_48": 46.46091322297453,
  "A_49": 98.12587467662058,
  "A_50": 105.99894462755825,
  "A_51": 114.1730168538217,
  "A_52": 154.68361536082043,
  "A_53": 73.16734104372907,
  "A_54": 128.09453230886277,
  "A_55": 121.34738403223042,
  "A_56": 96.496217469868,
  "A_57": 51.992604434674206,
  "A_58": 114.58152442975327,
  "A_59": 127.22722654180089,
  "A_60": 110.8234005010818,
  "A_61": 135.34030160510224,
  "A_62": 129.52844316055544,
  "A_63": 61.72944307690997,
  "A_64": 46.59708241495172,
  "A_65": 85.60543414685687,
  "A_66": 47.91875044431695,
  "A_67": 148.25996316291352,
  "A_68": 121.69112453401559,
  "A_69": 107.6617770527327,
  "A_70": 125.84180931430905,
  "A_71": 59.31418664483013,
  "A_72": 76.23969299523375,
  "A_73": 2.4152564320798326,
  "A_74": 72.88746283740608,
  "A_75": 109.24813054634821,
  "A_76": 38.53006309995202,
  "A_77": 2.4152564320798326,
  "A_78": 86.96013916456724,
  "A_79": 144.00241396691555,
  "A_80": 56.595879619014426,
  "A_81": 146.3280470437738,
  "A_82": 68.95308299449758,
  "A_83": 119.53634383203018,
  "A_84": 48.56804224759028,
  "A_85": 88.69634662775896,
  "A_86": 122.87160938952849,
  "A_87": 30.225539380340916,
  "A_88": 113.23772702173616,
  "A_89": 49.512756857636575,
  "A_90": 32.5931441350511,
  "A_91": 26.567820752878163,
  "A_92": 87.25637878543016,
  "A_93": 4.830512864159665,
  "A_94": 80.11101479039938,
  "A_95": 27.85793462563073,
  "A_96": 69.75728044833411,
  "A_97": 148.1781183911022,
  "A_98": 103.85602657943281,
  "A_99": 138.25336224269927,
  "A_100": 58.214654348814946,
  "A_101": 116.73732300775845,
  "A_102": 26.56782075287816,
  "A_103": 118.94497043091845,
  "A_104": 0.0,
  "A_105": 58.81197164322727,
  "A_106": 150.28884139771367,
  "A_107": 122.90573965211706,
  "A_108": 17.143344385003527,
  "A_109": 46.62597250099415,
  "A_110": 46.84729142025422,
  "A_111": 73.21337165928948,
  "A_112": 2.142918048125441,
  "A_113": 111.2021760441398,
  "A_114": 104.1708015969519,
  "A_115": 2.279087240102637,
  "A_116": 164.88845077747615,
  "A_117": 12.87540280050749,
  "A_118": 0.0,
  "A_119": 0.0,
  "A_120": 0.0,
  "A_121": 75.14355361928445,
  "A_122": 15.699166808518912,
  "A_123": 117.35096401759883,
  "A_124": 40.24234419349398,
  "A_125": 143.62919275966908,
  "A_126": 154.31240477287224,
  "A_127": 72.7418688674681,
  "A_128": 121.25709465936623,
  "A_129": 127.96581497465985,
  "A_130": 5.379424498965489,
  "A_131": 84.29043886028786,
  "A_132": 56.819724378768,
  "A_133": 14.491538592478996,
  "A_134": 4.716473050834356,
  "A_135": 1.2076282160399163,
  "A_136": 38.64410291327732,
  "A_137": 14.491538592478996,
  "A_138": 75.04818743269206,
  "A_139": 16.90679502455883,
  "A_140": 1.2076282160399163,
  "A_141": 58.16691470685099,
  "A_142": 110.23031807356651,
  "A_143": 0.0,
  "A_144": 39.4253290416308,
  "A_145": 143.46758923356842,
  "A_146": 98.78204028461995,
  "A_147": 25.59674189728294,
  "A_148": 68.08841616526475,
  "A_149": 92.94215883360309,
  "A_150": 19.422431625106164,
  "A_151": 27.875829137385576,
  "A_152": 28.674949777493904,
  "A_153": 50.58421588169928,
  "A_154": 71.12404918183428,
  "A_155": 40.50525779948761,
  "A_156": 56.402747069042334,
  "A_157": 112.47619239613537,
  "A_158": 106.58089325070922,
  "A_159": 80.95015932091445,
  "A_160": 175.94492169703756,
  "A_161": 168.85745097142717,
  "A_162": 142.208916420093,
  "A_163": 153.4051002481449,
  "A_164": 172.18586785694063,
  "A_165": 136.1332144581271,
  "A_166": 99.7657609090532,
  "A_167": 95.2306708516665,
  "A_168": 152.58057040665432,
  "A_169": 83.27266337148968,
  "A_170": 149.6715687067657,
  "A_171": 144.21664545314914,
  "A_172": 177.6157589002934,
  "A_173": 127.38047343144301,
  "A_174": 104.63725270778627,
  "A_175": 159.46537070699634,
  "A_176": 104.51199112550236,
  "A_177": 186.5150740738233,
  "A_178": 158.97193959845296,
  "A_179": 307.0981965780296
}