{
  "A_1": 197.4692421702133,
  "A_2": 195.61274940750093,
  "A_3": 76.73494622751626,
  "A_4": 103.1342016849734,
  "A_5": 108.97158242823798,
  "A_6": 7.636382360416238,
  "A_7": 52.86753798869896,
  "A_8": 81.54851962408776,
  "A_9": 134.56415229047695,
  "A_10": 11.944347835319007,
  "A_11": 19.798631062188242,
  "A_12": 50.72038507367648,
  "A_13": 0.0,
  "A_14": 0.0,
  "A_15": 0.0,
  "A_16": 50.06693380172982,
  "A_17": 0.0,
  "A_18": 12.857508288752646,
  "A_19": 2.4152564320798326,
  "A_20": 1.2076282160399163,
  "A_21": 3.350546264165357,
  "A_22": 56.02747754338573,
  "A_23": 4.830512864159665,
  "A_24": 7.245769296239498,
  "A_25": 62.79666723407565,
  "A_26": 39.93421678602989,
  "A_27": 0.0,
  "A_28": 11.940112968421968,
  "A_29": 97.29331492430742,
  "A_30": 94.29538101958099,
  "A_31": 33.38718796143122,
  "A_32": 0.0,
  "A_33": 67.94385263771717,
  "A_34": 84.30589549614352,
  "A_35": 0.0,
  "A_36": 1.2076282160399163,
  "A_37": 34.71309085769349,
  "A_38": 98.59212472552514,
  "A_39": 34.440752473739096,
  "A_40": 6.701092528330714,
  "A_41": 32.315728937368505,
  "A_42": 4.285836096250882,
  "A_43": 60.38141080199581,
  "A_44": 55.437700071342014,
  "A_45": 56.21469133279845,
  "A_46": 70.90794530637913,
  "A_47": 1.2076282160399163,
  "A_48": 38.626208401522476,
  "A_49": 77.2345222912901,
  "A_50": 15.448957803216407,
  "A_51": 38.64410291327732,
  "A_52": 121.69811143607716,
  "A_53": 76.08057761051472,
  "A_54": 0.0,
  "A_55": 77.31201909886887,
  "A_56": 55.16451974055644,
  "A_57": 73.3929827944805,
  "A_58": 2.142918048125441,
  "A_59": 22.672597720804017,
  "A_60": 110.8294574917179,
  "A_61": 21.328800312786907,
  "A_62": 2.142918048125441,
  "A_63": 21.737307888718497,
  "A_64": 50.385667225992435,
  "A_65": 8.770070051761268,
  "A_66": 0.0,
  "A_67": 18.114423240598747,
  "A_68": 91.37123684310205,
  "A_69": 1.2076282160399163,
  "A_70": 14.609813272701345,
  "A_71": 107.11971408991172,
  "A_72": 32.588067321322896,
  "A_73": 196.55479994697703,
  "A_74": 44.16816633801409,
  "A_75": 210.0897612755498,
  "A_76": 87.40368178177167,
  "A_77": 17.65826398729751,
  "A_78": 49.80806656707401,
  "A_79": 2.4152564320798326,
  "A_80": 26.246121665150575,
  "A_81": 14.491538592478996,
  "A_82": 72.34365314906967,
  "A_83": 1.2076282160399163,
  "A_84": 26.295482368923764,
  "A_85": 110.67539378798585,
  "A_86": 7.017689669588879,
  "A_87": 2.142918048125441,
  "A_88": 101.03226257142138,
  "A_89": 47.09750042555673,
  "A_90": 8.453397512279414,
  "A_91": 16.770625832581633,
  "A_92": 96.6102572831933,
  "A_93": 18.114423240598747,
  "A_94": 0.0,
  "A_95": 37.4364746972374,
  "A_96": 77.28820582655464,
  "A_97": 0.0,
  "A_98": 1.0714590240627204,
  "A_99": 13.011571992484688,
  "A_100": 50.44285677865837,
  "A_101": 43.22440677213448,
  "A_102": 153.03661656262003,
  "A_103": 71.3683394265774,
  "A_104": 79.14596779269905,
  "A_105": 89.54575788306593,
  "A_106": 104.43296122070866,
  "A_107": 18.799504067381765,
  "A_108": 44.31373517521083,
  "A_109": 37.02052782990212,
  "A_110": 103.85602657943281,
  "A_111": 47.624282681710675,
  "A_112": 1.2076282160399163,
  "A_113": 32.46979264110055,
  "A_114": 98.88934452329595,
  "A_115": 9.66102572831933,
  "A_116": 6.428754144376322,
  "A_117": 31.108100721328587,
  "A_118": 78.49583404259457,
  "A_119": 3.622884648119749,
  "A_120": 7.245769296239498,
  "A_121": 61.18053144210415,
  "A_122": 32.60596183307774,
  "A_123": 44.255841905790476,
  "A_124": 5.901971888222386,
  "A_125": 31.398333617037824,
  "A_126": 2.4152564320798326,
  "A_127": 19.776501683536353,
  "A_128": 6.038141080199582,
  "A_129": 0.0,
  "A_130": 0.0,
  "A_131": 3.860389052731139,
  "A_132": 0.0,
  "A_133": 1.2076282160399163,
  "A_134": 2.142918048125441,
  "A_135": 2.4152564320798326,
  "A_136": 7.245769296239498,
  "A_137": 0.0,
  "A_138": 7.772551552393435,
  "A_139": 46.4668319835339,
  "A_140": 18.232697920821096,
  "A_141": 33.81359004911766,
  "A_142": 63.714062554406325,
  "A_143": 17.497414443433716,
  "A_144": 3.622884648119749,
  "A_145": 10.868653944359247,
  "A_146": 8.571672192501763,
  "A_147": 1.2076282160399163,
  "A_148": 2.1871768054292144,
  "A_149": 6.038141080199582,
  "A_150": 91.27677543519391,
  "A_151": 2.1871768054292144,
  "A_152": 22.944936104758412,
  "A_153": 35.02121826515757,
  "A_154": 32.333623449123344,
  "A_155": 2.279087240102637,
  "A_156": 28.556675097271558,
  "A_157": 44.93668786567645,
  "A_158": 5.924101266874272,
  "A_159": 7.245769296239498,
  "A_160": 75.1420456548107,
  "A_161": 89.2504481736285,
  "A_162": 0.0,
  "A_163": 55.37893972234926,
  "A_164": 96.06558051528452,
  "A_165": 61.589039018035734,
  "A_166": 0.0,
  "A_167": 76.31808201512612,
  "A_168": 77.56477907740607,
  "A_169": 30.190705400997906,
  "A_170": 4.830512864159665,
  "A_171": 97.99225645787809,
  "A_172": 146.06933060556534,
  "A_173": 68.52668090681114,
  "A_174": 15.408933912809674,
  "A_175": 44.02776227913985,
  "A_176": 166.62262248862828,
  "A_177": 76.53416075784004,
  "A_178": 104.76237605999347,
  "A_179": 33.81359004911766,
  "A_180": 85.37735452020625,
  "A_181": 0.0,
  "A_182": 2.4152564320798326,
  "A_183": 59.206907538895365,
  "A_184": 15.312788611239212,
  "A_185": 0.0,
  "A_186": 0.0,
  "A_187": 33.541251665163266,
  "A_188": 61.45286982605854,
  "A_189": 7.245769296239498,
  "A_190": 12.6030644165531,
  "A_191": 88.1568597709139,
  "A_192": 50.58421588169929,
  "A_193": 4.830512864159665,
  "A_194": 65.09788385283017,
  "A_195": 110.58340795508877,
  "A_196": 26.963661427230477,
  "A_197": 3.622884648119749,
  "A_198": 14.491538592478996,
  "A_199": 77.17416601322932,
  "A_200": 1.2867963509103797,
  "A_201": 9.66102572831933,
  "A_202": 153.04276151785044,
  "A_203": 20.103277584992142,
  "A_204": 1.0714590240627204,
  "A_205": 121.85044098066444,
  "A_206": 41.690756636875626,
  "A_207": 88.64614397715458,
  "A_208": 33.79569553736281,
  "A_209": 169.28808792601063,
  "A_210": 15.725531054067838,
  "A_211": 90.71252026186795,
  "A_212": 75.10949875491951,
  "A_213": 26.96266868395194,
  "A_214": 127.36078192869032,
  "A_215": 33.54125166516326,
  "A_216": 48.35362226579746,
  "A_217": 61.70182219429962,
  "A_218": 204.89932242425363,
  "A_219": 68.6312959421757,
  "A_220": 0.0,
  "A_221": 80.09407532281122,
  "A_222": 128.5932412930642,
  "A_223": 14.201305696769758,
  "A_224": 14.491538592478996,
  "A_225": 170.15982962189935,
  "A_226": 112.8046270585123,
  "A_227": 15.014927928567058,
  "A_228": 51.73816056247467,
  "A_229": 3.280765208143822,
  "A_230": 22.944936104758412,
  "A_231": 97.03916007863202,
  "A_232": 25.36019253683824,
  "A_233": 1.2076282160399163,
  "A_234": 7.245769296239498,
  "A_235": 83.21230709342892,
  "A_236": 0.0,
  "A_237": 0.0,
  "A_238": 49.512756857636575,
  "A_239": 53.13564150575631,
  "A_240": 15.018320848632932,
  "A_241": 26.567820752878156,
  "A_242": 27.775448968918077,
  "A_243": 1.2076282160399163,
  "A_244": 45.48136463358524,
  "A_245": 29.705090574976623,
  "A_246": 1.2076282160399163,
  "A_247": 1.2076282160399163,
  "A_248": 41.43207789777905,
  "A_249": 30.353238838524028,
  "A_250": 1.2076282160399163,
  "A_251": 1.2076282160399163,
  "A_252": 83.64301944623607,
  "A_253": 69.29001252340979,
  "A_254": 6.428754144376322,
  "A_255": 0.0,
  "A_256": 41.29590870580185,
  "A_257": 63.21787941069835,
  "A_258": 15.000426336878085,
  "A_259": 28.130273009585117,
  "A_260": 51.32965298654308,
  "A_261": 53.11774699400147,
  "A_262": 59.019718882223856,
  "A_263": 143.72290018534036,
  "A_264": 49.51275685763657,
  "A_265": 37.43647469723741,
  "A_266": 104.92748560349553,
  "A_267": 50.19783768441959,
  "A_268": 0.0,
  "A_269": 66.41955188219539,
  "A_270": 57.93036534640629,
  "A_271": 30.29108556946541,
  "A_272": 29.509859441111928,
  "A_273": 32.16990877275949,
  "A_274": 68.83480831427522,
  "A_275": 0.0,
  "A_276": 18.705042659473634,
  "A_277": 70.04243653031514,
  "A_278": 65.07575447417828,
  "A_279": 0.0,
  "A_280": 0.0,