{
  "A_1": 76.59283314223848,
  "A_2": 103.89686728392948,
  "A_3": 10.868653944359247,
  "A_4": 0.0,
  "A_5": 0.0,
  "A_6": 34.831365537915836,
  "A_7": 78.36726750483908,
  "A_8": 19.352650569084627,
  "A_9": 107.9043582710723,
  "A_10": 56.58656793838917,
  "A_11": 10.8507594326044,
  "A_12": 30.190705400997906,
  "A_13": 151.70224393256368,
  "A_14": 80.45235511539724,
  "A_15": 17.886343613948128,
  "A_16": 47.96300920162072,
  "A_17": 98.74618842925716,
  "A_18": 12.257552056511297,
  "A_19": 0.0,
  "A_20": 95.28262022778628,
  "A_21": 58.497171492966956,
  "A_22": 0.0,
  "A_23": 97.79657293467127,
  "A_24": 148.88610771151517,
  "A_25": 22.11002644114039,
  "A_26": 36.074782777465444,
  "A_27": 3.350546264165357,
  "A_28": 51.039420090833836,
  "A_29": 0.0,
  "A_30": 0.0,
  "A_31": 4.285836096250882,
  "A_32": 2.4152564320798326,
  "A_33": 66.20841172313294,
  "A_34": 0.0,
  "A_35": 111.78006572958236,
  "A_36": 55.43685812451084,
  "A_37": 0.0,
  "A_38": 37.400685673727715,
  "A_39": 105.52561971199782,
  "A_40": 41.437154711507254,
  "A_41": 31.284293803712515,
  "A_42": 113.29564542389774,
  "A_43": 110.43185752547959,
  "A_44": 0.0,
  "A_45": 56.6240408555612,
  "A_46": 57.30743778868189,
  "A_47": 1.0935884027146072,
  "A_48": 35.8203389052659,
  "A_49": 184.8878924420818,
  "A_50": 101.33763794372094,
  "A_51": 28.284336713317167,
  "A_52": 54.60618332778986,
  "A_53": 0.0,
  "A_54": 48.30512864159665,
  "A_55": 4.307965474902768,
  "A_56": 7.245769296239498,
  "A_57": 3.622884648119749,
  "A_58": 0.0,
  "A_59": 34.8692154462063,
  "A_60": 21.737307888718494,
  "A_61": 20.07775528627438,
  "A_62": 25.851185769482484,
  "A_63": 87.23247754852162,
  "A_64": 18.933122286124252,
  "A_65": 57.69126501272688,
  "A_66": 3.3948050214691308,
  "A_67": 0.0,
  "A_68": 11.786049264689925,
  "A_69": 64.20505578705057,
  "A_70": 89.3644879869538,
  "A_71": 114.0334547417786,
  "A_72": 153.3966305143508,
  "A_73": 144.15197890996768,
  "A_74": 16.403826040719107,
  "A_75": 80.5025828987428,
  "A_76": 61.87915881640945,
  "A_77": 3.622884648119749,
  "A_78": 10.618444939056742,
  "A_79": 131.44507857302813,
  "A_80": 42.994618119080315,
  "A_81": 0.0,
  "A_82": 59.88343066729,
  "A_83": 138.93763882176302,
  "A_84": 1.2076282160399163,
  "A_85": 0.0,
  "A_86": 64.18716127529572,
  "A_87": 7.245769296239498,
  "A_88": 0.0,
  "A_89": 46.38086544216107,
  "A_90": 114.0368476618445,
  "A_91": 19.83093920103775,
  "A_92": 51.36967687694981,
  "A_93": 7.500213168439043,
  "A_94": 121.07684263927386,
  "A_95": 0.0,
  "A_96": 0.0,
  "A_97": 1.0714590240627204,
  "A_98": 1.2076282160399163,
  "A_99": 9.524856536342135,
  "A_100": 1.2076282160399163,
  "A_101": 0.0,
  "A_102": 144.37155110371233,
  "A_103": 59.23837373091371,
  "A_104": 50.745869673282414,
  "A_105": 16.90679502455883,
  "A_106": 8.20318850697691,
  "A_107": 93.63242957144985,
  "A_108": 142.36559392891283,
  "A_109": 97.81788549923321,
  "A_110": 107.5613968842652,
  "A_111": 91.88012458750114,
  "A_112": 110.75868369241785,
  "A_113": 94.2595919960713,
  "A_114": 24.183163433244296,
  "A_115": 102.44065112439631,
  "A_116": 43.63714921496311,
  "A_117": 73.51633428843105,
  "A_118": 115.61655354540497,
  "A_119": 117.41375817155877,
  "A_120": 17.864214235296238,
  "A_121": 3.4867154561425533,
  "A_122": 66.27912269057995,
  "A_123": 108.75206049997576,
  "A_124": 43.61284585419495,
  "A_125": 0.0,
  "A_126": 10.051638792496071,
  "A_127": 44.900898842166754,
  "A_128": 0.0,
  "A_129": 1.2076282160399163,
  "A_130": 114.92550369258015,
  "A_131": 68.69863912229803,
  "A_132": 1.2076282160399163,
  "A_133": 17.025069704781178,
  "A_134": 128.69184960327507,
  "A_135": 9.66102572831933,
  "A_136": 0.0,
  "A_137": 49.731411706326426,
  "A_138": 138.1605847284535,
  "A_139": 28.284336713317167,
  "A_140": 63.04168632831443,
  "A_141": 1.0714590240627204,
  "A_142": 28.983077184957992,
  "A_143": 0.0,
  "A_144": 15.000426336878085,
  "A_145": 0.0,
  "A_146": 10.714590240627205,
  "A_147": 6.701092528330714,
  "A_148": 4.830512864159665,
  "A_149": 3.2365064508400483,
  "A_150": 79.08303540866237,
  "A_151": 126.82976480563933,
  "A_152": 43.13078731105752,
  "A_153": 2.142918048125441,
  "A_154": 18.759480176975032,
  "A_155": 19.83093920103775,
  "A_156": 0.0,
  "A_157": 28.4247407721914,
  "A_158": 31.92511587319176,
  "A_159": 2.4152564320798326,
  "A_160": 51.7918440977392,
  "A_161": 40.987781298337765,
  "A_162": 0.0,
  "A_163": 46.59453144171702,
  "A_164": 91.06911616079162,
  "A_165": 6.701092528330714,
  "A_166": 4.830512864159665,
  "A_167": 97.1191450275924,
  "A_168": 110.84036510141118,
  "A_169": 24.161034054592406,
  "A_170": 93.66123169289796,
  "A_171": 13.129846672707037,
  "A_172": 133.92240030957225,
  "A_173": 59.19420293820424,
  "A_174": 2.142918048125441,
  "A_175": 56.692112885179185,
  "A_176": 0.0,
  "A_177": 0.0,
  "A_178": 0.0,
  "A_179": 2.1871768054292144,
  "A_180": 0.0,
  "A_181": 40.987781298337765,
  "A_182": 4.602433237509047,
  "A_183": 7.245769296239498,
  "A_184": 60.26725789133498,
  "A_185": 52.0283934581839,
  "A_186": 29.065562841670648,
  "A_187": 33.35139893792153,
  "A_188": 166.46855878489623,
  "A_189": 85.9900781849918,
  "A_190": 27.43332952894215,
  "A_191": 24.03852450747302,
  "A_192": 94.12510669775642,
  "A_193": 9.546985914994021,
  "A_194": 0.0,
  "A_195": 63.79663617571329,
  "A_196": 83.20108532447028,
  "A_197": 7.632989440350364,
  "A_198": 114.74760158379267,
  "A_199": 109.76890607734846,
  "A_200": 25.36019253683824,
  "A_201": 14.47364408072415,
  "A_202": 10.986928624581596,
  "A_203": 4.374353610858429,
  "A_204": 0.0,
  "A_205": 0.0,
  "A_206": 0.0,
  "A_207": 0.0,
  "A_208": 0.0,
  "A_209": 46.828529828927,
  "A_210": 59.97713809296127,
  "A_211": 52.176513268615366,
  "A_212": 59.23837373091371,
  "A_213": 18.067613510060262,
  "A_214": 5.493464312290798,
  "A_215": 45.81829416249744,
  "A_216": 52.28283733038345,
  "A_217": 34.69519634593864,
  "A_218": 104.44739998054455,
  "A_219": 21.17473660905486,
  "A_220": 92.85448326582672,
  "A_221": 2.1871768054292144,
  "A_222": 91.41123560076757,
  "A_223": 41.44997240953389,
  "A_224": 10.868653944359247,
  "A_225": 4.830512864159665,
  "A_226": 94.73269071696069,
  "A_227": 38.81934095149457,
  "A_228": 2.4152564320798326,
  "A_229": 109.96815844980975,
  "A_230": 76.55367633140412,
  "A_231": 36.03899375395575,
  "A_232": 105.21334540223097,
  "A_233": 17.705915664667156,
  "A_234": 123.7719772776767,
  "A_235": 16.5646755845829,
  "A_236": 36.66371830267801,
  "A_237": 1.2076282160399163,
  "A_238": 0.0,
  "A_239": 3.622884648119749,
  "A_240": 29.201732033647843,
  "A_241": 22.607051531679524,
  "A_242": 165.88928679868616,
  "A_243": 29.290249548255392,
  "A_244": 139.56143345905977,
  "A_245": 48.54167800204135,
  "A_246": 188.7028917641539,
  "A_247": 76.19366237967336,
  "A_248": 39.85173112931724,
  "A_249": 15.585126995193603,
  "A_250": 72.67040391778426,
  "A_251": 17.591875851341847,
  "A_252": 1.2076282160399163,
  "A_253": 84.67011918203012,
  "A_254": 81.2122309800769,
  "A_255": 6.038141080199582,
  "A_256": 7.245769296239498,
  "A_257": 55.8053418100357,
  "A_258": 98.81785444087086,
  "A_259": 0.0,
  "A_260": 116.58496833042994,
  "A_261": 95.33105102013398,
  "A_262": 15.997944836245917
}