{
  "A_1": 193.23056766287812,
  "A_2": 163.70210999325693,
  "A_3": 154.73117907359577,
  "A_4": 195.53615737860645,
  "A_5": 62.70719467530141,
  "A_6": 54.207100529819044,
  "A_7": 58.10655842879022,
  "A_8": 58.10655842879022,
  "A_9": 19.208011643313352,
  "A_10": 97.56068959186914,
  "A_11": 56.87680083409842,
  "A_12": 84.07610684308936,
  "A_13": 22.127920952895234,
  "A_14": 75.79457958170254,
  "A_15": 117.6837466442083,
  "A_16": 78.9510382517291,
  "A_17": 58.49293662606992,
  "A_18": 60.407775047544746,
  "A_19": 82.01135162018522,
  "A_20": 20.00713228342168,
  "A_21": 92.0282443979326,
  "A_22": 58.356767434092724,
  "A_23": 96.00247220205921,
  "A_24": 6.723221906982601,
  "A_25": 61.24512258706196,
  "A_26": 57.32956716733378,
  "A_27": 41.05935934535715,
  "A_28": 130.1165995707899,
  "A_29": 96.05859361322294,
  "A_30": 32.14377072188161,
  "A_31": 27.349046881231637,
  "A_32": 79.90422259556948,
  "A_33": 56.590802805286216,
  "A_34": 55.36104521059441,
  "A_35": 163.43055072428064,
  "A_36": 133.28587593884313,
  "A_37": 180.16121549830862,
  "A_38": 46.62768152739769,
  "A_39": 160.53532176658533,
  "A_40": 117.83348751644898,
  "A_41": 204.2550446028554,
  "A_42": 62.6289438854858,
  "A_43": 133.4671081358434,
  "A_44": 111.40568841623939,
  "A_45": 168.8405743356921,
  "A_46": 108.98852189582614,
  "A_47": 136.92745934643705,
  "A_48": 219.4172252622816,
  "A_49": 188.43055338019948,
  "A_50": 75.3384203284013,
  "A_51": 157.19147337795744,
  "A_52": 106.60821254042483,
  "A_53": 94.43239215838933,
  "A_54": 122.23240838185849,
  "A_55": 68.73770796853807,
  "A_56": 146.8429289469559,
  "A_57": 137.95190757803144,
  "A_58": 160.75566050893752,
  "A_59": 74.29248360305633,
  "A_60": 98.41613270507102,
  "A_61": 97.55306180490622,
  "A_62": 137.34359470933154,
  "A_63": 172.12821334856199,
  "A_64": 51.92885523654756,
  "A_65": 54.86665905788429,
  "A_66": 94.70293355134588,
  "A_67": 89.0784899581416,
  "A_68": 46.00814688973917,
  "A_69": 42.331578706354875,
  "A_70": 166.61862638277296,
  "A_71": 96.21265731695499,
  "A_72": 107.6839064313846,
  "A_73": 10.868653944359247,
  "A_74": 45.74004337268182,
  "A_75": 100.23314193131304,
  "A_76": 53.31520237546491,
  "A_77": 85.77040546028218,
  "A_78": 148.345062624714,
  "A_79": 96.06558051528452,
  "A_80": 50.58421588169929,
  "A_81": 83.60280706027015,
  "A_82": 116.95832776775318,
  "A_83": 99.08584486059269,
  "A_84": 10.618444939056742,
  "A_85": 105.41845370339854,
  "A_86": 106.04320338486203,
  "A_87": 70.88825380362644,
  "A_88": 9.66102572831933,
  "A_89": 50.49230544702586,
  "A_90": 103.47809298320597,
  "A_91": 52.405434842097144,
  "A_92": 89.68352300411117,
  "A_93": 88.1568597709139,
  "A_94": 77.89747373942123,
  "A_95": 63.09780773947816,
  "A_96": 29.56258793220978,
  "A_97": 78.43154449053151,
  "A_98": 136.39041036549116,
  "A_99": 179.71517217335193
}