{
  "A_1": 238.85145670939463,
  "A_2": 184.84024076471218,
  "A_3": 201.31639883468753,
  "A_4": 103.9266495822855,
  "A_5": 162.84143926987946,
  "A_6": 55.015570549664474,
  "A_7": 82.88205030731295,
  "A_8": 40.91376537541919,
  "A_9": 132.51897547299004,
  "A_10": 59.094576751973584,
  "A_11": 163.6833358355591,
  "A_12": 96.65886400472965,
  "A_13": 137.35534426585596,
  "A_14": 143.80640371807277,
  "A_15": 60.854509522885216,
  "A_16": 106.10440160975395,
  "A_17": 146.14500528940502,
  "A_18": 20.14330147539888,
  "A_19": 60.05538888277688,
  "A_20": 20.52967967267858,
  "A_21": 80.92199808436766,
  "A_22": 6.038141080199582,
  "A_23": 26.532031729368466,
  "A_24": 118.71329682227211,
  "A_25": 75.80823922656033,
  "A_26": 116.06233297657876,
  "A_27": 15.699166808518912,
  "A_28": 52.82751409829223,
  "A_29": 75.3102590918545,
  "A_30": 15.226218884076898,
  "A_31": 70.51985808269589,
  "A_32": 3.622884648119749,
  "A_33": 115.84037317241733,
  "A_34": 31.925115873191764,
  "A_35": 95.48076675963348,
  "A_36": 95.12086590523825,
  "A_37": 7.245769296239498,
  "A_38": 45.63023842625354,
  "A_39": 91.86568582766526,
  "A_40": 1.2076282160399163,
  "A_41": 12.330726032598708,
  "A_42": 2.4152564320798326,
  "A_43": 61.589039018035734,
  "A_44": 56.805222787079025,
  "A_45": 0.0,
  "A_46": 36.135227020120524,
  "A_47": 1.2076282160399163,
  "A_48": 57.63503050422763,
  "A_49": 96.13533643856483,
  "A_50": 0.0,
  "A_51": 22.636808697294327,
  "A_52": 1.2076282160399163,
  "A_53": 58.966035346959316,
  "A_54": 15.567232483438756,
  "A_55": 126.41032448727326,
  "A_56": 49.69562268281673,
  "A_57": 0.0,
  "A_58": 3.622884648119749,
  "A_59": 38.84486325021233,
  "A_60": 2.3582553749731003,
  "A_61": 34.243359924128754,
  "A_62": 0.0,
  "A_63": 31.65277748923737,
  "A_64": 60.34562177848612,
  "A_65": 0.0,
  "A_66": 60.38141080199582,
  "A_67": 2.4152564320798326,
  "A_68": 33.096955065721986,
  "A_69": 64.43142638729763,
  "A_70": 1.2076282160399163,
  "A_71": 54.34326972179623,
  "A_72": 7.500213168439043,
  "A_73": 136.23046560031162,
  "A_74": 13.129846672707037,
  "A_75": 179.92466613786394,
  "A_76": 58.39592424492707,
  "A_77": 0.0,
  "A_78": 57.6444552821884,
  "A_79": 67.73092805402747,
  "A_80": 1.0714590240627204,
  "A_81": 60.38141080199581,
  "A_82": 0.0,
  "A_83": 45.889872209516824,
  "A_84": 113.1987210073492,
  "A_85": 1.0714590240627204,
  "A_86": 38.60831388976763,
  "A_87": 6.881520477611684,
  "A_88": 92.04509590092646,
  "A_89": 59.85779527123672,
  "A_90": 2.4152564320798326,
  "A_91": 40.46099904218383,
  "A_92": 0.0,
  "A_93": 31.34465008177328,
  "A_94": 143.9204435313981,
  "A_95": 1.0935884027146072,
  "A_96": 38.64410291327732,
  "A_97": 0.0,
  "A_98": 28.266442201562317,
  "A_99": 56.99507551432076,
  "A_100": 1.2076282160399163,
  "A_101": 44.35622207425797,
  "A_102": 0.0,
  "A_103": 15.54510310478687,
  "A_104": 92.29707676448561,
  "A_105": 1.0714590240627204,
  "A_106": 110.18086940519902,
  "A_107": 0.0,
  "A_108": 1.0935884027146072,
  "A_109": 80.66424925669655,
  "A_110": 0.0,
  "A_111": 37.45689504948575,
  "A_112": 0.0,
  "A_113": 74.16232113623282,
  "A_114": 74.62941313196853,
  "A_115": 0.0,
  "A_116": 53.38582537831761,
  "A_117": 0.0,
  "A_118": 60.240981610380366,
  "A_119": 72.10443971805473,
  "A_120": 6.428754144376322,
  "A_121": 43.26695650303471,
  "A_122": 0.0,
  "A_123": 32.6884474897904,
  "A_124": 72.15632626232143,
  "A_125": 2.279087240102637,
  "A_126": 91.33968268648941,
  "A_127": 0.0,
  "A_128": 89.93796687631071,
  "A_129": 20.12117209674699,
  "A_130": 0.0,
  "A_131": 47.80215965775693,
  "A_132": 0.0,
  "A_133": 21.601138696741295,
  "A_134": 132.788850848304,
  "A_135": 0.0,
  "A_136": 37.24662196999567,
  "A_137": 11.786049264689925,
  "A_138": 65.72081141055456,
  "A_139": 19.71689938771244,
  "A_140": 105.78780446849578,
  "A_141": 137.77768741583398,
  "A_142": 107.17829850971586,
  "A_143": 1.2076282160399163,
  "A_144": 18.77737468872988,
  "A_145": 0.0,
  "A_146": 41.05935934535716,
  "A_147": 114.6165343382849,
  "A_148": 0.0,
  "A_149": 31.418753969286165,
  "A_150": 0.0,
  "A_151": 16.49828744862724,
  "A_152": 26.549926241123313,
  "A_153": 0.0,
  "A_154": 53.19470344764382,
  "A_155": 0.0,
  "A_156": 58.131125683341295,
  "A_157": 130.74288234946832,
  "A_158": 0.0,
  "A_159": 67.07569235745356,
  "A_160": 1.2076282160399163,
  "A_161": 22.65893807594621,
  "A_162": 15.42682842456452,
  "A_163": 3.214377072188161,
  "A_164": 20.75605027292565,
  "A_165": 0.0,
  "A_166": 111.0958268496305,
  "A_167": 88.09798632458562,
  "A_168": 8.571672192501763,
  "A_169": 78.49583404259457,
  "A_170": 14.065136504792562,
  "A_171": 109.34250398966202,
  "A_172": 147.09140379311367,
  "A_173": 17.143344385003527,
  "A_174": 94.34207765278393,
  "A_175": 6.587052715005405,
  "A_176": 35.820338905265906,
  "A_177": 17.143344385003527,
  "A_178": 19.422431625106164,
  "A_179": 23.151728299588306,
  "A_180": 45.077091924550686,
  "A_181": 38.31808099405839,
  "A_182": 7.636382360416238,
  "A_183": 129.5710431569381,
  "A_184": 221.89375531747697,
  "A_185": 53.58066695469325,
  "A_186": 193.81337079923085,
  "A_187": 91.44429772185394,
  "A_188": 44.34012455350098,
  "A_189": 34.80160837230103,
  "A_190": 20.52967967267858,
  "A_191": 15.471087181868294,
  "A_192": 0.0,
  "A_193": 23.811286827653564,
  "A_194": 54.37639467473569,
  "A_195": 0.0,
  "A_196": 1.2076282160399163,
  "A_197": 124.86141877808858,
  "A_198": 3.5088448347944396,
  "A_199": 0.0,
  "A_200": 74.20301104428209,
  "A_201": 37.82708776141415,
  "A_202": 7.636382360416238,
  "A_203": 19.32205145663866,
  "A_204": 122.85533593958289,
  "A_205": 115.3075590583685,
  "A_206": 9.66102572831933,
  "A_207": 105.61989262434673,
  "A_208": 138.62703583928788,
  "A_209": 31.170253990387206,
  "A_210": 14.55876867526582,
  "A_211": 28.02989284111762,
  "A_212": 64.00429545011556,
  "A_213": 0.0,
  "A_214": 0.0,
  "A_215": 21.737307888718494,
  "A_216": 80.3391823816443,
  "A_217": 0.0,
  "A_218": 0.0,
  "A_219": 90.15823022043921,
  "A_220": 70.98277804338767,
  "A_221": 0.0,
  "A_222": 86.5942944168714,
  "A_223": 125.81198931684115,
  "A_224": 52.691344906315045,
  "A_225": 131.76750651025134,
  "A_226": 28.846907992980796,
  "A_227": 103.85083666836908,
  "A_228": 60.79073519201735,
  "A_229": 145.29663704285903,
  "A_230": 89.10482907094932,
  "A_231": 3.622884648119749,
  "A_232": 21.737307888718494,
  "A_233": 86.16101852445891,
  "A_234": 47.62680852220417,
  "A_235": 0.0,
  "A_236": 71.11302847480549,
  "A_237": 127.39750086362548,
  "A_238": 34.612710689225985,
  "A_239": 0.0,
  "A_240": 36.99217809779612,
  "A_241": 111.07540649738215,
  "A_242": 79.17874088726131,
  "A_243": 21.056461928832512,
  "A_244": 6.973430912285107,
  "A_245": 51.91011877796156,
  "A_246": 157.02308401172502,
  "A_247": 43.719634871675765,
  "A_248": 82.64550094686825,
  "A_249": 47.09750042555674,
  "A_250": 0.0,
  "A_251": 115.7859105221747,
  "A_252": 40.38274825236821,
  "A_253": 14.083031016547409,
  "A_254": 2.142918048125441,
  "A_255": 40.48916027873061,
  "A_256": 38.08153163361369,
  "A_257": 101.31974343196609,
  "A_258": 89.12095172444754,
  "A_259": 36.175162945932954,
  "A_260": 86.05214348945613,
  "A_261": 152.4096300671872,
  "A_262": 53.02160169243101,
  "A_263": 45.01917352238911,
  "A_264": 72.4864950838431,
  "A_265": 49.39871704431126,
  "A_266": 0.0,
  "A_267": 161.8893607666532,
  "A_268": 141.4983132945922,
  "A_269": 50.78761515646331,
  "A_270": 93.45798321458133,
  "A_271": 82.67186519241716,
  "A_272": 34.885049073180376,
  "A_273": 83.69811041500944,
  "A_274": 6.038141080199582,
  "A_275": 124.24177104309454,
  "A_276": 18.350972601043445,
  "A_277": 79.92635197422138,
  "A_278": 83.43943167591286,
  "A_279": 104.0108191326605,
  "A_280": 51.448857578190896,
  "A_281": 16.985963159429293,
  "A_282": 61.45286982605853,
  "A_283": 58.811971643227274,
  "A_284": 10.868653944359247,
  "A_285": 7.245769296239498,