{
  "A_1": 150.55560031311526,
  "A_2": 10.298454877732702,
  "A_3": 91.65973557966653,
  "A_4": 0.0,
  "A_5": 39.85173112931724,
  "A_6": 1.0935884027146072,
  "A_7": 8.844010576456155,
  "A_8": 50.3118774977449,
  "A_9": 64.10467561858306,
  "A_10": 111.19875799133271,
  "A_11": 115.95006502151008,
  "A_12": 104.16233186315782,
  "A_13": 53.218127162468974,
  "A_14": 65.55393000879587,
  "A_15": 11.786049264689925,
  "A_16": 113.24129587099065,
  "A_17": 28.14816752133997,
  "A_18": 62.742983698811116,
  "A_19": 116.31526888430457,
  "A_20": 105.57761935360001,
  "A_21": 32.58467440125702,
  "A_22": 72.62266427582028,
  "A_23": 4.69434367218247,
  "A_24": 12.713711309812535,
  "A_25": 0.0,
  "A_26": 0.0,
  "A_27": 0.0,
  "A_28": 5.629633504267994,
  "A_29": 18.350972601043445,
  "A_30": 8.453397512279414,
  "A_31": 22.83936602522718,
  "A_32": 0.0,
  "A_33": 67.14709447528433,
  "A_34": 41.39628887426935,
  "A_35": 49.24041847368217,
  "A_36": 0.0,
  "A_37": 39.1206825188269,
  "A_38": 0.0,
  "A_39": 12.739233608530295,
  "A_40": 42.971646793597266,
  "A_41": 0.0,
  "A_42": 0.0,
  "A_43": 11.123097816558792,
  "A_44": 4.830512864159665,
  "A_45": 0.0,
  "A_46": 3.4867154561425533,
  "A_47": 1.2076282160399163,
  "A_48": 4.422005288228077,
  "A_49": 1.2076282160399163,
  "A_50": 4.830512864159665,
  "A_51": 1.2076282160399163,
  "A_52": 30.442598299962743,
  "A_53": 0.0,
  "A_54": 0.0,
  "A_55": 85.08880551815933,
  "A_56": 57.271648765172195,
  "A_57": 67.82794043517032,
  "A_58": 62.06213773892513,
  "A_59": 48.64205817050886,
  "A_60": 134.4552144236211,
  "A_61": 15.022555715529972,
  "A_62": 85.60117414721861,
  "A_63": 5.76580269624519,
  "A_64": 0.0,
  "A_65": 4.488393424183738,
  "A_66": 2.1650474267773276,
  "A_67": 0.0,
  "A_68": 4.285836096250882,
  "A_69": 4.285836096250882,
  "A_70": 1.0714590240627204,
  "A_71": 28.26644220156232,
  "A_72": 69.83468929131857,
  "A_73": 109.66266998017468,
  "A_74": 0.0,
  "A_75": 12.076282160399163,
  "A_76": 127.73028349023494,
  "A_77": 64.3404458640497,
  "A_78": 3.622884648119749,
  "A_79": 115.86833334703428,
  "A_80": 118.6350460324565,
  "A_81": 78.68377668150292,
  "A_82": 75.35028298226126,
  "A_83": 49.86758089830362,
  "A_84": 66.79311238144845,
  "A_85": 32.149802579776505,
  "A_86": 89.22831879497662,
  "A_87": 48.5595725137962,
  "A_88": 0.0,
  "A_89": 7.245769296239498,
  "A_90": 71.29676137955803,
  "A_91": 101.82373029182557,
  "A_92": 15.765668041810105,
  "A_93": 9.66102572831933,
  "A_94": 44.295865796197205,
  "A_95": 31.090206209573736,
  "A_96": 7.210897617784652,
  "A_97": 45.15882359902648,
  "A_98": 113.63106698833623,
  "A_99": 2.142918048125441,
  "A_100": 1.2076282160399163,
  "A_101": 82.556028388094,
  "A_102": 40.632957257670725,
  "A_103": 1.2076282160399163,
  "A_104": 47.562971359483214,
  "A_105": 11.123097816558792,
  "A_106": 74.87294939447482,
  "A_107": 97.50126322523386,
  "A_108": 18.48714179302064,
  "A_109": 78.91524922821941,
  "A_110": 77.01048903597733,
  "A_111": 52.96876010399764,
  "A_112": 9.66102572831933,
  "A_113": 57.32275619446081,
  "A_114": 0.0,
  "A_115": 29.33790122562504,
  "A_116": 135.81171643232932,
  "A_117": 16.45063577125759,
  "A_118": 13.28391037643908,
  "A_119": 68.79139150380263,
  "A_120": 44.22005288228078,
  "A_121": 0.0,
  "A_122": 22.944936104758412,
  "A_123": 119.41627216080997,
  "A_124": 8.339357698954105,
  "A_125": 0.0,
  "A_126": 78.1161285881111,
  "A_127": 66.51483010419346,
  "A_128": 0.0,
  "A_129": 52.981577802024276,
  "A_130": 88.3576201078489,
  "A_131": 78.73661826993629,
  "A_132": 44.5324151566419,
  "A_133": 35.83991731068308,
  "A_134": 11.786049264689925,
  "A_135": 16.90679502455883,
  "A_136": 69.41431906152702,
  "A_137": 11.123097816558792,
  "A_138": 154.7565254431249,
  "A_139": 72.12572714987546,
  "A_140": 15.699166808518912,
  "A_141": 20.493890649168883,
  "A_142": 0.0,
  "A_143": 6.275645484810972,
  "A_144": 0.0,
  "A_145": 22.500639505317128,
  "A_146": 13.147741184461884,
  "A_147": 82.72798660358092,
  "A_148": 44.11967271381327,
  "A_149": 12.857508288752644,
  "A_150": 122.30737934894375,
  "A_151": 69.20752686669712,
  "A_152": 23.980606105311438,
  "A_153": 10.187807984473267,
  "A_154": 38.64410291327732,
  "A_155": 0.0,
  "A_156": 10.714590240627205,
  "A_157": 148.06755946243706,
  "A_158": 85.92020916437596,
  "A_159": 64.13527473102903,
  "A_160": 55.20877849786022,
  "A_161": 120.60600586509506,
  "A_162": 133.43468689965837,
  "A_163": 54.48367378067047,
  "A_164": 44.55622842895612,
  "A_165": 57.675921474206746,
  "A_166": 52.71347428496692,
  "A_167": 46.148550948613405,
  "A_168": 174.3162321008224,
  "A_169": 105.02786577196302,
  "A_170": 139.93229218863075,
  "A_171": 105.78356960159874,
  "A_172": 151.0547491202882,
  "A_173": 68.79382937970182,
  "A_174": 72.89923752667173,
  "A_175": 62.32513930951306,
  "A_176": 169.48911215672857,
  "A_177": 23.307475896982677,
  "A_178": 51.25140219672746,
  "A_179": 29.84869905835751,
  "A_180": 3.214377072188161,
  "A_181": 16.90679502455883,
  "A_182": 40.467030900078726,
  "A_183": 0.0,
  "A_184": 0.0,
  "A_185": 56.43682706614848,
  "A_186": 56.19595487421243,
  "A_187": 30.545529441664954,
  "A_188": 143.3630621627982,
  "A_189": 194.14870439907503,
  "A_190": 83.52794919052039,
  "A_191": 42.74008628228646,
  "A_192": 28.869037371632682,
  "A_193": 58.03921524866787,
  "A_194": 55.16196876732174,
  "A_195": 109.76223333455223,
  "A_196": 26.668200921345658,
  "A_197": 77.62513535546684,
  "A_198": 50.707567375649845,
  "A_199": 25.360192536838245,
  "A_200": 58.99080366344022,
  "A_201": 0.0,
  "A_202": 10.935884027146074,
  "A_203": 6.428754144376322,
  "A_204": 7.245769296239498,
  "A_205": 90.52530647245524,
  "A_206": 19.047162099449558,
  "A_207": 0.0,
  "A_208": 2.142918048125441,
  "A_209": 2.5735927018207594,
  "A_210": 0.0,
  "A_211": 3.350546264165357,
  "A_212": 0.0,
  "A_213": 0.0,
  "A_214": 32.84029951229432,
  "A_215": 114.71099574619302,
  "A_216": 32.43145264435614,
  "A_217": 34.168414089784704,
  "A_218": 22.71685647810779,
  "A_219": 75.69840914739085,
  "A_220": 68.45434887755489,
  "A_221": 2.4152564320798326,
  "A_222": 6.428754144376322,
  "A_223": 0.0,
  "A_224": 0.0,
  "A_225": 0.0,
  "A_226": 0.0,
  "A_227": 3.3948050214691308,
  "A_228": 39.95211129778474,
  "A_229": 75.85917072666034,
  "A_230": 24.152564320798326,
  "A_231": 42.662828235749394,
  "A_232": 45.077091924550686,
  "A_233": 50.72038507367648,
  "A_234": 3.3948050214691308,
  "A_235": 0.0,
  "A_236": 1.0714590240627204,
  "A_237": 2.1871768054292144,
  "A_238": 0.0,
  "A_239": 16.90679502455883,
  "A_240": 0.0,
  "A_241": 0.0,
  "A_242": 0.0,
  "A_243": 26.9584338170549,
  "A_244": 15.84483617668057,
  "A_245": 1.0714590240627204,
  "A_246": 32.75060075884902,
  "A_247": 129.44578157465415,
  "A_248": 50.55266172508664,
  "A_249": 110.24641559432351,
  "A_250": 12.599671496487225,
  "A_251": 19.51094913971371,
  "A_252": 46.15362776234161,
  "A_253": 10.8507594326044,
  "A_254": 2.1871768054292144,
  "A_255": 0.0,
  "A_256": 14.904281035307623,
  "A_257": 0.0,
  "A_258": 1.0714590240627204,
  "A_259": 48.62180118107851,
  "A_260": 6.517271658983869,
  "A_261": 35.258722669768964,
  "A_262": 10.596315560404856,
  "A_263": 122.33618147039185,
  "A_264": 208.07706852610096,
  "A_265": 93.27061862872121,
  "A_266": 126.61456570886844,
  "A_267": 27.897958516037463,
  "A_268": 30.989826041106237,
  "A_269": 119.4955659593866,
  "A_270": 107.94258517048118,
  "A_271": 108.36051752437353,
  "A_272": 63.70040290954852,
  "A_273": 15.471087181868294,
  "A_274": 56.858906322343564,
  "A_275": 64.00429545011556,
  "A_276": 18.913543880707074,
  "A_277": 1.2076282160399163,
  "A_278": 74.89421169355433,
  "A_279": 48.642058170508854,
  "A_280": 1.2076282160399163,
  "A_281": 41.159739513824654,
  "A_282": 115.04464545237488,
  "A_283": 149.0759604387569,
  "A_284": 38.49003920954528,
  "A_285": 36.527549110700804,
  "A_286": 25.883581872926307,