{
  "A_1": 228.6901260678058,
  "A_2": 85.64873785999396,
  "A_3": 81.27438424913552,
  "A_4": 163.38967232067213,
  "A_5": 80.62085757896516,
  "A_6": 90.79077105168356,
  "A_7": 92.79751990783183,
  "A_8": 81.37476441760303,
  "A_9": 24.835094174346636,
  "A_10": 135.24839117042882,
  "A_11": 63.758321311710105,
  "A_12": 11.962242347073854,
  "A_13": 32.60596183307774,
  "A_14": 97.47310198868706,
  "A_15": 67.55560205121593,
  "A_16": 0.0,
  "A_17": 28.166062033094818,
  "A_18": 160.14299967600508,
  "A_19": 26.940539305300057,
  "A_20": 10.986928624581596,
  "A_21": 25.132112910187626,
  "A_22": 94.70293355134586,
  "A_23": 86.469145931923,
  "A_24": 54.36369007404457,
  "A_25": 22.38236482509478,
  "A_26": 42.26698756139707,
  "A_27": 72.30267421449625,
  "A_28": 65.7113866325938,
  "A_29": 82.91783933082264,
  "A_30": 88.28360418493031,
  "A_31": 120.8308685008684,
  "A_32": 2.279087240102637,
  "A_33": 45.48136463358524,
  "A_34": 140.97161900303257,
  "A_35": 28.674949777493907,
  "A_36": 37.84411519359661,
  "A_37": 121.28363483410376,
  "A_38": 7.772551552393435,
  "A_39": 103.93851223614546,
  "A_40": 97.00931494842293,
  "A_41": 38.89854678547687,
  "A_42": 15.97234713930447,
  "A_43": 123.32861058966088,
  "A_44": 8.20318850697691,
  "A_45": 77.86168471591154,
  "A_46": 20.92452760375236,
  "A_47": 35.22801045998747,
  "A_48": 0.0,
  "A_49": 0.0,
  "A_50": 0.0,
  "A_51": 26.56782075287816,
  "A_52": 0.0,
  "A_53": 34.96753472989303,
  "A_54": 24.40700819299787,
  "A_55": 0.0,
  "A_56": 33.81359004911766,
  "A_57": 49.05480061333748,
  "A_58": 0.0,
  "A_59": 10.754614131033938,
  "A_60": 96.33024084679357,
  "A_61": 0.0,
  "A_62": 0.0,
  "A_63": 69.06117891452232,
  "A_64": 13.033701371136575,
  "A_65": 0.0,
  "A_66": 36.465395841642184,
  "A_67": 119.58399550939984,
  "A_68": 28.02989284111762,
  "A_69": 58.16691470685099,
  "A_70": 16.451477718088757,
  "A_71": 1.2076282160399163,
  "A_72": 1.2076282160399163,
  "A_73": 6.038141080199582,
  "A_74": 39.29339471655065,
  "A_75": 4.558174480205274,
  "A_76": 24.039366454304183,
  "A_77": 31.84167517231242,
  "A_78": 21.329642259618073,
  "A_79": 29.22386141229973,
  "A_80": 25.795064358318758,
  "A_81": 56.921059591402184,
  "A_82": 12.352855411250594,
  "A_83": 21.723648243860687,
  "A_84": 24.864009393130274,
  "A_85": 30.431489628339644,
  "A_86": 1.0714590240627204,
  "A_87": 0.0,
  "A_88": 38.948724303340015,
  "A_89": 26.33974112622754,
  "A_90": 106.42013167143973,
  "A_91": 100.55641181536745,
  "A_92": 36.31133213791015,
  "A_93": 76.92639488382602,
  "A_94": 26.023143984969373,
  "A_95": 57.26222398721143,
  "A_96": 6.903649856263571,
  "A_97": 0.0,
  "A_98": 0.0,
  "A_99": 0.0,
  "A_100": 4.285836096250882,
  "A_101": 5.76580269624519,
  "A_102": 72.55807313086248,
  "A_103": 97.73102674554679,
  "A_104": 6.038141080199582,
  "A_105": 88.56261531168093,
  "A_106": 65.96339262889417,
  "A_107": 49.00291406907078,
  "A_108": 29.45965679050757,
  "A_109": 69.53259374174937,
  "A_110": 14.491538592478996,
  "A_111": 38.689203617412254,
  "A_112": 197.46119969302012,
  "A_113": 0.0,
  "A_114": 113.78663865654198,
  "A_115": 24.81296479569475,
  "A_116": 0.0,
  "A_117": 0.0,
  "A_118": 0.0,
  "A_119": 2.4152564320798326,
  "A_120": 4.558174480205274,
  "A_121": 4.285836096250882,
  "A_122": 0.0,
  "A_123": 32.72423651330009,
  "A_124": 6.038141080199582,
  "A_125": 93.34219667574061,
  "A_126": 37.690918569436946,
  "A_127": 3.622884648119749,
  "A_128": 63.25187144321019,
  "A_129": 133.2492701012435,
  "A_130": 33.01870427590637,
  "A_131": 0.0,
  "A_132": 163.1242203078144,
  "A_133": 106.35800353512234,
  "A_134": 79.92211710732433,
  "A_135": 36.91816217487755,
  "A_136": 39.39725576967833,
  "A_137": 51.05731460258869,
  "A_138": 6.038141080199582,
  "A_139": 11.461824336468844,
  "A_140": 3.622884648119749,
  "A_141": 52.99947231377912,
  "A_142": 31.65277748923737,
  "A_143": 38.96238394819782,
  "A_144": 31.723400492090068,
  "A_145": 17.56974647268996,
  "A_146": 16.700920174783786,
  "A_147": 43.57499594590449,
  "A_148": 15.448957803216407,
  "A_149": 6.038141080199582,
  "A_150": 7.58873068304659,
  "A_151": 1.0714590240627204,
  "A_152": 10.868653944359247,
  "A_153": 22.830896291433106,
  "A_154": 8.339357698954105,
  "A_155": 1.2076282160399163,
  "A_156": 15.124883671442703,
  "A_157": 49.383348373049905,
  "A_158": 2.142918048125441,
  "A_159": 22.11002644114039,
  "A_160": 5.673892261571767,
  "A_161": 3.622884648119749,
  "A_162": 24.547412251872107,
  "A_163": 20.301600046027957,
  "A_164": 1.2076282160399163,
  "A_165": 50.54587588495488,
  "A_166": 12.46350230451003,
  "A_167": 2.142918048125441,
  "A_168": 6.038141080199582,
  "A_169": 0.0,
  "A_170": 13.151976051358924,
  "A_171": 0.0,
  "A_172": 37.11045277801847,
  "A_173": 4.830512864159665,
  "A_174": 1.0714590240627204,
  "A_175": 0.0,
  "A_176": 7.245769296239498,
  "A_177": 0.0,
  "A_178": 108.42610141260991,
  "A_179": 5.901971888222386,
  "A_180": 33.60593077471538,
  "A_181": 143.66498178317877,
  "A_182": 121.11065874259711,
  "A_183": 33.93609959623704,
  "A_184": 129.66640934353046,
  "A_185": 29.426418740232588,
  "A_186": 51.51950571378482,
  "A_187": 36.63216414606536,
  "A_188": 21.737307888718494,
  "A_189": 50.02332849569799,
  "A_190": 67.41952082383304,
  "A_191": 0.0,
  "A_192": 5.810061453548963,
  "A_193": 4.285836096250882,
  "A_194": 77.16294424427072,
  "A_195": 4.444134666879965,
  "A_196": 35.32415576155793,
  "A_197": 167.49152418475816,
  "A_198": 56.07768019399008,
  "A_199": 31.398333617037828,
  "A_200": 72.54017861910764,
  "A_201": 98.386350406715,
  "A_202": 10.868653944359247,
  "A_203": 0.0,
  "A_204": 28.284336713317167,
  "A_205": 32.33107247588864,
  "A_206": 0.0,
  "A_207": 37.92746792988165,
  "A_208": 90.56512930093214,
  "A_209": 84.8172211164418,
  "A_210": 115.63187195118388,
  "A_211": 36.03899375395575,
  "A_212": 135.47647079707946,
  "A_213": 134.82181315355376,
  "A_214": 158.2390060323704,
  "A_215": 24.64355755344257,
  "A_216": 24.661452065197416,
  "A_217": 132.14718683199357,
  "A_218": 142.21834119805376,
  "A_219": 77.74341003568921,
  "A_220": 65.19910596812885,
  "A_221": 65.92081776525272,
  "A_222": 56.20874743949786,
  "A_223": 0.0,
  "A_224": 21.80453797150532,
  "A_225": 4.422005288228077,
  "A_226": 104.46952935919643,
  "A_227": 69.13594881967774,
  "A_228": 1.2076282160399163,
  "A_229": 37.43647469723741,
  "A_230": 128.6238655382514,
  "A_231": 49.28467723098595,
  "A_232": 0.0,
  "A_233": 56.3738318502587,
  "A_234": 64.86800723518171,
  "A_235": 19.208011643313352,
  "A_236": 127.33865255003842,
  "A_237": 14.491538592478996,
  "A_238": 101.57418730416563,
  "A_239": 59.019718882223856,
  "A_240": 13.402185056661429,
  "A_241": 2.1650474267773276,
  "A_242": 2.4152564320798326,
  "A_243": 45.313641284995384,
  "A_244": 5.76580269624519,
  "A_245": 13.011571992484688,
  "A_246": 9.643131216564484,
  "A_247": 64.10467561858306,
  "A_248": 114.00105863833478,
  "A_249": 27.5677896945158,
  "A_250": 24.116775297288633,
  "A_251": 72.45769296239499,
  "A_252": 36.10114702301437,
  "A_253": 0.0,
  "A_254": 0.0,
  "A_255": 0.0,
  "A_256": 0.0,
  "A_257": 14.3553694005018,
  "A_258": 13.055830749788461,
  "A_259": 0.0,
  "A_260": 3.350546264165357,
  "A_261": 0.0,
  "A_262": 5.559852448246459,
  "A_263": 0.0,
  "A_264": 0.0,
  "A_265": 1.2076282160399163,
  "A_266": 2.1871768054292144,
  "A_267": 0.0,
  "A_268": 16.480392936872395,
  "A_269": 8.571672192501763,
  "A_270": 41.05935934535715,
  "A_271": 138.67701229522118,
  "A_272": 32.72423651330009,
  "A_273": 67.91042609188297,
  "A_274": 155.1414836405252,
  "A_275": 127.3421083019574,
  "A_276": 80.63863899338449,
  "A_277": 42.375837463658655,
  "A_278": 16.67871539790821,
  "A_279": 2.4152564320798326,
  "A_280": 4.422005288228077,
  "A_281": 0.0,
  "A_282": 0.0,
  "A_283": 0.0,
  "A_284": 57.20270965598183,
  "A_285": 87.50658779073267,
  "A_286": 21.737307888718494,