{
  "A_1": 242.46167445593508,
  "A_2": 91.05971651557209,
  "A_3": 176.27958927923922,
  "A_4": 197.71564356521966,
  "A_5": 198.44837606937236,
  "A_6": 99.36244324418533,
  "A_7": 73.43205164072054,
  "A_8": 72.67379683785012,
  "A_9": 110.08211029854075,
  "A_10": 124.23068750421265,
  "A_11": 213.5884273501466,
  "A_12": 150.8878425857883,
  "A_13": 76.58004057695305,
  "A_14": 236.22184312737502,
  "A_15": 146.38317571165896,
  "A_16": 83.14496391330657,
  "A_17": 143.36288623360957,
  "A_18": 80.5732059015955,
  "A_19": 122.33890837281518,
  "A_20": 188.46997408481678,
  "A_21": 84.27434133953088,
  "A_22": 27.43332952894215,
  "A_23": 48.770599575523136,
  "A_24": 69.50028560289985,
  "A_25": 87.94323147046983,
  "A_26": 125.59333446815131,
  "A_27": 60.306439834910556,
  "A_28": 49.13484839415095,
  "A_29": 67.55560205121593,
  "A_30": 77.83192755029674,
  "A_31": 9.116348960410548,
  "A_32": 116.91185732922125,
  "A_33": 60.600065650685664,
  "A_34": 52.327096087687224,
  "A_35": 26.804370113322857,
  "A_36": 74.9878311546313,
  "A_37": 0.0,
  "A_38": 2.4152564320798326,
  "A_39": 78.46773563790087,
  "A_40": 11.803943776444772,
  "A_41": 168.5274580790941,
  "A_42": 28.41287811833145,
  "A_43": 65.82203352585324,
  "A_44": 143.411555786999,
  "A_45": 31.26216442506063,
  "A_46": 38.664523265525666,
  "A_47": 46.083004759488915,
  "A_48": 20.239446776969338,
  "A_49": 60.90480013808388,
  "A_50": 62.90380810993368,
  "A_51": 7.500213168439043,
  "A_52": 4.830512864159665,
  "A_53": 70.19753067643758,
  "A_54": 25.886974792992177,
  "A_55": 247.7645571914885,
  "A_56": 54.74235251976706,
  "A_57": 72.77342302408077,
  "A_58": 9.66102572831933,
  "A_59": 0.0,
  "A_60": 70.04243653031514,
  "A_61": 2.142918048125441,
  "A_62": 131.118214706978,
  "A_63": 26.56782075287816,
  "A_64": 81.14244992405537,
  "A_65": 8.111278072303488,
  "A_66": 75.59802897892335,
  "A_67": 5.357295120313602,
  "A_68": 85.25905470724268,
  "A_69": 78.25832963798318,
  "A_70": 46.36297093040622,
  "A_71": 92.09115164922808,
  "A_72": 92.68864487282903,
  "A_73": 45.11795776178859,
  "A_74": 140.58010116017158,
  "A_75": 153.60275669153813,
  "A_76": 116.6130164696412,
  "A_77": 111.86771616461752,
  "A_78": 95.96685910773814,
  "A_79": 44.546074801499714,
  "A_80": 0.0,
  "A_81": 13.538354248638624,
  "A_82": 3.214377072188161,
  "A_83": 91.67237734850457,
  "A_84": 65.59311195237146,
  "A_85": 179.4137426414253
}