{
  "A_1": 230.6620032454992,
  "A_2": 74.35368182794826,
  "A_3": 73.72991232339271,
  "A_4": 133.39373309782616,
  "A_5": 12.076282160399163,
  "A_6": 154.32446848866203,
  "A_7": 6.609182093657292,
  "A_8": 65.91910873884918,
  "A_9": 0.0,
  "A_10": 2.4152564320798326,
  "A_11": 0.0,
  "A_12": 12.076282160399163,
  "A_13": 12.076282160399163,
  "A_14": 0.0,
  "A_15": 11.848202533748545,
  "A_16": 15.699166808518912,
  "A_17": 8.225317885628796,
  "A_18": 0.0,
  "A_19": 42.21330402613253,
  "A_20": 12.194556840621512,
  "A_21": 0.0,
  "A_22": 0.0,
  "A_23": 14.491538592478996,
  "A_24": 67.21186154943075,
  "A_25": 0.0,
  "A_26": 21.837688057185993,
  "A_27": 87.07841384478958,
  "A_28": 49.867580898303615,
  "A_29": 58.84776066673697,
  "A_30": 30.44514927319745,
  "A_31": 104.71031358653818,
  "A_32": 4.330094853554655,
  "A_33": 2.4152564320798326,
  "A_34": 0.0,
  "A_35": 2.279087240102637,
  "A_36": 8.571672192501763,
  "A_37": 137.2210348967297,
  "A_38": 103.66617385219106,
  "A_39": 124.10899477118322,
  "A_40": 57.26741389827516,
  "A_41": 12.713711309812535,
  "A_42": 0.0,
  "A_43": 8.453397512279414,
  "A_44": 51.471854036415166,
  "A_45": 30.719435444597078,
  "A_46": 14.491538592478996,
  "A_47": 27.393305638535416,
  "A_48": 51.79184409773921,
  "A_49": 13.28391037643908,
  "A_50": 53.508096164395326,
  "A_51": 50.584215881699286,
  "A_52": 0.0,
  "A_53": 5.76580269624519,
  "A_54": 70.09177210134712,
  "A_55": 9.546985914994021,
  "A_56": 5.76580269624519,
  "A_57": 17.56974647268996,
  "A_58": 106.42616352933463,
  "A_59": 34.885049073180376,
  "A_60": 2.4152564320798326,
  "A_61": 46.45836224973982,
  "A_62": 72.32152377041778,
  "A_63": 22.67259772080402,
  "A_64": 41.6865217699786,
  "A_65": 98.39136438859012,
  "A_66": 30.05453620902071,
  "A_67": 96.68340612653951,
  "A_68": 43.22440677213448,
  "A_69": 62.79666723407565,
  "A_70": 53.23602167422382,
  "A_71": 162.13422906444455,
  "A_72": 111.4327815112839,
  "A_73": 66.2339340218507,
  "A_74": 84.53397512279415,
  "A_75": 118.52280321012904,
  "A_76": 124.7847890500822,
  "A_77": 65.10380261338955,
  "A_78": 155.0970489540328,
  "A_79": 74.56482198701073,
  "A_80": 195.14208856251074,
  "A_81": 79.13993593480416,
  "A_82": 57.7286499653046,
  "A_83": 30.94217436373659,
  "A_84": 93.81953026352703,
  "A_85": 137.3274720558333,
  "A_86": 22.944936104758412,
  "A_87": 64.20598569847604,
  "A_88": 92.52518152387742,
  "A_89": 98.2944651047828,
  "A_90": 7.632989440350364,
  "A_91": 69.97085848329576,
  "A_92": 142.35799127469113,
  "A_93": 41.05935934535716,
  "A_94": 12.076282160399163,
  "A_95": 102.2338337968252,
  "A_96": 137.23121365692734,
  "A_97": 70.56921878646908,
  "A_98": 10.986928624581596,
  "A_99": 43.18438288172775,
  "A_100": 31.94724525184365,
  "A_101": 8.453397512279414,
  "A_102": 58.22059824211553,
  "A_103": 47.78681611923679,
  "A_104": 81.54649643841886,
  "A_105": 1.2076282160399163,
  "A_106": 161.43406859292435,
  "A_107": 64.63569274163405,
  "A_108": 75.65075747002119,
  "A_109": 180.67183740185249,
  "A_110": 12.857508288752644,
  "A_111": 92.09547448071942,
  "A_112": 59.230745943950794,
  "A_113": 9.66102572831933,
  "A_114": 70.49848268628087,
  "A_115": 9.38868734436494,
  "A_116": 97.40937792330163,
  "A_117": 9.709519352520143,
  "A_118": 91.02230643025315,
  "A_119": 1.2076282160399163,
  "A_120": 77.08045858755807,
  "A_121": 10.868653944359247,
  "A_122": 43.99800511352505,
  "A_123": 64.19826994691883,
  "A_124": 35.275662137357116,
  "A_125": 0.0,
  "A_126": 54.117627971044804,
  "A_127": 1.0714590240627204,
  "A_128": 109.05227109395278,
  "A_129": 22.38236482509478,
  "A_130": 170.58423365665809,
  "A_131": 165.82188078671075,
  "A_132": 35.34205027331278,
  "A_133": 101.7794715345218,
  "A_134": 20.493890649168883,
  "A_135": 35.02121826515757,
  "A_136": 0.0,
  "A_137": 53.60534730657984,
  "A_138": 5.493464312290798,
  "A_139": 87.48692142072119,
  "A_140": 34.707146964392905,
  "A_141": 2.4152564320798326,
  "A_142": 1.0714590240627204,
  "A_143": 1.2076282160399163,
  "A_144": 12.857508288752644,
  "A_145": 27.212877689254444,
  "A_146": 16.79275521123352,
  "A_147": 8.59380157115365,
  "A_148": 93.437562862333,
  "A_149": 32.996574897254476,
  "A_150": 54.07093133784184,
  "A_151": 125.18808158220884,
  "A_152": 51.928013289716404,
  "A_153": 129.96165622111485,
  "A_154": 93.29031013147393,
  "A_155": 8.844010576456155,
  "A_156": 39.737691315991924,
  "A_157": 54.80958260255388,
  "A_158": 174.89135718472969,
  "A_159": 28.99154691875207,
  "A_160": 111.20217604413979,
  "A_161": 51.19696467922606,
  "A_162": 8.707841384478959,
  "A_163": 23.46832544084647,
  "A_164": 39.978475543333666,
  "A_165": 17.06932846208495,
  "A_166": 42.23119853788738,
  "A_167": 46.34507641865137,
  "A_168": 1.2076282160399163,
  "A_169": 9.66102572831933,
  "A_170": 67.94621511539266,
  "A_171": 1.2076282160399163,
  "A_172": 129.45190139714336,
  "A_173": 95.9403189330006,
  "A_174": 46.882125399597236,
  "A_175": 8.317228320302219,
  "A_176": 131.97168489999345,
  "A_177": 67.09782173610544,
  "A_178": 0.0,
  "A_179": 1.2076282160399163,
  "A_180": 0.0,
  "A_181": 12.551290969621943,
  "A_182": 9.546985914994021,
  "A_183": 0.0,
  "A_184": 20.41563985935327,
  "A_185": 54.752619244558986,
  "A_186": 76.92395700792683,
  "A_187": 1.0714590240627204,
  "A_188": 1.2076282160399163,
  "A_189": 9.643131216564484,
  "A_190": 4.988849133900592,
  "A_191": 1.2076282160399163,
  "A_192": 16.770625832581633,
  "A_193": 3.4867154561425533,
  "A_194": 1.0714590240627204,
  "A_195": 45.527307284551334,
  "A_196": 7.636382360416238,
  "A_197": 26.532031729368462,
  "A_198": 63.13359676298785,
  "A_199": 3.214377072188161,
  "A_200": 90.99246130004406,
  "A_201": 1.0714590240627204,
  "A_202": 8.729970763130847,
  "A_203": 1.2076282160399163,
  "A_204": 5.629633504267994,
  "A_205": 13.928967312815365,
  "A_206": 133.72998404272516,
  "A_207": 112.30942409171223,
  "A_208": 83.53981184438035,
  "A_209": 18.66333487540457,
  "A_210": 2.4152564320798326,
  "A_211": 6.038141080199582,
  "A_212": 49.358693153904525,
  "A_213": 59.17801745285294,
  "A_214": 8.844010576456155,
  "A_215": 9.981857736474536,
  "A_216": 124.7278005593461,
  "A_217": 47.37830854330521,
  "A_218": 1.2076282160399163,
  "A_219": 3.622884648119749,
  "A_220": 150.51692102436428,
  "A_221": 35.9565080972431,
  "A_222": 0.0,
  "A_223": 31.78894668121457,
  "A_224": 156.28272372060945,
  "A_225": 59.87673279175255,
  "A_226": 3.622884648119749,
  "A_227": 65.93946625924441,
  "A_228": 173.02179539657843,
  "A_229": 58.31419257045128,
  "A_230": 8.980179768433352,
  "A_231": 75.18180565143453,
  "A_232": 24.635929766479656,
  "A_233": 7.641609970591815,
  "A_234": 27.639279776940878,
  "A_235": 85.34400337259574,
  "A_236": 2.4152564320798326,
  "A_237": 82.84379827516284,
  "A_238": 15.339152856788138,
  "A_239": 46.907647698314996,
  "A_240": 42.26698756139707,
  "A_241": 18.509271171672523,
  "A_242": 94.61441603673833,
  "A_243": 46.451488445013766,
  "A_244": 75.94014841889928,
  "A_245": 188.68076238550202,
  "A_246": 86.33297673994582,
  "A_247": 0.0,
  "A_248": 0.0,
  "A_249": 62.60681450683391,
  "A_250": 1.0714590240627204,
  "A_251": 41.84058547371063,
  "A_252": 12.923896424708307,
  "A_253": 89.92007236455586,
  "A_254": 35.939455532319414,
  "A_255": 159.53703671861007,
  "A_256": 136.58107990682285,
  "A_257": 27.058813985522402,
  "A_258": 37.84921714006603,
  "A_259": 96.94379389203964,
  "A_260": 128.84498339558164,
  "A_261": 58.20270373036068,
  "A_262": 46.58849958382213,
  "A_263": 66.53017364271362,
  "A_264": 2.279087240102637,
  "A_265": 40.07038597800709,
  "A_266": 0.0,
  "A_267": 6.038141080199582,
  "A_268": 2.4152564320798326,
  "A_269": 11.123097816558792,
  "A_270": 17.68802115291231,
  "A_271": 60.73623484266286,
  "A_272": 36.2773401053983,
  "A_273": 56.14998709050512,
  "A_274": 38.64410291327732,
  "A_275": 3.4867154561425533,
  "A_276": 10.254196120428928,