{
  "A_1": 230.61854873591471,
  "A_2": 94.34048172371592,
  "A_3": 150.32540953620142,
  "A_4": 115.70666698908053,
  "A_5": 170.7784971799855,
  "A_6": 100.60067057267122,
  "A_7": 111.60549370900766,
  "A_8": 50.430152177967244,
  "A_9": 68.74373982643297,
  "A_10": 65.05785996242344,
  "A_11": 18.913543880707074,
  "A_12": 109.44044628223034,
  "A_13": 53.04457301791406,
  "A_14": 50.19528671118488,
  "A_15": 50.670936405308986,
  "A_16": 18.114423240598747,
  "A_17": 122.74233913501857,
  "A_18": 53.96627860336548,
  "A_19": 3.622884648119749,
  "A_20": 4.830512864159665,
  "A_21": 95.2664598751762,
  "A_22": 1.2076282160399163,
  "A_23": 0.0,
  "A_24": 5.76580269624519,
  "A_25": 34.907178451832266,
  "A_26": 0.0,
  "A_27": 0.0,
  "A_28": 33.81359004911766,
  "A_29": 0.0,
  "A_30": 3.3948050214691308,
  "A_31": 48.703030200729735,
  "A_32": 0.0,
  "A_33": 1.2076282160399163,
  "A_34": 32.315728937368505,
  "A_35": 24.01639512882113,
  "A_36": 3.622884648119749,
  "A_37": 1.0714590240627204,
  "A_38": 17.79527512610587,
  "A_39": 2.4152564320798326,
  "A_40": 0.0,
  "A_41": 0.0,
  "A_42": 29.900472505288672,
  "A_43": 27.23500706790633,
  "A_44": 0.0,
  "A_45": 3.622884648119749,
  "A_46": 60.34985664538317,
  "A_47": 129.96165622111482,
  "A_48": 38.862757761967174,
  "A_49": 75.07794459830686,
  "A_50": 23.4538238491575,
  "A_51": 45.93836583371763,
  "A_52": 32.93526357502702,
  "A_53": 32.72847138019713,
  "A_54": 55.18908699510752,
  "A_55": 1.2076282160399163,
  "A_56": 3.622884648119749,
  "A_57": 30.19070540099791,
  "A_58": 0.0,
  "A_59": 22.808766912781213,
  "A_60": 0.0,
  "A_61": 19.04971307268427,
  "A_62": 10.868653944359247,
  "A_63": 9.66102572831933,
  "A_64": 10.868653944359247,
  "A_65": 4.716473050834356,
  "A_66": 17.453155686129943,
  "A_67": 0.0,
  "A_68": 14.491538592478996,
  "A_69": 13.011571992484688,
  "A_70": 26.023143984969376,
  "A_71": 12.993677480729842,
  "A_72": 15.699166808518912,
  "A_73": 6.038141080199582,
  "A_74": 41.40232073216425,
  "A_75": 46.29751270587603,
  "A_76": 45.889872209516824,
  "A_77": 10.732484752382051,
  "A_78": 93.23924040129717,
  "A_79": 136.3019305499955,
  "A_80": 55.41472874585896,
  "A_81": 0.0,
  "A_82": 31.34465008177328,
  "A_83": 12.076282160399163,
  "A_84": 149.4165216487767,
  "A_85": 13.28391037643908,
  "A_86": 0.0,
  "A_87": 22.944936104758412,
  "A_88": 77.28820582655464,
  "A_89": 2.1650474267773276,
  "A_90": 0.0,
  "A_91": 61.96175757045762,
  "A_92": 101.44077014735298,
  "A_93": 0.0,
  "A_94": 10.732484752382051,
  "A_95": 84.41993530946883,
  "A_96": 2.3012166187545233,
  "A_97": 0.0,
  "A_98": 54.34326972179623,
  "A_99": 59.752187492593634,
  "A_100": 0.0,
  "A_101": 19.286262433128968,
  "A_102": 111.86512749227094,
  "A_103": 10.986928624581596,
  "A_104": 115.18411959982365,
  "A_105": 60.46906123703098,
  "A_106": 19.093971829988043,
  "A_107": 114.44959010467312,
  "A_108": 50.72038507367648,
  "A_109": 0.0,
  "A_110": 21.737307888718494,
  "A_111": 126.80096268419122,
  "A_112": 43.47461577743699,
  "A_113": 2.1871768054292144,
  "A_114": 49.512756857636575,
  "A_115": 45.889872209516824,
  "A_116": 0.0,
  "A_117": 0.0,
  "A_118": 68.29013154636644,
  "A_119": 53.92732285446095,
  "A_120": 0.0,
  "A_121": 2.142918048125441,
  "A_122": 8.453397512279414,
  "A_123": 0.0,
  "A_124": 35.02121826515757,
  "A_125": 53.39008537795586,
  "A_126": 4.830512864159665,
  "A_127": 0.0,
  "A_128": 62.37702585377975,
  "A_129": 37.128347289773316,
  "A_130": 7.245769296239498,
  "A_131": 0.0,
  "A_132": 55.550897937836154,
  "A_133": 83.85649695023284,
  "A_134": 8.932528091063702,
  "A_135": 10.986928624581596,
  "A_136": 30.19070540099791,
  "A_137": 96.04768600352969,
  "A_138": 162.95124421630774,
  "A_139": 110.0022384469159,
  "A_140": 91.38484622247744,
  "A_141": 105.79119738856166,
  "A_142": 113.2889726811015,
  "A_143": 0.0,
  "A_144": 55.55089793783615,
  "A_145": 46.552823657647956,
  "A_146": 37.963256953391344,
  "A_147": 18.114423240598747,
  "A_148": 42.89414998601851,
  "A_149": 93.6006115210543,
  "A_150": 30.190705400997906,
  "A_151": 34.47654149724879,
  "A_152": 40.78702096140277,
  "A_153": 67.62718009823533,
  "A_154": 0.0,
  "A_155": 47.76045187368787,
  "A_156": 31.398333617037828,
  "A_157": 38.52472239244093,
  "A_158": 0.0,
  "A_159": 3.622884648119749,
  "A_160": 69.49775976240636,
  "A_161": 65.21192366615549,
  "A_162": 0.0,
  "A_163": 0.0,
  "A_164": 121.35419500510338,
  "A_165": 19.32205145663866,
  "A_166": 12.857508288752644,
  "A_167": 65.64923336353519,
  "A_168": 86.71416502616178,
  "A_169": 108.94098331579201,
  "A_170": 63.14809835467682,
  "A_171": 22.67004674756931,
  "A_172": 3.5088448347944396,
  "A_173": 127.48349253773952,
  "A_174": 3.350546264165357,
  "A_175": 0.0,
  "A_176": 50.17570830576771,
  "A_177": 40.92319015337996,
  "A_178": 0.0,
  "A_179": 32.46979264110055,
  "A_180": 69.77009814636075,
  "A_181": 36.22884648119749,
  "A_182": 0.0,
  "A_183": 102.51222917141571,
  "A_184": 84.53397512279416,
  "A_185": 1.2076282160399163,
  "A_186": 30.19070540099791,
  "A_187": 72.28573474690809,
  "A_188": 49.51275685763657,
  "A_189": 2.3582553749731003,
  "A_190": 101.28670644362093,
  "A_191": 90.10992509179759,
  "A_192": 43.45672126568214,
  "A_193": 1.2076282160399163,
  "A_194": 170.73847328957876,
  "A_195": 75.70774596075731,
  "A_196": 41.60656195375943,
  "A_197": 51.34754749829793,
  "A_198": 33.79569553736281,
  "A_199": 135.40990673193517,
  "A_200": 80.21562982576393,
  "A_201": 56.43250423465713,
  "A_202": 123.39673288476132,
  "A_203": 35.13949294537992,
  "A_204": 176.42263227594245,
  "A_205": 56.345783711047446,
  "A_206": 13.946861824570213,
  "A_207": 111.10179587567228,
  "A_208": 64.96171466085298,
  "A_209": 1.0714590240627204,
  "A_210": 41.05935934535715,
  "A_211": 69.05346316296509,
  "A_212": 32.60596183307774,
  "A_213": 1.2076282160399163,
  "A_214": 71.9130161944862,
  "A_215": 80.63875209072,
  "A_216": 0.0,
  "A_217": 6.038141080199582,
  "A_218": 15.562997616541717,
  "A_219": 5.6960216402236545,
  "A_220": 55.55089793783615,
  "A_221": 7.109600104262302,
  "A_222": 74.87294939447483,
  "A_223": 17.460971968652075,
  "A_224": 20.39351048070138,
  "A_225": 20.493890649168883,
  "A_226": 45.27286341235179,
  "A_227": 0.0,
  "A_228": 104.58786687127188,
  "A_229": 59.765155987067644,
  "A_230": 58.90144420200151,
  "A_231": 96.34882650893218,
  "A_232": 75.16825910391225,
  "A_233": 128.56173740193398,
  "A_234": 129.50283289724337,
  "A_235": 15.953610680718457,
  "A_236": 80.36545866259893,
  "A_237": 72.1137765314212,
  "A_238": 0.0,
  "A_239": 74.73678020249761,
  "A_240": 110.96562668369509,
  "A_241": 37.43647469723741,
  "A_242": 36.22884648119749,
  "A_243": 68.83480831427522,
  "A_244": 61.589039018035734,
  "A_245": 4.422005288228077,
  "A_246": 74.87294939447482,
  "A_247": 98.88934452329595,
  "A_248": 8.707841384478959,
  "A_249": 55.278559553881756,
  "A_250": 97.81788549923323,
  "A_251": 38.72658856998998,
  "A_252": 13.28391037643908,
  "A_253": 82.1187186907143,
  "A_254": 107.47891122755256,
  "A_255": 105.06365479547271,
  "A_256": 7.772551552393435,
  "A_257": 80.9398925961225,
  "A_258": 111.01232331689806,
  "A_259": 32.02549604165927,
  "A_260": 169.6046850672688,
  "A_261": 80.01400240925653,
  "A_262": 35.80244439351105,
  "A_263": 26.940539305300057,
  "A_264": 14.491538592478996,
  "A_265": 20.69644797710174,
  "A_266": 44.43626985507144,
  "A_267": 45.94260070061467,
  "A_268": 1.2076282160399163,
  "A_269": 71.48661410679975,
  "A_270": 181.72540191416036,
  "A_271": 29.808562070615245,
  "A_272": 122.94402938337905,
  "A_273": 15.74426751265385,
  "A_274": 0.0,
  "A_275": 45.75370301753962,
  "A_276": 15.699166808518912,
  "A_277": 1.2076282160399163,
  "A_278": 3.622884648119749,
  "A_279": 62.79666723407565,
  "A_280": 1.0714590240627204,
  "A_281": 4.830512864159665,
  "A_282": 31.125995233083433,
  "A_283": 49.947553280893416,
  "A_284": 0.0,