{
  "A_1": 96.09615449498926,
  "A_2": 129.5948312965111,
  "A_3": 76.08385743324509,
  "A_4": 24.152564320798326,
  "A_5": 96.5472369345623,
  "A_6": 13.129846672707037,
  "A_7": 62.162517907392626,
  "A_8": 1.2076282160399163,
  "A_9": 0.0,
  "A_10": 1.2076282160399163,
  "A_11": 8.453397512279414,
  "A_12": 10.868653944359247,
  "A_13": 2.3012166187545233,
  "A_14": 11.848202533748545,
  "A_15": 1.0935884027146072,
  "A_16": 10.640574317708628,
  "A_17": 1.0935884027146072,
  "A_18": 0.0,
  "A_19": 6.675570229612952,
  "A_20": 0.0,
  "A_21": 0.0,
  "A_22": 0.0,
  "A_23": 2.142918048125441,
  "A_24": 0.0,
  "A_25": 2.142918048125441,
  "A_26": 96.0110299004476,
  "A_27": 56.02399665872555,
  "A_28": 47.53150516746487,
  "A_29": 92.01629377947833,
  "A_30": 142.43783799357476,
  "A_31": 1.2076282160399163,
  "A_32": 77.94605532821636,
  "A_33": 0.0,
  "A_34": 0.0,
  "A_35": 2.142918048125441,
  "A_36": 1.2076282160399163,
  "A_37": 7.636382360416238,
  "A_38": 36.5496784893527,
  "A_39": 16.90679502455883,
  "A_40": 79.00895665389069,
  "A_41": 0.0,
  "A_42": 64.61974601732443,
  "A_43": 170.3887009298987,
  "A_44": 4.830512864159665,
  "A_45": 56.59851855684344,
  "A_46": 23.270002979810656,
  "A_47": 48.15106493786461,
  "A_48": 43.45672126568214,
  "A_49": 31.14812461173532,
  "A_50": 8.752100141782734,
  "A_51": 9.090826661692784,
  "A_52": 5.357295120313602,
  "A_53": 0.0,
  "A_54": 0.0,
  "A_55": 0.0,
  "A_56": 24.13466980904348,
  "A_57": 51.05731460258868,
  "A_58": 23.726162233111893,
  "A_59": 166.99110617415315,
  "A_60": 95.76940372627469,
  "A_61": 15.000426336878085,
  "A_62": 23.744056744866736,
  "A_63": 69.92839671698984,
  "A_64": 131.52834334471882,
  "A_65": 90.61881283619668,
  "A_66": 0.0,
  "A_67": 13.28391037643908,
  "A_68": 75.75887852278714,
  "A_69": 3.214377072188161,
  "A_70": 3.350546264165357,
  "A_71": 0.0,
  "A_72": 14.491538592478996,
  "A_73": 4.830512864159665,
  "A_74": 0.0,
  "A_75": 15.000426336878085,
  "A_76": 16.5646755845829,
  "A_77": 0.0,
  "A_78": 0.0,
  "A_79": 22.382364825094776,
  "A_80": 0.0,
  "A_81": 41.432077897779045,
  "A_82": 6.038141080199582,
  "A_83": 0.0,
  "A_84": 68.99977962770053,
  "A_85": 61.979652082212475,
  "A_86": 0.0,
  "A_87": 0.0,
  "A_88": 82.03272701660026,
  "A_89": 56.6649066927991,
  "A_90": 0.0,
  "A_91": 25.36019253683824,
  "A_92": 84.89303403035822,
  "A_93": 7.500213168439044,
  "A_94": 0.0,
  "A_95": 59.13799356244621,
  "A_96": 54.40870281358521,
  "A_97": 1.2076282160399163,
  "A_98": 58.012851003118946,
  "A_99": 135.45512053340565,
  "A_100": 65.01951996567904,
  "A_101": 50.00375009028081,
  "A_102": 3.214377072188161,
  "A_103": 60.635854674195365,
  "A_104": 8.571672192501763,
  "A_105": 26.940539305300057,
  "A_106": 94.26899164129084,
  "A_107": 82.2301823980637,
  "A_108": 148.6028617178675,
  "A_109": 119.86480362714829,
  "A_110": 43.57499594590449,
  "A_111": 44.181825982871885,
  "A_112": 21.579851264920578,
  "A_113": 19.463297462344062,
  "A_114": 12.857508288752644,
  "A_115": 8.453397512279414,
  "A_116": 64.22640605072438,
  "A_117": 5.901971888222386,
  "A_118": 4.285836096250882,
  "A_119": 8.980179768433352,
  "A_120": 1.2076282160399163,
  "A_121": 86.79090785150368,
  "A_122": 24.152564320798326,
  "A_123": 35.23987311384742,
  "A_124": 1.2076282160399163,
  "A_125": 0.0,
  "A_126": 13.28391037643908,
  "A_127": 1.2076282160399163,
  "A_128": 4.830512864159665,
  "A_129": 26.45378093955285,
  "A_130": 0.0,
  "A_131": 65.07149447454003,
  "A_132": 0.0,
  "A_133": 0.0,
  "A_134": 77.28820582655464,
  "A_135": 50.60463623394763,
  "A_136": 0.0,
  "A_137": 0.0,
  "A_138": 53.15606185800466,
  "A_139": 5.357295120313602,
  "A_140": 0.0,
  "A_141": 10.868653944359247,
  "A_142": 113.50844434388132,
  "A_143": 4.422005288228077,
  "A_144": 5.357295120313602,
  "A_145": 108.63285590832793,
  "A_146": 127.52932209137012,
  "A_147": 38.09942614536854,
  "A_148": 126.61110995694946,
  "A_149": 33.36166566271346,
  "A_150": 17.279513576980726,
  "A_151": 76.90943028349665,
  "A_152": 77.66174119306649,
  "A_153": 21.737307888718494,
  "A_154": 37.83555749520823,
  "A_155": 54.3899663549992,
  "A_156": 25.269124048995984,
  "A_157": 1.2076282160399163,
  "A_158": 9.024438525737125,
  "A_159": 13.402185056661429,
  "A_160": 17.415682768957918,
  "A_161": 3.350546264165357,
  "A_162": 0.0,
  "A_163": 28.420505905294362,
  "A_164": 24.779726745419765,
  "A_165": 137.28556320983444,
  "A_166": 37.32327683074326,
  "A_167": 66.55401204776905,
  "A_168": 1.0714590240627204,
  "A_169": 22.26153917163772,
  "A_170": 0.0,
  "A_171": 0.0,
  "A_172": 0.0,
  "A_173": 0.0,
  "A_174": 12.392954699881017,
  "A_175": 29.574538550664045,
  "A_176": 29.91836701704352,
  "A_177": 95.56508710645585,
  "A_178": 106.12812691747385,
  "A_179": 24.779726745419765,
  "A_180": 60.49968548221817,
  "A_181": 27.732032158445467,
  "A_182": 10.868653944359247,
  "A_183": 7.500213168439043,
  "A_184": 0.0,
  "A_185": 31.532793782611474,
  "A_186": 4.58030385885716,
  "A_187": 49.976518765159504,
  "A_188": 0.0,
  "A_189": 0.0,
  "A_190": 1.2076282160399163,
  "A_191": 6.117309215070045,
  "A_192": 11.922218456667121,
  "A_193": 37.53685486570491,
  "A_194": 21.39518844874257,
  "A_195": 0.0,
  "A_196": 0.0,
  "A_197": 8.453397512279414,
  "A_198": 92.25714083867317,
  "A_199": 0.0,
  "A_200": 4.285836096250882,
  "A_201": 94.98983635884234,
  "A_202": 56.29633504267994,
  "A_203": 10.803107755234752,
  "A_204": 21.837688057185993,
  "A_205": 7.500213168439043,
  "A_206": 19.32205145663866,
  "A_207": 52.59264863150987,
  "A_208": 50.039539113790504,
  "A_209": 3.622884648119749,
  "A_210": 13.832822011244904,
  "A_211": 1.0935884027146072,
  "A_212": 7.131729482914189,
  "A_213": 0.0,
  "A_214": 1.0935884027146072,
  "A_215": 0.0,
  "A_216": 2.4152564320798326,
  "A_217": 3.5088448347944396,
  "A_218": 2.279087240102637,
  "A_219": 80.25904663623653,
  "A_220": 56.4035890158735,
  "A_221": 39.038950844351106,
  "A_222": 2.279087240102637,
  "A_223": 0.0,
  "A_224": 0.0,
  "A_225": 16.40382604071911,
  "A_226": 6.564923336353519,
  "A_227": 0.0,
  "A_228": 1.2076282160399163,
  "A_229": 0.0,
  "A_230": 8.044889936347825,
  "A_231": 0.0,
  "A_232": 9.204866475018093,
  "A_233": 0.0,
  "A_234": 4.422005288228077,
  "A_235": 0.0,
  "A_236": 0.0,
  "A_237": 2.142918048125441,
  "A_238": 4.830512864159665,
  "A_239": 29.514094308008968,
  "A_240": 55.5193437812235,
  "A_241": 0.0,
  "A_242": 38.64410291327732,
  "A_243": 20.301600046027957,
  "A_244": 0.0,
  "A_245": 2.279087240102637,
  "A_246": 3.2586358294919346,
  "A_247": 0.0,
  "A_248": 1.2076282160399163,
  "A_249": 0.0,
  "A_250": 8.571672192501763,
  "A_251": 13.129846672707036,
  "A_252": 4.422005288228077,
  "A_253": 3.214377072188161,
  "A_254": 16.90679502455883,
  "A_255": 1.2076282160399163,
  "A_256": 15.699166808518912,
  "A_257": 2.1871768054292144,
  "A_258": 103.68827809810173,
  "A_259": 107.34770575196804,
  "A_260": 54.88275657864129,
  "A_261": 87.59428849125025,
  "A_262": 12.599671496487225,
  "A_263": 2.142918048125441,
  "A_264": 0.0,
  "A_265": 59.202584707404014,
  "A_266": 84.40871354051022,
  "A_267": 48.95018557797294,
  "A_268": 50.04038106062167,
  "A_269": 2.4152564320798326,
  "A_270": 12.352855411250594,
  "A_271": 90.32190719769122,
  "A_272": 79.73649924697963,
  "A_273": 23.06321078498076,
  "A_274": 79.04474567740039,
  "A_275": 101.36156431337066,
  "A_276": 46.521269501035306,
  "A_277": 104.78432950945675,
  "A_278": 36.759863604248466,
  "A_279": 86.19605356573175,
  "A_280": 24.521889953154346,
  "A_281": 39.98619129489089,
  "A_282": 18.232697920821096,
  "A_283": 1.2076282160399163,
  "A_284": 8.729970763130845,
  "A_285": 2.4152564320798326,
  "A_286": 0.0,
  "A_287": 7.245769296239498,
  "A_288": 15.424277451329809,
  "A_289": 9.524856536342135,
  "A_290": 64.77702671193376,
  "A_291": 0.0,
  "A_292": 2.4152564320798326,
  "A_293": 13.582613005942399,
  "A_294": 0.0,