{
  "A_1": 237.62688902576656,
  "A_2": 102.29346122539032,
  "A_3": 132.9121646431427,
  "A_4": 86.81813917662498,
  "A_5": 165.65351655321956,
  "A_6": 165.89609777155914,
  "A_7": 66.60844956527045,
  "A_8": 47.896621065665066,
  "A_9": 29.848585961021982,
  "A_10": 108.95545977473978,
  "A_11": 45.01917352238911,
  "A_12": 0.0,
  "A_13": 5.901971888222386,
  "A_14": 139.9129148451434,
  "A_15": 60.46813132560551,
  "A_16": 6.83726172030791,
  "A_17": 62.74298369881111,
  "A_18": 34.32247779351675,
  "A_19": 50.81313745518107,
  "A_20": 47.73492957497011,
  "A_21": 72.22018855778359,
  "A_22": 31.226375401550932,
  "A_23": 0.0,
  "A_24": 43.01242466624086,
  "A_25": 70.04243653031514,
  "A_26": 33.777801025607964,
  "A_27": 47.99700123413257,
  "A_28": 54.0172478025773,
  "A_29": 65.54885319506768,
  "A_30": 137.77768741583398,
  "A_31": 67.45690577641076,
  "A_32": 251.46485068259267,
  "A_33": 57.41205282404644,
  "A_34": 62.66557485582666,
  "A_35": 107.58776112981414,
  "A_36": 57.5576467939844,
  "A_37": 34.03224489780751,
  "A_38": 14.491538592478996,
  "A_39": 125.04167079818095,
  "A_40": 110.77922970837233,
  "A_41": 0.0,
  "A_42": 87.09384534790405,
  "A_43": 60.70224281015103,
  "A_44": 5.810061453548963,
  "A_45": 31.262164425060625,
  "A_46": 156.11398249599984,
  "A_47": 148.754173386435,
  "A_48": 60.8902985463949,
  "A_49": 51.6420152609042,
  "A_50": 23.726162233111893,
  "A_51": 116.48545524153482,
  "A_52": 103.0364353215937,
  "A_53": 84.55692131553597,
  "A_54": 99.13358450255666,
  "A_55": 134.81172235795046,
  "A_56": 37.050096499957704,
  "A_57": 15.408933912809674,
  "A_58": 37.9453624416365,
  "A_59": 151.44875510453085,
  "A_60": 153.90485224110736,
  "A_61": 74.02861495289602,
  "A_62": 34.34460717216864,
  "A_63": 86.7764062598147,
  "A_64": 15.018320848632932,
  "A_65": 10.868653944359247,
  "A_66": 10.868653944359247,
  "A_67": 1.2076282160399163,
  "A_68": 0.0,
  "A_69": 0.0,
  "A_70": 2.279087240102637,
  "A_71": 0.0,
  "A_72": 97.49021738546384,
  "A_73": 32.6884474897904,
  "A_74": 72.71213683459453,
  "A_75": 92.4196114443462,
  "A_76": 27.775448968918074,
  "A_77": 71.11389555437788,
  "A_78": 5.924101266874272,
  "A_79": 13.67452344061582,
  "A_80": 40.37851338547117,
  "A_81": 58.012851003118946,
  "A_82": 0.0,
  "A_83": 12.076282160399163,
  "A_84": 33.42721185183795,
  "A_85": 0.0,
  "A_86": 2.4152564320798326,
  "A_87": 30.563423953419804,
  "A_88": 96.2526812073617,
  "A_89": 16.520416827279128,
  "A_90": 1.2076282160399163,
  "A_91": 116.68865345436903,
  "A_92": 91.45795736671175,
  "A_93": 85.37300655597369,
  "A_94": 37.32666975080914,
  "A_95": 20.05223298755662,
  "A_96": 88.51248805930027,
  "A_97": 36.149640647215186,
  "A_98": 73.66532117843491,
  "A_99": 75.04395256579502,
  "A_100": 38.64410291327732,
  "A_101": 88.79257989392372,
  "A_102": 6.83726172030791,
  "A_103": 21.078591307484402,
  "A_104": 134.01947552256817,
  "A_105": 126.78455100416888,
  "A_106": 11.689903963119463,
  "A_107": 170.0650791874671,
  "A_108": 83.5084336169563,
  "A_109": 9.66102572831933,
  "A_110": 40.717239905381234,
  "A_111": 121.36188562391939,
  "A_112": 66.07146341617766,
  "A_113": 0.0,
  "A_114": 37.53685486570491,
  "A_115": 94.44944472331302,
  "A_116": 4.830512864159665,
  "A_117": 36.0568882657106,
  "A_118": 133.19210568131876,
  "A_119": 110.35358160292276,
  "A_120": 41.84058547371063,
  "A_121": 12.857508288752644,
  "A_122": 21.038567417077665,
  "A_123": 0.0,
  "A_124": 0.0,
  "A_125": 0.0,
  "A_126": 3.4867154561425533,
  "A_127": 1.0714590240627204,
  "A_128": 8.044889936347825,
  "A_129": 36.95818606528428,
  "A_130": 10.298454877732702,
  "A_131": 74.38947085145796,
  "A_132": 42.898384852915555,
  "A_133": 5.401553877617376,
  "A_134": 87.11843773519632,
  "A_135": 86.41546239665846,
  "A_136": 0.0,
  "A_137": 82.43273972599656,
  "A_138": 142.12565164840223,
  "A_139": 46.46621623137379,
  "A_140": 4.830512864159665,
  "A_141": 127.47905660891266,
  "A_142": 133.86778686288224,
  "A_143": 130.26804946943417,
  "A_144": 88.23934542762655,
  "A_145": 25.342298025083398,
  "A_146": 19.208011643313352,
  "A_147": 21.39942331563961,
  "A_148": 0.0,
  "A_149": 6.038141080199582,
  "A_150": 1.2076282160399163,
  "A_151": 15.567232483438756,
  "A_152": 74.45763084567025,
  "A_153": 14.223435075421644,
  "A_154": 26.28182272406596,
  "A_155": 154.75927747828942,
  "A_156": 22.400259336849626,
  "A_157": 118.52947595292527,
  "A_158": 113.22406737687837,
  "A_159": 13.28391037643908,
  "A_160": 7.566601304394704,
  "A_161": 4.422005288228077,
  "A_162": 2.279087240102637,
  "A_163": 48.23192953276803,
  "A_164": 3.622884648119749,
  "A_165": 45.29574677324054,
  "A_166": 2.1650474267773276,
  "A_167": 89.28940392253303,
  "A_168": 45.68221293511455,
  "A_169": 2.4152564320798326,
  "A_170": 0.0,
  "A_171": 65.45099886709367,
  "A_172": 56.48618776992167,
  "A_173": 0.0,
  "A_174": 0.0,
  "A_175": 45.56385029029789,
  "A_176": 37.04754552672299,
  "A_177": 1.2076282160399163,
  "A_178": 27.34904688123164,
  "A_179": 177.2106191116865,
  "A_180": 69.38276490491437,
  "A_181": 44.782624161944405,
  "A_182": 24.675953656886392,
  "A_183": 121.53204684840841,
  "A_184": 110.3851985913885,
  "A_185": 0.0,
  "A_186": 0.0,
  "A_187": 0.0,
  "A_188": 0.0,
  "A_189": 0.0,
  "A_190": 2.4152564320798326,
  "A_191": 98.33605979151635,
  "A_192": 78.5646600544494,
  "A_193": 105.95796569298483,
  "A_194": 28.965182673203145,
  "A_195": 82.75614784012768,
  "A_196": 11.808178643341812,
  "A_197": 26.246121665150575,
  "A_198": 61.434975314303685,
  "A_199": 32.45189812934569,
  "A_200": 10.935884027146072,
  "A_201": 24.152564320798326,
  "A_202": 26.980563195706786,
  "A_203": 0.0,
  "A_204": 1.0714590240627204,
  "A_205": 30.4872717474968,
  "A_206": 44.686478860373946,
  "A_207": 5.357295120313602,
  "A_208": 0.0,
  "A_209": 119.11089678851043,
  "A_210": 139.80224281914275,
  "A_211": 71.8772271709765,
  "A_212": 68.78535964590773,
  "A_213": 30.308980081220255,
  "A_214": 50.72038507367648,
  "A_215": 87.37044373149669,
  "A_216": 85.82925377386923,
  "A_217": 81.47694157706837,
  "A_218": 107.59019900571333,
  "A_219": 20.07352041937734,
  "A_220": 28.14816752133997,
  "A_221": 45.889872209516824,
  "A_222": 102.2474054770887,
  "A_223": 7.347104508873692,
  "A_224": 58.92780844755043,
  "A_225": 85.31424620698094,
  "A_226": 37.26451648175052,
  "A_227": 71.4414882699236,
  "A_228": 137.41343859720615,
  "A_229": 86.22155073170829,
  "A_230": 0.0,
  "A_231": 20.39351048070138,
  "A_232": 102.4048621008866,
  "A_233": 21.601138696741295,
  "A_234": 1.2076282160399163,
  "A_235": 45.599639313807586,
  "A_236": 42.15294774807176,
  "A_237": 8.453397512279414,
  "A_238": 9.66102572831933,
  "A_239": 178.9595311755693,
  "A_240": 147.29567014745004,
  "A_241": 37.9504392553647,
  "A_242": 68.1360678426344,
  "A_243": 68.11817333087956,
  "A_244": 7.500213168439043,
  "A_245": 24.01639512882113,
  "A_246": 0.0,
  "A_247": 0.0,
  "A_248": 0.0,
  "A_249": 0.0,
  "A_250": 35.25776762560227,
  "A_251": 35.269718244056534,
  "A_252": 39.525709210098306,
  "A_253": 43.969843876978274,
  "A_254": 1.2076282160399163,
  "A_255": 2.4152564320798326,
  "A_256": 56.40164122842828,
  "A_257": 0.0,
  "A_258": 0.0,
  "A_259": 50.378265633700565,
  "A_260": 111.35623974787184,
  "A_261": 2.4152564320798326,
  "A_262": 2.4152564320798326,
  "A_263": 86.91344253136427,
  "A_264": 185.6427543248864,
  "A_265": 52.16879751705814,
  "A_266": 69.85681866997045,
  "A_267": 31.146415585331773,
  "A_268": 106.78182951683283,
  "A_269": 22.522768883969018,
  "A_270": 22.286219523524316,
  "A_271": 72.47886729688018,
  "A_272": 95.15909280464712,
  "A_273": 58.34394973606608,
  "A_274": 125.07925681268847,
  "A_275": 140.47357603647367,
  "A_276": 190.53539532536345,
  "A_277": 209.50586486495354,
  "A_278": 202.03297098623014,
  "A_279": 97.69262391694929,
  "A_280": 102.8815296710305,
  "A_281": 68.70963469658561,