{
  "A_1": 97.76368674277352,
  "A_2": 41.19381951093081,
  "A_3": 2.4152564320798326,
  "A_4": 1.2076282160399163,
  "A_5": 0.0,
  "A_6": 0.0,
  "A_7": 14.263458965828377,
  "A_8": 0.0,
  "A_9": 19.286262433128968,
  "A_10": 57.640132450697045,
  "A_11": 5.810061453548963,
  "A_12": 14.14941915250307,
  "A_13": 1.0935884027146072,
  "A_14": 49.55359756213325,
  "A_15": 24.91589593739696,
  "A_16": 0.0,
  "A_17": 0.0,
  "A_18": 37.11045277801847,
  "A_19": 39.73769131599193,
  "A_20": 0.0,
  "A_21": 30.31325264722914,
  "A_22": 156.70468987946902,
  "A_23": 105.82441030609543,
  "A_24": 67.55560205121593,
  "A_25": 39.8338366175624,
  "A_26": 52.304966709035334,
  "A_27": 5.515593690942684,
  "A_28": 16.517865854044416,
  "A_29": 0.0,
  "A_30": 2.4152564320798326,
  "A_31": 7.245769296239498,
  "A_32": 190.23837658952243,
  "A_33": 66.09953668813014,
  "A_34": 115.31509888073711,
  "A_35": 70.91218017327617,
  "A_36": 25.36019253683824,
  "A_37": 0.0,
  "A_38": 131.3310387597028,
  "A_39": 79.2949546827029,
  "A_40": 1.2076282160399163,
  "A_41": 93.25272411696638,
  "A_42": 168.71722284174155,
  "A_43": 78.31643653570397,
  "A_44": 64.38548373633154,
  "A_45": 8.707841384478959,
  "A_46": 71.2406399683943,
  "A_47": 26.690330299997548,
  "A_48": 31.398333617037828,
  "A_49": 68.66285009878834,
  "A_50": 15.334917989891098,
  "A_51": 57.4128947708776,
  "A_52": 18.685464254056456,
  "A_53": 25.342298025083398,
  "A_54": 128.8007246382779,
  "A_55": 6.038141080199582,
  "A_56": 67.62718009823531,
  "A_57": 56.565280506568456,
  "A_58": 78.12216044600598,
  "A_59": 95.9489645959833,
  "A_60": 0.0,
  "A_61": 104.17004761471505,
  "A_62": 96.20174970726171,
  "A_63": 0.0,
  "A_64": 0.0,
  "A_65": 58.35676743409272,
  "A_66": 58.01548994094796,
  "A_67": 5.357295120313602,
  "A_68": 63.09780773947816,
  "A_69": 2.279087240102637,
  "A_70": 0.0,
  "A_71": 1.2076282160399163,
  "A_72": 1.2076282160399163,
  "A_73": 24.91589593739696,
  "A_74": 34.42285796198425,
  "A_75": 34.32671266041379,
  "A_76": 74.75890958114951,
  "A_77": 90.5447969132781,
  "A_78": 15.953610680718457,
  "A_79": 41.181868892476544,
  "A_80": 56.32873114612375,
  "A_81": 36.92239704177459,
  "A_82": 86.47517778981789,
  "A_83": 101.00068328206751,
  "A_84": 147.52966853466003,
  "A_85": 35.6841697132887,
  "A_86": 3.622884648119749,
  "A_87": 49.867580898303615,
  "A_88": 57.715945364613475,
  "A_89": 19.985002904769793,
  "A_90": 4.69434367218247,
  "A_91": 26.56782075287816,
  "A_92": 120.9585428263103,
  "A_93": 4.285836096250882,
  "A_94": 2.142918048125441,
  "A_95": 107.03720330045786,
  "A_96": 44.997974055162686,
  "A_97": 3.622884648119749,
  "A_98": 0.0,
  "A_99": 92.0629904126813,
  "A_100": 38.25517374276291,
  "A_101": 0.0,
  "A_102": 38.08153163361369,
  "A_103": 68.7811247790107,
  "A_104": 101.26881193186608,
  "A_105": 53.37642573309806,
  "A_106": 0.0,
  "A_107": 70.58879719188626,
  "A_108": 1.2076282160399163,
  "A_109": 0.0,
  "A_110": 0.0,
  "A_111": 6.038141080199582,
  "A_112": 13.147741184461884,
  "A_113": 5.357295120313602,
  "A_114": 13.129846672707037,
  "A_115": 0.0,
  "A_116": 11.922218456667121,
  "A_117": 0.0,
  "A_118": 0.0,
  "A_119": 2.4152564320798326,
  "A_120": 37.518960353950064,
  "A_121": 55.124495850149714,
  "A_122": 106.92913251317435,
  "A_123": 110.40558124452498,
  "A_124": 34.63228909464316,
  "A_125": 153.39593936396705,
  "A_126": 78.52463616404268,
  "A_127": 9.66102572831933,
  "A_128": 121.73640116733912,
  "A_129": 8.571672192501763,
  "A_130": 111.89392961371905,
  "A_131": 64.98384403950486,
  "A_132": 98.94120593482141,
  "A_133": 16.61656212884959,
  "A_134": 209.18425374182027,
  "A_135": 194.44256897589182,
  "A_136": 64.05702394121342,
  "A_137": 23.980606105311438,
  "A_138": 24.152564320798326,
  "A_139": 59.190722053544064,
  "A_140": 10.754614131033938,
  "A_141": 0.0,
  "A_142": 61.8154096182828,
  "A_143": 0.0,
  "A_144": 10.070375251082083,
  "A_145": 5.76580269624519,
  "A_146": 21.350929691438793,
  "A_147": 1.0714590240627204,
  "A_148": 3.350546264165357,
  "A_149": 110.82247058965635,
  "A_150": 9.524856536342135,
  "A_151": 0.0,
  "A_152": 51.58502677016809,
  "A_153": 118.33902003989407,
  "A_154": 19.32205145663866,
  "A_155": 15.000426336878085,
  "A_156": 156.52086901012217,
  "A_157": 68.11817333087956,
  "A_158": 34.66967404722088,
  "A_159": 120.16446130081832,
  "A_160": 162.27904391940444,
  "A_161": 6.428754144376322,
  "A_162": 14.263458965828377,
  "A_163": 0.0,
  "A_164": 0.0,
  "A_165": 0.0,
  "A_166": 2.4152564320798326,
  "A_167": 0.0,
  "A_168": 8.980179768433352,
  "A_169": 7.566601304394704,
  "A_170": 47.839544610334656,
  "A_171": 43.84394140979301,
  "A_172": 2.4152564320798326,
  "A_173": 0.0,
  "A_174": 21.737307888718494,
  "A_175": 20.93902919544133,
  "A_176": 12.058387648644317,
  "A_177": 116.7637123860486,
  "A_178": 80.63875209072,
  "A_179": 90.29977781903932,
  "A_180": 10.868653944359247,
  "A_181": 38.89854678547687,
  "A_182": 124.63078817820323,
  "A_183": 26.33974112622754,
  "A_184": 1.2076282160399163,
  "A_185": 107.11040240928651,
  "A_186": 90.37356754728687,
  "A_187": 0.0,
  "A_188": 68.07559846723811,
  "A_189": 125.03413097581233,
  "A_190": 144.10927838262006,
  "A_191": 26.163548043843612,
  "A_192": 25.71501657750529,
  "A_193": 14.491538592478996,
  "A_194": 87.38833824325152,
  "A_195": 3.622884648119749,
  "A_196": 1.0714590240627204,
  "A_197": 108.60223166314074,
  "A_198": 1.0714590240627204,
  "A_199": 1.0714590240627204,
  "A_200": 72.93079168328438,
  "A_201": 1.2076282160399163,
  "A_202": 42.26698756139707,
  "A_203": 15.699166808518912,
  "A_204": 3.214377072188161,
  "A_205": 12.573458047385675,
  "A_206": 0.0,
  "A_207": 9.915469600518875,
  "A_208": 15.000426336878085,
  "A_209": 65.39478949133564,
  "A_210": 0.0,
  "A_211": 4.558174480205274,
  "A_212": 2.4152564320798326,
  "A_213": 34.86036872129378,
  "A_214": 0.0,
  "A_215": 0.0,
  "A_216": 51.311004492551376,
  "A_217": 30.05453620902071,
  "A_218": 0.0,
  "A_219": 3.350546264165357,
  "A_220": 61.53959034966823,
  "A_221": 148.95673071436786,
  "A_222": 78.18007884816757,
  "A_223": 6.4339817545518985,
  "A_224": 73.30351023570627,
  "A_225": 171.8584259378423,
  "A_226": 22.26409014487243,
  "A_227": 73.55128136510959,
  "A_228": 44.941764679404656,
  "A_229": 14.337474888746954,
  "A_230": 70.49262675757458,
  "A_231": 16.79275521123352,
  "A_232": 0.0,
  "A_233": 0.0,
  "A_234": 2.4152564320798326,
  "A_235": 1.0714590240627204,
  "A_236": 5.493464312290798,
  "A_237": 50.7849762186343,
  "A_238": 54.17131150630934,
  "A_239": 91.51161576923508,
  "A_240": 64.84341484788942,
  "A_241": 47.80894549788868,
  "A_242": 13.28391037643908,
  "A_243": 90.72699672081572,
  "A_244": 44.800518673699244,
  "A_245": 16.770625832581633,
  "A_246": 6.038141080199582,
  "A_247": 62.73619785867936,
  "A_248": 39.34876214547752,
  "A_249": 8.453397512279414,
  "A_250": 5.901971888222386,
  "A_251": 90.32857994048746,
  "A_252": 49.55945349083953,
  "A_253": 13.928967312815365,
  "A_254": 129.4066875956729,
  "A_255": 16.752731320826786,
  "A_256": 126.2722703397039,
  "A_257": 11.808178643341812,
  "A_258": 169.5121714468059,
  "A_259": 21.539827374513845,
  "A_260": 138.04660774698127,
  "A_261": 72.34269810490298,
  "A_262": 24.01639512882113,
  "A_263": 73.6653211784349,
  "A_264": 36.61945954537423,
  "A_265": 92.03418829123318,
  "A_266": 108.48268777948635,
  "A_267": 12.076282160399163,
  "A_268": 19.286262433128968,
  "A_269": 134.66203175119222,
  "A_270": 71.11389555437786,
  "A_271": 0.0,
  "A_272": 118.41306109555387,
  "A_273": 58.71159147475977,
  "A_274": 71.79897638116088,
  "A_275": 39.38954001812111,
  "A_276": 203.60741156050318,
  "A_277": 155.45801794993028,
  "A_278": 13.16987056311377,
  "A_279": 194.74889939235808,
  "A_280": 209.77742413392986,
  "A_281": 55.247005397269106,
  "A_282": 101.13348468672004,
  "A_283": 158.49202990469055,
  "A_284": 55.980579848252944,