{
  "A_1": 244.87269602111786,
  "A_2": 205.329896546984,
  "A_3": 199.88069099199697,
  "A_4": 114.28038392435077,
  "A_5": 176.57747509465258,
  "A_6": 198.64412242443223,
  "A_7": 181.83425181642195,
  "A_8": 152.19077415656753,
  "A_9": 141.02425952953612,
  "A_10": 215.7756041555758,
  "A_11": 154.84945375381812,
  "A_12": 147.40973509351656,
  "A_13": 151.92365081641807,
  "A_14": 84.83511562819665,
  "A_15": 177.84885250881914,
  "A_16": 114.84719007091144,
  "A_17": 74.05593424261164,
  "A_18": 204.26952106180318,
  "A_19": 108.61919626347012,
  "A_20": 129.1776780575968,
  "A_21": 61.457104692955575,
  "A_22": 72.85254089346876,
  "A_23": 52.3007318421383,
  "A_24": 58.90144420200151,
  "A_25": 189.98453590311237,
  "A_26": 133.97776773849913,
  "A_27": 18.48714179302064,
  "A_28": 103.8560265794328,
  "A_29": 113.83954307682845,
  "A_30": 55.926632419205504,
  "A_31": 155.22718628811512,
  "A_32": 107.47192432549097,
  "A_33": 46.96133123357954,
  "A_34": 194.9693512320458,
  "A_35": 11.922218456667121,
  "A_36": 0.0,
  "A_37": 60.90480013808388,
  "A_38": 53.45437493001894,
  "A_39": 55.006221169927365,
  "A_40": 209.01235835818645,
  "A_41": 52.92026647979682,
  "A_42": 102.00500018793772,
  "A_43": 34.831365537915836,
  "A_44": 7.245769296239498,
  "A_45": 0.0,
  "A_46": 30.44514927319745,
  "A_47": 0.0,
  "A_48": 95.84597062242798,
  "A_49": 43.57278426467637,
  "A_50": 74.3120620084735,
  "A_51": 172.84119151810884,
  "A_52": 62.18041241914748,
  "A_53": 98.69609887598833,
  "A_54": 72.45769296239499,
  "A_55": 165.3786020632892,
  "A_56": 4.285836096250882,
  "A_57": 74.75890958114951,
  "A_58": 61.00941517344842,
  "A_59": 48.30512864159665,
  "A_60": 114.42925771701908,
  "A_61": 64.00429545011556,
  "A_62": 28.983077184957992,
  "A_63": 107.74426270944537,
  "A_64": 44.338327562503125,
  "A_65": 0.0,
  "A_66": 27.86820135042266,
  "A_67": 151.60624942744062,
  "A_68": 48.89574806047153,
  "A_69": 0.0,
  "A_70": 65.69442203226443,
  "A_71": 127.10979380840973,
  "A_72": 20.39351048070138,
  "A_73": 106.83974791899443,
  "A_74": 115.4326195787226,
  "A_75": 121.0102785741296,
  "A_76": 22.949170971655448,
  "A_77": 146.4750861463324,
  "A_78": 123.39673288476132,
  "A_79": 116.50578762918886,
  "A_80": 221.74532134778013
}