{
  "A_1": 213.4564678923252,
  "A_2": 123.84526435109964,
  "A_3": 121.84272522910722,
  "A_4": 106.05834586145232,
  "A_5": 74.02438008599897,
  "A_6": 74.49324393999133,
  "A_7": 30.699593145397,
  "A_8": 46.907647698314996,
  "A_9": 0.0,
  "A_10": 0.0,
  "A_11": 0.0,
  "A_12": 10.868653944359247,
  "A_13": 9.66102572831933,
  "A_14": 1.0935884027146072,
  "A_15": 9.432946101668712,
  "A_16": 13.28391037643908,
  "A_17": 6.675570229612952,
  "A_18": 0.0,
  "A_19": 14.06513650479256,
  "A_20": 9.38868734436494,
  "A_21": 0.0,
  "A_22": 0.0,
  "A_23": 39.75989609286751,
  "A_24": 15.176619419262014,
  "A_25": 0.0,
  "A_26": 35.53010600955666,
  "A_27": 156.68775041188087,
  "A_28": 76.0975170781029,
  "A_29": 64.63569274163405,
  "A_30": 18.0965287288439,
  "A_31": 74.4840202239604,
  "A_32": 7.58873068304659,
  "A_33": 1.2076282160399163,
  "A_34": 0.0,
  "A_35": 4.422005288228077,
  "A_36": 9.915469600518875,
  "A_37": 99.75990498034692,
  "A_38": 97.90037115594586,
  "A_39": 157.5676476822983,
  "A_40": 68.79560123795845,
  "A_41": 7.017689669588879,
  "A_42": 2.142918048125441,
  "A_43": 6.038141080199582,
  "A_44": 21.918577784830628,
  "A_45": 20.741737176795894,
  "A_46": 0.0,
  "A_47": 41.61334779389118,
  "A_48": 54.641972351299565,
  "A_49": 24.951684960906658,
  "A_50": 51.6420152609042,
  "A_51": 35.8203389052659,
  "A_52": 2.4152564320798326,
  "A_53": 14.74598246467854,
  "A_54": 52.04373699670404,
  "A_55": 18.527165683427373,
  "A_56": 0.0,
  "A_57": 25.6086925157372,
  "A_58": 98.24765537424432,
  "A_59": 22.808766912781213,
  "A_60": 0.0,
  "A_61": 11.922218456667121,
  "A_62": 94.30901553169757,
  "A_63": 22.944936104758412,
  "A_64": 32.60596183307774,
  "A_65": 58.01285100311894,
  "A_66": 77.17416601322932,
  "A_67": 33.771015185476216,
  "A_68": 119.73040629342773,
  "A_69": 42.17421004715126,
  "A_70": 116.28713278049901,
  "A_71": 147.80374107775918,
  "A_72": 137.13584747033497,
  "A_73": 5.493464312290798,
  "A_74": 110.06337383995474,
  "A_75": 164.180335793357,
  "A_76": 86.85975899609973,
  "A_77": 185.41813045015473,
  "A_78": 87.02832429152076,
  "A_79": 73.41511217313239,
  "A_80": 176.09066646342293,
  "A_81": 47.86930177594945,
  "A_82": 31.33278742791333,
  "A_83": 1.2076282160399163,
  "A_84": 27.63927977694088,
  "A_85": 94.18801394905188,
  "A_86": 6.038141080199582,
  "A_87": 14.491538592478996,
  "A_88": 95.30805456190974,
  "A_89": 108.08995099867577,
  "A_90": 1.2076282160399163,
  "A_91": 77.8437902041567,
  "A_92": 85.12024657743646,
  "A_93": 44.6822439934769,
  "A_94": 19.32205145663866,
  "A_95": 73.24652174497017,
  "A_96": 117.658111248155,
  "A_97": 49.14848290626754,
  "A_98": 8.317228320302219,
  "A_99": 154.75678933690781,
  "A_100": 72.28668979107478,
  "A_101": 21.985807867617453,
  "A_102": 80.66932607042475,
  "A_103": 15.585126995193603,
  "A_104": 67.62718009823531,
  "A_105": 0.0,
  "A_106": 110.97653429338837,
  "A_107": 168.6414978924194,
  "A_108": 30.811081985487597,
  "A_109": 164.70288318261387,
  "A_110": 9.643131216564484,
  "A_111": 79.06931293195146,
  "A_112": 67.27563588029862,
  "A_113": 25.360192536838245,
  "A_114": 72.03805158209909,
  "A_115": 3.350546264165357,
  "A_116": 67.60926045373925,
  "A_117": 5.467942013573036,
  "A_118": 73.70616188293158,
  "A_119": 3.350546264165357,
  "A_120": 75.10949875491951,
  "A_121": 57.64013245069705,
  "A_122": 96.08072299187484,
  "A_123": 42.97164679359727,
  "A_124": 23.4538238491575,
  "A_125": 1.2076282160399163,
  "A_126": 7.245769296239498,
  "A_127": 1.2076282160399163,
  "A_128": 48.11527591435492,
  "A_129": 22.40975951303409,
  "A_130": 96.5608086148258,
  "A_131": 122.64854374475297,
  "A_132": 66.8926506030848,
  "A_133": 43.751189028288415,
  "A_134": 83.75179395027398,
  "A_135": 82.14752081216243,
  "A_136": 94.74719230864966,
  "A_137": 14.491538592478996,
  "A_138": 32.197454257146155,
  "A_139": 0.0,
  "A_140": 84.27254434853302,
  "A_141": 44.997974055162686,
  "A_142": 0.0,
  "A_143": 0.0,
  "A_144": 0.0,
  "A_145": 9.643131216564484,
  "A_146": 29.21962654540269,
  "A_147": 15.699166808518912,
  "A_148": 14.24556445407353,
  "A_149": 79.44899325369371,
  "A_150": 10.460146368427658,
  "A_151": 99.4807179244077,
  "A_152": 90.07845889977925,
  "A_153": 10.460146368427658,
  "A_154": 146.31858456670116,
  "A_155": 87.79504882818526,
  "A_156": 13.266015864684233,
  "A_157": 80.11101479039938,
  "A_158": 48.317833242287776,
  "A_159": 127.37444157354813,
  "A_160": 31.5132153771943,
  "A_161": 90.96272926717046,
  "A_162": 54.270070612967615,
  "A_163": 7.908720744370631,
  "A_164": 17.29740808873557,
  "A_165": 14.06513650479256,
  "A_166": 12.466895224575904,
  "A_167": 35.78454988175621,
  "A_168": 38.25772471599762,
  "A_169": 0.0,
  "A_170": 33.777801025607964,
  "A_171": 67.02881979506199,
  "A_172": 0.0,
  "A_173": 150.18837326465183,
  "A_174": 54.18242017793244,
  "A_175": 92.09538651612512,
  "A_176": 12.330726032598708,
  "A_177": 195.7421076266052,
  "A_178": 25.42742261962507,
  "A_179": 0.0,
  "A_180": 0.0,
  "A_181": 0.0,
  "A_182": 8.571672192501763,
  "A_183": 2.4152564320798326,
  "A_184": 9.981857736474536,
  "A_185": 27.43332952894215,
  "A_186": 47.73492957497011,
  "A_187": 58.94570295930528,
  "A_188": 0.0,
  "A_189": 0.0,
  "A_190": 13.129846672707037,
  "A_191": 9.38868734436494,
  "A_192": 0.0,
  "A_193": 4.422005288228077,
  "A_194": 0.0,
  "A_195": 1.2076282160399163,
  "A_196": 43.2235396925621,
  "A_197": 19.05394793958131,
  "A_198": 40.75123193789307,
  "A_199": 97.53856021321727,
  "A_200": 9.66102572831933,
  "A_201": 98.08680583038051,
  "A_202": 0.0,
  "A_203": 6.428754144376322,
  "A_204": 0.0,
  "A_205": 0.0,
  "A_206": 7.500213168439043,
  "A_207": 54.820603309582665,
  "A_208": 140.34782436573576,
  "A_209": 109.89141562446784,
  "A_210": 52.06247345529005,
  "A_211": 2.3012166187545233,
  "A_212": 5.810061453548963,
  "A_213": 41.15973951382466,
  "A_214": 121.32020297259155,
  "A_215": 5.76580269624519,
  "A_216": 0.0,
  "A_217": 83.0624531238527,
  "A_218": 51.89222426620671,
  "A_219": 1.2076282160399163,
  "A_220": 1.2076282160399163,
  "A_221": 71.7052689554896,
  "A_222": 28.674949777493907,
  "A_223": 0.0,
  "A_224": 33.36929344967638,
  "A_225": 146.3501387233138,
  "A_226": 44.2711854443106,
  "A_227": 2.4152564320798326,
  "A_228": 168.70622726745398,
  "A_229": 89.16265950851658,
  "A_230": 43.71116513788169,
  "A_231": 39.4253290416308,
  "A_232": 5.493464312290798,
  "A_233": 55.550897937836154,
  "A_234": 39.61422672470585,
  "A_235": 62.26730887194579,
  "A_236": 65.55996186669078,
  "A_237": 106.74774951972668,
  "A_238": 12.993677480729842,
  "A_239": 83.65385165770566,
  "A_240": 26.804370113322857,
  "A_241": 121.3829971265515,
  "A_242": 100.9582215157616,
  "A_243": 22.681067454598097,
  "A_244": 54.40786086675405,
  "A_245": 40.11548668214203,
  "A_246": 32.7441919098357,
  "A_247": 155.67995262135048,
  "A_248": 85.51596158808263,
  "A_249": 0.0,
  "A_250": 1.2076282160399163,
  "A_251": 39.851731129317244,
  "A_252": 0.0,
  "A_253": 27.386519798403665,
  "A_254": 1.0714590240627204,
  "A_255": 134.26536169637936,
  "A_256": 67.89432857112598,
  "A_257": 63.542104338919444,
  "A_258": 95.46815012353667,
  "A_259": 141.6668785900132,
  "A_260": 16.90679502455883,
  "A_261": 92.23927145965953,
  "A_262": 7.109600104262302,
  "A_263": 45.81829416249743,
  "A_264": 0.0,
  "A_265": 0.0,
  "A_266": 0.0,
  "A_267": 6.428754144376322,
  "A_268": 13.402185056661429,
  "A_269": 57.660552802945396,
  "A_270": 29.031570809158808,
  "A_271": 56.87424986086371,
  "A_272": 24.40700819299787,
  "A_273": 0.0,
  "A_274": 10.095897549799846,
  "A_275": 5.493464312290798,
  "A_276": 120.61966550995285,
  "A_277": 68.53091577370819,
  "A_278": 3.622884648119749,
  "A_279": 15.585126995193603,
  "A_280": 9.546985914994021,
  "A_281": 130.83053278450348,
  "A_282": 71.72908222780383,
  "A_283": 7.109600104262302,
  "A_284": 53.670893495704334,
  "A_285": 16.888900512803982,