{
  "A_1": 231.73765943734713,
  "A_2": 103.00067143082524,
  "A_3": 115.32121870322632,
  "A_4": 115.41226205832734,
  "A_5": 30.243433892095762,
  "A_6": 4.422005288228077,
  "A_7": 6.038141080199582,
  "A_8": 136.41921248693927,
  "A_9": 31.907221361436914,
  "A_10": 1.0714590240627204,
  "A_11": 58.847760666736974,
  "A_12": 30.971931529351387,
  "A_13": 58.28782832490235,
  "A_14": 132.45354238120103,
  "A_15": 121.74480806928011,
  "A_16": 3.214377072188161,
  "A_17": 127.7113711024603,
  "A_18": 79.97908046531921,
  "A_19": 211.78084290186533,
  "A_20": 99.83554196507473,
  "A_21": 0.0,
  "A_22": 126.06478699449025,
  "A_23": 158.74223890999306,
  "A_24": 7.131729482914189,
  "A_25": 58.98392985871416,
  "A_26": 131.4893373303319,
  "A_27": 143.9536815816731,
  "A_28": 25.36019253683824,
  "A_29": 12.076282160399163,
  "A_30": 102.84569038203834,
  "A_31": 119.96451777797326,
  "A_32": 42.757980794041316,
  "A_33": 68.28502959989703,
  "A_34": 66.01104430626381,
  "A_35": 109.18844028592997,
  "A_36": 176.61829066640803,
  "A_37": 39.11720163416672,
  "A_38": 152.7652080900911,
  "A_39": 85.96194208118624,
  "A_40": 72.23205121164355,
  "A_41": 171.61764171050055,
  "A_42": 124.42721297425061,
  "A_43": 2.4152564320798326,
  "A_44": 91.42216834320206,
  "A_45": 41.99464917744268,
  "A_46": 80.88470109638425,
  "A_47": 44.546074801499714,
  "A_48": 122.22063369259284,
  "A_49": 78.38846697206547,
  "A_50": 7.245769296239498,
  "A_51": 96.83236788380214,
  "A_52": 71.61335852081619,
  "A_53": 0.0,
  "A_54": 52.55517571433784,
  "A_55": 92.19915960465849,
  "A_56": 12.076282160399163,
  "A_57": 4.285836096250882,
  "A_58": 44.23794739403562,
  "A_59": 54.82060330958267,
  "A_60": 93.8995780443405,
  "A_61": 155.23583195109782,
  "A_62": 90.6129569074904,
  "A_63": 41.945288473669486,
  "A_64": 54.093060716493724,
  "A_65": 28.869037371632682,
  "A_66": 14.609813272701345,
  "A_67": 88.30393657258435,
  "A_68": 133.74873306768183,
  "A_69": 149.23002414248896,
  "A_70": 24.904033283537004,
  "A_71": 37.43731664406857,
  "A_72": 58.40526105829353,
  "A_73": 21.038567417077665,
  "A_74": 88.90229687575767,
  "A_75": 140.02420262330418,
  "A_76": 158.11148250337592,
  "A_77": 85.89894686529647,
  "A_78": 46.99193034602551,
  "A_79": 203.21580575304793,
  "A_80": 75.25497962752195,
  "A_81": 91.45540639347703,
  "A_82": 84.39345796658438,
  "A_83": 86.6946745853389,
  "A_84": 210.59701539176893,
  "A_85": 63.01277110953079,
  "A_86": 87.09978924120463,
  "A_87": 58.68267625597613,
  "A_88": 84.42161920313117,
  "A_89": 159.3036792163014,
  "A_90": 181.398676278187,
  "A_91": 63.55999885067429,
  "A_92": 130.4032007853916,
  "A_93": 139.42615647939618,
  "A_94": 155.5117014851948,
  "A_95": 41.19976340423139,
  "A_96": 119.64858665435764,
  "A_97": 92.71503425111916,
  "A_98": 123.9771986761798,
  "A_99": 41.99888404433972,
  "A_100": 133.83199783937255,
  "A_101": 122.71588692487533,
  "A_102": 158.80856421409564,
  "A_103": 49.499097212778764,
  "A_104": 88.42485019063571,
  "A_105": 65.33866808017191,
  "A_106": 244.21484651945616,
  "A_107": 57.746544477059444,
  "A_108": 208.54857131792232,
  "A_109": 140.5520027554779,
  "A_110": 216.91345131559416,
  "A_111": 46.00898883657034,
  "A_112": 51.56376447108858,
  "A_113": 122.3848510237813,
  "A_114": 10.051638792496071,
  "A_115": 49.05659760433534,
  "A_116": 82.53474095627328,
  "A_117": 33.81359004911766,
  "A_118": 171.72054771946156,
  "A_119": 67.28326366726154,
  "A_120": 94.60940205486321,
  "A_121": 6.038141080199582,
  "A_122": 98.69853675188752,
  "A_123": 1.2076282160399163,
  "A_124": 55.82747118868758,
  "A_125": 5.810061453548963,
  "A_126": 69.03556865121024,
  "A_127": 48.1374052930068,
  "A_128": 0.0,
  "A_129": 33.25101876945403,
  "A_130": 159.9378913748375,
  "A_131": 27.467321561453993,
  "A_132": 34.79313863850695,
  "A_133": 83.57983573478708,
  "A_134": 51.539084119201995,
  "A_135": 146.4316693358598,
  "A_136": 6.038141080199582,
  "A_137": 188.18397605600455,
  "A_138": 9.66102572831933,
  "A_139": 90.94483475541563,
  "A_140": 2.4152564320798326,
  "A_141": 49.37658766565937,
  "A_142": 50.39436315445755,
  "A_143": 89.48604248990651,
  "A_144": 1.0714590240627204,
  "A_145": 68.35472269132426,
  "A_146": 58.88354969024666,
  "A_147": 9.915469600518875,
  "A_148": 126.73878428239136,
  "A_149": 3.622884648119749,
  "A_150": 35.41183132933431,
  "A_151": 0.0,
  "A_152": 2.279087240102637,
  "A_153": 94.05286263309446,
  "A_154": 82.88205030731294,
  "A_155": 86.4444655800364,
  "A_156": 46.80726752984749,
  "A_157": 146.5322254335159,
  "A_158": 47.99700123413256,
  "A_159": 89.8699576785458,
  "A_160": 90.00858987916342,
  "A_161": 1.0714590240627204,
  "A_162": 81.69231660302788,
  "A_163": 63.81444272287383,
  "A_164": 9.915469600518875,
  "A_165": 142.1000665178314,
  "A_166": 37.791298737904455,
  "A_167": 45.757937884436664,
  "A_168": 4.422005288228077,
  "A_169": 83.68453873474593,
  "A_170": 21.737307888718494,
  "A_171": 104.7009767731717,
  "A_172": 116.15920712764485,
  "A_173": 178.37059565035673,
  "A_174": 142.15363695576042,
  "A_175": 70.3947095977475,
  "A_176": 201.0755517754927,
  "A_177": 158.99841694133738,
  "A_178": 56.79759500011612,
  "A_179": 88.15685977091388,
  "A_180": 122.24264997390921,
  "A_181": 76.82769860902084,
  "A_182": 89.00351899105635,
  "A_183": 0.0,
  "A_184": 97.23741970781475,
  "A_185": 113.7050829112548,
  "A_186": 8.181059128325023,
  "A_187": 147.10665936703947,
  "A_188": 17.29740808873557,
  "A_189": 136.66957228868915,
  "A_190": 6.038141080199582,
  "A_191": 49.88547541005846,
  "A_192": 47.09750042555674,
  "A_193": 47.83954461033465,
  "A_194": 138.45505249105977,
  "A_195": 70.21164271063749,
  "A_196": 58.49293662606992,
  "A_197": 1.0714590240627204,
  "A_198": 115.81305388270172,
  "A_199": 80.2140338966959,
  "A_200": 3.4867154561425533,
  "A_201": 136.67638326156214,
  "A_202": 9.38868734436494,
  "A_203": 106.04317825212081,
  "A_204": 3.350546264165357,
  "A_205": 65.89442838696257,
  "A_206": 15.699166808518912,
  "A_207": 150.7575293225174,
  "A_208": 78.19455530711531,
  "A_209": 102.27376972263762,
  "A_210": 62.24688851969745,
  "A_211": 77.15108159041075,
  "A_212": 19.32205145663866,
  "A_213": 80.2735482279255,
  "A_214": 0.0,
  "A_215": 160.7974813903421,
  "A_216": 5.357295120313602,
  "A_217": 50.72038507367648,
  "A_218": 46.395367033850036,
  "A_219": 1.0714590240627204,
  "A_220": 2.4152564320798326,
  "A_221": 46.09063254645182,
  "A_222": 82.59181741160371,
  "A_223": 45.71791399402993,
  "A_224": 38.72658856998998,
  "A_225": 181.46838193598487,
  "A_226": 28.983077184957992,
  "A_227": 140.59031761948106,
  "A_228": 36.22884648119749,
  "A_229": 73.63037410175637,
  "A_230": 40.659321503219644,
  "A_231": 44.47449675448032,
  "A_232": 8.571672192501763,
  "A_233": 41.923071130423295,
  "A_234": 15.699166808518912,
  "A_235": 7.500213168439043,
  "A_236": 70.89248867052348,
  "A_237": 69.34877287240252,
  "A_238": 55.50144926946865,
  "A_239": 12.058387648644317,
  "A_240": 88.04281995758858,
  "A_241": 27.526081910446734,
  "A_242": 0.0,
  "A_243": 6.428754144376322,
  "A_244": 0.0,
  "A_245": 76.43540165118178,
  "A_246": 1.2076282160399163,
  "A_247": 23.085340163632644,
  "A_248": 3.214377072188161,
  "A_249": 96.870594783211,
  "A_250": 28.811118969471103,
  "A_251": 98.72762789985977,
  "A_252": 182.72188997113778,
  "A_253": 36.14201286025227,
  "A_254": 125.65792561310911,
  "A_255": 83.44462158697658,
  "A_256": 15.953610680718457,
  "A_257": 114.58575929665031,
  "A_258": 41.57332390348445,
  "A_259": 98.49174455705763,
  "A_260": 37.59561521469765,
  "A_261": 51.176519194236505,
  "A_262": 48.0991532608567,
  "A_263": 1.2076282160399163,
  "A_264": 59.39243743464575,
  "A_265": 4.773511807052933,
  "A_266": 110.6165203416576,
  "A_267": 12.076282160399163,
  "A_268": 77.13414212282261,
  "A_269": 4.830512864159665,
  "A_270": 80.97745347788884,
  "A_271": 86.72115192822335,