{
  "A_1": 227.71565429214468,
  "A_2": 207.41495902480096,
  "A_3": 157.097967014216,
  "A_4": 75.59709906749788,
  "A_5": 145.52210286442184,
  "A_6": 142.39282525403414,
  "A_7": 178.46421511143373,
  "A_8": 111.3595195706022,
  "A_9": 79.51529342505506,
  "A_10": 182.22492771245174,
  "A_11": 179.22504602028005,
  "A_12": 190.06052474621742,
  "A_13": 173.3886203211822,
  "A_14": 73.74864878197872,
  "A_15": 162.26975737152043,
  "A_16": 98.71643126364236,
  "A_17": 163.59142540088564,
  "A_18": 126.69962747155702,
  "A_19": 80.39701281921157,
  "A_20": 178.9484350703168,
  "A_21": 130.08840063513128,
  "A_22": 134.88068659988204,
  "A_23": 93.27241561971908,
  "A_24": 87.68704087275485,
  "A_25": 103.74865950890373,
  "A_26": 140.80478786675633,
  "A_27": 166.81169610089196,
  "A_28": 60.59243786372275,
  "A_29": 78.63029420816821,
  "A_30": 65.11482332041834,
  "A_31": 0.0,
  "A_32": 25.36019253683824,
  "A_33": 0.0,
  "A_34": 0.0,
  "A_35": 3.622884648119749,
  "A_36": 1.0714590240627204,
  "A_37": 8.181059128325023,
  "A_38": 23.542341363765047,
  "A_39": 14.337474888746954,
  "A_40": 57.21373036301061,
  "A_41": 15.699166808518912,
  "A_42": 9.66102572831933,
  "A_43": 1.2076282160399163,
  "A_44": 0.0,
  "A_45": 2.142918048125441,
  "A_46": 17.025069704781178,
  "A_47": 44.54607480149971,
  "A_48": 18.21480340906625,
  "A_49": 2.4152564320798326,
  "A_50": 14.14941915250307,
  "A_51": 10.051638792496073,
  "A_52": 0.0,
  "A_53": 3.4867154561425533,
  "A_54": 4.422005288228077,
  "A_55": 0.0,
  "A_56": 0.0,
  "A_57": 1.0714590240627204,
  "A_58": 13.538354248638624,
  "A_59": 4.830512864159665,
  "A_60": 1.2076282160399163,
  "A_61": 6.428754144376323,
  "A_62": 6.561530416287644,
  "A_63": 24.172984673046667,
  "A_64": 0.0,
  "A_65": 0.0,
  "A_66": 29.10135186518034,
  "A_67": 28.32859547062094,
  "A_68": 99.29443404642043,
  "A_69": 45.213261116527875,
  "A_70": 25.851185769482484,
  "A_71": 43.47461577743699,
  "A_72": 65.73775087814273,
  "A_73": 96.11651201538452,
  "A_74": 39.4959520444835,
  "A_75": 57.966154369915984,
  "A_76": 60.22734709826378,
  "A_77": 0.0,
  "A_78": 0.0,
  "A_79": 0.0,
  "A_80": 87.48692142072117,
  "A_81": 99.93186319583381,
  "A_82": 71.58020843513552,
  "A_83": 70.27898589075984,
  "A_84": 72.76910019258942,
  "A_85": 41.22189278288327,
  "A_86": 198.4379334153918,
  "A_87": 84.07601887849505,
  "A_88": 15.562997616541717,
  "A_89": 60.87841075979374,
  "A_90": 31.226375401550936,
  "A_91": 17.415682768957918,
  "A_92": 30.427254761442605,
  "A_93": 0.0,
  "A_94": 52.51863270859129,
  "A_95": 3.214377072188161,
  "A_96": 61.059680655905865,
  "A_97": 136.28577019738538,
  "A_98": 35.21011594823262,
  "A_99": 0.0,
  "A_100": 97.1540669715297,
  "A_101": 7.522342547090929,
  "A_102": 2.4152564320798326,
  "A_103": 75.02002619614527,
  "A_104": 38.850895108107224,
  "A_105": 211.8948198833375,
  "A_106": 94.75058522871552,
  "A_107": 12.076282160399163,
  "A_108": 145.3706529657776,
  "A_109": 43.829439818104035,
  "A_110": 122.6622033896108,
  "A_111": 71.29600739732118,
  "A_112": 68.97002246208575,
  "A_113": 9.643131216564484,
  "A_114": 13.807299712527142,
  "A_115": 0.0,
  "A_116": 52.655555882805345,
  "A_117": 0.0,
  "A_118": 0.0,
  "A_119": 34.885049073180376,
  "A_120": 7.245769296239498,
  "A_121": 1.2076282160399163,
  "A_122": 4.830512864159665,
  "A_123": 51.8785646213489,
  "A_124": 0.0,
  "A_125": 6.473012901680097,
  "A_126": 66.20078393617001,
  "A_127": 47.76297771418136,
  "A_128": 73.01507433099488,
  "A_129": 161.89690058902178,
  "A_130": 18.68630620088762,
  "A_131": 93.08775280354105,
  "A_132": 6.038141080199582,
  "A_133": 13.807299712527142,
  "A_134": 129.79062791705343,
  "A_135": 16.79275521123352,
  "A_136": 61.76427705625298,
  "A_137": 57.88694853593368,
  "A_138": 9.643131216564484,
  "A_139": 37.84921714006603,
  "A_140": 0.0,
  "A_141": 13.928967312815365,
  "A_142": 6.995560290936993,
  "A_143": 3.5088448347944396,
  "A_144": 42.46774789833208,
  "A_145": 2.279087240102637,
  "A_146": 3.622884648119749,
  "A_147": 13.147741184461884,
  "A_148": 3.622884648119749,
  "A_149": 53.64452925015541,
  "A_150": 150.0937359275551,
  "A_151": 1.2076282160399163,
  "A_152": 3.4867154561425533,
  "A_153": 66.03984642771192,
  "A_154": 61.108953395084754,
  "A_155": 34.415230175021335,
  "A_156": 85.71521396054392,
  "A_157": 82.44970432632593,
  "A_158": 86.35087125170065,
  "A_159": 71.85933265922165,
  "A_160": 81.12455541230051,
  "A_161": 42.73669336222059,
  "A_162": 14.47364408072415,
  "A_163": 0.0,
  "A_164": 45.33321969041256,
  "A_165": 0.0,
  "A_166": 26.56782075287816,
  "A_167": 2.142918048125441,
  "A_168": 70.1249221870278,
  "A_169": 64.02471580236391,
  "A_170": 41.05935934535715,
  "A_171": 4.602433237509047,
  "A_172": 44.76472965018956,
  "A_173": 2.4152564320798326,
  "A_174": 2.4152564320798326,
  "A_175": 36.22884648119749,
  "A_176": 17.886343613948128,
  "A_177": 2.4152564320798326,
  "A_178": 3.4867154561425533,
  "A_179": 2.142918048125441,
  "A_180": 1.2076282160399163,
  "A_181": 7.522342547090929,
  "A_182": 3.622884648119749,
  "A_183": 1.2076282160399163,
  "A_184": 1.2076282160399163,
  "A_185": 0.0,
  "A_186": 0.0,
  "A_187": 1.0714590240627204,
  "A_188": 60.81118067700691,
  "A_189": 37.9453624416365,
  "A_190": 0.0,
  "A_191": 0.0,
  "A_192": 60.29193824322158,
  "A_193": 35.297791516009006,
  "A_194": 8.453397512279414,
  "A_195": 73.44365040079761,
  "A_196": 174.61919472996394,
  "A_197": 64.3812488694345,
  "A_198": 60.876638901537106,
  "A_199": 39.44322355338565,
  "A_200": 19.32205145663866,
  "A_201": 79.75015889183743,
  "A_202": 54.02157063406865,
  "A_203": 3.4867154561425533,
  "A_204": 8.181059128325023,
  "A_205": 107.73335509975209,
  "A_206": 58.14223435496439,
  "A_207": 9.643131216564484,
  "A_208": 3.4867154561425533,
  "A_209": 0.0,
  "A_210": 0.0,
  "A_211": 0.0,
  "A_212": 2.4152564320798326,
  "A_213": 2.4152564320798326,
  "A_214": 32.97273649219905,
  "A_215": 43.57923081280153,
  "A_216": 108.19880090093736,
  "A_217": 71.6815185150285,
  "A_218": 74.22693741393184,
  "A_219": 64.30891684017826,
  "A_220": 152.52874669424074,
  "A_221": 95.14119829289227,
  "A_222": 54.54403005873124,
  "A_223": 94.89369105727188,
  "A_224": 0.0,
  "A_225": 83.27356815017394,
  "A_226": 0.0,
  "A_227": 81.68297978966142,
  "A_228": 3.622884648119749,
  "A_229": 12.076282160399163,
  "A_230": 97.8287931089265,
  "A_231": 24.337227136976338,
  "A_232": 44.47449675448033,
  "A_233": 65.97949014965116,
  "A_234": 27.07670849727725,
  "A_235": 118.35084499464216,
  "A_236": 92.53458116909698,
  "A_237": 7.500213168439043,
  "A_238": 110.61066441295132,
  "A_239": 0.0,
  "A_240": 52.927894266759736,
  "A_241": 21.5653496732316,
  "A_242": 2.4152564320798326,
  "A_243": 21.737307888718494,
  "A_244": 4.830512864159665,
  "A_245": 25.460572705305744,
  "A_246": 19.694770009060555,
  "A_247": 7.245769296239498,
  "A_248": 63.45961868220678,
  "A_249": 77.90594347321532,
  "A_250": 4.58030385885716,
  "A_251": 55.769552786526006,
  "A_252": 66.41955188219539,
  "A_253": 0.0,
  "A_254": 15.154490040610128,
  "A_255": 37.300305505260205,
  "A_256": 43.95119538298657,
  "A_257": 0.0,
  "A_258": 88.75075901251913,
  "A_259": 142.16729660061822,
  "A_260": 59.634151573412964,
  "A_261": 96.89350327684096,
  "A_262": 0.0,
  "A_263": 14.536639296613934,
  "A_264": 0.0,
  "A_265": 0.0,
  "A_266": 0.0,
  "A_267": 31.674906867889256,
  "A_268": 16.61656212884959,
  "A_269": 45.468546935558585,
  "A_270": 26.41375704914612,
  "A_271": 57.01720489297266,
  "A_272": 16.071885360940804,
  "A_273": 18.114423240598747,
  "A_274": 68.83904318117227,
  "A_275": 156.36782318240992,
  "A_276": 2.142918048125441,
  "A_277": 122.89544779458392,
  "A_278": 148.29131625759635,
  "A_279": 34.57692166571629,
  "A_280": 175.67539818010084,
  "A_281": 31.81107605986645,
  "A_282": 11.786049264689925,
  "A_283": 80.26421141455904,
  "A_284": 33.98459322043786,