{
  "A_1": 189.8169507845993,
  "A_2": 157.4307747735667,
  "A_3": 117.88279795473974,
  "A_4": 23.538106496868007,
  "A_5": 85.45137044312483,
  "A_6": 98.7352808195639,
  "A_7": 89.36014002272125,
  "A_8": 45.173237226121145,
  "A_9": 72.6065667550633,
  "A_10": 136.94111899129481,
  "A_11": 175.2710626392132,
  "A_12": 39.40743452987596,
  "A_13": 6.038141080199582,
  "A_14": 108.80481412381482,
  "A_15": 55.55089793783615,
  "A_16": 0.0,
  "A_17": 83.58079077895377,
  "A_18": 79.58942244530917,
  "A_19": 0.0,
  "A_20": 19.32205145663866,
  "A_21": 54.61984297264766,
  "A_22": 62.79666723407565,
  "A_23": 1.2076282160399163,
  "A_24": 52.999472313779115,
  "A_25": 113.28897268110154,
  "A_26": 0.0,
  "A_27": 0.0,
  "A_28": 27.639279776940874,
  "A_29": 2.4152564320798326,
  "A_30": 2.1871768054292144,
  "A_31": 0.0,
  "A_32": 18.114423240598747,
  "A_33": 1.0714590240627204,
  "A_34": 5.3572951203136014,
  "A_35": 1.2076282160399163,
  "A_36": 0.0,
  "A_37": 4.69434367218247,
  "A_38": 5.901971888222386,
  "A_39": 0.0,
  "A_40": 3.4867154561425533,
  "A_41": 7.017689669588879,
  "A_42": 0.0,
  "A_43": 18.77737468872988,
  "A_44": 51.07520911434353,
  "A_45": 0.0,
  "A_46": 138.96061014724606,
  "A_47": 1.0714590240627204,
  "A_48": 25.88697479299218,
  "A_49": 129.52505024048955,
  "A_50": 48.30512864159665,
  "A_51": 144.793580094425,
  "A_52": 101.21269052070235,
  "A_53": 0.0,
  "A_54": 6.038141080199582,
  "A_55": 80.63875209072,
  "A_56": 25.835201346061023,
  "A_57": 2.4152564320798326,
  "A_58": 6.973430912285107,
  "A_59": 113.28897268110151,
  "A_60": 72.45769296239499,
  "A_61": 4.3522242322065425,
  "A_62": 37.43647469723741,
  "A_63": 74.8729493944748,
  "A_64": 0.0,
  "A_65": 3.214377072188161,
  "A_66": 61.80769386672558,
  "A_67": 123.92351514091526,
  "A_68": 14.337474888746954,
  "A_69": 38.00751571069512,
  "A_70": 43.99800511352505,
  "A_71": 53.30240981017948,
  "A_72": 0.0,
  "A_73": 2.4152564320798326,
  "A_74": 7.245769296239498,
  "A_75": 14.377498779153687,
  "A_76": 2.4152564320798326,
  "A_77": 7.245769296239498,
  "A_78": 54.48112280743577,
  "A_79": 0.0,
  "A_80": 6.701092528330714,
  "A_81": 8.453397512279414,
  "A_82": 80.64722182451408,
  "A_83": 45.81829416249744,
  "A_84": 0.0,
  "A_85": 50.43015217796725,
  "A_86": 113.05486119655602,
  "A_87": 81.38332211599139,
  "A_88": 2.494424566950296,
  "A_89": 62.769347944360035,
  "A_90": 42.83802857485478,
  "A_91": 76.42174200632397,
  "A_92": 108.66015006530232,
  "A_93": 0.0,
  "A_94": 26.567820752878163,
  "A_95": 9.432946101668712,
  "A_96": 8.532565647149877,
  "A_97": 4.830512864159665,
  "A_98": 37.30030550526021,
  "A_99": 5.515593690942684,
  "A_100": 1.2076282160399163,
  "A_101": 0.0,
  "A_102": 64.00429545011556,
  "A_103": 0.0,
  "A_104": 0.0,
  "A_105": 12.076282160399163,
  "A_106": 81.30170353885113,
  "A_107": 63.86812625813837,
  "A_108": 1.0714590240627204,
  "A_109": 57.5576467939844,
  "A_110": 26.56782075287816,
  "A_111": 8.453397512279414,
  "A_112": 62.79666723407565,
  "A_113": 123.16018352431662,
  "A_114": 154.52272811784476,
  "A_115": 5.901971888222386,
  "A_116": 44.6822439934769,
  "A_117": 0.0,
  "A_118": 1.0714590240627204,
  "A_119": 2.279087240102637,
  "A_120": 1.0935884027146072,
  "A_121": 3.4867154561425533,
  "A_122": 15.766396891305737,
  "A_123": 0.0,
  "A_124": 1.2076282160399163,
  "A_125": 3.622884648119749,
  "A_126": 0.0,
  "A_127": 0.0,
  "A_128": 0.0,
  "A_129": 19.32205145663866,
  "A_130": 3.4867154561425533,
  "A_131": 1.2076282160399163,
  "A_132": 0.0,
  "A_133": 46.961331233579536,
  "A_134": 22.38236482509478,
  "A_135": 16.274442688873663,
  "A_136": 4.422005288228077,
  "A_137": 147.00462043765086,
  "A_138": 92.11667394794584,
  "A_139": 89.4290791319116,
  "A_140": 67.69177124319313,
  "A_141": 41.704416281733444,
  "A_142": 55.235142743409156,
  "A_143": 73.09512211180834,
  "A_144": 124.90604196014016,
  "A_145": 102.36907307737692,
  "A_146": 2.4152564320798326,
  "A_147": 9.66102572831933,
  "A_148": 49.515282698130065,
  "A_149": 60.153331175345194,
  "A_150": 122.92445097796187,
  "A_151": 37.246621969995665,
  "A_152": 20.529679672678576,
  "A_153": 87.44022478751822,
  "A_154": 104.92322560385728,
  "A_155": 4.830512864159665,
  "A_156": 86.94923155487398,
  "A_157": 57.249519386520305,
  "A_158": 6.973430912285107,
  "A_159": 4.285836096250882,
  "A_160": 89.89127024310775,
  "A_161": 73.6653211784349,
  "A_162": 15.448957803216407,
  "A_163": 21.601138696741298,
  "A_164": 94.19500085111348,
  "A_165": 53.13564150575632,
  "A_166": 0.0,
  "A_167": 80.7749212826972,
  "A_168": 92.17035748321038,
  "A_169": 84.12546754686255,
  "A_170": 0.0,
  "A_171": 4.830512864159665,
  "A_172": 28.73286817965549,
  "A_173": 54.22922990847093,
  "A_174": 0.0,
  "A_175": 124.2495370601342,
  "A_176": 79.70346225863449,
  "A_177": 24.152564320798326,
  "A_178": 73.1393557363709,
  "A_179": 162.84083608409003,
  "A_180": 174.16381459164077,
  "A_181": 77.87882524542952,
  "A_182": 74.08473636405975,
  "A_183": 81.72715058237088,
  "A_184": 51.11099813785323,
  "A_185": 169.33516155033206,
  "A_186": 120.00538361521116,
  "A_187": 111.16134790601377,
  "A_188": 74.91964602767777,
  "A_189": 123.03167981841422,
  "A_190": 20.529679672678576,
  "A_191": 32.02549604165927,
  "A_192": 36.24926683344582,
  "A_193": 27.775448968918077,
  "A_194": 10.732484752382051,
  "A_195": 128.37432255059144,
  "A_196": 60.01959985926719,
  "A_197": 28.661378097230408,
  "A_198": 89.38659223286447,
  "A_199": 173.61412384185684,
  "A_200": 139.7111743313005,
  "A_201": 108.44054017244578,
  "A_202": 60.64855927488648,
  "A_203": 127.02307328480003,
  "A_204": 134.24245320274937,
  "A_205": 122.12617228468471,
  "A_206": 9.643131216564484,
  "A_207": 30.190705400997906,
  "A_208": 132.7922940338523,
  "A_209": 199.57777862833785,
  "A_210": 17.68802115291231,
  "A_211": 82.93144871019801,
  "A_212": 71.25006474635506,
  "A_213": 33.291042659860764,
  "A_214": 0.0,
  "A_215": 33.81359004911766,
  "A_216": 94.58561391529021,
  "A_217": 7.131729482914189,
  "A_218": 2.279087240102637,
  "A_219": 9.66102572831933,
  "A_220": 22.71685647810779,
  "A_221": 2.4152564320798326,
  "A_222": 0.0,
  "A_223": 68.83480831427524,
  "A_224": 10.8507594326044,
  "A_225": 3.622884648119749,
  "A_226": 0.0,
  "A_227": 7.245769296239498,
  "A_228": 0.0,
  "A_229": 1.0714590240627204,
  "A_230": 0.0,
  "A_231": 0.0,
  "A_232": 1.2076282160399163,
  "A_233": 0.0,
  "A_234": 1.2076282160399163,
  "A_235": 1.2076282160399163,
  "A_236": 2.4152564320798326,
  "A_237": 2.4152564320798326,
  "A_238": 3.622884648119749,
  "A_239": 3.622884648119749,
  "A_240": 0.0,
  "A_241": 0.0,
  "A_242": 16.362118256650042,
  "A_243": 8.707841384478959,
  "A_244": 8.980179768433352,
  "A_245": 5.901971888222386,
  "A_246": 38.50793372130012,
  "A_247": 34.47654149724879,
  "A_248": 28.759232425204416,
  "A_249": 19.32205145663866,
  "A_250": 3.622884648119749,
  "A_251": 1.0935884027146072,
  "A_252": 21.761121161032708,
  "A_253": 46.94767158872173,
  "A_254": 135.60057627326685,
  "A_255": 12.058387648644317,
  "A_256": 49.631031537858924,
  "A_257": 24.061495832956073,
  "A_258": 164.80752335071963,
  "A_259": 81.34840017205408,
  "A_260": 3.622884648119749,
  "A_261": 40.22444968173913,
  "A_262": 103.0747501855969,
  "A_263": 0.0,
  "A_264": 54.77303959680733,
  "A_265": 68.6091665635238,
  "A_266": 3.3948050214691308,
  "A_267": 1.2076282160399163,
  "A_268": 54.053036826086995,
  "A_269": 85.6470288335904,
  "A_270": 0.0,
  "A_271": 38.572524866257936,
  "A_272": 107.79464128923833,
  "A_273": 14.241329587176491,
  "A_274": 4.558174480205274,
  "A_275": 108.86853818920025,
  "A_276": 104.2882343303431,
  "A_277": 46.93665088169295,
  "A_278": 74.46444181854324,
  "A_279": 94.25959199607128,
  "A_280": 21.737307888718494,
  "A_281": 16.90679502455883,
  "A_282": 126.79658958721744,
  "A_283": 78.28817476819228,
  "A_284": 8.453397512279414,
  "A_285": 64.25873932231511,