{
  "A_1": 107.76908129140874,
  "A_2": 57.68099828793495,
  "A_3": 34.955672076033075,
  "A_4": 178.40214980696936,
  "A_5": 136.29772081583968,
  "A_6": 12.076282160399163,
  "A_7": 48.16895944961946,
  "A_8": 119.66326417523523,
  "A_9": 47.860832042155366,
  "A_10": 3.214377072188161,
  "A_11": 46.09063254645182,
  "A_12": 102.21942016973053,
  "A_13": 30.0766655876726,
  "A_14": 171.3759024389921,
  "A_15": 134.86445084904832,
  "A_16": 125.56778703669232,
  "A_17": 24.779726745419765,
  "A_18": 141.21333314179978,
  "A_19": 99.65595596262494,
  "A_20": 13.147741184461884,
  "A_21": 81.17823894756505,
  "A_22": 99.88505346529533,
  "A_23": 96.76156895176081,
  "A_24": 44.101778202058426,
  "A_25": 0.0,
  "A_26": 98.0382870734385,
  "A_27": 16.90679502455883,
  "A_28": 0.0,
  "A_29": 1.2076282160399163,
  "A_30": 28.983077184957992,
  "A_31": 47.57408003110632,
  "A_32": 8.844010576456155,
  "A_33": 12.857508288752644,
  "A_34": 85.55511839891699,
  "A_35": 60.85450952288521,
  "A_36": 95.1590928046471,
  "A_37": 8.707841384478959,
  "A_38": 65.21192366615549,
  "A_39": 106.51111219468768,
  "A_40": 140.26953587680828,
  "A_41": 55.461425379061914,
  "A_42": 22.944936104758412,
  "A_43": 21.48709888341599,
  "A_44": 28.07415159842139,
  "A_45": 1.2076282160399163,
  "A_46": 17.569746472689964,
  "A_47": 62.79666723407564,
  "A_48": 10.868653944359247,
  "A_49": 7.109600104262302,
  "A_50": 130.6535605871415,
  "A_51": 125.94815850881834,
  "A_52": 48.80035674113794,
  "A_53": 23.766186123518626,
  "A_54": 45.13744820261145,
  "A_55": 4.830512864159665,
  "A_56": 96.36332810062115,
  "A_57": 38.187943659976085,
  "A_58": 0.0,
  "A_59": 25.597696941449634,
  "A_60": 19.32205145663866,
  "A_61": 0.0,
  "A_62": 0.0,
  "A_63": 4.830512864159665,
  "A_64": 57.367794066742654,
  "A_65": 2.279087240102637,
  "A_66": 0.0,
  "A_67": 13.055830749788461,
  "A_68": 130.66280943591363,
  "A_69": 64.82807130936928,
  "A_70": 5.357295120313602,
  "A_71": 28.983077184957992,
  "A_72": 125.4894482822824,
  "A_73": 14.337474888746954,
  "A_74": 86.50493495543269,
  "A_75": 45.85408318600713,
  "A_76": 10.051638792496071,
  "A_77": 93.33880375567473,
  "A_78": 91.31923720149985,
  "A_79": 80.62422536628982,
  "A_80": 21.623268075393185,
  "A_81": 43.76992548687443,
  "A_82": 1.2076282160399163,
  "A_83": 0.0,
  "A_84": 1.2076282160399163,
  "A_85": 0.0,
  "A_86": 5.493464312290798,
  "A_87": 5.357295120313602,
  "A_88": 12.194556840621512,
  "A_89": 8.638060328457424,
  "A_90": 3.372675642817244,
  "A_91": 3.4867154561425533,
  "A_92": 114.06252075700966,
  "A_93": 145.6540120567608,
  "A_94": 46.81150239674454,
  "A_95": 9.068697283040898,
  "A_96": 0.0,
  "A_97": 2.4152564320798326,
  "A_98": 0.0,
  "A_99": 0.0,
  "A_100": 0.0,
  "A_101": 0.0,
  "A_102": 3.622884648119749,
  "A_103": 21.737307888718494,
  "A_104": 0.0,
  "A_105": 0.0,
  "A_106": 34.49611990266597,
  "A_107": 118.31343490932322,
  "A_108": 18.0965287288439,
  "A_109": 21.328800312786907,
  "A_110": 2.4152564320798326,
  "A_111": 2.4152564320798326,
  "A_112": 5.924101266874272,
  "A_113": 0.0,
  "A_114": 2.4152564320798326,
  "A_115": 0.0,
  "A_116": 0.0,
  "A_117": 20.12117209674699,
  "A_118": 53.71938711990515,
  "A_119": 149.47927810362478,
  "A_120": 14.267693832725417,
  "A_121": 118.70662407947589,
  "A_122": 74.29248360305634,
  "A_123": 72.4372223446642,
  "A_124": 19.208011643313352,
  "A_125": 9.66102572831933,
  "A_126": 2.3012166187545233,
  "A_127": 16.61656212884959,
  "A_128": 50.00375009028081,
  "A_129": 0.0,
  "A_130": 7.245769296239498,
  "A_131": 103.30436290946244,
  "A_132": 79.37744033941554,
  "A_133": 40.07038597800709,
  "A_134": 58.73372085341166,
  "A_135": 25.22402334486105,
  "A_136": 86.9398067769132,
  "A_137": 38.744483081744825,
  "A_138": 1.2076282160399163,
  "A_139": 96.32002438748407,
  "A_140": 114.24213189220066,
  "A_141": 21.80453797150532,
  "A_142": 58.97290915168537,
  "A_143": 90.16442544115209,
  "A_144": 0.0,
  "A_145": 33.291042659860764,
  "A_146": 44.31799517484909,
  "A_147": 46.70857125504232,
  "A_148": 1.2076282160399163,
  "A_149": 79.7322643800826,
  "A_150": 121.94556840621512,
  "A_151": 53.004549127507325,
  "A_152": 68.68750531793373,
  "A_153": 51.51950571378482,
  "A_154": 5.76580269624519,
  "A_155": 2.4152564320798326,
  "A_156": 0.0,
  "A_157": 10.868653944359247,
  "A_158": 3.622884648119749,
  "A_159": 29.21962654540269,
  "A_160": 19.190117131558505,
  "A_161": 1.2076282160399163,
  "A_162": 0.0,
  "A_163": 63.32344949022958,
  "A_164": 22.694727099455903,
  "A_165": 0.0,
  "A_166": 85.0895595003962,
  "A_167": 148.10166459228444,
  "A_168": 8.726577843064971,
  "A_169": 9.66102572831933,
  "A_170": 49.9254993004652,
  "A_171": 27.359502101582795,
  "A_172": 38.119846497616884,
  "A_173": 120.30147243962668,
  "A_174": 183.5687502532101,
  "A_175": 67.93229157675196,
  "A_176": 67.44156223789062,
  "A_177": 52.72713392982473,
  "A_178": 95.98983043322119,
  "A_179": 19.89309247009637,
  "A_180": 6.587052715005405,
  "A_181": 2.3012166187545233,
  "A_182": 21.078591307484402,
  "A_183": 64.88590174693655,
  "A_184": 0.0,
  "A_185": 0.0,
  "A_186": 36.683296708095185,
  "A_187": 8.453397512279414,
  "A_188": 1.2076282160399163,
  "A_189": 1.0714590240627204,
  "A_190": 1.0714590240627204,
  "A_191": 5.493464312290798,
  "A_192": 58.48954370600405,
  "A_193": 44.757101863226644,
  "A_194": 38.196413393770165,
  "A_195": 94.59652152498349,
  "A_196": 1.2076282160399163,
  "A_197": 0.0,
  "A_198": 2.3012166187545233,
  "A_199": 1.2076282160399163,
  "A_200": 4.307965474902768,
  "A_201": 9.643131216564484,
  "A_202": 6.038141080199582,
  "A_203": 65.0884590748694,
  "A_204": 95.89962902495131,
  "A_205": 79.68556774687963,
  "A_206": 135.91879447633426,
  "A_207": 91.02732041212826,
  "A_208": 21.737307888718494,
  "A_209": 46.373237655198146,
  "A_210": 134.15393568814187,
  "A_211": 27.775448968918077,
  "A_212": 6.038141080199582,
  "A_213": 78.17413495486697,
  "A_214": 14.491538592478996,
  "A_215": 0.0,
  "A_216": 61.925968546947935,
  "A_217": 71.80564912395712,
  "A_218": 29.764303313311473,
  "A_219": 41.704416281733444,
  "A_220": 4.285836096250882,
  "A_221": 63.24685746133508,
  "A_222": 0.0,
  "A_223": 0.0,
  "A_224": 0.0,
  "A_225": 0.0,
  "A_226": 77.62945818695819,
  "A_227": 6.564923336353519,
  "A_228": 3.622884648119749,
  "A_229": 59.38904451457988,
  "A_230": 9.182737096366209,
  "A_231": 0.0,
  "A_232": 0.0,
  "A_233": 2.279087240102637,
  "A_234": 0.0,
  "A_235": 41.33083064973917,
  "A_236": 5.629633504267994,
  "A_237": 91.38052339098608,
  "A_238": 114.72039539141258,
  "A_239": 2.279087240102637,
  "A_240": 19.32205145663866,
  "A_241": 58.11671205624663,
  "A_242": 0.0,
  "A_243": 0.0,
  "A_244": 0.0,
  "A_245": 0.0,
  "A_246": 16.616562128849587,
  "A_247": 223.96768399092957,
  "A_248": 158.25690054412524,
  "A_249": 19.32205145663866,
  "A_250": 93.49817046780606,
  "A_251": 77.94605532821636,
  "A_252": 64.816120690915,
  "A_253": 33.777801025607964,
  "A_254": 56.31422955443478,
  "A_255": 113.3841629385053,
  "A_256": 117.8709353008798,
  "A_257": 59.493747514538725,
  "A_258": 120.16774112354867,
  "A_259": 94.29961588647802,
  "A_260": 77.66600119270474,
  "A_261": 36.60156503361939,
  "A_262": 121.93454769918634,
  "A_263": 58.311553632622264,
  "A_264": 108.32229062496465,
  "A_265": 57.223997087802545,
  "A_266": 21.5653496732316,
  "A_267": 186.69452184619638,
  "A_268": 39.85173112931724,
  "A_269": 83.07187790181347,
  "A_270": 48.44976756736793,
  "A_271": 27.775448968918077,
  "A_272": 96.11227714848748,
  "A_273": 39.40743452987596,
  "A_274": 0.0,
  "A_275": 4.830512864159665,
  "A_276": 101.70450056743655,
  "A_277": 3.5088448347944396,
  "A_278": 0.0,
  "A_279": 92.19915960465849,
  "A_280": 85.25905470724268,
  "A_281": 7.500213168439043,
  "A_282": 56.29633504267994,
  "A_283": 81.38418919556378,
  "A_284": 61.51746097101635,
  "A_285": 78.4242559955752,
  "A_286": 42.85836096250882,