{
  "A_1": 227.11305912207433,
  "A_2": 186.40872487931404,
  "A_3": 117.92116308422536,
  "A_4": 71.6976411685267,
  "A_5": 122.56605808804034,
  "A_6": 77.18083875602557,
  "A_7": 166.2867359684771,
  "A_8": 116.5927092147284,
  "A_9": 65.09191482678837,
  "A_10": 106.86265641262439,
  "A_11": 91.50740603507926,
  "A_12": 24.152564320798326,
  "A_13": 16.90679502455883,
  "A_14": 96.86470115539284,
  "A_15": 48.054919636294144,
  "A_16": 38.64410291327732,
  "A_17": 35.02121826515757,
  "A_18": 45.889872209516824,
  "A_19": 109.62182927567801,
  "A_20": 21.737307888718494,
  "A_21": 40.88740112987026,
  "A_22": 152.77042313389606,
  "A_23": 89.89127024310774,
  "A_24": 96.47832295811314,
  "A_25": 52.371354844991004,
  "A_26": 30.05453620902071,
  "A_27": 94.90728787027658,
  "A_28": 76.8234637421238,
  "A_29": 20.766229033123274,
  "A_30": 82.75435084912984,
  "A_31": 88.84615033185273,
  "A_32": 17.43018436064689,
  "A_33": 1.0714590240627204,
  "A_34": 25.36019253683824,
  "A_35": 35.956508097243095,
  "A_36": 0.0,
  "A_37": 42.26698756139707,
  "A_38": 0.0,
  "A_39": 6.038141080199582,
  "A_40": 14.491538592478996,
  "A_41": 32.197454257146155,
  "A_42": 2.279087240102637,
  "A_43": 8.339357698954105,
  "A_44": 21.737307888718494,
  "A_45": 32.60596183307774,
  "A_46": 0.0,
  "A_47": 8.181059128325023,
  "A_48": 86.0964273795011,
  "A_49": 39.034715977454056,
  "A_50": 96.19476280520014,
  "A_51": 23.726162233111893,
  "A_52": 48.16895944961946,
  "A_53": 78.38179422926925,
  "A_54": 16.859985294020344,
  "A_55": 8.453397512279414,
  "A_56": 65.21192366615549,
  "A_57": 17.705915664667156,
  "A_58": 0.0,
  "A_59": 98.86923833031298,
  "A_60": 77.15203663457746,
  "A_61": 3.5088448347944396,
  "A_62": 13.28391037643908,
  "A_63": 56.43250423465713,
  "A_64": 55.43685812451084,
  "A_65": 0.0,
  "A_66": 24.270839001020676,
  "A_67": 126.1022222125504,
  "A_68": 70.04243653031514,
  "A_69": 1.0714590240627204,
  "A_70": 30.971931529351387,
  "A_71": 149.26590113059297,
  "A_72": 12.076282160399163,
  "A_73": 6.83726172030791,
  "A_74": 21.737307888718494,
  "A_75": 15.953610680718457,
  "A_76": 82.37316256291385,
  "A_77": 104.44739998054455,
  "A_78": 63.52258876535536,
  "A_79": 61.943863058702775,
  "A_80": 80.87953631806174,
  "A_81": 98.76924771933454,
  "A_82": 132.92158942110345,
  "A_83": 75.24735184055903,
  "A_84": 46.58342277009392,
  "A_85": 143.1094602374298,
  "A_86": 77.28820582655464,
  "A_87": 90.63670734795153,
  "A_88": 51.655674905762005,
  "A_89": 107.0201758682754,
  "A_90": 5.629633504267994,
  "A_91": 104.94961498214742,
  "A_92": 71.56909976351243,
  "A_93": 20.41563985935327,
  "A_94": 13.946861824570213,
  "A_95": 75.53590084260594,
  "A_96": 33.93186472934,
  "A_97": 0.0,
  "A_98": 47.48811348973347,
  "A_99": 90.87325670839624,
  "A_100": 21.80453797150532,
  "A_101": 31.560867054563943,
  "A_102": 15.699166808518912,
  "A_103": 0.0,
  "A_104": 99.04848504075619,
  "A_105": 8.453397512279414,
  "A_106": 0.0,
  "A_107": 18.114423240598747,
  "A_108": 0.0,
  "A_109": 1.0935884027146072,
  "A_110": 20.257341288724188,
  "A_111": 0.0,
  "A_112": 0.0,
  "A_113": 16.362118256650046,
  "A_114": 13.696652819267708,
  "A_115": 0.0,
  "A_116": 4.558174480205274,
  "A_117": 141.89478228747524,
  "A_118": 122.43589562121682,
  "A_119": 13.129846672707037,
  "A_120": 18.000383427273437,
  "A_121": 6.038141080199582,
  "A_122": 1.2076282160399163,
  "A_123": 111.68644626850539,
  "A_124": 21.80453797150532,
  "A_125": 30.05453620902071,
  "A_126": 3.622884648119749,
  "A_127": 1.2076282160399163,
  "A_128": 78.35966485061736,
  "A_129": 32.60596183307774,
  "A_130": 4.830512864159665,
  "A_131": 82.5272011339047,
  "A_132": 166.58880638530508,
  "A_133": 38.94810855117991,
  "A_134": 5.357295120313602,
  "A_135": 87.01730358449197,
  "A_136": 150.94158895290593,
  "A_137": 7.680641117720013,
  "A_138": 31.398333617037828,
  "A_139": 88.1568597709139,
  "A_140": 2.4152564320798326,
  "A_141": 0.0,
  "A_142": 38.744483081744825,
  "A_143": 0.0,
  "A_144": 3.622884648119749,
  "A_145": 0.0,
  "A_146": 66.4195518821954,
  "A_147": 1.0714590240627204,
  "A_148": 0.0,
  "A_149": 43.0661082015054,
  "A_150": 66.2833826902182,
  "A_151": 1.2076282160399163,
  "A_152": 0.0,
  "A_153": 9.66102572831933,
  "A_154": 0.0,
  "A_155": 4.69434367218247,
  "A_156": 1.2076282160399163,
  "A_157": 21.973857249163192,
  "A_158": 11.786049264689925,
  "A_159": 43.166488369972896,
  "A_160": 47.896621065665066,
  "A_161": 0.0,
  "A_162": 0.0,
  "A_163": 19.031818560929423,
  "A_164": 50.802870730389145,
  "A_165": 37.02796712130582,
  "A_166": 3.622884648119749,
  "A_167": 34.57692166571629,
  "A_168": 45.072857057653636,
  "A_169": 12.076282160399163,
  "A_170": 2.4152564320798326,
  "A_171": 126.57028181882346,
  "A_172": 69.40573623039741,
  "A_173": 0.0,
  "A_174": 0.0,
  "A_175": 64.24084481056026,
  "A_176": 48.014895745887415,
  "A_177": 40.22444968173913,
  "A_178": 145.8028858494291,
  "A_179": 0.0,
  "A_180": 79.82849764624736,
  "A_181": 58.47504211431507,
  "A_182": 143.35015650017726,
  "A_183": 68.745335755501,
  "A_184": 104.10951540746566,
  "A_185": 22.808766912781216,
  "A_186": 9.643131216564484,
  "A_187": 56.141517356711034,
  "A_188": 27.1949831774996,
  "A_189": 3.622884648119749,
  "A_190": 0.0,
  "A_191": 0.0,
  "A_192": 0.0,
  "A_193": 1.2076282160399163,
  "A_194": 0.0,
  "A_195": 2.4152564320798326,
  "A_196": 0.0,
  "A_197": 0.0,
  "A_198": 0.0,
  "A_199": 0.0,
  "A_200": 0.0,
  "A_201": 0.0,
  "A_202": 0.0,
  "A_203": 1.0714590240627204,
  "A_204": 0.0,
  "A_205": 0.0,
  "A_206": 1.2076282160399163,
  "A_207": 4.830512864159665,
  "A_208": 19.32205145663866,
  "A_209": 5.924101266874272,
  "A_210": 0.0,
  "A_211": 0.0,
  "A_212": 1.2076282160399163,
  "A_213": 9.66102572831933,
  "A_214": 4.830512864159665,
  "A_215": 0.0,
  "A_216": 1.2076282160399163,
  "A_217": 0.0,
  "A_218": 0.0,
  "A_219": 2.4152564320798326,
  "A_220": 0.0,
  "A_221": 6.83726172030791,
  "A_222": 0.0,
  "A_223": 71.38536685875988,
  "A_224": 23.18148546520311,
  "A_225": 28.96941754010018,
  "A_226": 35.512211497801815,
  "A_227": 174.06604822826105,
  "A_228": 33.81359004911766,
  "A_229": 67.89009370422893,
  "A_230": 8.844010576456155,
  "A_231": 47.90085593256211,
  "A_232": 8.954657469715588,
  "A_233": 8.453397512279414,
  "A_234": 52.11087911489656,
  "A_235": 0.0,
  "A_236": 48.30512864159665,
  "A_237": 79.70346225863449,
  "A_238": 0.0,
  "A_239": 2.4152564320798326,
  "A_240": 53.13564150575632,
  "A_241": 50.974828945876034,
  "A_242": 0.0,
  "A_243": 9.38868734436494,
  "A_244": 84.53397512279415,
  "A_245": 71.25006474635506,
  "A_246": 3.622884648119749,
  "A_247": 12.076282160399163,
  "A_248": 93.51415489122749,
  "A_249": 49.398717044311255,
  "A_250": 1.2076282160399163,
  "A_251": 0.0,
  "A_252": 119.80369336685067,
  "A_253": 24.152564320798326,
  "A_254": 1.2076282160399163,
  "A_255": 56.17806036245759,
  "A_256": 80.8753014511647,
  "A_257": 63.30555497847474,
  "A_258": 8.453397512279414,
  "A_259": 64.1225701303379,
  "A_260": 4.285836096250882,
  "A_261": 111.2021760441398,
  "A_262": 49.398717044311255,
  "A_263": 77.03883876808331,
  "A_264": 69.54445639560933,
  "A_265": 18.979932016662733,
  "A_266": 68.97425732898277,
  "A_267": 81.80633128361198,
  "A_268": 0.0,
  "A_269": 9.524856536342135,
  "A_270": 157.55248007296677,
  "A_271": 48.03023928440756,
  "A_272": 0.0,
  "A_273": 54.28958618653169,
  "A_274": 86.48704044367784,
  "A_275": 46.07273803469698,
  "A_276": 22.26409014487243,
  "A_277": 126.14381689928393,
  "A_278": 85.94236367576906,
  "A_279": 53.49046554642336,
  "A_280": 22.67259772080402,
  "A_281": 115.00125377464349,
  "A_282": 91.60439328348089,
  "A_283": 53.03636717790289,
  "A_284": 67.47819320823147,
  "A_285": 121.8240516023743,
  "A_286": 5.357295120313602,
  "A_287": 129.35404706916938,
  "A_288": 104.26024902298492,
  "A_289": 1.2076282160399163,
  "A_290": 74.8729493944748,