{
  "A_1": 238.79025848450271,
  "A_2": 109.23533798106277,
  "A_3": 177.28532618498883,
  "A_4": 122.29371970408594,
  "A_5": 52.18329910874711,
  "A_6": 99.40847385974575,
  "A_7": 34.404209467992544,
  "A_8": 0.0,
  "A_9": 0.0,
  "A_10": 0.0,
  "A_11": 10.986928624581596,
  "A_12": 3.4867154561425533,
  "A_13": 63.814442722873835,
  "A_14": 3.5088448347944396,
  "A_15": 16.90679502455883,
  "A_16": 4.602433237509047,
  "A_17": 30.431489628339644,
  "A_18": 5.787932074897077,
  "A_19": 2.142918048125441,
  "A_20": 0.0,
  "A_21": 0.0,
  "A_22": 0.0,
  "A_23": 63.09197694351309,
  "A_24": 28.983077184957992,
  "A_25": 1.2076282160399163,
  "A_26": 56.49634139737808,
  "A_27": 116.15169243801748,
  "A_28": 117.48023427210876,
  "A_29": 46.78937301809265,
  "A_30": 60.428107435198775,
  "A_31": 84.6377230785863,
  "A_32": 10.758848997930977,
  "A_33": 17.68802115291231,
  "A_34": 0.0,
  "A_35": 0.0,
  "A_36": 13.28391037643908,
  "A_37": 24.292968379672566,
  "A_38": 42.97164679359727,
  "A_39": 3.280765208143822,
  "A_40": 15.928088382000695,
  "A_41": 84.49723105511777,
  "A_42": 107.43613530198127,
  "A_43": 3.4867154561425533,
  "A_44": 74.37496925976899,
  "A_45": 82.2981915958286,
  "A_46": 69.97085848329576,
  "A_47": 197.31882271395943,
  "A_48": 151.06661177414816,
  "A_49": 35.4179385854529,
  "A_50": 46.008146889739166,
  "A_51": 19.185882264661466,
  "A_52": 53.27604556463055,
  "A_53": 32.21958363579804,
  "A_54": 46.20890722667417,
  "A_55": 56.75852615387607,
  "A_56": 59.29205726617825,
  "A_57": 37.63723503417241,
  "A_58": 0.0,
  "A_59": 76.959632934101,
  "A_60": 46.69322771652219,
  "A_61": 3.622884648119749,
  "A_62": 0.0,
  "A_63": 101.4337832452914,
  "A_64": 128.74721703220195,
  "A_65": 23.589993041134694,
  "A_66": 63.13359676298785,
  "A_67": 12.330726032598708,
  "A_68": 111.91266607230506,
  "A_69": 32.254417615141044,
  "A_70": 38.027094116112295,
  "A_71": 83.36965061989132,
  "A_72": 21.737307888718494,
  "A_73": 76.18009069940985,
  "A_74": 12.076282160399163,
  "A_75": 15.953610680718457,
  "A_76": 59.925251548694575,
  "A_77": 67.55560205121591,
  "A_78": 1.0714590240627204,
  "A_79": 83.50761680286637,
  "A_80": 85.20783418061855,
  "A_81": 65.11650721408066,
  "A_82": 1.2076282160399163,
  "A_83": 1.2076282160399163,
  "A_84": 97.53856021321724,
  "A_85": 91.64357522705646,
  "A_86": 8.453397512279414,
  "A_87": 25.36019253683824,
  "A_88": 53.162005751305244,
  "A_89": 42.48564241008692,
  "A_90": 16.208054552918,
  "A_91": 166.8653796361565,
  "A_92": 42.63970611381897,
  "A_93": 16.638691507501477,
  "A_94": 77.16819698718754,
  "A_95": 9.524856536342135,
  "A_96": 13.67452344061582,
  "A_97": 32.12935709478695,
  "A_98": 13.28391037643908,
  "A_99": 35.23987311384742,
  "A_100": 8.453397512279414,
  "A_101": 39.85173112931724,
  "A_102": 0.0,
  "A_103": 5.467942013573036,
  "A_104": 58.14571523962457,
  "A_105": 30.409360249687758,
  "A_106": 0.0,
  "A_107": 25.950811955713128,
  "A_108": 2.279087240102637,
  "A_109": 86.69476254993322,
  "A_110": 14.083031016547409,
  "A_111": 0.0,
  "A_112": 20.529679672678576,
  "A_113": 97.30201085277255,
  "A_114": 46.86942079890612,
  "A_115": 0.0,
  "A_116": 48.427638188716045,
  "A_117": 151.26557512008532,
  "A_118": 105.29321725385584,
  "A_119": 25.614636409037786,
  "A_120": 49.11271901549906,
  "A_121": 21.7015188652088,
  "A_122": 75.8191468362536,
  "A_123": 44.62856045821236,
  "A_124": 1.2076282160399163,
  "A_125": 1.2076282160399163,
  "A_126": 8.453397512279414,
  "A_127": 15.633620619394415,
  "A_128": 17.5442241739722,
  "A_129": 4.830512864159665,
  "A_130": 0.0,
  "A_131": 27.45374988119049,
  "A_132": 69.25515341132555,
  "A_133": 25.360192536838245,
  "A_134": 101.44828483698038,
  "A_135": 46.82516204160234,
  "A_136": 140.3152774658446,
  "A_137": 84.68792572919065,
  "A_138": 62.11242835412379,
  "A_139": 10.758848997930977,
  "A_140": 97.53702711600232,
  "A_141": 0.0,
  "A_142": 21.737307888718494,
  "A_143": 34.97440853461909,
  "A_144": 8.571672192501763,
  "A_145": 89.58314283564366,
  "A_146": 17.551851960935117,
  "A_147": 90.62304770309373,
  "A_148": 109.68300236782872,
  "A_149": 46.11624280976389,
  "A_150": 12.058387648644317,
  "A_151": 45.15711457262294,
  "A_152": 0.0,
  "A_153": 3.622884648119749,
  "A_154": 26.56782075287816,
  "A_155": 1.2076282160399163,
  "A_156": 4.285836096250882,
  "A_157": 5.629633504267994,
  "A_158": 1.2076282160399163,
  "A_159": 10.187807984473267,
  "A_160": 36.81946590007238,
  "A_161": 122.33618147039186,
  "A_162": 36.3888289454889,
  "A_163": 0.0,
  "A_164": 33.931864729340006,
  "A_165": 82.1458997503532,
  "A_166": 1.0714590240627204,
  "A_167": 21.737307888718494,
  "A_168": 15.677879376698192,
  "A_169": 16.225949064672847,
  "A_170": 0.0,
  "A_171": 0.0,
  "A_172": 94.63231054849318,
  "A_173": 37.4364746972374,
  "A_174": 102.78181552020553,
  "A_175": 15.585126995193603,
  "A_176": 91.898019099256,
  "A_177": 84.25906063286384,
  "A_178": 0.0,
  "A_179": 54.591769700695195,
  "A_180": 121.85044098066444,
  "A_181": 33.81359004911766,
  "A_182": 0.0,
  "A_183": 115.09041217415238,
  "A_184": 115.09041217415236,
  "A_185": 48.15106493786461,
  "A_186": 53.62663473840056,
  "A_187": 12.058387648644317,
  "A_188": 88.34999232088597,
  "A_189": 0.0,
  "A_190": 10.460146368427658,
  "A_191": 179.30591061518348,
  "A_192": 67.1267620876303,
  "A_193": 174.17330220145462,
  "A_194": 64.02123491770374,
  "A_195": 116.81295999248627,
  "A_196": 80.2165848699306,
  "A_197": 51.528817394410055,
  "A_198": 24.951684960906654,
  "A_199": 28.848931178649718,
  "A_200": 61.43581726113485,
  "A_201": 5.629633504267994,
  "A_202": 24.973814339558544,
  "A_203": 137.99193146843817,
  "A_204": 90.487808422542,
  "A_205": 145.79960602669874,
  "A_206": 67.2850606582594,
  "A_207": 125.0180083223141,
  "A_208": 111.24887267734277,
  "A_209": 11.848202533748545,
  "A_210": 0.0,
  "A_211": 40.869506618115416,
  "A_212": 161.17188383642633,
  "A_213": 56.56867342663433,
  "A_214": 16.90679502455883,
  "A_215": 90.04956881373684,
  "A_216": 61.66813175468252,
  "A_217": 106.96904330624557,
  "A_218": 71.87722717097651,
  "A_219": 9.66102572831933,
  "A_220": 100.61610207578566,
  "A_221": 1.2076282160399163,
  "A_222": 28.983077184957992,
  "A_223": 11.53160539249038,
  "A_224": 50.39436315445755,
  "A_225": 131.16229753509316,
  "A_226": 52.83174896518927,
  "A_227": 89.76600866082381,
  "A_228": 110.41480496055591,
  "A_229": 43.57499594590449,
  "A_230": 26.20357193425034,
  "A_231": 111.4598997390697,
  "A_232": 2.4152564320798326,
  "A_233": 58.95585658676169,
  "A_234": 0.0,
  "A_235": 11.962242347073854,
  "A_236": 20.97927928051913,
  "A_237": 29.746408801556626,
  "A_238": 9.204866475018093,
  "A_239": 39.15299065767641,
  "A_240": 24.13466980904348,
  "A_241": 23.980606105311438,
  "A_242": 44.731579564508884,
  "A_243": 136.6627864485574,
  "A_244": 169.496853041027,
  "A_245": 70.3725802190956,
  "A_246": 8.866139955108043,
  "A_247": 86.90062483333763,
  "A_248": 27.875829137385573,
  "A_249": 52.613936063330584,
  "A_250": 73.06440990202687,
  "A_251": 45.854083186007124,
  "A_252": 217.04192988875536,
  "A_253": 182.3736758414139,
  "A_254": 27.467321561453993,
  "A_255": 74.87718426137185,
  "A_256": 203.72121261278684,
  "A_257": 98.76408294101202,
  "A_258": 42.15294774807176,
  "A_259": 25.018073096862313,
  "A_260": 27.739659945408384,
  "A_261": 0.0,
  "A_262": 2.4152564320798326,
  "A_263": 59.084310027181665,
  "A_264": 39.56573310050504,
  "A_265": 49.186734938417636,
  "A_266": 80.94168958712036,
  "A_267": 167.7162108913429,
  "A_268": 96.91392362908931,
  "A_269": 33.405924420017236,
  "A_270": 30.190705400997906,
  "A_271": 0.0,
  "A_272": 30.19070540099791,
  "A_273": 0.0,
  "A_274": 2.4152564320798326,
  "A_275": 30.906385340226898,
  "A_276": 4.830512864159665,
  "A_277": 93.75926195006059,
  "A_278": 150.80518099988703,
  "A_279": 45.04478378570117,
  "A_280": 53.13564150575632,