{
  "A_1": 236.27790170668567,
  "A_2": 103.73340393497789,
  "A_3": 163.36398665913637,
  "A_4": 179.0361232044638,
  "A_5": 159.1251613553538,
  "A_6": 168.67203417301232,
  "A_7": 94.12765767099114,
  "A_8": 138.58849478061364,
  "A_9": 83.62928440315459,
  "A_10": 38.64410291327732,
  "A_11": 45.20563332956496,
  "A_12": 39.60575699091177,
  "A_13": 109.03107162672636,
  "A_14": 70.3614715474725,
  "A_15": 75.96906363768291,
  "A_16": 78.5221982881435,
  "A_17": 27.09121008896622,
  "A_18": 125.96330098540867,
  "A_19": 113.78240378964495,
  "A_20": 12.993677480729842,
  "A_21": 55.5330034260813,
  "A_22": 108.92636862676753,
  "A_23": 75.60652384545864,
  "A_24": 37.26451648175051,
  "A_25": 9.204866475018093,
  "A_26": 78.69659437952957,
  "A_27": 44.255841905790476,
  "A_28": 0.0,
  "A_29": 63.07217234342488,
  "A_30": 11.944347835319007,
  "A_31": 8.453397512279414,
  "A_32": 13.961551911818404,
  "A_33": 3.280765208143822,
  "A_34": 39.658485482009624,
  "A_35": 69.9442680430758,
  "A_36": 36.6489151180943,
  "A_37": 14.74598246467854,
  "A_38": 42.971646793597266,
  "A_39": 58.3218203574142,
  "A_40": 38.64410291327732,
  "A_41": 122.25427386672749,
  "A_42": 31.480819273750477,
  "A_43": 181.41286371061062,
  "A_44": 149.10476256020505,
  "A_45": 90.24609428377478,
  "A_46": 103.83114516561638,
  "A_47": 97.5564547249721,
  "A_48": 40.69934539362638,
  "A_49": 13.67452344061582,
  "A_50": 64.00429545011558,
  "A_51": 1.0714590240627204,
  "A_52": 25.266573075761272,
  "A_53": 0.0,
  "A_54": 3.350546264165357,
  "A_55": 19.603890016777513,
  "A_56": 107.5750313963818,
  "A_57": 24.138904675940516,
  "A_58": 8.729970763130845,
  "A_59": 42.7009923033052,
  "A_60": 31.056214177061893,
  "A_61": 157.46822255799748,
  "A_62": 55.941511002012895,
  "A_63": 5.357295120313602,
  "A_64": 95.69866762608649,
  "A_65": 37.29271541740915,
  "A_66": 144.28637624368824,
  "A_67": 52.39856103737109,
  "A_68": 97.48423579305138,
  "A_69": 157.51993317307557,
  "A_70": 122.66914002618992,
  "A_71": 18.933122286124252,
  "A_72": 77.79709357095373,
  "A_73": 115.14833057631395,
  "A_74": 73.78359585865725,
  "A_75": 18.895649368952228,
  "A_76": 98.8356609880314,
  "A_77": 123.66208436665411,
  "A_78": 48.066518396371215,
  "A_79": 93.81709238762785,
  "A_80": 112.64641645247752,
  "A_81": 36.4135092973755,
  "A_82": 35.54800052131151,
  "A_83": 58.81545252788746,
  "A_84": 147.0513170708538,
  "A_85": 35.72587749735777,
  "A_86": 15.018320848632932,
  "A_87": 108.22434833239635,
  "A_88": 96.67484842815111,
  "A_89": 26.549926241123316,
  "A_90": 158.14286073079995,
  "A_91": 46.822611068367635,
  "A_92": 8.181059128325023,
  "A_93": 18.114423240598747,
  "A_94": 121.71375656749206,
  "A_95": 42.79376981755101,
  "A_96": 15.28321994118363,
  "A_97": 2.1871768054292144,
  "A_98": 15.15449004061013,
  "A_99": 52.767132687490246,
  "A_100": 13.28391037643908,
  "A_101": 34.84926004967068,
  "A_102": 60.58217113893082,
  "A_103": 82.43775370787166,
  "A_104": 74.39286377152385,
  "A_105": 94.33030296351828,
  "A_106": 111.98668199522365,
  "A_107": 21.904076193141655,
  "A_108": 26.56782075287816,
  "A_109": 84.53905193652234,
  "A_110": 32.673191915864564,
  "A_111": 1.2076282160399163,
  "A_112": 28.02989284111762,
  "A_113": 45.58174480205273,
  "A_114": 88.08528172389451,
  "A_115": 60.05538888277689,
  "A_116": 73.36566350476488,
  "A_117": 48.81401638599574,
  "A_118": 57.577225199401575,
  "A_119": 66.17357774378993,
  "A_120": 36.822016873307085,
  "A_121": 0.0,
  "A_122": 32.33446539595451,
  "A_123": 60.32772726673127,
  "A_124": 115.73546911052864,
  "A_125": 189.8486054721769,
  "A_126": 41.44997240953389,
  "A_127": 2.142918048125441,
  "A_128": 0.0,
  "A_129": 110.89663730902231,
  "A_130": 121.39335181593773,
  "A_131": 78.75027791479411,
  "A_132": 17.143344385003527,
  "A_133": 44.68224399347691,
  "A_134": 102.27988954512682,
  "A_135": 39.934216786029886,
  "A_136": 96.9113977885958,
  "A_137": 121.01027857412961,
  "A_138": 18.48714179302064,
  "A_139": 175.37323979867853,
  "A_140": 66.23816888874774,
  "A_141": 73.73255126122172,
  "A_142": 105.62608784505963,
  "A_143": 122.04594857468263,
  "A_144": 44.90861459372398,
  "A_145": 14.337474888746954,
  "A_146": 94.66809957200286,
  "A_147": 54.63942137806484,
  "A_148": 128.2868229120037,
  "A_149": 12.076282160399163,
  "A_150": 132.4542083988436,
  "A_151": 149.35009581370915,
  "A_152": 44.101778202058426,
  "A_153": 185.08169100969647
}