{
  "A_1": 168.05755121634076,
  "A_2": 102.79208224499747,
  "A_3": 40.5410468229973,
  "A_4": 61.27751869050577,
  "A_5": 114.71949061272832,
  "A_6": 144.0777242260074,
  "A_7": 37.322434883912095,
  "A_8": 41.041464833602305,
  "A_9": 60.36351629024097,
  "A_10": 143.33753986408044,
  "A_11": 25.360192536838245,
  "A_12": 25.36019253683824,
  "A_13": 90.34647445224229,
  "A_14": 83.74576209237908,
  "A_15": 27.621385265186035,
  "A_16": 19.286262433128968,
  "A_17": 157.89366960151725,
  "A_18": 89.41118462015677,
  "A_19": 103.02619372954298,
  "A_20": 134.5955053851598,
  "A_21": 22.654703209049174,
  "A_22": 90.23243463891698,
  "A_23": 45.92047132196279,
  "A_24": 9.66102572831933,
  "A_25": 19.46669038240994,
  "A_26": 23.880225936843935,
  "A_27": 0.0,
  "A_28": 70.5981088725115,
  "A_29": 0.0,
  "A_30": 3.214377072188161,
  "A_31": 37.30030550526021,
  "A_32": 25.246152723512935,
  "A_33": 6.038141080199582,
  "A_34": 29.39581962778662,
  "A_35": 21.58324418498645,
  "A_36": 0.0,
  "A_37": 82.15268559048492,
  "A_38": 94.05796457956389,
  "A_39": 20.529679672678576,
  "A_40": 103.64062642073208,
  "A_41": 35.84246828391779,
  "A_42": 60.17375152759354,
  "A_43": 11.53160539249038,
  "A_44": 66.15144836513805,
  "A_45": 143.78325646340113,
  "A_46": 96.12770865160192,
  "A_47": 135.77517342658277,
  "A_48": 190.64946027142997,
  "A_49": 43.64561894875719,
  "A_50": 128.92172622092355,
  "A_51": 154.20958672850554,
  "A_52": 43.28476305019525,
  "A_53": 83.59526723790152,
  "A_54": 143.99538936574214,
  "A_55": 28.482659174352985,
  "A_56": 15.699166808518912,
  "A_57": 120.74492709223678,
  "A_58": 149.5109830566848,
  "A_59": 59.1737825859559,
  "A_60": 58.76527501002432,
  "A_61": 54.680199250708434,
  "A_62": 90.10227217209348,
  "A_63": 27.33971006786518,
  "A_64": 154.38320370491354,
  "A_65": 144.8915223869933,
  "A_66": 35.02121826515757,
  "A_67": 0.0,
  "A_68": 63.388040635187394,
  "A_69": 97.10125051583753,
  "A_70": 0.0,
  "A_71": 103.71728128147969,
  "A_72": 192.09192882151106,
  "A_73": 137.4984752271535,
  "A_74": 47.29826076249175,
  "A_75": 91.32358516573241,
  "A_76": 67.81184291441333,
  "A_77": 68.650120365356,
  "A_78": 19.304156944883815,
  "A_79": 63.57789336242914,
  "A_80": 120.25040270944993,
  "A_81": 8.339357698954105,
  "A_82": 30.190705400997906,
  "A_83": 138.56213053506468,
  "A_84": 118.9942808692092,
  "A_85": 35.25776762560227,
  "A_86": 57.79843102132614,
  "A_87": 28.692844289248754,
  "A_88": 230.70201456953532,
  "A_89": 147.89722230875944
}