{
  "A_1": 67.20337924926605,
  "A_2": 66.93697219224165,
  "A_3": 0.0,
  "A_4": 6.428754144376322,
  "A_5": 0.0,
  "A_6": 47.09750042555673,
  "A_7": 20.578248695103078,
  "A_8": 114.03684766184449,
  "A_9": 147.79759612252877,
  "A_10": 71.02706193343265,
  "A_11": 169.34960031016792,
  "A_12": 29.02817788909293,
  "A_13": 2.4152564320798326,
  "A_14": 39.95211129778474,
  "A_15": 173.02101628160034,
  "A_16": 80.54927953194577,
  "A_17": 3.350546264165357,
  "A_18": 63.868126258138375,
  "A_19": 85.0895595003962,
  "A_20": 26.45378093955285,
  "A_21": 4.830512864159665,
  "A_22": 116.44119648423106,
  "A_23": 142.58261514942276,
  "A_24": 107.89754729819933,
  "A_25": 67.713900621845,
  "A_26": 25.2061288331062,
  "A_27": 110.79694829093859,
  "A_28": 53.12621672779555,
  "A_29": 165.54707939411594,
  "A_30": 24.152564320798326,
  "A_31": 72.24231793643548,
  "A_32": 43.711165137881686,
  "A_33": 106.83289924700958,
  "A_34": 38.31808099405839,
  "A_35": 123.53290207673852,
  "A_36": 130.25188911682406,
  "A_37": 10.596315560404856,
  "A_38": 78.96644462210233,
  "A_39": 6.038141080199582,
  "A_40": 18.759480176975032,
  "A_41": 1.2076282160399163,
  "A_42": 26.091216014587367,
  "A_43": 2.142918048125441,
  "A_44": 36.09267728922029,
  "A_45": 160.44491929638565,
  "A_46": 41.44997240953389,
  "A_47": 146.21301448716991,
  "A_48": 163.43915868815145,
  "A_49": 150.8230755116419,
  "A_50": 63.115702251233,
  "A_51": 30.190705400997906,
  "A_52": 56.669053595101836,
  "A_53": 39.70190229248223,
  "A_54": 1.2076282160399163,
  "A_55": 20.529679672678576,
  "A_56": 41.72231079348829,
  "A_57": 49.713517194571565,
  "A_58": 0.0,
  "A_59": 111.31363975148918,
  "A_60": 191.1983467734946,
  "A_61": 20.257341288724184,
  "A_62": 62.45454779409972,
  "A_63": 20.254790315489476,
  "A_64": 20.357721457191687,
  "A_65": 100.14366937253881,
  "A_66": 60.700445819153174,
  "A_67": 4.285836096250882,
  "A_68": 110.70689767911608,
  "A_69": 83.6717461694605,
  "A_70": 26.549926241123313,
  "A_71": 95.67920231800483,
  "A_72": 129.06044638613545,
  "A_73": 3.622884648119749,
  "A_74": 48.83191089775059,
  "A_75": 62.90128226944019,
  "A_76": 51.61988588225231,
  "A_77": 175.30094546853417,
  "A_78": 118.61715152070164,
  "A_79": 106.31212371600932,
  "A_80": 79.15878549072569,
  "A_81": 51.5416350924367,
  "A_82": 93.92266246715907,
  "A_83": 35.80244439351105,
  "A_84": 57.856349423487714,
  "A_85": 113.10854473182054,
  "A_86": 56.75852615387607,
  "A_87": 130.7537899591616,
  "A_88": 77.39282086191919,
  "A_89": 68.15396235438925,
  "A_90": 90.94483475541563,
  "A_91": 53.88107861060011,
  "A_92": 14.491538592478996,
  "A_93": 14.219200208524605,
  "A_94": 1.2076282160399163,
  "A_95": 28.482659174352982,
  "A_96": 10.051638792496071,
  "A_97": 50.00375009028081,
  "A_98": 71.1402597999268,
  "A_99": 157.903094379478,
  "A_100": 4.69434367218247,
  "A_101": 86.64795281939473,
  "A_102": 6.428754144376322,
  "A_103": 81.99345710843038,
  "A_104": 71.20985236038914,
  "A_105": 19.694770009060555,
  "A_106": 3.622884648119749,
  "A_107": 68.15396235438925,
  "A_108": 12.761362987182181,
  "A_109": 0.0,
  "A_110": 26.79265825591028,
  "A_111": 150.38318970828624,
  "A_112": 26.708224811752395,
  "A_113": 27.603490753431185,
  "A_114": 67.44156223789062,
  "A_115": 50.03783008738696,
  "A_116": 164.86889750480017,
  "A_117": 55.09473868453492,
  "A_118": 114.83596830195282,
  "A_119": 162.53958248135197,
  "A_120": 0.0,
  "A_121": 94.44008277720535,
  "A_122": 115.6879053977533,
  "A_123": 48.4395888071703,
  "A_124": 49.358693153904525,
  "A_125": 0.0,
  "A_126": 47.87872655391021,
  "A_127": 109.17495657026079,
  "A_128": 24.661452065197416,
  "A_129": 1.0714590240627204,
  "A_130": 102.61342615397314,
  "A_131": 78.12300239283715,
  "A_132": 35.003323753402725,
  "A_133": 94.4247392386852,
  "A_134": 2.4152564320798326,
  "A_135": 75.85249798386411,
  "A_136": 174.68648764460383,
  "A_137": 33.24339098249111,
  "A_138": 2.279087240102637,
  "A_139": 133.34100460672832,
  "A_140": 74.52903296350104,
  "A_141": 133.84989235112738,
  "A_142": 13.28391037643908,
  "A_143": 139.54260903587948,
  "A_144": 115.40700931541053,
  "A_145": 57.096297629619436,
  "A_146": 53.49818129798059,
  "A_147": 84.24455904117485,
  "A_148": 64.96838740364922,
  "A_149": 137.29084108549245,
  "A_150": 3.4867154561425533,
  "A_151": 88.85041033149099,
  "A_152": 6.038141080199582,
  "A_153": 114.20709685092783,
  "A_154": 47.7212699301123,
  "A_155": 56.71763518389695,
  "A_156": 90.1916316335322,
  "A_157": 9.66102572831933,
  "A_158": 44.6822439934769,
  "A_159": 0.0,
  "A_160": 48.23355059457727,
  "A_161": 0.0,
  "A_162": 49.22252396192732,
  "A_163": 16.344223744895196,
  "A_164": 45.889872209516824,
  "A_165": 64.03912942945857,
  "A_166": 105.06365479547273,
  "A_167": 115.09896987254075,
  "A_168": 51.211378306320725,
  "A_169": 187.95565766831226,
  "A_170": 115.36791533642926,
  "A_171": 109.18844028592997,
  "A_172": 114.37395311994531,
  "A_173": 130.66037156001443,
  "A_174": 76.08057761051472,
  "A_175": 22.334713147725132,
  "A_176": 58.693696963004925,
  "A_177": 2.4152564320798326,
  "A_178": 2.279087240102637,
  "A_179": 49.37658766565937,
  "A_180": 0.0,
  "A_181": 46.20654474899868,
  "A_182": 1.0714590240627204,
  "A_183": 82.40805937410995,
  "A_184": 29.17197486803304,
  "A_185": 50.53053234643475,
  "A_186": 67.74545477845766,
  "A_187": 160.78814457697567,
  "A_188": 34.25372717988559,
  "A_189": 58.55752777102773,
  "A_190": 231.8917482738204,
  "A_191": 155.0775333804687,
  "A_192": 63.50387743951055,
  "A_193": 161.8969005890218,
  "A_194": 125.00002584596497,
  "A_195": 133.00671401564512,
  "A_196": 85.25388992892017,
  "A_197": 71.3470519947567,
  "A_198": 118.48954002711284,
  "A_199": 133.7545889963881,
  "A_200": 139.49762142908006,
  "A_201": 60.48602583736036,
  "A_202": 21.855582568940843,
  "A_203": 17.29740808873557,
  "A_204": 80.95778710787735,
  "A_205": 94.80255973757652,
  "A_206": 23.317654657180306,
  "A_207": 30.103029833221527,
  "A_208": 31.178723724181285,
  "A_209": 66.67399575439495,
  "A_210": 1.2076282160399163,
  "A_211": 102.76667304361524,
  "A_212": 107.842292966608,
  "A_213": 18.193591375469207,
  "A_214": 95.49112144901972,
  "A_215": 95.30900960607642,
  "A_216": 9.66102572831933,
  "A_217": 20.529679672678576,
  "A_218": 95.00502910091507,
  "A_219": 68.33775809099487,
  "A_220": 0.0,
  "A_221": 86.30574541482449,
  "A_222": 138.85253935996258,
  "A_223": 26.567820752878163,
  "A_224": 0.0,
  "A_225": 119.14779165263423,
  "A_226": 80.63875209072,
  "A_227": 81.9415705641637,
  "A_228": 30.0766655876726,
  "A_229": 31.398333617037824,
  "A_230": 2.1650474267773276,
  "A_231": 6.038141080199582,
  "A_232": 0.0,
  "A_233": 39.28915984965361,
  "A_234": 14.14941915250307,
  "A_235": 60.20002780854816,
  "A_236": 57.83845491173287,
  "A_237": 10.026116493778309,
  "A_238": 16.366353123547086,
  "A_239": 16.67871539790821,
  "A_240": 16.108516331281663,
  "A_241": 90.60515319133887,
  "A_242": 63.86812625813837,
  "A_243": 3.622884648119749,
  "A_244": 0.0,
  "A_245": 64.6672468982467,
  "A_246": 2.4152564320798326,
  "A_247": 0.0,
  "A_248": 1.0935884027146072,
  "A_249": 46.14344900214398,
  "A_250": 33.25101876945403,
  "A_251": 3.622884648119749,
  "A_252": 97.37782376668898,
  "A_253": 38.55048345220035,
  "A_254": 22.404494203746665,
  "A_255": 74.13926184615546,
  "A_256": 112.42172974589276,
  "A_257": 50.72038507367648,
  "A_258": 49.43355102365426,
  "A_259": 41.05935934535715,
  "A_260": 61.10132560812184,
  "A_261": 10.732484752382051,
  "A_262": 48.576599945978664,
  "A_263": 10.714590240627205,
  "A_264": 60.71834033090801,
  "A_265": 86.99592818807693,
  "A_266": 65.19402915440062,
  "A_267": 91.77974441903363,
  "A_268": 76.03197088897839,
  "A_269": 111.21308365383308,
  "A_270": 39.37344249736411,
  "A_271": 8.453397512279414,
  "A_272": 10.051638792496071,
  "A_273": 23.199379976957957,