{
  "A_1": 188.08169836557428,
  "A_2": 78.91524922821941,
  "A_3": 92.85448326582672,
  "A_4": 79.70346225863447,
  "A_5": 110.91098810426386,
  "A_6": 93.46047135596297,
  "A_7": 27.41120015029026,
  "A_8": 150.90657904437433,
  "A_9": 154.10561257804233,
  "A_10": 96.21265731695499,
  "A_11": 63.4365342593882,
  "A_12": 30.19070540099791,
  "A_13": 36.98031544393617,
  "A_14": 61.96175757045763,
  "A_15": 10.868653944359247,
  "A_16": 46.74595620762004,
  "A_17": 71.25006474635506,
  "A_18": 104.07468142812266,
  "A_19": 51.282001309173424,
  "A_20": 200.86607037735138,
  "A_21": 137.65320494852813,
  "A_22": 47.47021897797863,
  "A_23": 29.237521057157537,
  "A_24": 51.928013289716404,
  "A_25": 20.920292736855316,
  "A_26": 0.0,
  "A_27": 64.14252552687353,
  "A_28": 10.051638792496071,
  "A_29": 110.07703348481255,
  "A_30": 119.9925030853314,
  "A_31": 107.40571211872393,
  "A_32": 77.8922838283575,
  "A_33": 93.66564248898362,
  "A_34": 82.55263546802814,
  "A_35": 35.02121826515757,
  "A_36": 177.18172902564405,
  "A_37": 76.98007841909056,
  "A_38": 85.70485927115769,
  "A_39": 86.24707303042605,
  "A_40": 20.00713228342168,
  "A_41": 0.0,
  "A_42": 112.66599485789469,
  "A_43": 148.64292330738613,
  "A_44": 42.10613801753328,
  "A_45": 15.699166808518912,
  "A_46": 107.74426270944537,
  "A_47": 200.54022438732105,
  "A_48": 58.764319965857624,
  "A_49": 46.226801738429025,
  "A_50": 52.94578877851458,
  "A_51": 242.2571065087039
}