{
  "A_1": 247.67849011915075,
  "A_2": 106.30695893768682,
  "A_3": 105.41328892507603,
  "A_4": 119.9985349432263,
  "A_5": 103.77502375445266,
  "A_6": 31.741295003844918,
  "A_7": 60.06385861657097,
  "A_8": 3.4297143990358205,
  "A_9": 97.0833560040827,
  "A_10": 68.18276447583736,
  "A_11": 50.082918225151275,
  "A_12": 95.68587506080105,
  "A_13": 13.28391037643908,
  "A_14": 83.92195517476301,
  "A_15": 87.26826657203132,
  "A_16": 28.594148014443583,
  "A_17": 36.06112313260764,
  "A_18": 68.83480831427524,
  "A_19": 194.77187071784118,
  "A_20": 62.954852707369206,
  "A_21": 41.3546690547946,
  "A_22": 145.7212421395476,
  "A_23": 27.893723649140423,
  "A_24": 153.33627423629005,
  "A_25": 62.80937183476677,
  "A_26": 39.016821465699216,
  "A_27": 40.375120465405296,
  "A_28": 42.84649830864886,
  "A_29": 89.37893931316034,
  "A_30": 34.440752473739096,
  "A_31": 33.81359004911766,
  "A_32": 0.0,
  "A_33": 62.21620144265718,
  "A_34": 106.90097127662759,
  "A_35": 42.50353692184177,
  "A_36": 178.11360080492247,
  "A_37": 106.76828296931056,
  "A_38": 67.08154828615984,
  "A_39": 27.775448968918077,
  "A_40": 49.003756015901956,
  "A_41": 104.87380206823097,
  "A_42": 118.42408180258265,
  "A_43": 56.28870725571702,
  "A_44": 86.1670503823538,
  "A_45": 157.5872763531979,
  "A_46": 57.04780400541863,
  "A_47": 38.12579039091747,
  "A_48": 61.90807403519309,
  "A_49": 85.66576529217642,
  "A_50": 105.16403496394022,
  "A_51": 45.114564841722704,
  "A_52": 4.307965474902768,
  "A_53": 67.01017130107027,
  "A_54": 95.07489812153091,
  "A_55": 120.96280282594856,
  "A_56": 2.279087240102637,
  "A_57": 36.22884648119749,
  "A_58": 63.52420982716458,
  "A_59": 31.794174291390142,
  "A_60": 45.85408318600713,
  "A_61": 155.966754897882,
  "A_62": 122.82726266763041,
  "A_63": 64.36335435767965,
  "A_64": 48.83191089775059,
  "A_65": 36.86627563061086,
  "A_66": 43.67599186653211,
  "A_67": 173.72822648703527,
  "A_68": 36.000766854546875,
  "A_69": 4.422005288228077,
  "A_70": 23.335549168935152,
  "A_71": 195.52420676015217,
  "A_72": 114.5348277965503,
  "A_73": 27.893723649140426,
  "A_74": 61.42131566944589,
  "A_75": 8.044889936347825,
  "A_76": 44.63543426293842,
  "A_77": 56.07428727392421,
  "A_78": 127.86465569121427,
  "A_79": 39.7980475940527,
  "A_80": 1.2076282160399163,
  "A_81": 83.19017771477702,
  "A_82": 171.58530843890983,
  "A_83": 38.71133299606415,
  "A_84": 50.021644602035664,
  "A_85": 160.1642871078258,
  "A_86": 78.52980094236518,
  "A_87": 53.046168946982085,
  "A_88": 70.12915705392484,
  "A_89": 189.40949878379934,
  "A_90": 111.4114061148689,
  "A_91": 283.7966771407182
}