{
  "A_1": 121.50262897480022,
  "A_2": 167.01944333988854,
  "A_3": 21.19263112080971,
  "A_4": 0.0,
  "A_5": 0.0,
  "A_6": 49.57734800259438,
  "A_7": 51.1033452181491,
  "A_8": 33.42721185183796,
  "A_9": 142.14940208886338,
  "A_10": 119.36955039486581,
  "A_11": 31.634882977482523,
  "A_12": 80.75607172677567,
  "A_13": 32.90127154251518,
  "A_14": 87.23247754852162,
  "A_15": 70.63804479832393,
  "A_16": 3.622884648119749,
  "A_17": 89.83509856646157,
  "A_18": 133.89266827669866,
  "A_19": 97.90466885469601,
  "A_20": 1.2076282160399163,
  "A_21": 87.95079642557963,
  "A_22": 50.00375009028082,
  "A_23": 31.88254100955032,
  "A_24": 65.46636753835503,
  "A_25": 44.11204492685036,
  "A_26": 62.73112104495115,
  "A_27": 25.71501657750529,
  "A_28": 0.0,
  "A_29": 84.95339030841899,
  "A_30": 125.77118631145635,
  "A_31": 0.0,
  "A_32": 27.349046881231644,
  "A_33": 133.5342251212947,
  "A_34": 24.97381433955854,
  "A_35": 125.40252669674288,
  "A_36": 153.55330802317064,
  "A_37": 18.236932787718136,
  "A_38": 72.71213683459453,
  "A_39": 87.92281111822147,
  "A_40": 46.71959196207112,
  "A_41": 12.857508288752644,
  "A_42": 1.2076282160399163,
  "A_43": 3.622884648119749,
  "A_44": 2.4152564320798326,
  "A_45": 0.0,
  "A_46": 1.2076282160399163,
  "A_47": 0.0,
  "A_48": 54.87005197795017,
  "A_49": 32.38211707332416,
  "A_50": 0.0,
  "A_51": 63.13359676298785,
  "A_52": 64.77186193361123,
  "A_53": 41.704416281733444,
  "A_54": 32.49192201975243,
  "A_55": 114.82410564809287,
  "A_56": 86.90494766482898,
  "A_57": 0.0,
  "A_58": 9.524856536342135,
  "A_59": 82.2003372678546,
  "A_60": 27.614599425054287,
  "A_61": 0.0,
  "A_62": 74.25159263307722,
  "A_63": 144.5017512696477,
  "A_64": 28.983077184957992,
  "A_65": 0.0,
  "A_66": 56.46829325816683,
  "A_67": 138.1001153530572,
  "A_68": 137.22271879039204,
  "A_69": 53.11774699400147,
  "A_70": 28.929393649693452,
  "A_71": 76.24053494206493,
  "A_72": 53.372190866201024,
  "A_73": 0.0,
  "A_74": 26.28182272406596,
  "A_75": 0.0,
  "A_76": 28.965182673203145,
  "A_77": 0.0,
  "A_78": 9.66102572831933,
  "A_79": 2.4152564320798326,
  "A_80": 7.500213168439043,
  "A_81": 4.830512864159665,
  "A_82": 0.0,
  "A_83": 0.0,
  "A_84": 43.47461577743699,
  "A_85": 25.08468742748904,
  "A_86": 49.90336992181331,
  "A_87": 4.3522242322065425,
  "A_88": 18.21480340906625,
  "A_89": 11.071324369627636,
  "A_90": 29.918367017043515,
  "A_91": 25.069959641129003,
  "A_92": 19.99973069112983,
  "A_93": 0.0,
  "A_94": 4.830512864159665,
  "A_95": 3.4867154561425533,
  "A_96": 87.51939292238868,
  "A_97": 72.64055878757513,
  "A_98": 24.779726745419765,
  "A_99": 238.88730856475735,
  "A_100": 32.88676995082621,
  "A_101": 135.0671212743167,
  "A_102": 73.20057909400406,
  "A_103": 45.15882359902649,
  "A_104": 52.35346033323616,
  "A_105": 3.350546264165357,
  "A_106": 79.77228827048933,
  "A_107": 133.11292498007768,
  "A_108": 57.57977617263628,
  "A_109": 25.851185769482488,
  "A_110": 9.66102572831933,
  "A_111": 52.47692492452223,
  "A_112": 93.25884393945557,
  "A_113": 2.279087240102637,
  "A_114": 0.0,
  "A_115": 57.01297002607561,
  "A_116": 19.848833712792597,
  "A_117": 0.0,
  "A_118": 134.52410326732902,
  "A_119": 165.80137246986806,
  "A_120": 19.893167868320056,
  "A_121": 30.581318465174647,
  "A_122": 2.142918048125441,
  "A_123": 48.097381402600064,
  "A_124": 8.111278072303488,
  "A_125": 1.0714590240627204,
  "A_126": 14.491538592478996,
  "A_127": 4.830512864159665,
  "A_128": 9.66102572831933,
  "A_129": 19.286262433128968,
  "A_130": 4.830512864159665,
  "A_131": 19.348415702187587,
  "A_132": 57.30233584221247,
  "A_133": 100.1385674260694,
  "A_134": 91.3396826864894,
  "A_135": 133.7284006800278,
  "A_136": 0.0,
  "A_137": 5.924101266874272,
  "A_138": 13.693259899201832,
  "A_139": 104.9868868373896,
  "A_140": 15.471087181868294,
  "A_141": 1.2076282160399163,
  "A_142": 96.43064614800227,
  "A_143": 145.37317880627108,
  "A_144": 14.764718923264553,
  "A_145": 3.5088448347944396,
  "A_146": 12.076282160399163,
  "A_147": 45.617533825562425,
  "A_148": 2.4152564320798326,
  "A_149": 18.870127070234464,
  "A_150": 117.52356311798704,
  "A_151": 59.570314410692006,
  "A_152": 3.622884648119749,
  "A_153": 12.216686219273399,
  "A_154": 10.051638792496071,
  "A_155": 0.0,
  "A_156": 26.36355439854176,
  "A_157": 2.4152564320798326,
  "A_158": 47.82504301864567,
  "A_159": 17.82419034488951,
  "A_160": 4.716473050834356,
  "A_161": 14.882151656655736,
  "A_162": 7.245769296239498,
  "A_163": 30.0766655876726,
  "A_164": 67.46792648343954,
  "A_165": 107.17501868698551,
  "A_166": 59.90132517904484,
  "A_167": 3.214377072188161,
  "A_168": 37.4364746972374,
  "A_169": 56.318464421331825,
  "A_170": 0.0,
  "A_171": 67.24332774144911,
  "A_172": 96.34212863339474,
  "A_173": 36.0926772892203,
  "A_174": 14.3553694005018,
  "A_175": 5.357295120313602,
  "A_176": 8.980179768433352,
  "A_177": 0.0,
  "A_178": 2.4152564320798326,
  "A_179": 9.920697210694453,
  "A_180": 10.187807984473269,
  "A_181": 30.857891716026078,
  "A_182": 5.76580269624519,
  "A_183": 16.071885360940808,
  "A_184": 0.0,
  "A_185": 4.285836096250882,
  "A_186": 47.688119844431625,
  "A_187": 79.323756804151,
  "A_188": 60.70224281015103,
  "A_189": 0.0,
  "A_190": 1.2076282160399163,
  "A_191": 60.091177906286575,
  "A_192": 146.12212192851626,
  "A_193": 23.924484694147708,
  "A_194": 3.214377072188161,
  "A_195": 83.29055788324452,
  "A_196": 110.57243751354244,
  "A_197": 30.9906679879374,
  "A_198": 111.16731693205558,
  "A_199": 26.178891582363747,
  "A_200": 93.736177527242,
  "A_201": 77.49743589728374,
  "A_202": 10.640574317708628,
  "A_203": 51.928013289716404,
  "A_204": 95.69793877659083,
  "A_205": 19.868412118209775,
  "A_206": 0.0,
  "A_207": 50.76708170687945,
  "A_208": 0.0,
  "A_209": 2.4152564320798326,
  "A_210": 0.0,
  "A_211": 12.076282160399163,
  "A_212": 0.0,
  "A_213": 15.000426336878085,
  "A_214": 106.46694140197823,
  "A_215": 17.551851960935114,
  "A_216": 26.958433817054896,
  "A_217": 1.0714590240627204,
  "A_218": 36.175162945932954,
  "A_219": 14.035379339177759,
  "A_220": 0.0,
  "A_221": 1.2076282160399163,
  "A_222": 0.0,
  "A_223": 0.0,
  "A_224": 6.859391098959797,
  "A_225": 13.147741184461884,
  "A_226": 15.15449004061013,
  "A_227": 1.0935884027146072,
  "A_228": 2.279087240102637,
  "A_229": 1.0714590240627204,
  "A_230": 79.49994988653494,
  "A_231": 17.684628232846435,
  "A_232": 14.03537933917776,
  "A_233": 37.52412513227257,
  "A_234": 0.0,
  "A_235": 5.629633504267994,
  "A_236": 6.564923336353519,
  "A_237": 9.915469600518875,
  "A_238": 6.117309215070045,
  "A_239": 2.4152564320798326,
  "A_240": 1.2076282160399163,
  "A_241": 4.444134666879965,
  "A_242": 1.2076282160399163,
  "A_243": 0.0,
  "A_244": 41.44997240953389,
  "A_245": 14.491538592478996,
  "A_246": 0.0,
  "A_247": 47.084682727530094,
  "A_248": 135.59294848630395,
  "A_249": 78.09748009411939,
  "A_250": 30.85365684912904,
  "A_251": 180.470147153492,
  "A_252": 151.67246163420768,
  "A_253": 15.272764720832477,
  "A_254": 121.44109145790168,
  "A_255": 16.134038629999427,
  "A_256": 0.0,
  "A_257": 2.4152564320798326,
  "A_258": 13.674523440615818,
  "A_259": 11.325655144491648,
  "A_260": 7.131729482914189,
  "A_261": 43.904385652448084,
  "A_262": 26.554161108020352,
  "A_263": 58.51164795191471,
  "A_264": 82.1187186907143,
  "A_265": 29.24175592405458,
  "A_266": 56.78912526632203,
  "A_267": 56.60953926387222,
  "A_268": 39.56996796740208,
  "A_269": 62.80513696786973,
  "A_270": 161.96067491988964,
  "A_271": 49.61313702610407,
  "A_272": 60.600065650685664,
  "A_273": 14.219200208524605,
  "A_274": 138.40742594643132,
  "A_275": 9.709519352520143,
  "A_276": 67.30115817901638,
  "A_277": 64.93439537113736,
  "A_278": 155.2282921287292,
  "A_279": 41.26104959371763,
  "A_280": 0.0,
  "A_281": 19.32205145663866,
  "A_282": 3.2365064508400483,
  "A_283": 0.0,
  "A_284": 1.2076282160399163,