{
  "A_1": 178.6061397011523,
  "A_2": 126.00268399091405,
  "A_3": 175.10435716664313,
  "A_4": 88.42569213746688,
  "A_5": 76.34949794166204,
  "A_6": 98.88934452329595,
  "A_7": 140.0789040345885,
  "A_8": 7.522342547090929,
  "A_9": 69.90626733833795,
  "A_10": 131.6314755483509,
  "A_11": 76.39961262767207,
  "A_12": 3.622884648119749,
  "A_13": 95.2664598751762,
  "A_14": 104.6994059768449,
  "A_15": 44.432034988174394,
  "A_16": 33.54125166516326,
  "A_17": 141.4845656851401,
  "A_18": 91.66570460570834,
  "A_19": 4.830512864159665,
  "A_20": 99.79308019876882,
  "A_21": 145.16388590368894,
  "A_22": 42.26698756139707,
  "A_23": 9.66102572831933,
  "A_24": 56.78732827532418,
  "A_25": 49.32290413039483,
  "A_26": 128.3634149408982,
  "A_27": 49.10424928170498,
  "A_28": 25.188234321351352,
  "A_29": 101.69521401955251,
  "A_30": 14.263458965828377,
  "A_31": 141.90522494145577,
  "A_32": 69.15384333143258,
  "A_33": 50.648807026657096,
  "A_34": 172.13334042777262,
  "A_35": 87.05167260812225,
  "A_36": 71.87722717097651,
  "A_37": 146.2385367858877,
  "A_38": 121.52519817642359,
  "A_39": 89.04014996139722,
  "A_40": 34.73522023634537,
  "A_41": 94.58643072938017,
  "A_42": 58.67336457535089,
  "A_43": 57.43952291020943,
  "A_44": 78.81486905975191,
  "A_45": 14.74598246467854,
  "A_46": 66.19147225554478,
  "A_47": 68.13511279846772,
  "A_48": 31.833205438518338,
  "A_49": 54.277723532671736,
  "A_50": 47.916199471082244,
  "A_51": 151.34562290089877,
  "A_52": 76.091485220208,
  "A_53": 29.68773641715819,
  "A_54": 74.73678020249761,
  "A_55": 101.44077014735296,
  "A_56": 58.69462687443039,
  "A_57": 15.018320848632932,
  "A_58": 126.14434468684973,
  "A_59": 77.28820582655464,
  "A_60": 2.4152564320798326,
  "A_61": 35.70629909194059,
  "A_62": 136.32581922053333,
  "A_63": 128.65364783660743,
  "A_64": 15.699166808518912,
  "A_65": 32.60596183307774,
  "A_66": 53.916867634109806,
  "A_67": 56.48618776992167,
  "A_68": 0.0,
  "A_69": 76.08057761051474,
  "A_70": 106.13511381953545,
  "A_71": 51.791844097739215,
  "A_72": 21.737307888718497,
  "A_73": 103.03901142756962,
  "A_74": 159.8290163398347,
  "A_75": 35.885018014818016,
  "A_76": 83.30845239499939,
  "A_77": 168.91812140875328,
  "A_78": 116.15825208347817,
  "A_79": 195.08762591226815,
  "A_80": 52.80961958653739,
  "A_81": 109.76944643128488,
  "A_82": 91.18741597375521,
  "A_83": 18.78160955562692,
  "A_84": 39.85173112931724,
  "A_85": 131.58466581781238,
  "A_86": 27.503110584963686,
  "A_87": 8.980179768433352,
  "A_88": 47.62428268171067,
  "A_89": 136.32581922053333,
  "A_90": 4.422005288228077,
  "A_91": 37.4364746972374,
  "A_92": 32.21958363579804,
  "A_93": 77.28820582655464,
  "A_94": 7.851719687263898,
  "A_95": 90.96272926717047,
  "A_96": 102.3760599794385,
  "A_97": 41.910102635949286,
  "A_98": 9.66102572831933,
  "A_99": 144.29837712762492,
  "A_100": 141.6550410688945,
  "A_101": 6.564923336353519,
  "A_102": 10.732484752382051,
  "A_103": 69.26712916252103,
  "A_104": 1.2076282160399163,
  "A_105": 73.38956474167341,
  "A_106": 50.56632136994445,
  "A_107": 102.35816546768365,
  "A_108": 162.17700499001583,
  "A_109": 54.680199250708434,
  "A_110": 256.8739066834668
}