{
  "A_1": 239.5765991256962,
  "A_2": 236.07465322836904,
  "A_3": 105.89241950386032,
  "A_4": 113.88977086017402,
  "A_5": 187.3695370101173,
  "A_6": 122.11932361269987,
  "A_7": 186.2495843618538,
  "A_8": 200.93175479655258,
  "A_9": 138.79380414371104,
  "A_10": 113.56798380785213,
  "A_11": 133.8049927089223,
  "A_12": 176.5681634140273,
  "A_13": 86.2325965714783,
  "A_14": 162.4153513414584,
  "A_15": 97.6530649822553,
  "A_16": 88.1568597709139,
  "A_17": 146.76807107720617,
  "A_18": 111.76474732380342,
  "A_19": 83.29055788324455,
  "A_20": 127.61963659697551,
  "A_21": 76.38454554930546,
  "A_22": 75.9911050517405,
  "A_23": 161.4358027520691,
  "A_24": 33.699550235792344,
  "A_25": 35.27989700425416,
  "A_26": 61.0885958746895,
  "A_27": 66.35220870207304,
  "A_28": 1.2867963509103797,
  "A_29": 3.214377072188161,
  "A_30": 64.05192199474399,
  "A_31": 90.89538608704812,
  "A_32": 0.0,
  "A_33": 4.422005288228077,
  "A_34": 111.03445269554994,
  "A_35": 130.05551444323348,
  "A_36": 27.503110584963682,
  "A_37": 217.8784983132945,
  "A_38": 11.940112968421968,
  "A_39": 57.949101804992296,
  "A_40": 30.190705400997906,
  "A_41": 70.64320957664644,
  "A_42": 1.2076282160399163,
  "A_43": 1.0714590240627204,
  "A_44": 63.958327666408245,
  "A_45": 2.3012166187545233,
  "A_46": 0.0,
  "A_47": 7.245769296239498,
  "A_48": 53.662423761910254,
  "A_49": 48.25144510633211,
  "A_50": 39.78015308229785,
  "A_51": 6.973430912285107,
  "A_52": 94.94380574328193,
  "A_53": 87.984901555427,
  "A_54": 126.56691403149881,
  "A_55": 137.9699780189749,
  "A_56": 96.0764881249778,
  "A_57": 22.944936104758412,
  "A_58": 81.4684718432743,
  "A_59": 15.585126995193603,
  "A_60": 123.47928137332705,
  "A_61": 58.896254290937776,
  "A_62": 115.14415854126999,
  "A_63": 61.78979935497073,
  "A_64": 194.18890421867036,
  "A_65": 104.8780118023868,
  "A_66": 102.38534652732253,
  "A_67": 79.85825481186215,
  "A_68": 93.43494905724519,
  "A_69": 150.77559976346083,
  "A_70": 16.61656212884959,
  "A_71": 47.09750042555674,
  "A_72": 21.42918048125441,
  "A_73": 15.408933912809674,
  "A_74": 12.076282160399163,
  "A_75": 14.491538592478996,
  "A_76": 0.0,
  "A_77": 28.402611393539516,
  "A_78": 2.4152564320798326,
  "A_79": 30.828976497242444,
  "A_80": 62.988090757644194,
  "A_81": 142.6342377999066,
  "A_82": 53.79349100741803,
  "A_83": 13.28391037643908,
  "A_84": 89.07425509124458,
  "A_85": 107.25083160090193,
  "A_86": 10.868653944359247,
  "A_87": 99.87310284684106,
  "A_88": 169.55720931908778,
  "A_89": 125.41964209351966,
  "A_90": 66.09776482987351,
  "A_91": 54.715988274218134,
  "A_92": 9.915469600518875,
  "A_93": 162.86977643561485,
  "A_94": 53.06406345873693,
  "A_95": 75.02002619614528,
  "A_96": 164.1114595160197,
  "A_97": 44.33832756250312,
  "A_98": 0.0,
  "A_99": 34.34037230527159,
  "A_100": 123.79825355863133,
  "A_101": 65.69102911219856,
  "A_102": 31.398333617037824,
  "A_103": 41.75176636620836,
  "A_104": 36.000766854546875,
  "A_105": 0.0,
  "A_106": 3.622884648119749,
  "A_107": 54.864950031480745,
  "A_108": 7.245769296239498,
  "A_109": 0.0,
  "A_110": 0.0,
  "A_111": 34.831365537915836,
  "A_112": 19.32205145663866,
  "A_113": 0.0,
  "A_114": 94.24169748431645,
  "A_115": 85.5764058307377,
  "A_116": 28.70818782776889,
  "A_117": 18.232697920821096,
  "A_118": 76.42174200632397,
  "A_119": 167.8440611459734,
  "A_120": 56.104119837762696,
  "A_121": 28.526917931656754,
  "A_122": 97.07572821711977,
  "A_123": 62.11582127418967,
  "A_124": 59.35505248206803,
  "A_125": 125.58811942434636,
  "A_126": 3.5088448347944396,
  "A_127": 0.0,
  "A_128": 0.0,
  "A_129": 1.2076282160399163,
  "A_130": 29.746408801556623,
  "A_131": 55.226559912279555,
  "A_132": 9.38868734436494,
  "A_133": 22.830896291433103,
  "A_134": 61.52772769580828,
  "A_135": 46.6413411722555,
  "A_136": 153.53009793664592,
  "A_137": 115.12620119766206,
  "A_138": 28.300522198668467,
  "A_139": 92.11241394830759,
  "A_140": 141.1724924373031,
  "A_141": 106.54020334265994,
  "A_142": 28.75328853190383,
  "A_143": 125.40769147506538,
  "A_144": 105.71292146600483,
  "A_145": 64.59566885122732,
  "A_146": 4.830512864159665,
  "A_147": 64.25873932231511,
  "A_148": 90.40955763272639,
  "A_149": 0.0,
  "A_150": 43.20227739348259,
  "A_151": 132.41693654360142,
  "A_152": 116.74233698963357,
  "A_153": 6.038141080199582,
  "A_154": 115.74245601259024,
  "A_155": 52.57814703982089,
  "A_156": 62.74298369881111,
  "A_157": 24.25294448926583,
  "A_158": 182.6596487374849
}