{
  "A_1": 232.71724572584824,
  "A_2": 98.94291496122496,
  "A_3": 82.44378556576656,
  "A_4": 77.28820582655464,
  "A_5": 156.01444427436348,
  "A_6": 115.21471871226962,
  "A_7": 71.6048887870221,
  "A_8": 91.7906520287269,
  "A_9": 137.66364760250866,
  "A_10": 120.23601421509647,
  "A_11": 49.37658766565937,
  "A_12": 154.61128333156415,
  "A_13": 80.8037234041453,
  "A_14": 92.85120344309635,
  "A_15": 102.87126294623855,
  "A_16": 125.70462224631206,
  "A_17": 140.9222834320006,
  "A_18": 64.65358725338889,
  "A_19": 57.97038923681303,
  "A_20": 119.4411535746264,
  "A_21": 99.55229597142707,
  "A_22": 147.80719682967816,
  "A_23": 143.81582849603356,
  "A_24": 117.1118385511782,
  "A_25": 21.87771194759273,
  "A_26": 55.53300342608131,
  "A_27": 73.63376702182224,
  "A_28": 56.4146097229023,
  "A_29": 2.4152564320798326,
  "A_30": 24.679346576952263,
  "A_31": 109.49656769339407,
  "A_32": 7.131729482914189,
  "A_33": 17.978254048621547,
  "A_34": 85.82408899554672,
  "A_35": 54.13552248279966,
  "A_36": 0.0,
  "A_37": 61.50133831751813,
  "A_38": 71.46871959504492,
  "A_39": 28.7107388010036,
  "A_40": 0.0,
  "A_41": 146.52552755797845,
  "A_42": 113.35600170195852,
  "A_43": 31.907221361436914,
  "A_44": 120.42067703127448,
  "A_45": 1.2867963509103797,
  "A_46": 95.15909280464712,
  "A_47": 85.16113754741558,
  "A_48": 3.372675642817244,
  "A_49": 19.694770009060555,
  "A_50": 81.89307693996288,
  "A_51": 64.84248493646393,
  "A_52": 96.34882650893218,
  "A_53": 92.54391798246343,
  "A_54": 29.646028633089127,
  "A_55": 114.43868249497984,
  "A_56": 92.35160224658131,
  "A_57": 0.0,
  "A_58": 1.2076282160399163,
  "A_59": 58.87250385047665,
  "A_60": 0.0,
  "A_61": 12.076282160399163,
  "A_62": 0.0,
  "A_63": 32.17022293202484,
  "A_64": 14.065136504792562,
  "A_65": 42.91204449777336,
  "A_66": 144.48716171336446,
  "A_67": 141.77912141234066,
  "A_68": 82.75017881408588,
  "A_69": 67.51395709899995,
  "A_70": 2.4152564320798326,
  "A_71": 13.832822011244904,
  "A_72": 70.08913316351811,
  "A_73": 215.14156792622828,
  "A_74": 35.23224532688451,
  "A_75": 31.498713785505323,
  "A_76": 20.051391040725452,
  "A_77": 116.42930869762989,
  "A_78": 33.45781096428392,
  "A_79": 58.520331314009226,
  "A_80": 93.7864932751819,
  "A_81": 60.838412002128216,
  "A_82": 0.0,
  "A_83": 92.04866475018093,
  "A_84": 74.43288766193058,
  "A_85": 0.0,
  "A_86": 0.0,
  "A_87": 53.79859295388745,
  "A_88": 96.19476280520014,
  "A_89": 1.2076282160399163,
  "A_90": 0.0,
  "A_91": 74.99122407469716,
  "A_92": 25.360192536838245,
  "A_93": 6.83726172030791,
  "A_94": 63.352251611677694,
  "A_95": 79.88632808381463,
  "A_96": 28.98307718495799,
  "A_97": 148.2758847544819,
  "A_98": 29.12432319066339,
  "A_99": 33.42466087860325,
  "A_100": 0.0,
  "A_101": 22.944936104758412,
  "A_102": 0.0,
  "A_103": 14.337474888746954,
  "A_104": 0.0,
  "A_105": 6.995560290936993,
  "A_106": 4.69434367218247,
  "A_107": 10.714590240627203,
  "A_108": 35.92071907373341,
  "A_109": 76.96092727027428,
  "A_110": 88.60020132618848,
  "A_111": 82.62241652404968,
  "A_112": 198.42624669072046,
  "A_113": 70.13516377907852,
  "A_114": 149.43000536444592,
  "A_115": 149.98244814939432,
  "A_116": 56.07768019399008,
  "A_117": 57.575516172998036,
  "A_118": 17.865056182127404,
  "A_119": 136.0296424315235,
  "A_120": 57.326149114526686,
  "A_121": 10.868653944359247,
  "A_122": 0.0,
  "A_123": 13.28391037643908,
  "A_124": 54.52613554697639,
  "A_125": 14.444728861940513,
  "A_126": 0.0,
  "A_127": 75.53590084260594,
  "A_128": 31.090206209573736,
  "A_129": 0.0,
  "A_130": 74.29678130180648,
  "A_131": 157.64183953440548,
  "A_132": 11.940112968421968,
  "A_133": 0.0,
  "A_134": 42.876255474263665,
  "A_135": 127.597331289135,
  "A_136": 37.81342811655634,
  "A_137": 50.68459605016679,
  "A_138": 4.285836096250882,
  "A_139": 43.47461577743699,
  "A_140": 127.28157609470802,
  "A_141": 98.413493767242,
  "A_142": 18.5237727633615,
  "A_143": 26.123524153436875,
  "A_144": 53.74490941862291,
  "A_145": 54.957702412985334,
  "A_146": 55.63422554137997,
  "A_147": 15.953610680718457,
  "A_148": 36.30370435094723,
  "A_149": 67.29040136577049,
  "A_150": 0.0,
  "A_151": 57.19583585125577,
  "A_152": 106.73748279493475,
  "A_153": 113.39767178691575,
  "A_154": 53.170475485099324,
  "A_155": 80.9756816196322,
  "A_156": 50.802870730389145,
  "A_157": 93.27061862872122,
  "A_158": 176.66257455645302,
  "A_159": 84.96194800680739,
  "A_160": 48.30512864159665,
  "A_161": 120.2614234164787,
  "A_162": 40.75546680479011,
  "A_163": 4.716473050834356,
  "A_164": 21.395188448742566,
  "A_165": 0.0,
  "A_166": 48.96297814325836,
  "A_167": 8.818488277738393,
  "A_168": 1.2076282160399163,
  "A_169": 25.052065129374157,
  "A_170": 0.0,
  "A_171": 28.983077184957992,
  "A_172": 4.830512864159665,
  "A_173": 7.245769296239498,
  "A_174": 17.84208485664435,
  "A_175": 149.16973069628128,
  "A_176": 77.26512140373606,
  "A_177": 14.105160395199295,
  "A_178": 9.643131216564484,
  "A_179": 66.33007932342116,
  "A_180": 82.35950291805605,
  "A_181": 37.4364746972374,
  "A_182": 54.57981908224093,
  "A_183": 84.13814701481246,
  "A_184": 174.5544276558175,
  "A_185": 137.46186938955387,
  "A_186": 23.33978403583219,
  "A_187": 84.66408732413524,
  "A_188": 184.50406521803683,
  "A_189": 80.5161294462651,
  "A_190": 109.73311705383877,
  "A_191": 168.1393959881521,
  "A_192": 85.55175061159233,
  "A_193": 74.60484587741746,
  "A_194": 92.03161218525726,
  "A_195": 57.966154369915984,
  "A_196": 125.77460436426344,
  "A_197": 99.02551371527314,
  "A_198": 90.87163564658698,
  "A_199": 112.37323612169195,
  "A_200": 89.09214960299941,
  "A_201": 81.46667485227644,
  "A_202": 115.86166060423804,
  "A_203": 120.84273115472837,
  "A_204": 119.27085412006065,
  "A_205": 78.49583404259457,
  "A_206": 112.70003715588896,
  "A_207": 64.24507967745731,
  "A_208": 136.80396962240974,
  "A_209": 199.46876536325834,
  "A_210": 117.32280278105205,
  "A_211": 269.26087979093546
}