{
  "A_1": 52.860752148567215,
  "A_2": 123.40103058351144,
  "A_3": 7.908720744370631,
  "A_4": 28.846907992980793,
  "A_5": 44.30010066309424,
  "A_6": 94.69200080891139,
  "A_7": 205.32995937883712,
  "A_8": 153.49556555019765,
  "A_9": 0.0,
  "A_10": 29.933094803403552,
  "A_11": 65.43057851484534,
  "A_12": 43.47461577743698,
  "A_13": 82.02924613194007,
  "A_14": 175.49749607131335,
  "A_15": 128.34633724323328,
  "A_16": 57.00702613277504,
  "A_17": 120.4367996847727,
  "A_18": 113.72628237848123,
  "A_19": 10.714590240627205,
  "A_20": 112.48472496178256,
  "A_21": 68.16243208818332,
  "A_22": 112.30942409171223,
  "A_23": 84.7628715635347,
  "A_24": 37.927467929881644,
  "A_25": 31.477501751908285,
  "A_26": 128.90290179774325,
  "A_27": 25.132112910187626,
  "A_28": 125.94813337607714,
  "A_29": 78.98682727523881,
  "A_30": 124.05710822691651,
  "A_31": 63.693617069416774,
  "A_32": 84.40880150510452,
  "A_33": 57.57035139467552,
  "A_34": 43.84733432985888,
  "A_35": 47.09750042555674,
  "A_36": 92.2061465067201,
  "A_37": 75.74098401103231,
  "A_38": 16.362118256650046,
  "A_39": 62.74298369881111,
  "A_40": 40.36061887371633,
  "A_41": 107.13082276153483,
  "A_42": 113.58068840854325,
  "A_43": 20.920292736855316,
  "A_44": 88.15685977091388,
  "A_45": 117.77461407012072,
  "A_46": 69.63392895438356,
  "A_47": 89.93637094724268,
  "A_48": 23.877674963609223,
  "A_49": 20.375615968946533,
  "A_50": 50.68459605016679,
  "A_51": 2.4152564320798326,
  "A_52": 1.0935884027146072,
  "A_53": 3.214377072188161,
  "A_54": 5.493464312290798,
  "A_55": 33.91397021758516,
  "A_56": 112.92722457022597,
  "A_57": 81.70340014190975,
  "A_58": 121.07928051517307,
  "A_59": 54.715988274218134,
  "A_60": 237.54351115674027,
  "A_61": 145.37987668180855,
  "A_62": 16.656586019256324,
  "A_63": 60.61796016244051,
  "A_64": 24.79762125717461,
  "A_65": 0.0,
  "A_66": 0.0,
  "A_67": 4.830512864159665,
  "A_68": 10.868653944359247,
  "A_69": 3.214377072188161,
  "A_70": 0.0,
  "A_71": 9.116348960410548,
  "A_72": 80.44889936347826,
  "A_73": 119.76694929917429
}