{
  "A_1": 76.16738609871874,
  "A_2": 45.34943030850508,
  "A_3": 126.42972696350182,
  "A_4": 68.78799858373675,
  "A_5": 99.47129314644692,
  "A_6": 102.19720282648433,
  "A_7": 6.83726172030791,
  "A_8": 29.509859441111928,
  "A_9": 47.751027095727096,
  "A_10": 39.93421678602989,
  "A_11": 32.5225211321984,
  "A_12": 29.848585961021982,
  "A_13": 137.28234621895717,
  "A_14": 8.571672192501763,
  "A_15": 139.514535763927,
  "A_16": 0.0,
  "A_17": 50.82076524214399,
  "A_18": 1.2076282160399163,
  "A_19": 39.85173112931724,
  "A_20": 18.913543880707074,
  "A_21": 23.355127574352327,
  "A_22": 43.557101434149644,
  "A_23": 67.60154470218204,
  "A_24": 41.05935934535715,
  "A_25": 97.86458213243618,
  "A_26": 4.285836096250882,
  "A_27": 13.28391037643908,
  "A_28": 42.26698756139707,
  "A_29": 7.245769296239498,
  "A_30": 55.41472874585895,
  "A_31": 15.000426336878085,
  "A_32": 44.900898842166754,
  "A_33": 11.98860659262278,
  "A_34": 58.193278952399915,
  "A_35": 78.65836748012069,
  "A_36": 133.5835858250679,
  "A_37": 31.09020620957374,
  "A_38": 75.6829776442764,
  "A_39": 58.71159147475977,
  "A_40": 106.67280368538263,
  "A_41": 28.86987931846385,
  "A_42": 80.32119990529515,
  "A_43": 21.167108822091947,
  "A_44": 0.0,
  "A_45": 0.0,
  "A_46": 1.2076282160399163,
  "A_47": 74.06870167515585,
  "A_48": 1.2076282160399163,
  "A_49": 49.37658766565937,
  "A_50": 1.2076282160399163,
  "A_51": 50.70078153551809,
  "A_52": 47.99700123413257,
  "A_53": 3.622884648119749,
  "A_54": 55.27514150107467,
  "A_55": 1.0935884027146072,
  "A_56": 96.42301836103937,
  "A_57": 103.58368819547842,
  "A_58": 1.2076282160399163,
  "A_59": 1.2076282160399163,
  "A_60": 51.46582217852027,
  "A_61": 18.799504067381765,
  "A_62": 1.2076282160399163,
  "A_63": 1.2076282160399163,
  "A_64": 164.6263162864606,
  "A_65": 72.71637170149157,
  "A_66": 26.668200921345658,
  "A_67": 184.04874791156675,
  "A_68": 39.289159849653615,
  "A_69": 114.81233095882723,
  "A_70": 36.45776805467927,
  "A_71": 159.03668153985814,
  "A_72": 46.907647698314996,
  "A_73": 6.428754144376322,
  "A_74": 19.185882264661466,
  "A_75": 20.14330147539888,
  "A_76": 4.285836096250882,
  "A_77": 13.147741184461884,
  "A_78": 95.15059793811182,
  "A_79": 13.92133952585245,
  "A_80": 23.72276931304602,
  "A_81": 91.72951663568807,
  "A_82": 70.33603721334904,
  "A_83": 1.2076282160399163,
  "A_84": 26.43165156090096,
  "A_85": 1.2076282160399163,
  "A_86": 48.48799446677681,
  "A_87": 1.2076282160399163,
  "A_88": 13.671130520549946,
  "A_89": 0.0,
  "A_90": 0.0,
  "A_91": 0.0,
  "A_92": 93.27755526530036,
  "A_93": 20.529679672678576,
  "A_94": 86.23259657147831,
  "A_95": 48.74084240990834,
  "A_96": 196.75822435448225,
  "A_97": 158.79818439196816,
  "A_98": 66.9293192725375,
  "A_99": 35.84246828391778,
  "A_100": 84.0989902039781,
  "A_101": 0.0,
  "A_102": 77.21662777953526,
  "A_103": 54.85215746619532,
  "A_104": 14.882151656655736,
  "A_105": 147.88535965489945,
  "A_106": 38.806636350803444,
  "A_107": 167.1375420909223,
  "A_108": 33.76678031857917,
  "A_109": 17.45994152626169,
  "A_110": 107.7162774020872,
  "A_111": 33.049303388352335,
  "A_112": 62.861258379033465,
  "A_113": 62.45275080310187,
  "A_114": 82.07350488924385,
  "A_115": 30.190705400997906,
  "A_116": 16.5646755845829,
  "A_117": 18.5237727633615,
  "A_118": 111.31279780465802,
  "A_119": 171.12914918560858,
  "A_120": 95.15578784917554,
  "A_121": 4.69434367218247,
  "A_122": 172.56485702829912,
  "A_123": 133.69518776249402,
  "A_124": 49.93396903425928,
  "A_125": 35.02121826515757,
  "A_126": 29.628134121334277,
  "A_127": 114.44976603386174,
  "A_128": 0.0,
  "A_129": 13.123060832575288,
  "A_130": 39.71556193734004,
  "A_131": 12.87540280050749,
  "A_132": 36.74196909249362,
  "A_133": 1.2076282160399163,
  "A_134": 4.830512864159665,
  "A_135": 0.0,
  "A_136": 66.5744324000174,
  "A_137": 123.97444664101525,
  "A_138": 7.500213168439043,
  "A_139": 43.59289045765934,
  "A_140": 66.19823296293531,
  "A_141": 94.59838134783442,
  "A_142": 121.94980327311217,
  "A_143": 23.475953227809384,
  "A_144": 0.0,
  "A_145": 53.76280393037776,
  "A_146": 92.66303460951696,
  "A_147": 16.859985294020344,
  "A_148": 1.2076282160399163,
  "A_149": 79.5672930666573,
  "A_150": 39.643983890320655,
  "A_151": 2.279087240102637,
  "A_152": 55.358833529366294,
  "A_153": 91.898019099256,
  "A_154": 106.63211377733336,
  "A_155": 0.0,
  "A_156": 0.0,
  "A_157": 2.4152564320798326,
  "A_158": 8.726577843064971,
  "A_159": 2.4152564320798326,
  "A_160": 15.699166808518912,
  "A_161": 3.622884648119749,
  "A_162": 28.346489982375783,
  "A_163": 73.38863483024795,
  "A_164": 74.61677136313051,
  "A_165": 18.114423240598747,
  "A_166": 13.810692632593017,
  "A_167": 114.75104476934098,
  "A_168": 67.6841434562302,
  "A_169": 20.916899816789442,
  "A_170": 52.69134490631504,
  "A_171": 31.29360548433776,
  "A_172": 30.190705400997906,
  "A_173": 82.67862589980771,
  "A_174": 4.716473050834356,
  "A_175": 0.0,
  "A_176": 63.78297653085548,
  "A_177": 147.18424413921252,
  "A_178": 12.827751123137842,
  "A_179": 11.922218456667121,
  "A_180": 112.06502074963356,
  "A_181": 89.9737558998204,
  "A_182": 88.824862900032,
  "A_183": 82.06503515544978,
  "A_184": 110.26688621205429,
  "A_185": 25.25038759040997,
  "A_186": 226.9208313507865,
  "A_187": 63.90719510437842,
  "A_188": 199.93264036811678,
  "A_189": 111.32210948528328,
  "A_190": 109.88819863359058,
  "A_191": 84.93735561951509,
  "A_192": 71.84567301436385,
  "A_193": 91.77974441903363,
  "A_194": 56.18832708724952,
  "A_195": 19.185882264661466,
  "A_196": 31.793181548111605,
  "A_197": 0.0,
  "A_198": 0.0,
  "A_199": 60.2614019626287,
  "A_200": 2.142918048125441,
  "A_201": 10.460146368427658,
  "A_202": 0.0,
  "A_203": 0.0,
  "A_204": 3.5088448347944396,
  "A_205": 13.237100645900595,
  "A_206": 3.622884648119749,
  "A_207": 0.0,
  "A_208": 0.0,
  "A_209": 53.59084571489087,
  "A_210": 12.371591869836607,
  "A_211": 16.208054552918,
  "A_212": 118.61300461839892,
  "A_213": 71.59386807999331,
  "A_214": 117.24962880496463,
  "A_215": 71.63548789946807,
  "A_216": 27.252901579661177,
  "A_217": 31.720007572024194,
  "A_218": 78.0319339049949,
  "A_219": 4.285836096250882,
  "A_220": 19.32205145663866,
  "A_221": 31.0204251535522,
  "A_222": 0.0,
  "A_223": 4.285836096250882,
  "A_224": 0.0,
  "A_225": 0.0,
  "A_226": 26.028220798697582,
  "A_227": 59.0376133939787,
  "A_228": 43.1664883699729,
  "A_229": 94.55574365233988,
  "A_230": 166.96158776958004,
  "A_231": 62.93875518661222,
  "A_232": 50.79100807652919,
  "A_233": 103.5019313882614,
  "A_234": 60.38141080199581,
  "A_235": 35.346285140209815,
  "A_236": 0.0,
  "A_237": 48.83191089775059,
  "A_238": 80.74336712608455,
  "A_239": 154.14302266336128,
  "A_240": 88.98478253247033,
  "A_241": 44.54607480149971,
  "A_242": 81.48636635502913,
  "A_243": 92.70984434005544,
  "A_244": 7.245769296239498,
  "A_245": 26.33974112622754,
  "A_246": 104.69514597720665,
  "A_247": 53.29052202357832,
  "A_248": 2.142918048125441,
  "A_249": 91.01882554559299,
  "A_250": 85.20783418061853,
  "A_251": 76.03884469370445,
  "A_252": 82.30158451589448,
  "A_253": 1.0714590240627204,
  "A_254": 23.578281183722112,
  "A_255": 8.067019314999714,
  "A_256": 1.0714590240627204,
  "A_257": 0.0,
  "A_258": 0.0,
  "A_259": 19.32205145663866,
  "A_260": 1.2076282160399163,
  "A_261": 7.544471925742817,
  "A_262": 28.692844289248754,
  "A_263": 60.751578381183,
  "A_264": 171.15103980321877,
  "A_265": 30.257935483784728,
  "A_266": 11.417565579165071,
  "A_267": 8.844010576456155,
  "A_268": 73.28315271531102,
  "A_269": 110.69242122016834,
  "A_270": 105.27711973309886,
  "A_271": 1.0714590240627204,
  "A_272": 47.09750042555673,
  "A_273": 57.0350994047275,
  "A_274": 45.77583239619151,
  "A_275": 5.629633504267994,
  "A_276": 94.1634215617596,
  "A_277": 69.75643850150294,
  "A_278": 12.330726032598708,
  "A_279": 0.0,