{
  "A_1": 65.26470242273581,
  "A_2": 68.68071947780197,
  "A_3": 3.4867154561425533,
  "A_4": 1.2076282160399163,
  "A_5": 1.2076282160399163,
  "A_6": 0.0,
  "A_7": 0.0,
  "A_8": 23.471718360912348,
  "A_9": 51.45309244508794,
  "A_10": 142.893997246876,
  "A_11": 138.15362295913312,
  "A_12": 36.8866959828592,
  "A_13": 34.565059011856334,
  "A_14": 38.14368490267231,
  "A_15": 1.0935884027146072,
  "A_16": 1.0714590240627204,
  "A_17": 28.26644220156232,
  "A_18": 2.4152564320798326,
  "A_19": 6.564923336353519,
  "A_20": 84.62069564640385,
  "A_21": 75.75455569129579,
  "A_22": 34.142891791066944,
  "A_23": 102.74443056762783,
  "A_24": 26.366105371776467,
  "A_25": 81.93310083036961,
  "A_26": 76.16051229399267,
  "A_27": 27.217150255263327,
  "A_28": 87.01382269983179,
  "A_29": 28.7813618038563,
  "A_30": 21.737307888718494,
  "A_31": 12.485631683161916,
  "A_32": 2.4152564320798326,
  "A_33": 20.645403379666217,
  "A_34": 0.0,
  "A_35": 69.68062558758652,
  "A_36": 83.32634690675422,
  "A_37": 118.93636246704762,
  "A_38": 10.986928624581596,
  "A_39": 86.75937882763225,
  "A_40": 28.983077184957992,
  "A_41": 1.0935884027146072,
  "A_42": 55.61548908279396,
  "A_43": 27.25458547332351,
  "A_44": 0.0,
  "A_45": 0.0,
  "A_46": 91.8127814073788,
  "A_47": 34.134422057272864,
  "A_48": 0.0,
  "A_49": 27.775448968918077,
  "A_50": 94.59652152498347,
  "A_51": 19.44456100375805,
  "A_52": 54.34326972179623,
  "A_53": 120.53715472049899,
  "A_54": 180.7858520824366,
  "A_55": 47.896621065665066,
  "A_56": 73.64742666668005,
  "A_57": 9.252518152387744,
  "A_58": 57.60434342718736,
  "A_59": 0.0,
  "A_60": 0.0,
  "A_61": 0.0,
  "A_62": 0.0,
  "A_63": 14.491538592478996,
  "A_64": 33.096955065721986,
  "A_65": 17.77230380062282,
  "A_66": 118.8912868956539,
  "A_67": 44.5682041801516,
  "A_68": 2.1871768054292144,
  "A_69": 28.284336713317167,
  "A_70": 67.81004592341547,
  "A_71": 0.0,
  "A_72": 0.0,
  "A_73": 60.07328339453173,
  "A_74": 63.7498264451748,
  "A_75": 0.0,
  "A_76": 4.830512864159665,
  "A_77": 199.34969900168727,
  "A_78": 76.58859827534144,
  "A_79": 21.17473660905486,
  "A_80": 158.79667642749445,
  "A_81": 17.143344385003527,
  "A_82": 13.28391037643908,
  "A_83": 42.600524170243396,
  "A_84": 20.52967967267858,
  "A_85": 29.397767415231854,
  "A_86": 94.55403462593634,
  "A_87": 0.0,
  "A_88": 63.151491274742696,
  "A_89": 15.154490040610128,
  "A_90": 8.707841384478959,
  "A_91": 68.90363432613009,
  "A_92": 17.47783603801654,
  "A_93": 119.89212291686393,
  "A_94": 64.25873932231511,
  "A_95": 19.04971307268427,
  "A_96": 19.16798775290662,
  "A_97": 0.0,
  "A_98": 120.9585428263103,
  "A_99": 25.380612889086585,
  "A_100": 39.86020086311132,
  "A_101": 68.28502959989703,
  "A_102": 194.4315105697512,
  "A_103": 33.380402121299475,
  "A_104": 58.123497896378375,
  "A_105": 83.11859966775765,
  "A_106": 68.69863912229805,
  "A_107": 94.31655535406618,
  "A_108": 12.076282160399163,
  "A_109": 94.44848967914633,
  "A_110": 61.45286982605853,
  "A_111": 130.79558570782496,
  "A_112": 33.64163183363077,
  "A_113": 171.0625222886112,
  "A_114": 125.81544506876011,
  "A_115": 83.58415856627843,
  "A_116": 1.2076282160399163,
  "A_117": 0.0,
  "A_118": 0.0,
  "A_119": 0.0,
  "A_120": 0.0,
  "A_121": 3.4867154561425533,
  "A_122": 16.634456640604437,
  "A_123": 113.04042243672012,
  "A_124": 72.94358424856979,
  "A_125": 22.975535217204378,
  "A_126": 65.20334083502587,
  "A_127": 30.607682710723573,
  "A_128": 53.021601692431005,
  "A_129": 149.70924268586757,
  "A_130": 137.52991628643065,
  "A_131": 25.342298025083394,
  "A_132": 107.16135904212771,
  "A_133": 36.43987354292443,
  "A_134": 46.28048527369356,
  "A_135": 113.80114024823098,
  "A_136": 86.96701296929331,
  "A_137": 32.86887543907136,
  "A_138": 115.55861001050218,
  "A_139": 103.20227371459139,
  "A_140": 37.43647469723741,
  "A_141": 106.28141150622784,
  "A_142": 6.038141080199582,
  "A_143": 94.79240611012011,
  "A_144": 26.395862537391267,
  "A_145": 36.61945954537423,
  "A_146": 89.02744536070608,
  "A_147": 85.70242139525848,
  "A_148": 17.70591566466716,
  "A_149": 162.63548902188074,
  "A_150": 175.61666296384928,
  "A_151": 41.02357032184746,
  "A_152": 143.9749061816407,
  "A_153": 81.77903712663758,
  "A_154": 79.27187025988431,
  "A_155": 151.57454447438056,
  "A_156": 148.438418192008,
  "A_157": 159.44599336350902,
  "A_158": 169.93935264947044,
  "A_159": 149.45213474309776,
  "A_160": 92.79751990783183,
  "A_161": 148.7117116201291,
  "A_162": 165.48672311605515,
  "A_163": 54.510879973050564,
  "A_164": 72.04918538646339,
  "A_165": 4.58030385885716,
  "A_166": 68.10027881912471,
  "A_167": 78.66080535601988,
  "A_168": 15.817441488741261,
  "A_169": 171.12914918560858,
  "A_170": 115.76378114352282,
  "A_171": 1.0714590240627204,
  "A_172": 2.4152564320798326,
  "A_173": 0.0,
  "A_174": 0.0,
  "A_175": 0.0,
  "A_176": 53.773912602000856,
  "A_177": 47.54084198083133,
  "A_178": 0.0,
  "A_179": 131.70697430300197,
  "A_180": 26.549926241123313,
  "A_181": 89.16181756168542,
  "A_182": 51.311846439382535,
  "A_183": 130.78033013389916,
  "A_184": 47.29826076249174,
  "A_185": 0.0,
  "A_186": 51.11099813785322,
  "A_187": 105.24824221342706,
  "A_188": 16.90679502455883,
  "A_189": 1.2076282160399163,
  "A_190": 144.486231801939,
  "A_191": 116.09226607138216,
  "A_192": 13.266015864684233,
  "A_193": 51.66414463955609,
  "A_194": 13.151976051358924,
  "A_195": 67.38364383572903,
  "A_196": 10.868653944359247,
  "A_197": 0.0,
  "A_198": 21.5653496732316,
  "A_199": 10.460146368427658,
  "A_200": 150.23692972070575,
  "A_201": 53.842851711191216,
  "A_202": 20.77817965157754,
  "A_203": 11.123097816558792,
  "A_204": 133.24982302155053,
  "A_205": 105.2345448694574,
  "A_206": 30.717487657151846,
  "A_207": 73.12656317108548,
  "A_208": 22.11002644114039,
  "A_209": 76.3962197076062,
  "A_210": 64.44340213849313,
  "A_211": 100.65255711693791,
  "A_212": 60.17375152759354,
  "A_213": 15.699166808518912,
  "A_214": 4.285836096250882,
  "A_215": 0.0,
  "A_216": 69.5019946293034,
  "A_217": 90.76345176196796,
  "A_218": 15.154490040610128,
  "A_219": 49.237867500447464,
  "A_220": 48.199558562065434,
  "A_221": 8.317228320302219,
  "A_222": 45.81066637553452,
  "A_223": 1.2076282160399163,
  "A_224": 77.18083875602557,
  "A_225": 44.54607480149971,
  "A_226": 0.0,
  "A_227": 16.90679502455883,
  "A_228": 2.279087240102637,
  "A_229": 0.0,
  "A_230": 11.395436200513185,
  "A_231": 4.58030385885716,
  "A_232": 77.12132442479596,
  "A_233": 1.0714590240627204,
  "A_234": 53.02160169243101,
  "A_235": 44.70521531895995,
  "A_236": 48.054919636294144,
  "A_237": 13.16987056311377,
  "A_238": 3.622884648119749,
  "A_239": 12.080517027296203,
  "A_240": 0.0,
  "A_241": 0.0,
  "A_242": 146.83695992091413,
  "A_243": 67.16327996063563,
  "A_244": 13.928967312815365,
  "A_245": 148.5943668513322,
  "A_246": 82.1187186907143,
  "A_247": 3.622884648119749,
  "A_248": 25.36019253683824,
  "A_249": 0.0,
  "A_250": 2.279087240102637,
  "A_251": 11.09757551784103,
  "A_252": 140.40991480294133,
  "A_253": 64.18716127529572,
  "A_254": 73.92823478442853,
  "A_255": 98.00498619131042,
  "A_256": 12.6030644165531,
  "A_257": 57.39595530328944,
  "A_258": 0.0,
  "A_259": 50.4122576662124,
  "A_260": 102.97166824744727,
  "A_261": 77.53406686762459,
  "A_262": 27.058813985522402,
  "A_263": 92.02720138917161,
  "A_264": 60.38141080199581,
  "A_265": 48.04633680516454,
  "A_266": 48.30512864159665,
  "A_267": 82.86076287549221,
  "A_268": 74.88385700416808,
  "A_269": 71.63548789946807,
  "A_270": 24.44787403023577,
  "A_271": 70.13008696535032,
  "A_272": 80.63875209072,
  "A_273": 26.431651560900963,
  "A_274": 0.0,
  "A_275": 78.93314373997427,
  "A_276": 48.19108882827135,
  "A_277": 69.92839671698984,
  "A_278": 12.076282160399163,
  "A_279": 91.04521492388312,
  "A_280": 91.06987014302851,
  "A_281": 77.15203663457744,
  "A_282": 91.39165719535039,