{
  "A_1": 249.81728639771467,
  "A_2": 148.29653130140127,
  "A_3": 197.2628772319843,
  "A_4": 227.856121182872,
  "A_5": 118.53043099709195,
  "A_6": 135.37263487669298,
  "A_7": 119.1909445693239,
  "A_8": 65.80509405826508,
  "A_9": 64.94382014909813,
  "A_10": 58.10655842879022,
  "A_11": 58.76527501002431,
  "A_12": 128.10897106869865,
  "A_13": 93.60511028173423,
  "A_14": 82.06503515544978,
  "A_15": 37.8091932496593,
  "A_16": 62.52432885012125,
  "A_17": 101.09346079631331,
  "A_18": 200.32312776858734,
  "A_19": 24.91589593739696,
  "A_20": 38.14368490267231,
  "A_21": 54.53216740487129,
  "A_22": 40.242344193493985,
  "A_23": 18.48714179302064,
  "A_24": 50.44804668972209,
  "A_25": 9.77930040854168,
  "A_26": 51.655674905762005,
  "A_27": 11.395436200513185,
  "A_28": 105.96315560404855,
  "A_29": 25.98735496145968,
  "A_30": 65.21192366615549,
  "A_31": 8.317228320302219,
  "A_32": 67.77425689990578,
  "A_33": 44.49239126623516,
  "A_34": 40.28660295079775,
  "A_35": 50.38334244742876,
  "A_36": 127.62369553468395,
  "A_37": 42.74356716694665,
  "A_38": 20.41563985935327,
  "A_39": 39.324923740422086,
  "A_40": 79.40047449675168,
  "A_41": 31.67574881472042,
  "A_42": 27.775448968918077,
  "A_43": 45.367324820259924,
  "A_44": 49.91183965560738,
  "A_45": 48.85404027640248,
  "A_46": 42.85836096250881,
  "A_47": 28.983077184957992,
  "A_48": 26.56782075287816,
  "A_49": 4.716473050834356,
  "A_50": 113.24213781782183,
  "A_51": 38.50793372130012,
  "A_52": 177.65041695044778,
  "A_53": 79.62762421197684,
  "A_54": 13.147741184461884,
  "A_55": 37.12834728977332,
  "A_56": 25.36019253683824,
  "A_57": 20.529679672678576,
  "A_58": 95.13029068319901,
  "A_59": 15.585968942024769,
  "A_60": 71.6628071891837,
  "A_61": 3.4867154561425533,
  "A_62": 89.33038285710644,
  "A_63": 2.4152564320798326,
  "A_64": 97.87914655597825,
  "A_65": 34.243359924128754,
  "A_66": 19.031818560929423,
  "A_67": 81.520358387541,
  "A_68": 132.045700822912,
  "A_69": 120.12867227730862,
  "A_70": 94.86885990893786,
  "A_71": 115.71522468746892,
  "A_72": 44.6822439934769,
  "A_73": 90.99330324687521,
  "A_74": 1.2076282160399163,
  "A_75": 51.211378306320725,
  "A_76": 58.53038441050073,
  "A_77": 35.13610002531405,
  "A_78": 54.76277287201539,
  "A_79": 17.75017442197093,
  "A_80": 3.2365064508400483,
  "A_81": 59.83673403408703,
  "A_82": 79.20049327479477,
  "A_83": 90.09203058004275,
  "A_84": 98.63571746518635,
  "A_85": 153.72784234463347,
  "A_86": 52.176513268615366,
  "A_87": 138.23712649186555,
  "A_88": 118.8020153988095,
  "A_89": 39.851731129317244,
  "A_90": 42.62181160206411,
  "A_91": 20.647954352900925,
  "A_92": 58.1882649705248,
  "A_93": 54.03514231433215,
  "A_94": 4.830512864159665,
  "A_95": 82.11871869071432,
  "A_96": 2.4152564320798326,
  "A_97": 115.38763197192318,
  "A_98": 17.551851960935114,
  "A_99": 65.92157174748957,
  "A_100": 75.7869266619984,
  "A_101": 21.73730788871849,
  "A_102": 52.1645626501611,
  "A_103": 5.493464312290798,
  "A_104": 22.67259772080402,
  "A_105": 17.04380616336719,
  "A_106": 73.72658223517992,
  "A_107": 62.14555330706325,
  "A_108": 20.375615968946533,
  "A_109": 77.28820582655464,
  "A_110": 47.93661982333058,
  "A_111": 49.74591329801539,
  "A_112": 5.357295120313602,
  "A_113": 67.62718009823531,
  "A_114": 25.36526935056645,
  "A_115": 43.47461577743699,
  "A_116": 45.99025237798432,
  "A_117": 102.45854563615114,
  "A_118": 98.34466775538716,
  "A_119": 111.76898219070047,
  "A_120": 148.69144206432816,
  "A_121": 19.739028766364328,
  "A_122": 47.09750042555673,
  "A_123": 82.1187186907143,
  "A_124": 27.076708497277245,
  "A_125": 63.30978984537178,
  "A_126": 6.038141080199582,
  "A_127": 63.832337234628675,
  "A_128": 94.98560149194529,
  "A_129": 49.22252396192734,
  "A_130": 5.357295120313602,
  "A_131": 32.056183118699536,
  "A_132": 90.90904573190592,
  "A_133": 89.04693580152896,
  "A_134": 101.29761405331419,
  "A_135": 76.90850037207119,
  "A_136": 45.889872209516824,
  "A_137": 62.57102548332422,
  "A_138": 27.63927977694088,
  "A_139": 52.79172507478253,
  "A_140": 10.596315560404856,
  "A_141": 158.51757733614954,
  "A_142": 31.679141734786295,
  "A_143": 29.6902873903929,
  "A_144": 23.151728299588306,
  "A_145": 44.546074801499714,
  "A_146": 17.143344385003527,
  "A_147": 89.3644879869538,
  "A_148": 98.0407752148201,
  "A_149": 95.07660714793447,
  "A_150": 66.97777519762647,
  "A_151": 63.89025563679026,
  "A_152": 43.47461577743699,
  "A_153": 32.33362344912335,
  "A_154": 54.03514231433215,
  "A_155": 36.60156503361938,
  "A_156": 96.73700169720973,
  "A_157": 79.51451431007699,
  "A_158": 89.71931202762086,
  "A_159": 12.466895224575904,
  "A_160": 83.11868763235195,
  "A_161": 63.01532208276551,
  "A_162": 85.34400337259574,
  "A_163": 20.375615968946533,
  "A_164": 80.63356217965628,
  "A_165": 92.31743428488083,
  "A_166": 8.453397512279414,
  "A_167": 21.37305907009068,
  "A_168": 32.88337703076034,
  "A_169": 14.06513650479256,
  "A_170": 99.2083795404533,
  "A_171": 22.79087240102637,
  "A_172": 46.260039788704006,
  "A_173": 57.37176503985681,
  "A_174": 86.81306236289679,
  "A_175": 6.973430912285107,
  "A_176": 59.722694220761724,
  "A_177": 63.99832642407377,
  "A_178": 90.43594701101651,
  "A_179": 48.329783860742026,
  "A_180": 39.25337082614391,
  "A_181": 132.1045742692403,
  "A_182": 218.27937810226317,
  "A_183": 67.72924416036514,
  "A_184": 71.91725106138324,
  "A_185": 3.214377072188161,
  "A_186": 37.6730240576821,
  "A_187": 50.68459605016679,
  "A_188": 20.87009008625096,
  "A_189": 61.338830012733226,
  "A_190": 55.276008580647044,
  "A_191": 87.74835219498229,
  "A_192": 36.58367052186453,
  "A_193": 176.4158213030695,
  "A_194": 2.142918048125441,
  "A_195": 27.36694139298649,
  "A_196": 10.640574317708628,
  "A_197": 24.846114881375424,
  "A_198": 62.89704740254316,
  "A_199": 71.2048509448846,
  "A_200": 52.318626353893144,
  "A_201": 176.15171389186747,
  "A_202": 148.62159817645352,
  "A_203": 15.681272296764066,
  "A_204": 130.78290623987505,
  "A_205": 116.97888635007826,
  "A_206": 47.957819290557,
  "A_207": 84.82331580618978,
  "A_208": 141.5280955929482,
  "A_209": 6.973430912285107,
  "A_210": 42.09502934591018,
  "A_211": 64.77587060583724,
  "A_212": 115.92633971379016,
  "A_213": 28.402611393539516,
  "A_214": 53.79859295388745,
  "A_215": 22.26409014487243,
  "A_216": 90.04956881373684,
  "A_217": 20.667532758318103,
  "A_218": 67.9675905118077,
  "A_219": 9.66102572831933,
  "A_220": 76.97497647262115,
  "A_221": 39.016821465699216,
  "A_222": 98.42715341209983,
  "A_223": 71.5045086185546,
  "A_224": 154.17362177580725,
  "A_225": 80.84891207287455,
  "A_226": 27.775448968918077,
  "A_227": 8.84061765639028,
  "A_228": 53.13564150575632,
  "A_229": 4.58030385885716,
  "A_230": 93.78649327518188,
  "A_231": 29.49196492935708,
  "A_232": 48.990209468379675,
  "A_233": 6.038141080199582,
  "A_234": 59.78482235707913,
  "A_235": 37.43647469723741,
  "A_236": 105.4040652090451,
  "A_237": 56.16016585070274,
  "A_238": 78.64291084426503,
  "A_239": 20.103277584992142,
  "A_240": 46.36297093040622,
  "A_241": 85.10745401215104,
  "A_242": 69.81679477956372,
  "A_243": 104.8507176454124,
  "A_244": 32.33362344912335,
  "A_245": 39.147888711206996,
  "A_246": 3.350546264165357,
  "A_247": 83.19017771477702,
  "A_248": 59.707325549500375,
  "A_249": 85.46926495487966,
  "A_250": 17.56974647268996,
  "A_251": 44.15969660422001,
  "A_252": 63.68088733598443,
  "A_253": 74.35040200521792,
  "A_254": 20.375615968946533,
  "A_255": 126.86819276697804,
  "A_256": 59.44780486357262,
  "A_257": 156.84851199115036
}