{
  "A_1": 222.42386766184376,
  "A_2": 73.66860100116524,
  "A_3": 84.84970518447993,
  "A_4": 41.310410297490826,
  "A_5": 4.830512864159665,
  "A_6": 0.0,
  "A_7": 0.0,
  "A_8": 0.0,
  "A_9": 0.0,
  "A_10": 46.961331233579536,
  "A_11": 18.759480176975032,
  "A_12": 76.77233118009399,
  "A_13": 140.40295303362097,
  "A_14": 119.44115357462641,
  "A_15": 5.924101266874272,
  "A_16": 67.59139107472562,
  "A_17": 184.75085617053224,
  "A_18": 148.8503186880055,
  "A_19": 109.7510115655936,
  "A_20": 48.840380631544676,
  "A_21": 11.395436200513185,
  "A_22": 76.55970818929902,
  "A_23": 27.20524990229153,
  "A_24": 7.245769296239498,
  "A_25": 0.0,
  "A_26": 3.350546264165357,
  "A_27": 1.2076282160399163,
  "A_28": 0.0,
  "A_29": 86.27929320468127,
  "A_30": 10.868653944359247,
  "A_31": 44.80559548742745,
  "A_32": 49.47696783412688,
  "A_33": 105.94854091502407,
  "A_34": 204.71889447497267,
  "A_35": 163.36338347334691,
  "A_36": 0.0,
  "A_37": 133.308005317495,
  "A_38": 62.823031479624575,
  "A_39": 76.32907758941369,
  "A_40": 0.0,
  "A_41": 79.95196223753344,
  "A_42": 181.07529329679707,
  "A_43": 44.180116956468346,
  "A_44": 2.4152564320798326,
  "A_45": 65.19402915440062,
  "A_46": 120.3515619928955,
  "A_47": 110.13324286057058,
  "A_48": 80.7391322591875,
  "A_49": 86.79516785114193,
  "A_50": 77.45073926408077,
  "A_51": 11.325655144491648,
  "A_52": 141.0242595295361,
  "A_53": 140.66925955968046,
  "A_54": 21.842915667361574,
  "A_55": 54.8666590578843,
  "A_56": 40.141008980859795,
  "A_57": 93.9873415767112,
  "A_58": 49.815694354036935,
  "A_59": 13.28391037643908,
  "A_60": 22.86149540387907,
  "A_61": 8.453397512279414,
  "A_62": 76.97149558796096,
  "A_63": 40.987781298337765,
  "A_64": 117.20374898585163,
  "A_65": 144.6114933842229,
  "A_66": 87.1253115399224,
  "A_67": 34.45864698549394,
  "A_68": 33.699550235792344,
  "A_69": 141.07029014509652,
  "A_70": 5.629633504267994,
  "A_71": 54.9806988712096,
  "A_72": 90.69546769694428,
  "A_73": 86.43335690841332,
  "A_74": 48.642058170508854,
  "A_75": 59.75752820010473,
  "A_76": 42.74008628228647,
  "A_77": 34.17868081457663,
  "A_78": 125.68672773455722,
  "A_79": 12.076282160399163,
  "A_80": 33.50546264165357,
  "A_81": 130.67986200083732,
  "A_82": 125.02377628642608,
  "A_83": 5.401553877617376,
  "A_84": 115.58422027381424,
  "A_85": 58.774586690649556,
  "A_86": 46.22680173842902,
  "A_87": 135.4141415988322,
  "A_88": 184.78893227349374,
  "A_89": 60.46389645870847,
  "A_90": 56.332124066189635,
  "A_91": 23.317654657180306,
  "A_92": 4.285836096250882,
  "A_93": 47.09750042555674,
  "A_94": 74.19210343458883,
  "A_95": 62.7787727223208,
  "A_96": 153.58468625059467,
  "A_97": 121.4945990639776,
  "A_98": 174.70753631538287,
  "A_99": 96.02036671381406,
  "A_100": 144.0343074155348,
  "A_101": 88.80191670729018,
  "A_102": 136.009913229659,
  "A_103": 118.9806212243514,
  "A_104": 41.04146483360231,
  "A_105": 72.74697081393754,
  "A_106": 21.167108822091947,
  "A_107": 90.45108948760684,
  "A_108": 166.4381356016389,
  "A_109": 28.029892841117622,
  "A_110": 46.52730135893019,
  "A_111": 67.62718009823531,
  "A_112": 77.60724084371199,
  "A_113": 15.699166808518912,
  "A_114": 21.517697995861955,
  "A_115": 0.0,
  "A_116": 0.0,
  "A_117": 0.0,
  "A_118": 0.0,
  "A_119": 0.0,
  "A_120": 78.98511824883525,
  "A_121": 79.12299646721601,
  "A_122": 78.66080535601988,
  "A_123": 38.88065227372202,
  "A_124": 23.15187909603568,
  "A_125": 129.309612382677,
  "A_126": 140.76642273727072,
  "A_127": 2.3012166187545233,
  "A_128": 21.464969504764102,
  "A_129": 59.173782585955905,
  "A_130": 94.26382686296833,
  "A_131": 26.38937829015427,
  "A_132": 14.491538592478996,
  "A_133": 85.60543414685687,
  "A_134": 32.143770721881616,
  "A_135": 0.0,
  "A_136": 80.19443035853752,
  "A_137": 93.83742477528187,
  "A_138": 6.038141080199582,
  "A_139": 46.78937301809266,
  "A_140": 145.63347860717693,
  "A_141": 148.85031868800547,
  "A_142": 61.34550275552945,
  "A_143": 56.58752298255587,
  "A_144": 93.11411704908997,
  "A_145": 51.51950571378482,
  "A_146": 33.1293511691658,
  "A_147": 45.43191596521773,
  "A_148": 0.0,
  "A_149": 35.202488161269706,
  "A_150": 0.0,
  "A_151": 4.830512864159665,
  "A_152": 48.64205817050885,
  "A_153": 0.0,
  "A_154": 0.0,
  "A_155": 68.66285009878834,
  "A_156": 109.9664494234062,
  "A_157": 15.699166808518912,
  "A_158": 87.61218300300511,
  "A_159": 119.43416667256483,
  "A_160": 0.0,
  "A_161": 35.25521665236756,
  "A_162": 73.76993621379944,
  "A_163": 44.10273324622512,
  "A_164": 118.44794534037928,
  "A_165": 24.152564320798326,
  "A_166": 91.02732041212828,
  "A_167": 37.43647469723741,
  "A_168": 5.467942013573036,
  "A_169": 41.041464833602305,
  "A_170": 111.96727951899507,
  "A_171": 2.279087240102637,
  "A_172": 0.0,
  "A_173": 36.21095196944265,
  "A_174": 60.153331175345194,
  "A_175": 0.0,
  "A_176": 66.02035598688906,
  "A_177": 141.00563616828563,
  "A_178": 99.56158251931112,
  "A_179": 13.775858653250015,
  "A_180": 115.81826892650665,
  "A_181": 102.08582708372926,
  "A_182": 60.051995962711004,
  "A_183": 2.4152564320798326,
  "A_184": 123.05806919670435,
  "A_185": 73.16235219459517,
  "A_186": 61.84348289023528,
  "A_187": 99.5810980928752,
  "A_188": 0.0,
  "A_189": 24.886980718613323,
  "A_190": 44.409905609522504,
  "A_191": 54.526135546976384,
  "A_192": 1.2076282160399163,
  "A_193": 110.48136902570019,
  "A_194": 86.67689317091958,
  "A_195": 22.78408656089462,
  "A_196": 44.680534967073356,
  "A_197": 155.4435791900944,
  "A_198": 130.71402996253775,
  "A_199": 80.24556292056732,
  "A_200": 88.0494927003848,
  "A_201": 28.869037371632686,
  "A_202": 100.14790423943586,
  "A_203": 143.2830143819847,
  "A_204": 166.93516069217804,
  "A_205": 162.9333497045529,
  "A_206": 114.6352079650178,
  "A_207": 55.8759648128884,
  "A_208": 192.67494558616423,
  "A_209": 164.65345964698759,
  "A_210": 84.34835726244944,
  "A_211": 24.52528287322022,
  "A_212": 115.54593054255227,
  "A_213": 86.67689317091958,
  "A_214": 71.82354363571197,
  "A_215": 83.19017771477702,
  "A_216": 54.59771359399578,
  "A_217": 135.90624067209052,
  "A_218": 50.334006876396785,
  "A_219": 164.15911119338935,
  "A_220": 38.53006309995202,
  "A_221": 90.40013285476563,
  "A_222": 115.21309765046037,
  "A_223": 131.32924176870495,
  "A_224": 122.85205611685254,
  "A_225": 114.49903877304061,
  "A_226": 155.68758040831338,
  "A_227": 138.2439123319973,
  "A_228": 74.53750269729511,
  "A_229": 147.61812321741448,
  "A_230": 45.23539049517977,
  "A_231": 204.52654103997867,
  "A_232": 141.8277532666182,
  "A_233": 106.02858869583753,
  "A_234": 69.87047831482826,
  "A_235": 135.38110461048706,
  "A_236": 130.4365519330021,
  "A_237": 81.74081022722868,
  "A_238": 75.3162909497494,
  "A_239": 155.26996221368637,
  "A_240": 154.74315482479125,
  "A_241": 212.97396952621625,
  "A_242": 124.65952746779827,
  "A_243": 176.8437816207121,
  "A_244": 162.07828358246945,
  "A_245": 86.07427286810801,
  "A_246": 85.84198350730156,
  "A_247": 167.31054331517018,
  "A_248": 166.0543963421882,
  "A_249": 41.704416281733444,
  "A_250": 72.34365314906968,
  "A_251": 85.2257286923734,
  "A_252": 97.26622182926286,
  "A_253": 115.49891975008396,
  "A_254": 84.5160806110393,
  "A_255": 58.61544617318931,
  "A_256": 183.70656563973776,
  "A_257": 54.03937718122919,
  "A_258": 180.01141179421484,
  "A_259": 94.72273815143413,
  "A_260": 180.33652893474954,
  "A_261": 106.58269024170707,
  "A_262": 120.19326342226643,
  "A_263": 220.94823645971138,
  "A_264": 162.39308373272976,
  "A_265": 88.09552331594523,
  "A_266": 132.38294451108956,
  "A_267": 127.15128796417834,
  "A_268": 86.94923155487398,
  "A_269": 94.56962949186877,
  "A_270": 105.16403496394021,
  "A_271": 198.7615551578234,
  "A_272": 90.05624155653305,
  "A_273": 136.04714738578934,
  "A_274": 118.43005082862447,
  "A_275": 142.48209675087855,
  "A_276": 107.64144466507868,
  "A_277": 149.25818537903572,