{
  "A_1": 240.62596647021888,
  "A_2": 114.47868125264539,
  "A_3": 184.44197478083132,
  "A_4": 79.55786828869651,
  "A_5": 108.51458122810558,
  "A_6": 19.989237771666833,
  "A_7": 171.1365382115298,
  "A_8": 92.09547448071943,
  "A_9": 69.84739389200968,
  "A_10": 6.038141080199582,
  "A_11": 71.51982702433352,
  "A_12": 67.35484171428092,
  "A_13": 79.37744033941554,
  "A_14": 78.40636148382033,
  "A_15": 31.26216442506063,
  "A_16": 192.40174012263748,
  "A_17": 139.32395418718963,
  "A_18": 72.52829083250646,
  "A_19": 66.4195518821954,
  "A_20": 70.70962284534332,
  "A_21": 134.9138995174158,
  "A_22": 46.65320382611546,
  "A_23": 117.08625342060736,
  "A_24": 45.75370301753962,
  "A_25": 147.74910249832794,
  "A_26": 64.24592162428847,
  "A_27": 47.09750042555673,
  "A_28": 3.622884648119749,
  "A_29": 0.0,
  "A_30": 13.28391037643908,
  "A_31": 24.01639512882113,
  "A_32": 40.46099904218383,
  "A_33": 148.88109372964007,
  "A_34": 132.44919441696848,
  "A_35": 148.61824295549954,
  "A_36": 38.862757761967174,
  "A_37": 70.76997912340408,
  "A_38": 28.754997558307373,
  "A_39": 98.54203517225628,
  "A_40": 32.46979264110054,
  "A_41": 46.57918790319688,
  "A_42": 14.377498779153687,
  "A_43": 75.05421929058696,
  "A_44": 78.0642420438444,
  "A_45": 24.951684960906654,
  "A_46": 108.68653944359247,
  "A_47": 111.09480897361072,
  "A_48": 49.01233884703156,
  "A_49": 77.03799682125215,
  "A_50": 81.08098780538054,
  "A_51": 106.6549091736278,
  "A_52": 122.74202497575321,
  "A_53": 110.42094991578634,
  "A_54": 62.823031479624575,
  "A_55": 88.0716220790367,
  "A_56": 114.11095154935738,
  "A_57": 106.40046530142826,
  "A_58": 153.47064643726935,
  "A_59": 111.65746821786867,
  "A_60": 116.0939750977857,
  "A_61": 112.01919119600298,
  "A_62": 163.49528009931518,
  "A_63": 159.31327992345078,
  "A_64": 61.932000404842825,
  "A_65": 238.1324466819528,
  "A_66": 150.96199673878363,
  "A_67": 183.5874867117961,
  "A_68": 39.67977291383035,
  "A_69": 61.527727695808274,
  "A_70": 72.50279366652991,
  "A_71": 70.77601098129898,
  "A_72": 99.5429340253194,
  "A_73": 77.15203663457746,
  "A_74": 109.88718075757082,
  "A_75": 66.07563545122161,
  "A_76": 61.31670063408134,
  "A_77": 83.40883256346687,
  "A_78": 150.4428799687045,
  "A_79": 119.54751533550635,
  "A_80": 44.295865796197205,
  "A_81": 107.22171532018847,
  "A_82": 109.69750395951769,
  "A_83": 161.07399180934047,
  "A_84": 100.74202967571215,
  "A_85": 118.44951613670612,
  "A_86": 121.65533551050589,
  "A_87": 81.83275836101396,
  "A_88": 75.79034471480549,
  "A_89": 124.49783597710334,
  "A_90": 120.87834424904943,
  "A_91": 79.96881374052728,
  "A_92": 117.7670993804933,
  "A_93": 115.89385564575203,
  "A_94": 118.30478924634052,
  "A_95": 165.98031758741655,
  "A_96": 168.32321685749892,
  "A_97": 233.09734073782073
}