{
  "A_1": 179.75791039981135,
  "A_2": 92.37373162523319,
  "A_3": 17.77230380062282,
  "A_4": 113.90766537192889,
  "A_5": 74.41075828327868,
  "A_6": 21.565349673231605,
  "A_7": 10.868653944359247,
  "A_8": 61.72944307690997,
  "A_9": 93.66564248898361,
  "A_10": 15.699166808518912,
  "A_11": 68.91729397098787,
  "A_12": 150.89285656766342,
  "A_13": 105.16824469809605,
  "A_14": 27.2358490147375,
  "A_15": 54.857234279923546,
  "A_16": 55.80534181003569,
  "A_17": 6.038141080199582,
  "A_18": 0.0,
  "A_19": 25.167022287754314,
  "A_20": 0.0,
  "A_21": 80.0991270037982,
  "A_22": 10.714590240627205,
  "A_23": 86.74148431587739,
  "A_24": 56.82311729883388,
  "A_25": 30.045111431059944,
  "A_26": 160.42389575834784,
  "A_27": 56.7602100475384,
  "A_28": 70.11126254217,
  "A_29": 19.55860081708336,
  "A_30": 56.43250423465714,
  "A_31": 105.82957508441794,
  "A_32": 117.98668414060863,
  "A_33": 95.45779543415043,
  "A_34": 11.803943776444772,
  "A_35": 57.656317936048346,
  "A_36": 0.0,
  "A_37": 0.0,
  "A_38": 0.0,
  "A_39": 76.18864839779825,
  "A_40": 70.28322075765689,
  "A_41": 121.73538329131935,
  "A_42": 25.86908028123733,
  "A_43": 40.40064276412306,
  "A_44": 71.0125603417437,
  "A_45": 32.60596183307774,
  "A_46": 44.75370894316077,
  "A_47": 48.014895745887415,
  "A_48": 0.0,
  "A_49": 9.66102572831933,
  "A_50": 25.42742261962507,
  "A_51": 59.88267668505314,
  "A_52": 95.56913347779366,
  "A_53": 1.2076282160399163,
  "A_54": 32.27993991385881,
  "A_55": 146.88722540337153,
  "A_56": 65.61956416251468,
  "A_57": 0.0,
  "A_58": 32.60596183307774,
  "A_59": 100.26194405276117,
  "A_60": 60.41021292344393,
  "A_61": 0.0,
  "A_62": 60.63585467419536,
  "A_63": 67.43561834459003,
  "A_64": 0.0,
  "A_65": 18.641205496752683,
  "A_66": 131.19307257672773,
  "A_67": 79.61398969986024,
  "A_68": 128.35744591485636,
  "A_69": 126.7949936581494,
  "A_70": 80.7391322591875,
  "A_71": 58.91931358101514,
  "A_72": 104.36999113756009,
  "A_73": 22.944936104758412,
  "A_74": 91.9626982088081,
  "A_75": 3.3948050214691308,
  "A_76": 128.84174127196317,
  "A_77": 3.4297143990358205,
  "A_78": 20.52967967267858,
  "A_79": 165.14883854297628,
  "A_80": 127.41188935797891,
  "A_81": 59.61373122116463,
  "A_82": 75.78355887467374,
  "A_83": 81.44538742045573,
  "A_84": 19.58073019573525,
  "A_85": 6.83726172030791,
  "A_86": 42.485642410086925,
  "A_87": 25.86908028123733,
  "A_88": 109.58932007489864,
  "A_89": 78.35539228460851,
  "A_90": 65.1403456191361,
  "A_91": 3.350546264165357,
  "A_92": 34.74887988120318,
  "A_93": 5.629633504267994,
  "A_94": 18.623310984997836,
  "A_95": 0.0,
  "A_96": 90.57211620299373,
  "A_97": 0.0,
  "A_98": 22.79087240102637,
  "A_99": 35.42030106312839,
  "A_100": 65.23234401840384,
  "A_101": 3.2586358294919346,
  "A_102": 49.191887150369524,
  "A_103": 62.91323288789446,
  "A_104": 27.775448968918077,
  "A_105": 35.56502795349398,
  "A_106": 0.0,
  "A_107": 0.0,
  "A_108": 0.0,
  "A_109": 0.0,
  "A_110": 0.0,
  "A_111": 0.0,
  "A_112": 31.17025399038721,
  "A_113": 134.2722355011054,
  "A_114": 26.33974112622754,
  "A_115": 2.3012166187545233,
  "A_116": 46.31964208452791,
  "A_117": 10.868653944359247,
  "A_118": 0.0,
  "A_119": 0.0,
  "A_120": 81.45141927835061,
  "A_121": 28.402611393539512,
  "A_122": 0.0,
  "A_123": 37.400685673727715,
  "A_124": 155.84863101410704,
  "A_125": 76.57157084315897,
  "A_126": 28.460529795701095,
  "A_127": 8.707841384478959,
  "A_128": 28.929393649693452,
  "A_129": 6.881520477611684,
  "A_130": 1.2076282160399163,
  "A_131": 0.0,
  "A_132": 0.0,
  "A_133": 12.857508288752644,
  "A_134": 44.64645496996721,
  "A_135": 133.70281554945691,
  "A_136": 154.04702815823822,
  "A_137": 113.80029830139978,
  "A_138": 22.65893807594621,
  "A_139": 20.239446776969338,
  "A_140": 54.04793487961757,
  "A_141": 88.41130364311344,
  "A_142": 159.0560211842336,
  "A_143": 60.77202386617256,
  "A_144": 9.643131216564484,
  "A_145": 12.87540280050749,
  "A_146": 141.4932616136052,
  "A_147": 78.28808680359798,
  "A_148": 16.071885360940808,
  "A_149": 72.93079168328438,
  "A_150": 55.453797592098994,
  "A_151": 31.398333617037824,
  "A_152": 66.08758606967588,
  "A_153": 7.109600104262302,
  "A_154": 159.6407218425491,
  "A_155": 37.94536244163649,
  "A_156": 7.245769296239498,
  "A_157": 7.245769296239498,
  "A_158": 38.12155552402043,
  "A_159": 0.0,
  "A_160": 6.83726172030791,
  "A_161": 113.91857298162213,
  "A_162": 62.74298369881111,
  "A_163": 5.629633504267994,
  "A_164": 99.29086519716594,
  "A_165": 24.868244260027314,
  "A_166": 99.65697383864472,
  "A_167": 88.93808589926738,
  "A_168": 49.06846025819529,
  "A_169": 0.0,
  "A_170": 13.28391037643908,
  "A_171": 0.0,
  "A_172": 0.0,
  "A_173": 0.0,
  "A_174": 20.103277584992142,
  "A_175": 13.266015864684233,
  "A_176": 125.6553495071332,
  "A_177": 117.16447907768173,
  "A_178": 99.67817330587113,
  "A_179": 0.0,
  "A_180": 48.077049014946034,
  "A_181": 84.0359949880883,
  "A_182": 0.0,
  "A_183": 0.0,
  "A_184": 55.887827466748355,
  "A_185": 93.90050795576599,
  "A_186": 1.0714590240627204,
  "A_187": 4.558174480205274,
  "A_188": 110.00545543779316,
  "A_189": 49.87953151675788,
  "A_190": 90.18573800571403,
  "A_191": 21.723648243860687,
  "A_192": 45.44557561007554,
  "A_193": 3.622884648119749,
  "A_194": 7.131729482914189,
  "A_195": 0.0,
  "A_196": 0.0,
  "A_197": 52.70923941806988,
  "A_198": 25.114218398432776,
  "A_199": 70.4159970295682,
  "A_200": 186.94235580745283,
  "A_201": 219.4351197740364,
  "A_202": 43.99800511352505,
  "A_203": 3.622884648119749,
  "A_204": 116.08455031982493,
  "A_205": 89.2504481736285,
  "A_206": 21.737307888718494,
  "A_207": 25.36019253683824,
  "A_208": 149.25738113131644,
  "A_209": 65.34806772539147,
  "A_210": 1.2076282160399163,
  "A_211": 118.51175737035904,
  "A_212": 118.34057826985023,
  "A_213": 132.7402943922501,
  "A_214": 61.81192873362262,
  "A_215": 18.232697920821096,
  "A_216": 39.73769131599193,
  "A_217": 104.32996724715338,
  "A_218": 127.79988861706786,
  "A_219": 46.002202996438584,
  "A_220": 8.044889936347825,
  "A_221": 83.0003249875353,
  "A_222": 75.73930011736996,
  "A_223": 22.77297788927152,
  "A_224": 61.38137974363346,
  "A_225": 25.89544452678626,
  "A_226": 58.066534538383486,
  "A_227": 18.214803409066246,
  "A_228": 24.779726745419765,
  "A_229": 67.47311639450328,
  "A_230": 156.31152584205756,
  "A_231": 99.92924939074601,
  "A_232": 52.599434471641615,
  "A_233": 34.91988305252338,
  "A_234": 161.99805987246737,
  "A_235": 57.1491392180528,
  "A_236": 42.26698756139707,
  "A_237": 114.49741771123138,
  "A_238": 82.69219758007121,
  "A_239": 33.81359004911766,
  "A_240": 0.0,
  "A_241": 101.30460095537578,
  "A_242": 7.500213168439043,
  "A_243": 1.2076282160399163,
  "A_244": 4.830512864159665,
  "A_245": 38.92067616412875,
  "A_246": 20.239446776969338,
  "A_247": 0.0,
  "A_248": 49.37658766565937,
  "A_249": 51.01822062360742,
  "A_250": 47.60638816995583,
  "A_251": 91.65541274817518,
  "A_252": 87.71593095879727,
  "A_253": 142.09571855359886,
  "A_254": 43.45672126568214,
  "A_255": 121.25381483663585,
  "A_256": 32.205923990940235,
  "A_257": 55.699771730504466,
  "A_258": 124.11844468188521,
  "A_259": 196.34714067257474,
  "A_260": 154.91407003151716,
  "A_261": 176.49664819886104,
  "A_262": 68.81691380252039,
  "A_263": 123.39577784059463,
  "A_264": 139.90102705854224,
  "A_265": 45.75370301753963,
  "A_266": 90.68520097215236,
  "A_267": 59.43669619194953,
  "A_268": 70.1768966958888,
  "A_269": 76.91027223032782,
  "A_270": 0.0,
  "A_271": 0.0,
  "A_272": 0.0,
  "A_273": 0.0,
  "A_274": 12.371591869836607,
  "A_275": 3.622884648119749,
  "A_276": 0.0,
  "A_277": 21.509228262067875,
  "A_278": 42.05924032240049,
  "A_279": 14.377498779153687,
  "A_280": 0.0,
  "A_281": 0.0,
  "A_282": 4.285836096250882,
  "A_283": 0.0,
  "A_284": 0.0,
  "A_285": 6.038141080199582,
  "A_286": 93.2767133184692,
  "A_287": 0.0,
  "A_288": 69.97085848329576,