{
  "A_1": 240.85400839775764,
  "A_2": 138.31371852076006,
  "A_3": 190.10565058309356,
  "A_4": 139.20231171964264,
  "A_5": 69.87047831482825,
  "A_6": 81.43787273082833,
  "A_7": 52.64198420254185,
  "A_8": 1.2076282160399163,
  "A_9": 58.94570295930529,
  "A_10": 26.56782075287816,
  "A_11": 2.4152564320798326,
  "A_12": 117.53731072743915,
  "A_13": 91.65448283674971,
  "A_14": 18.350972601043445,
  "A_15": 67.51314028491001,
  "A_16": 8.910398712411816,
  "A_17": 6.564923336353519,
  "A_18": 56.75852615387607,
  "A_19": 48.61230100489405,
  "A_20": 8.453397512279414,
  "A_21": 96.91485354051477,
  "A_22": 141.20302871789596,
  "A_23": 6.038141080199582,
  "A_24": 58.56608546941611,
  "A_25": 0.0,
  "A_26": 36.838114394064085,
  "A_27": 42.485642410086925,
  "A_28": 50.584215881699286,
  "A_29": 157.5947910428253,
  "A_30": 51.34415457823205,
  "A_31": 32.60596183307774,
  "A_32": 2.3012166187545233,
  "A_33": 0.0,
  "A_34": 21.73730788871849,
  "A_35": 45.48136463358524,
  "A_36": 54.544030058731245,
  "A_37": 202.68995340831944,
  "A_38": 91.98050475596864,
  "A_39": 42.25332791653926,
  "A_40": 104.79131641151832,
  "A_41": 154.7380277455806,
  "A_42": 69.46197073889667,
  "A_43": 114.52633293001503,
  "A_44": 11.53160539249038,
  "A_45": 88.04281995758859,
  "A_46": 10.754614131033938,
  "A_47": 21.144979443440057,
  "A_48": 49.87181576520066,
  "A_49": 9.66102572831933,
  "A_50": 1.0714590240627204,
  "A_51": 0.0,
  "A_52": 0.0,
  "A_53": 0.0,
  "A_54": 2.142918048125441,
  "A_55": 15.272764720832477,
  "A_56": 46.82516204160235,
  "A_57": 46.668547364635586,
  "A_58": 30.00085267375617,
  "A_59": 145.38599650429774,
  "A_60": 45.15194979430042,
  "A_61": 25.246152723512935,
  "A_62": 157.44185831244857,
  "A_63": 47.55450162568915,
  "A_64": 0.0,
  "A_65": 68.42630073834364,
  "A_66": 150.94413992614068,
  "A_67": 18.114423240598747,
  "A_68": 0.0,
  "A_69": 41.47210178818578,
  "A_70": 57.01549586656911,
  "A_71": 7.245769296239498,
  "A_72": 7.500213168439043,
  "A_73": 2.142918048125441,
  "A_74": 2.4152564320798326,
  "A_75": 6.038141080199582,
  "A_76": 1.2076282160399163,
  "A_77": 81.95786914685051,
  "A_78": 2.142918048125441,
  "A_79": 1.2076282160399163,
  "A_80": 117.72612044591989,
  "A_81": 7.017689669588879,
  "A_82": 1.0714590240627204,
  "A_83": 21.310905801032057,
  "A_84": 57.69126501272688,
  "A_85": 60.82898722416745,
  "A_86": 152.56267589489946,
  "A_87": 44.6822439934769,
  "A_88": 31.66124722303145,
  "A_89": 19.32205145663866,
  "A_90": 129.19055858747654,
  "A_91": 16.384247635301932,
  "A_92": 3.372675642817244,
  "A_93": 7.109600104262302,
  "A_94": 65.63737070967522,
  "A_95": 89.88190829700007,
  "A_96": 82.78071509467875,
  "A_97": 55.56360253852727,
  "A_98": 37.91305430278699,
  "A_99": 55.41472874585896,
  "A_100": 104.65514721954112,
  "A_101": 17.025069704781178,
  "A_102": 0.0,
  "A_103": 22.944936104758412,
  "A_104": 90.34232754993957,
  "A_105": 0.0,
  "A_106": 20.103277584992142,
  "A_107": 151.69896410983335,
  "A_108": 58.693696963004925,
  "A_109": 112.33483329309448,
  "A_110": 112.69728512072442,
  "A_111": 16.90679502455883,
  "A_112": 36.65861635620858,
  "A_113": 45.88987220951682,
  "A_114": 75.69249038683148,
  "A_115": 0.0,
  "A_116": 6.83726172030791,
  "A_117": 65.77870467997494,
  "A_118": 40.50958063097895,
  "A_119": 8.396396455172681,
  "A_120": 10.754614131033938,
  "A_121": 79.96881374052728,
  "A_122": 61.943863058702775,
  "A_123": 29.69875712418698,
  "A_124": 58.847760666736974,
  "A_125": 71.88569690477058,
  "A_126": 72.62266427582028,
  "A_127": 98.3267732436323,
  "A_128": 6.450883523028209,
  "A_129": 48.30512864159665,
  "A_130": 71.25514156008326,
  "A_131": 240.84132892980773,
  "A_132": 96.94554061755505,
  "A_133": 56.12617381819089,
  "A_134": 19.91522184874826,
  "A_135": 143.5773062154024,
  "A_136": 86.65218768629177,
  "A_137": 4.830512864159665,
  "A_138": 107.90781402299127,
  "A_139": 42.27122242829412,
  "A_140": 37.30030550526021,
  "A_141": 34.96753472989303,
  "A_142": 21.601138696741295,
  "A_143": 59.22047921915886,
  "A_144": 69.51562914141999,
  "A_145": 33.81359004911766,
  "A_146": 154.16022602473234,
  "A_147": 58.49293662606992,
  "A_148": 44.92302822081864,
  "A_149": 23.998500617066284,
  "A_150": 53.25391618597867,
  "A_151": 110.987756062347,
  "A_152": 14.491538592478996,
  "A_153": 10.596315560404856,
  "A_154": 164.44588833717964,
  "A_155": 120.39335774155887,
  "A_156": 45.03706803414395,
  "A_157": 63.42806452559413,
  "A_158": 19.576495328838206,
  "A_159": 106.70519978882646,
  "A_160": 57.52354166413703,
  "A_161": 94.70894027649955,
  "A_162": 20.41563985935327,
  "A_163": 88.91932430794016,
  "A_164": 139.5538056720969,
  "A_165": 130.11899974757722,
  "A_166": 47.61485790374991,
  "A_167": 88.52957832333578,
  "A_168": 202.68995340831947,
  "A_169": 49.71351719457158,
  "A_170": 65.43829426640256,
  "A_171": 161.19893923235904,
  "A_172": 147.75606426764833,
  "A_173": 11.123097816558792,
  "A_174": 57.378060791534594,
  "A_175": 36.08325251125952,
  "A_176": 4.602433237509047,
  "A_177": 0.0,
  "A_178": 30.766823228183824,
  "A_179": 0.0,
  "A_180": 1.2076282160399163,
  "A_181": 18.0965287288439,
  "A_182": 0.0,
  "A_183": 0.0,
  "A_184": 12.87540280050749,
  "A_185": 7.131729482914189,
  "A_186": 1.2867963509103797,
  "A_187": 1.2076282160399163,
  "A_188": 49.34079864214968,
  "A_189": 4.716473050834356,
  "A_190": 0.0,
  "A_191": 0.0,
  "A_192": 13.928967312815365,
  "A_193": 5.629633504267994,
  "A_194": 0.0,
  "A_195": 0.0,
  "A_196": 8.453397512279414,
  "A_197": 2.3012166187545233,
  "A_198": 3.4867154561425533,
  "A_199": 0.0,
  "A_200": 6.428754144376322,
  "A_201": 18.114423240598747,
  "A_202": 16.90679502455883,
  "A_203": 51.365442010052774,
  "A_204": 48.30512864159665,
  "A_205": 6.450883523028209,
  "A_206": 0.0,
  "A_207": 21.464969504764102,
  "A_208": 68.39906941322234,
  "A_209": 80.09312027864453,
  "A_210": 76.02773602208137,
  "A_211": 120.62068338597264,
  "A_212": 96.75066134206753,
  "A_213": 33.81359004911766,
  "A_214": 0.0,
  "A_215": 0.0,
  "A_216": 1.2076282160399163,
  "A_217": 54.95253763466283,
  "A_218": 6.564923336353519,
  "A_219": 0.0,
  "A_220": 0.0,
  "A_221": 19.55860081708336,
  "A_222": 8.044889936347825,
  "A_223": 35.02121826515757,
  "A_224": 19.798631062188242,
  "A_225": 34.59481617747114,
  "A_226": 112.94749412602692,
  "A_227": 30.44514927319745,
  "A_228": 1.0714590240627204,
  "A_229": 2.4152564320798326,
  "A_230": 22.944936104758412,
  "A_231": 55.980667812847244,
  "A_232": 1.0935884027146072,
  "A_233": 0.0,
  "A_234": 69.15384333143258,
  "A_235": 3.622884648119749,
  "A_236": 10.714590240627205,
  "A_237": 158.5668626416991,
  "A_238": 129.77357535212974,
  "A_239": 103.89167737286576,
  "A_240": 20.78412354487812,
  "A_241": 85.96194208118624,
  "A_242": 109.29485231229236,
  "A_243": 14.491538592478996,
  "A_244": 36.46963070853923,
  "A_245": 123.89718859447821,
  "A_246": 59.23837373091371,
  "A_247": 0.0,
  "A_248": 28.22989919581577,
  "A_249": 68.83480831427522,
  "A_250": 15.448957803216407,
  "A_251": 2.5735927018207594,
  "A_252": 75.96056877114762,
  "A_253": 60.582171138930825,
  "A_254": 27.775448968918077,
  "A_255": 5.357295120313602,
  "A_256": 137.37341470679942,
  "A_257": 98.39136438859012,
  "A_258": 33.268913281208874,
  "A_259": 137.66364760250866,
  "A_260": 11.53160539249038,
  "A_261": 8.20318850697691,
  "A_262": 42.25332791653926,
  "A_263": 124.68014888197644,
  "A_264": 2.4152564320798326,
  "A_265": 30.19070540099791,
  "A_266": 77.81498808270858,
  "A_267": 27.661409155592768,
  "A_268": 0.0,
  "A_269": 56.17806036245759,
  "A_270": 58.443487957702416,
  "A_271": 0.0,
  "A_272": 0.0,
  "A_273": 54.98832665817252,
  "A_274": 22.15005033154712,
  "A_275": 0.0,
  "A_276": 141.91267679923007,
  "A_277": 39.4253290416308,
  "A_278": 163.94028041551093,
  "A_279": 81.94676047522742,
  "A_280": 44.392011097767664,
  "A_281": 86.93641385684734,