{
  "A_1": 104.10379770883613,
  "A_2": 66.96336157053179,
  "A_3": 108.45845981694185,
  "A_4": 60.14051347731855,
  "A_5": 8.796358899086506,
  "A_6": 3.622884648119749,
  "A_7": 76.53076783777416,
  "A_8": 1.2076282160399163,
  "A_9": 1.2076282160399163,
  "A_10": 42.855897953868414,
  "A_11": 8.707841384478959,
  "A_12": 0.0,
  "A_13": 30.427254761442605,
  "A_14": 70.64831152311586,
  "A_15": 59.84772960837461,
  "A_16": 131.02612834311597,
  "A_17": 56.02399665872555,
  "A_18": 66.05527793082638,
  "A_19": 15.128967741892367,
  "A_20": 64.65358725338889,
  "A_21": 80.12287744425933,
  "A_22": 0.0,
  "A_23": 2.4152564320798326,
  "A_24": 92.11919978843935,
  "A_25": 86.83404820182278,
  "A_26": 29.628134121334277,
  "A_27": 196.24503891133304,
  "A_28": 60.700445819153174,
  "A_29": 56.78912526632203,
  "A_30": 93.15835067365255,
  "A_31": 84.66495440370761,
  "A_32": 9.66102572831933,
  "A_33": 0.0,
  "A_34": 31.77105216945972,
  "A_35": 106.15127417214552,
  "A_36": 38.004964737460405,
  "A_37": 3.622884648119749,
  "A_38": 127.38561307702432,
  "A_39": 75.07370973140982,
  "A_40": 1.2076282160399163,
  "A_41": 17.824190344889505,
  "A_42": 123.93442275060852,
  "A_43": 111.1169383522626,
  "A_44": 74.81926585921028,
  "A_45": 69.99298786194765,
  "A_46": 57.69381598596159,
  "A_47": 133.88652332146827,
  "A_48": 0.0,
  "A_49": 1.0714590240627204,
  "A_50": 67.62718009823531,
  "A_51": 102.15981787390662,
  "A_52": 187.63167150113284,
  "A_53": 69.86792734159354,
  "A_54": 201.99724479457353,
  "A_55": 169.62621126013124,
  "A_56": 12.352855411250594,
  "A_57": 97.2195251960599,
  "A_58": 10.868653944359247,
  "A_59": 19.897365036105256,
  "A_60": 24.152564320798326,
  "A_61": 120.04099670953224,
  "A_62": 62.25199046616686,
  "A_63": 0.0,
  "A_64": 98.7489153316805,
  "A_65": 29.962625774347288,
  "A_66": 21.623268075393185,
  "A_67": 30.190705400997906,
  "A_68": 41.99464917744268,
  "A_69": 68.83480831427522,
  "A_70": 1.2076282160399163,
  "A_71": 48.914396554463245,
  "A_72": 148.68718206468992,
  "A_73": 55.41472874585895,
  "A_74": 22.654703209049174,
  "A_75": 18.387603571384304,
  "A_76": 107.09920577306909,
  "A_77": 30.603447843826537,
  "A_78": 36.74196909249362,
  "A_79": 7.017689669588879,
  "A_80": 103.99643063830703,
  "A_81": 178.10597301795954,
  "A_82": 48.96297814325837,
  "A_83": 76.08057761051474,
  "A_84": 56.372147956596365,
  "A_85": 50.63091251490225,
  "A_86": 63.42382965869709,
  "A_87": 167.53430011032944,
  "A_88": 91.47161701156955,
  "A_89": 95.2085163402734,
  "A_90": 55.177224341247566,
  "A_91": 63.85023174638353,
  "A_92": 42.34947321810972,
  "A_93": 20.850511680833783,
  "A_94": 61.229025066304956,
  "A_95": 0.0,
  "A_96": 15.408933912809674,
  "A_97": 0.0,
  "A_98": 0.0,
  "A_99": 0.0,
  "A_100": 10.460146368427658,
  "A_101": 49.46594712709809,
  "A_102": 2.1650474267773276,
  "A_103": 2.1871768054292144,
  "A_104": 19.967108393014946,
  "A_105": 142.2226388968039,
  "A_106": 53.74490941862292,
  "A_107": 19.967108393014946,
  "A_108": 0.0,
  "A_109": 62.7787727223208,
  "A_110": 149.9575667355779,
  "A_111": 18.000383427273434,
  "A_112": 32.60596183307774,
  "A_113": 136.18368100251433,
  "A_114": 35.978637475894985,
  "A_115": 0.0,
  "A_116": 158.6698817479956,
  "A_117": 130.92574817464848,
  "A_118": 95.62128391584325,
  "A_119": 22.808766912781216,
  "A_120": 102.18620725219677,
  "A_121": 112.43860638162785,
  "A_122": 8.707841384478959,
  "A_123": 144.01751874439404,
  "A_124": 48.08975361563715,
  "A_125": 60.56427662717597,
  "A_126": 80.0369988674808,
  "A_127": 57.966154369915984,
  "A_128": 120.84357310155951,
  "A_129": 10.618444939056742,
  "A_130": 35.41183132933431,
  "A_131": 3.622884648119749,
  "A_132": 90.33206082514764,
  "A_133": 97.57434923672695,
  "A_134": 1.2076282160399163,
  "A_135": 1.2076282160399163,
  "A_136": 53.91686763410979,
  "A_137": 27.775448968918077,
  "A_138": 0.0,
  "A_139": 31.451904054966842,
  "A_140": 45.951070434408756,
  "A_141": 25.052065129374157,
  "A_142": 93.81529539663,
  "A_143": 1.2076282160399163,
  "A_144": 10.714590240627203,
  "A_145": 0.0,
  "A_146": 0.0,
  "A_147": 0.0,
  "A_148": 0.0,
  "A_149": 19.422431625106167,
  "A_150": 39.44322355338565,
  "A_151": 98.83656576671565,
  "A_152": 1.0714590240627204,
  "A_153": 54.38996635499919,
  "A_154": 129.83053871012464,
  "A_155": 22.246195633117587,
  "A_156": 95.92941132330733,
  "A_157": 57.261470004974576,
  "A_158": 7.500213168439043,
  "A_159": 10.868653944359247,
  "A_160": 27.169460878781837,
  "A_161": 7.245769296239498,
  "A_162": 61.589039018035734,
  "A_163": 36.62453635910243,
  "A_164": 54.34326972179623,
  "A_165": 170.1410428978309,
  "A_166": 2.4152564320798326,
  "A_167": 39.69088158545345,
  "A_168": 2.142918048125441,
  "A_169": 9.66102572831933,
  "A_170": 0.0,
  "A_171": 2.4152564320798326,
  "A_172": 0.0,
  "A_173": 28.983077184957992,
  "A_174": 118.27775898314906,
  "A_175": 131.06191736662566,
  "A_176": 21.39518844874257,
  "A_177": 69.63392895438356,
  "A_178": 2.279087240102637,
  "A_179": 39.253370826143914,
  "A_180": 154.6128164287791,
  "A_181": 67.60928558648047,
  "A_182": 113.94493722717107,
  "A_183": 93.53628426987939,
  "A_184": 12.805621744485956,
  "A_185": 42.657600625573814,
  "A_186": 10.640574317708628,
  "A_187": 82.45564821962651,
  "A_188": 14.241329587176491,
  "A_189": 0.0,
  "A_190": 25.460572705305744,
  "A_191": 160.73872104134938,
  "A_192": 78.15371460261863,
  "A_193": 38.64410291327732,
  "A_194": 1.2076282160399163,
  "A_195": 0.0,
  "A_196": 0.0,
  "A_197": 0.0,
  "A_198": 126.70137419707243,
  "A_199": 134.3921061103958,
  "A_200": 52.18329910874711,
  "A_201": 12.076282160399163,
  "A_202": 5.379424498965489,
  "A_203": 0.0,
  "A_204": 18.59100284614832,
  "A_205": 61.89621138133313,
  "A_206": 88.92278005985911,
  "A_207": 1.2076282160399163,
  "A_208": 50.00375009028082,
  "A_209": 73.01327733999703,
  "A_210": 2.279087240102637,
  "A_211": 4.830512864159665,
  "A_212": 69.73430912285106,
  "A_213": 153.5661257211973,
  "A_214": 127.46980776014048,
  "A_215": 69.99298786194765,
  "A_216": 41.44997240953389,
  "A_217": 154.65126952285902,
  "A_218": 37.47130867658041,
  "A_219": 82.81047226029357,
  "A_220": 49.367162887698605,
  "A_221": 76.00899956349535,
  "A_222": 35.02121826515757,
  "A_223": 65.85602555836508,
  "A_224": 7.245769296239498,
  "A_225": 78.64723367575637,
  "A_226": 29.33790122562504,
  "A_227": 0.0,
  "A_228": 56.0418911704804,
  "A_229": 55.43685812451084,
  "A_230": 0.0,
  "A_231": 29.164347081070126,
  "A_232": 71.19638121109053,
  "A_233": 80.68544872392296,
  "A_234": 0.0,
  "A_235": 47.43442995446894,
  "A_236": 117.08625342060733,
  "A_237": 54.680199250708434,
  "A_238": 74.71888569074278,
  "A_239": 12.87540280050749,
  "A_240": 2.4152564320798326,
  "A_241": 0.0,
  "A_242": 0.0,
  "A_243": 0.0,
  "A_244": 1.2076282160399163,
  "A_245": 55.08870682664002,
  "A_246": 37.963256953391344,
  "A_247": 0.0,
  "A_248": 61.90807403519309,
  "A_249": 37.30454037215725,
  "A_250": 197.93328053788971,
  "A_251": 158.67828864993658,
  "A_252": 75.3323884705064,
  "A_253": 82.05137551059198,
  "A_254": 182.00179923582317,
  "A_255": 107.35626345035642,
  "A_256": 19.83093920103775,
  "A_257": 43.47461577743699,
  "A_258": 53.28451529842464,
  "A_259": 31.398333617037824,
  "A_260": 85.69299661729772,
  "A_261": 0.0,
  "A_262": 135.20750020044972,
  "A_263": 112.27871188193073,
  "A_264": 27.893723649140426,
  "A_265": 5.629633504267994,
  "A_266": 57.8945763228966,
  "A_267": 25.184841401285478,
  "A_268": 13.402185056661429,
  "A_269": 30.792345526901585,
  "A_270": 0.0,
  "A_271": 58.60358351932935,
  "A_272": 0.0,
  "A_273": 0.0,
  "A_274": 0.0,
  "A_275": 28.8222276410942,
  "A_276": 62.546433096031926,
  "A_277": 13.147741184461884,
  "A_278": 2.1650474267773276,
  "A_279": 52.99947231377912,
  "A_280": 13.151976051358924,
  "A_281": 61.629879722532415,
  "A_282": 63.805947856338534,