{
  "A_1": 87.53866973491112,
  "A_2": 48.77822736248605,
  "A_3": 14.035379339177759,
  "A_4": 33.67742085714046,
  "A_5": 1.2076282160399163,
  "A_6": 52.899820994807264,
  "A_7": 74.6473076437234,
  "A_8": 18.910992907472362,
  "A_9": 1.2076282160399163,
  "A_10": 44.20215837052593,
  "A_11": 0.0,
  "A_12": 61.589039018035734,
  "A_13": 28.965182673203145,
  "A_14": 138.27189763935547,
  "A_15": 110.96560155095389,
  "A_16": 97.1480979454879,
  "A_17": 77.73839605381409,
  "A_18": 0.0,
  "A_19": 36.22884648119749,
  "A_20": 8.571672192501763,
  "A_21": 66.09352996297648,
  "A_22": 152.04105841706803,
  "A_23": 64.07405137339589,
  "A_24": 75.2865337841346,
  "A_25": 131.29846672707035,
  "A_26": 70.04243653031516,
  "A_27": 70.58784214771957,
  "A_28": 39.85173112931724,
  "A_29": 87.14236410484607,
  "A_30": 5.493464312290798,
  "A_31": 58.9235735806534,
  "A_32": 71.42106791767526,
  "A_33": 36.228846481197486,
  "A_34": 0.0,
  "A_35": 3.4867154561425533,
  "A_36": 87.0130435848537,
  "A_37": 0.0,
  "A_38": 0.0,
  "A_39": 15.290659232587323,
  "A_40": 26.159313176946572,
  "A_41": 1.0714590240627204,
  "A_42": 11.786049264689925,
  "A_43": 123.81614807038618,
  "A_44": 29.91836701704352,
  "A_45": 55.905721978503195,
  "A_46": 64.3949085142923,
  "A_47": 98.47385004530278,
  "A_48": 59.186487186647014,
  "A_49": 9.66102572831933,
  "A_50": 39.851731129317244,
  "A_51": 42.4345978126514,
  "A_52": 103.94019612980779,
  "A_53": 60.95488969135272,
  "A_54": 0.0,
  "A_55": 28.983077184957992,
  "A_56": 47.079605913801885,
  "A_57": 116.68033451702233,
  "A_58": 4.285836096250882,
  "A_59": 10.070375251082083,
  "A_60": 84.83511562819665,
  "A_61": 125.15994547840327,
  "A_62": 104.35792742177031,
  "A_63": 67.41943285923873,
  "A_64": 90.92774449138011,
  "A_65": 222.23072254550107,
  "A_66": 42.52566630049366,
  "A_67": 84.53397512279415,
  "A_68": 73.04567344344085,
  "A_69": 89.00868376937885,
  "A_70": 32.978680385499636,
  "A_71": 0.0,
  "A_72": 96.14806617199716,
  "A_73": 98.30885359913626,
  "A_74": 8.704448464413085,
  "A_75": 0.0,
  "A_76": 44.220052882280775,
  "A_77": 45.75370301753962,
  "A_78": 0.0,
  "A_79": 63.227279055917904,
  "A_80": 120.91938601547596,
  "A_81": 1.0935884027146072,
  "A_82": 6.038141080199582,
  "A_83": 109.30349797527508,
  "A_84": 51.115233004750266,
  "A_85": 2.142918048125441,
  "A_86": 7.636382360416238,
  "A_87": 144.0419352024977,
  "A_88": 38.89854678547687,
  "A_89": 129.8560861415836,
  "A_90": 136.34453054637814,
  "A_91": 49.51783367136477,
  "A_92": 16.67871539790821,
  "A_93": 3.214377072188161,
  "A_94": 24.152564320798326,
  "A_95": 66.98116811769235,
  "A_96": 27.63927977694088,
  "A_97": 97.79999098747838,
  "A_98": 234.80742271650522,
  "A_99": 160.35579859598866,
  "A_100": 1.0714590240627204,
  "A_101": 1.2076282160399163,
  "A_102": 39.34876214547752,
  "A_103": 4.716473050834356,
  "A_104": 70.06285688256348,
  "A_105": 107.0762972794391,
  "A_106": 124.92763098485564,
  "A_107": 13.810692632593016,
  "A_108": 58.49546246656342,
  "A_109": 45.10769103699665,
  "A_110": 64.9718682883094,
  "A_111": 102.62189588776722,
  "A_112": 51.42504430587668,
  "A_113": 109.67455776677585,
  "A_114": 84.92882305386793,
  "A_115": 128.07144788604415,
  "A_116": 100.31043767696198,
  "A_117": 89.23922640466988,
  "A_118": 120.65545453346255,
  "A_119": 141.48627471154364,
  "A_120": 78.5221982881435,
  "A_121": 178.94844763668738,
  "A_122": 98.04924494861419,
  "A_123": 147.0224898166645,
  "A_124": 138.4209473612124,
  "A_125": 91.31416038777164,
  "A_126": 120.5729688767499,
  "A_127": 115.39610170571727,
  "A_128": 91.15586181714255,
  "A_129": 163.09100739028065,
  "A_130": 181.44543574324305,
  "A_131": 126.97620072240846,
  "A_132": 147.28708731632045,
  "A_133": 100.36072829216064,
  "A_134": 74.74693382995403,
  "A_135": 216.61207204914996,
  "A_136": 183.58411892447145,
  "A_137": 148.6401335731097,
  "A_138": 104.06949151705894,
  "A_139": 156.1430987767133,
  "A_140": 82.11776364654762,
  "A_141": 53.324539188831366,
  "A_142": 89.1193557953795,
  "A_143": 182.3501264628826,
  "A_144": 124.35581085641985,
  "A_145": 138.64916521793975,
  "A_146": 108.72219023702542,
  "A_147": 101.59385367417711,
  "A_148": 143.47370905605763,
  "A_149": 84.39780593081694,
  "A_150": 97.56767649393072,
  "A_151": 155.48360308050113,
  "A_152": 113.49066292946199,
  "A_153": 85.74160333883405,
  "A_154": 124.81376710071893,
  "A_155": 60.72257519780506,
  "A_156": 124.56610906865114,
  "A_157": 103.97430125965516,
  "A_158": 122.90573965211706,
  "A_159": 133.6201790962969,
  "A_160": 102.53435855006757,
  "A_161": 58.7516153651665,
  "A_162": 58.88354969024665,
  "A_163": 139.970833247305,
  "A_164": 84.26163673883975,
  "A_165": 114.45234213983767,
  "A_166": 35.41183132933431,
  "A_167": 50.99695832452792,
  "A_168": 161.48249938527204,
  "A_169": 57.68015634110378,
  "A_170": 55.84960056733947,
  "A_171": 150.08706318475888,
  "A_172": 172.48317561930577,
  "A_173": 103.7198573874556,
  "A_174": 191.25970836120447,
  "A_175": 96.53949605026388,
  "A_176": 111.85991244846599,
  "A_177": 116.01984607753161,
  "A_178": 93.96680812712734,
  "A_179": 111.2021760441398,
  "A_180": 155.19421213162303,
  "A_181": 69.36159057042917,
  "A_182": 150.8258275468064,
  "A_183": 12.076282160399163,
  "A_184": 118.90152848770462,
  "A_185": 121.40089163830633,
  "A_186": 30.545529441664957,
  "A_187": 124.58739650047187,
  "A_188": 83.19345753750738,
  "A_189": 75.07370973140982,
  "A_190": 19.208011643313352,
  "A_191": 122.33702341722302,
  "A_192": 44.6822439934769,
  "A_193": 133.95807623574643,
  "A_194": 40.42361408960611,
  "A_195": 0.0,
  "A_196": 34.176129841341925,
  "A_197": 1.2076282160399163,
  "A_198": 4.285836096250882,
  "A_199": 3.350546264165357,
  "A_200": 37.010072609550974,
  "A_201": 125.4288909422918,
  "A_202": 108.95189092548529,
  "A_203": 81.26591451534145,
  "A_204": 150.86585143721317,
  "A_205": 116.32016976884417,
  "A_206": 5.924101266874272,
  "A_207": 117.13993695587187,
  "A_208": 164.1914444649801,
  "A_209": 37.40068567372771,
  "A_210": 22.944936104758412,
  "A_211": 73.16734104372907,
  "A_212": 91.45888727813721,
  "A_213": 26.395862537391267,
  "A_214": 49.71444710599704,
  "A_215": 71.6048887870221,
  "A_216": 84.30331939016759,
  "A_217": 0.0,
  "A_218": 60.209452586508924,
  "A_219": 125.41438935060282,
  "A_220": 58.325213277480074,
  "A_221": 64.88590174693655,
  "A_222": 27.739659945408384,
  "A_223": 85.35264903557842,
  "A_224": 17.873676712368855,
  "A_225": 192.75235442914868,
  "A_226": 138.98955049877094,
  "A_227": 28.184798491680827,
  "A_228": 20.529679672678576,
  "A_229": 49.6940267537487,
  "A_230": 0.0,
  "A_231": 4.422005288228077,
  "A_232": 0.0,
  "A_233": 57.5576467939844,
  "A_234": 32.02549604165927,
  "A_235": 47.48811348973348,
  "A_236": 177.1638345138892,
  "A_237": 109.94933402662943,
  "A_238": 59.3745429228909,
  "A_239": 101.19056114205047,
  "A_240": 28.60093385457533,
  "A_241": 13.147741184461884,
  "A_242": 103.10539956352528,
  "A_243": 0.0,
  "A_244": 56.54521201269733,
  "A_245": 0.0,
  "A_246": 0.0,
  "A_247": 51.18330503436826,
  "A_248": 100.56929234524719,
  "A_249": 24.3789349210454,
  "A_250": 58.693696963004925,
  "A_251": 89.8401125483367,
  "A_252": 135.78100422254784,
  "A_253": 91.3669768434638,
  "A_254": 193.9861709615489,
  "A_255": 32.302069292510694,
  "A_256": 59.99503260471611,
  "A_257": 107.35626345035641,
  "A_258": 44.64218240395833,
  "A_259": 77.28820582655464,
  "A_260": 83.96621393206678,
  "A_261": 33.81359004911766,
  "A_262": 88.94136572199773,
  "A_263": 52.59096473784753,
  "A_264": 206.2549824861307,
  "A_265": 88.84861334049313,
  "A_266": 118.81303610583828,
  "A_267": 131.99642808373312,
  "A_268": 216.6487407186027,
  "A_269": 194.5545730371776
}